gid,esp_cd,cod_snisb,cod_sar,nmoriginal,nmalternat,nmgenerico,nmligacao,nmespecifi,detipomass,dedominial,dedominio,defiscaliz,nmemp,fonmemp,dtreserv,fodtreserv,nuvolumhm3,fonuvolume,nuperimkm,nuareakm2,nuareaha,nucompgeom,usoprinc,fousoprinc,detipoapr,detipomda,salinidade,regime,nmriocomp,nmufe,nmmun,defonte,desatelite,deversao,deobs,nuvzreg,nuvzlago,nuvzdeflu,cdtipooper,detipooper,fovzlago,fovzdeflu,fovzreg,cobarprin,cotrecho,nuvzrecebe,nuvztransf,deobsvazao,cocda2013,cocda2017
10690.0,6486.0,,,,,,,,Natural,Estadual,Corpo Hídrico Estadual,,,,,,,,22.9946988615466,9.39971019123925,939.971019123925,2.11504495586026,,,,,,,,PARÁ,CACHOEIRA DO ARARI,,162-101_20060414,bho_massa_dagua,,,,,,,,,,,,,,,,
33787.0,55475.0,,,,,,,,Natural,Federal,Terra da União (Unidade de Conservação),,,,,,,,11.4059815059931,0.964360806255291,96.4360806255291,3.2753822842349,,,,Canal,,,,PARÁ,MARACANÃ,,,hid_trecho_massa_dagua_a_bc250k_2015,Alterado de Artificial para Natural,,,,,,,,,,,,,,,
2513.0,60563.0,,,,,,,,Natural,Federal,Terra da União (Terra Indígena),,,,,,,,1.65314097203392,0.07626042946857,7.62604294685696,1.68814355360379,,,,,,,,PARÁ,ORIXIMINÁ,,,hid_trecho_massa_dagua_a_bc250k_2015,,,,,,,,,,,,,,,,
22715.0,37598.0,,,,,,,,Natural,Estadual,Corpo Hídrico Estadual,,,,,,,,2.31487472794366,0.1199242587436,11.99242587436,1.88505089613422,,,,Lago/Lagoa,,Permanente,,PARÁ,JURUTI,,,hid_massa_dagua_a_bc250k_2015,,,,,,,,,,,,,,,,
15330.0,49352.0,,,,,,,,Natural,Estadual,Corpo Hídrico Estadual,,,,,,,,3.54877568557216,0.158140393601378,15.8140393601378,2.51655397477656,,,,Lago/Lagoa,,Permanente,,PARÁ,PARAGOMINAS,,,hid_massa_dagua_a_bc250k_2015,,,,,,,,,,,,,,,,
1774.0,61283.0,,,,,,,,Natural,Federal,Terra da União (Unidade de Conservação),,,,,,,,1.0377852414883,0.044699912681925,4.4699912681925,1.38421407574641,,,,,,,,PARÁ,ALTAMIRA,,,hid_trecho_massa_dagua_a_bc250k_2015,,,,,,,,,,,,,,,,
50371.0,49459.0,,,,,,,,Natural,Estadual,Corpo Hídrico Estadual,,,,,,,,13.8072810998248,2.15200436723132,215.200436723132,2.65421256513751,,,,Lago/Lagoa,,Permanente,,PARÁ,IPIXUNA DO PARÁ,,,hid_massa_dagua_a_bc250k_2015,,,,,,,,,,,,,,,,
240862.0,59089.0,,,,,,,,Natural,Federal,Terra da União (Unidade de Conservação),,,,,,,,27.437013253956,5.33510983429111,533.510983429111,3.34976437130853,,,,Rio,,,,PARÁ,AUGUSTO CORRÊA,,,hid_trecho_massa_dagua_a_bc250k_2015,,,,,,,,,,,,,,,,711938
21964.0,37280.0,,,,,,,,Natural,Estadual,Corpo Hídrico Estadual,,,,,,,,2.30256102503348,0.237530124258264,23.7530124258264,1.33229656915491,,,,Lago/Lagoa,,Permanente,,PARÁ,MOJU,,,hid_massa_dagua_a_bc250k_2015,,,,,,,,,,,,,,,,
48171.0,39350.0,,,,,,,,Natural,Federal,Terra da União (Terra Indígena),,,,,,,,1.30129895305431,0.094833833322958,9.48338333229584,1.19163852655299,,,,Lago/Lagoa,,Permanente,,PARÁ,SÃO FÉLIX DO XINGU,,,hid_massa_dagua_a_bc250k_2015,,,,,,,,,,,,,,,,
7400.0,61226.0,,,,,,,,Natural,Estadual,Corpo Hídrico Estadual,,,,,,,,0.843345889231381,0.046177949656977,4.61779496569767,1.10671938682575,,,,,,,,PARÁ,ÁGUA AZUL DO NORTE,,,hid_trecho_massa_dagua_a_bc250k_2015,,,,,,,,,,,,,,,,
3775.0,54572.0,,,,,,,,Natural,Federal,Terra da União (Unidade de Conservação),,,,,,,,24.6953131373057,4.53893377952025,453.893377952025,3.26878775478653,,,,Rio,,,,PARÁ,AUGUSTO CORRÊA,,,hid_trecho_massa_dagua_a_bc250k_2015,,,,,,,,,,,,,,,71198,71196
23648.0,49448.0,,,,,,,,Natural,Estadual,Corpo Hídrico Estadual,,,,,,,,1.56262421967028,0.100611876836385,10.0611876836385,1.38924561411144,,,,Lago/Lagoa,,Permanente,,PARÁ,PEIXE-BOI,,,hid_massa_dagua_a_bc250k_2015,,,,,,,,,,,,,,,,
37833.0,56024.0,,,,,,,,Natural,Federal,Terra da União (Unidade de Conservação),,,,,,,,11.6081393868822,0.881600551383324,88.1600551383324,3.48638862620077,,,,Rio,,,Igarapé Frázio,PARÁ,CURUÇÁ,,,hid_trecho_massa_dagua_a_bc250k_2015,,,,,,,,,,,,,,,,711156
45371.0,62241.0,,,,,,,,Natural,Estadual,Corpo Hídrico Estadual,,,,,,,,2.01371197693913,0.142879162646847,14.2879162646847,1.50231849295308,,,,,,,,PARÁ,ALTAMIRA,,,hid_trecho_massa_dagua_a_bc250k_2015,,,,,,,,,,,,,,,,
7951.0,53707.0,,,Rio Curumu,,Rio,,Curumu,Natural,Estadual,Corpo Hídrico Estadual,,,,,,,,16.5570999402949,2.0457711162404,204.57711162404,3.26441118515127,,,,Rio,,,Rio Curumu,PARÁ,BREVES,,,hid_trecho_massa_dagua_a_bc250k_2015,,,,,,,,,,,,,,,5224,52544
56930.0,35951.0,,,,,,,,Natural,Estadual,Corpo Hídrico Estadual,,,,,,,,2.48206551269117,0.127168170561279,12.7168170561279,1.96278683690011,,,,Lago/Lagoa,,Permanente,,PARÁ,TOMÉ-AÇU,,,hid_massa_dagua_a_bc250k_2015,,,,,,,,,,,,,,,,
58618.0,35458.0,,,,,,,,Natural,Estadual,Corpo Hídrico Estadual,,,,,,,,1.37132839801443,0.119984484017646,11.9984484017646,1.11642109470977,,,,Lago/Lagoa,,Permanente,,PARÁ,ORIXIMINÁ,,,hid_massa_dagua_a_bc250k_2015,,,,,,,,,,,,,,,,
48071.0,38574.0,,,,,,,,Natural,Federal,Terra da União (Terra Indígena),,,,,,,,4.22540217488299,0.20235537128938,20.235537128938,2.64886479583737,,,,Lago/Lagoa,,Permanente,,PARÁ,ALTAMIRA,,,hid_massa_dagua_a_bc250k_2015,,,,,,,,,,,,,,,,
58129.0,55585.0,,,Rio Bacajá,,Rio,,Bacajá,Natural,Federal,Terra da União (Terra Indígena),,,,,,,,489.764897149284,30.7034939369965,3070.34939369965,24.9254417189032,,,,Rio,,,Rio Bacajá,PARÁ,"ANAPU, SÃO FÉLIX DO XINGU, SENADOR JOSÉ PORFÍRIO",,,hid_trecho_massa_dagua_a_bc250k_2015,,,,,,,,,,,,,,,4216,4216
56366.0,47422.0,,,,,,,,Natural,Estadual,Corpo Hídrico Estadual,,,,,,,,1.53970593678802,0.07161854658886,7.16185465888598,1.62246053220735,,,,Meandro abandonado,Doce,Permanente,,PARÁ,CONCEIÇÃO DO ARAGUAIA,,,hid_massa_dagua_a_bc250k_2015,,,,,,,,,,,,,,,,
46835.0,36026.0,,,,,,,,Natural,Federal,Terra da União (Terra Indígena),,,,,,,,5.62405785494858,0.228640624419433,22.8640624419433,3.31682218203444,,,,Lago/Lagoa,,Permanente,,PARÁ,JACAREACANGA,,,hid_massa_dagua_a_bc250k_2015,,,,,,,,,,,,,,,,
53477.0,37315.0,,,,,,,,Natural,Estadual,Corpo Hídrico Estadual,,,,,,,,2.52216127744042,0.271106856064134,27.1106856064134,1.36600318420035,,,,Lago/Lagoa,,Permanente,,PARÁ,ALMEIRIM,,,hid_massa_dagua_a_bc250k_2015,,,,,,,,,,,,,,,,
54660.0,38605.0,,,,,,,,Natural,Estadual,Corpo Hídrico Estadual,,,,,,,,2.26136418449848,0.105465955416369,10.5465955416369,1.96364724321614,,,,Lago/Lagoa,,Permanente,,PARÁ,IPIXUNA DO PARÁ,,,hid_massa_dagua_a_bc250k_2015,,,,,,,,,,,,,,,,
24962.0,35431.0,,,,,,,,Natural,Federal,Corpo Hídrico Federal,,,,,,,,2.3178452971389,0.232086693498933,23.2086693498933,1.35677687748884,,,,Lago/Lagoa,,Permanente,,PARÁ,MONTE ALEGRE,,,hid_massa_dagua_a_bc250k_2015,,,,,,,,,,,,,,,,
240580.0,21003.0,,,Rio Trombetas,,Rio,,Trombetas,Natural,Federal,Terra da União (Terra Indígena),,,,,,,,801.742941838695,106.949355480144,10694.9355480144,21.8622656818142,,,,Rio,,,Rio Trombetas,PARÁ,ORIXIMINÁ,Carta 1:250000,170-101_20050825,bho_massa_dagua,,,,,,,,,,,,,,,454,454
56211.0,56773.0,,,,,,,,Natural,Federal,Terra da União (Unidade de Conservação),,,,,,,,4.53464069601573,0.722490490723059,72.249049072306,1.50444363729287,,,,Rio,,,Rio Caracuru,PARÁ,OEIRAS DO PARÁ,,,hid_trecho_massa_dagua_a_bc250k_2015,,,,,,,,,,,,,,,62246,62246
44847.0,53813.0,,,,,,,,Natural,Estadual,Corpo Hídrico Estadual,,,,,,,,8.53920803360342,0.835190636210267,83.5190636210267,2.63495919477498,,,,Rio,,,Furo Maúba,PARÁ,"ABAETETUBA, IGARAPÉ-MIRI",,,hid_trecho_massa_dagua_a_bc250k_2015,,,,,,,,,,,,,,,6,6
37950.0,63032.0,,,,,,,,Natural,Federal,Terra da União (Unidade de Conservação),,,,,,,,11.3744640470896,1.60265580779546,160.265580779546,2.53372758563345,,,,,,,,PARÁ,PRAINHA,,,bho_massa_dagua_2019,Atualizada geometria em 09/2016,,,,,,,,,,,,,,,
242042.0,243828.0,5541.0,,Barragem SP7A,,Barragem,,SP7A,Artificial,Federal,Terra da União (Unidade de Conservação),ANM,Mineração Rio do Norte S.A.,ANM,,,,,2.69218682813883,0.358300717472245,35.8300717472245,1.26832474172882,Contenção de rejeitos de mineração,ANM,,,,,,PARÁ,ORIXIMINÁ,,,bho_massa_dagua_2019,,,,,,,,,,,,,,,,
44748.0,54023.0,,,Igarapé Tatuoca,,Igarapé,,Tatuoca,Natural,Estadual,Corpo Hídrico Estadual,,,,,,,,6.18689313632054,0.389977977225169,38.9977977225169,2.79384097082997,,,,,,,,PARÁ,MUANÁ,,,hid_trecho_massa_dagua_a_bc250k_2015,,,,,,,,,,,,,,,,
23871.0,57001.0,,,Rio Baiano,,Rio,,Baiano,Natural,Estadual,Corpo Hídrico Estadual,,,,,,,,7.52923265615205,0.492745854885591,49.2745854885591,3.02474199300562,,,,,,,,PARÁ,BREVES,,,hid_trecho_massa_dagua_a_bc250k_2015,,,,,,,,,,,,,,,,
13000.0,37381.0,,,,,,,,Natural,Estadual,Corpo Hídrico Estadual,,,,,,,,1.28229731072459,0.097652848816741,9.76528488167408,1.15716524431634,,,,Lago/Lagoa,,Permanente,,PARÁ,MONTE ALEGRE,,,hid_massa_dagua_a_bc250k_2015,,,,,,,,,,,,,,,,
163.0,53981.0,,,Rio Pirapitinga,,Rio,,Pirapitinga,Natural,Estadual,Corpo Hídrico Estadual,,,,,,,,22.6367168215273,2.24284215414748,224.284215414748,4.26248821523604,,,,Rio,,,Rio Baiano,PARÁ,BREVES,,,hid_trecho_massa_dagua_a_bc250k_2015,,,,,,,,,,,,,,,5222,52542
60146.0,58961.0,,,Rio Uraim,,Rio,,Uraim,Natural,Estadual,Corpo Hídrico Estadual,,,,,,,,12.2259955388545,0.690298256449988,69.0298256449988,4.14968330052174,,,,Rio,,,Rio Uraim,PARÁ,PARAGOMINAS,,,hid_trecho_massa_dagua_a_bc250k_2015,,,,,,,,,,,,,,,7142,7142
60151.0,59118.0,,,Rio Uraim,,Rio,,Uraim,Natural,Estadual,Corpo Hídrico Estadual,,,,,,,,6.08951650063675,0.359526825434624,35.9526825434624,2.86395552821443,,,,,,,,PARÁ,PARAGOMINAS,,,hid_trecho_massa_dagua_a_bc250k_2015,,,,,,,,,,,,,,,,
23926.0,38601.0,545.0,,Barragem Cia de Tocantins,,Barragem,,Cia de Tocantins,Artificial,Estadual,Corpo Hídrico Estadual,ESTADO,BRK AMBIENTAL,COSER/ANA (RSB2018),,,1.232,SNISB,2.97006441389242,0.281335217301161,28.1335217301161,1.57907561332352,Abastecimento humano,SNISB,,Lago/Lagoa,,Permanente,,PARÁ,XINGUARA,,,hid_massa_dagua_a_bc250k_2015,,,,,,,,,,,,,,,,
58077.0,15398.0,,,Lago Caiçara,,Lago,,Caiçara,Natural,Estadual,Corpo Hídrico Estadual,,,,,,,,2.98660912942529,0.200920172170333,20.0920172170333,1.8789521735796,,,,,,,,PARÁ,JURUTI,Carta 1:100000,169-102_20050923,bho_massa_dagua,,,,,,,,,,,,,,,,
60148.0,58984.0,,,Rio Uraim,,Rio,,Uraim,Natural,Estadual,Corpo Hídrico Estadual,,,,,,,,9.61011941309424,0.449205129638273,44.9205129638273,4.04348223116268,,,,,,,,PARÁ,PARAGOMINAS,,,hid_trecho_massa_dagua_a_bc250k_2015,,,,,,,,,,,,,,,,
9093.0,60889.0,,,Furo Jurupari,,Furo,,Jurupari,Natural,Estadual,Corpo Hídrico Estadual,,,,,,,,7.38279101400917,0.896562806179157,89.6562806179157,2.19876757651718,,,,Rio,,,Furo Jurupari,PARÁ,BAGRE,,,hid_trecho_massa_dagua_a_bc250k_2015,,,,,,,,,,,,,,,62372,62372
27298.0,62518.0,656.0,,Barragem 3 Kalunga,,Barragem,,3 Kalunga,Artificial,Federal,Terra da União (Unidade de Conservação),ANM,Vale S.A. - Filial: Vale Manganês do Azul,ANM,,,,,1.78275985711862,0.152416185756324,15.2416185756324,1.2877347343006,Contenção de rejeitos de mineração,ANM,,,,,,PARÁ,PARAUAPEBAS,,,hid_trecho_massa_dagua_a_bc250k_2015,,,,,,,,,,,,,,,,
60143.0,58920.0,,,Rio Uraim,,Rio,,Uraim,Natural,Estadual,Corpo Hídrico Estadual,,,,,,,,3.86604851091395,0.347163111545081,34.7163111545081,1.85033183716939,,,,,,,,PARÁ,PARAGOMINAS,,,hid_trecho_massa_dagua_a_bc250k_2015,,,,,,,,,,,,,,,,
53839.0,62097.0,,,Rio Guajará,,Rio,,Guajará,Natural,Estadual,Corpo Hídrico Estadual,,,,,,,,2.88232728193895,0.230235938827917,23.0235938827917,1.69397049922631,,,,,,,,PARÁ,ABAETETUBA,,,hid_trecho_massa_dagua_a_bc250k_2015,,,,,,,,,,,,,,,,
47736.0,15283.0,,,Lagoa Miri,,Lagoa,,Miri,Natural,Estadual,Corpo Hídrico Estadual,,,,,,,,4.15649558972332,0.918431466179916,91.8431466179916,1.22307490396025,,,,,,,,PARÁ,ORIXIMINÁ,Carta 1:100000,169-102_20050923,bho_massa_dagua,,,,,,,,,,,,,,,,
33044.0,59096.0,1286.0,,Barragem B5,,Barragem,,B5,Artificial,Estadual,Corpo Hídrico Estadual,ANM,Mineração Paragominas S.A. - Filial: Mineração Paragominas S.A.,ANM,,,,,9.82544894068577,1.29834242269416,129.834242269416,2.43168260230222,Contenção de rejeitos de mineração,ANM,,Represa/Açude,,,,PARÁ,PARAGOMINAS,,,hid_trecho_massa_dagua_a_bc250k_2015,,,,,,,,,,,,,,,,
809.0,6498.0,,,,,,,,Natural,Estadual,Corpo Hídrico Estadual,,,,,,,,52.2624237845247,28.3173564457353,2831.73564457353,2.76956971615263,,,,,,,,PARÁ,"PORTO DE MOZ, PRAINHA",,166-102_20051028,bho_massa_dagua,,,,,,,,,,,,,,,,
8602.0,61907.0,,,Igarapé Pirarucuquara,,Igarapé,,Pirarucuquara,Natural,Estadual,Corpo Hídrico Estadual,,,,,,,,3.37565068422437,0.23608592633023,23.608592633023,1.95916745633096,,,,,,,,PARÁ,MUANÁ,,,hid_trecho_massa_dagua_a_bc250k_2015,,,,,,,,,,,,,,,,
7006.0,62312.0,,,,,,,,Natural,Federal,Terra da União (Terra Indígena),,,,,,,,1.00130563573158,0.054783038737486,5.4783038737486,1.20640383675397,,,,,,,,PARÁ,ALTAMIRA,,,hid_trecho_massa_dagua_a_bc250k_2015,,,,,,,,,,,,,,,,
19583.0,60993.0,,,,,,,,Natural,Estadual,Corpo Hídrico Estadual,,,,,,,,0.972214127483075,0.046370175058124,4.63701750581236,1.27318545400445,,,,,,,,PARÁ,SANTA BÁRBARA DO PARÁ,,,hid_trecho_massa_dagua_a_bc250k_2015,,,,,,,,,,,,,,,,
55536.0,36093.0,,,,,,,,Natural,Estadual,Corpo Hídrico Estadual,,,,,,,,3.38019134972302,0.229558337278166,22.9558337278166,1.9894996135052,,,,Lago/Lagoa,,Permanente,,PARÁ,PRAINHA,,,hid_massa_dagua_a_bc250k_2015,,,,,,,,,,,,,,,,
18433.0,62160.0,,,,,,,,Natural,Federal,Terra da União (Unidade de Conservação),,,,,,,,2.03065729775888,0.167738486669344,16.7738486669344,1.39820027849189,,,,,,,,PARÁ,ORIXIMINÁ,,,hid_trecho_massa_dagua_a_bc250k_2015,,,,,,,,,,,,,,,,
47024.0,60094.0,,,,,,,,Natural,Federal,Terra da União (Terra Indígena),,,,,,,,1.34510442060662,0.107881876551526,10.7881876551526,1.154864049706,,,,,,,,PARÁ,ALTAMIRA,,,hid_trecho_massa_dagua_a_bc250k_2015,,,,,,,,,,,,,,,,
31482.0,62495.0,,,,,,,,Natural,Estadual,Corpo Hídrico Estadual,,,,,,,,1.78767627394542,0.099463645960523,9.94636459605231,1.59847481161484,,,,,,,,PARÁ,NOVO PROGRESSO,,,hid_trecho_massa_dagua_a_bc250k_2015,,,,,,,,,,,,,,,,
18115.0,61542.0,,,,,,,,Natural,Estadual,Corpo Hídrico Estadual,,,,,,,,6.34474870621703,0.374686459648503,37.4686459648503,2.92300484158551,,,,,,,,PARÁ,CURRALINHO,,,hid_trecho_massa_dagua_a_bc250k_2015,,,,,,,,,,,,,,,,
7429.0,61243.0,,,,,,,,Natural,Estadual,Corpo Hídrico Estadual,,,,,,,,2.12713873117228,0.200761501353315,20.0761501353315,1.33876609866582,,,,,,,,PARÁ,PONTA DE PEDRAS,,,hid_trecho_massa_dagua_a_bc250k_2015,,,,,,,,,,,,,,,,
47595.0,54556.0,,,,,,,,Natural,Federal,Terra da União (Unidade de Conservação),,,,,,,,3.50898398631488,0.246894297029647,24.6894297029647,1.99147548857469,,,,,,,,PARÁ,TRACUATEUA,,,hid_trecho_massa_dagua_a_bc250k_2015,,,,,,,,,,,,,,,,
7671.0,61769.0,,,,,,,,Natural,Estadual,Corpo Hídrico Estadual,,,,,,,,3.49806412945016,0.268467528308407,26.8467528308407,1.90384239352547,,,,,,,,PARÁ,CACHOEIRA DO ARARI,,,hid_trecho_massa_dagua_a_bc250k_2015,,,,,,,,,,,,,,,,
7501.0,61256.0,,,,,,,,Natural,Estadual,Corpo Hídrico Estadual,,,,,,,,2.32828683896971,0.102947469903935,10.2947469903935,2.04633980786788,,,,,,,,PARÁ,VITÓRIA DO XINGU,,,hid_trecho_massa_dagua_a_bc250k_2015,,,,,,,,,,,,,,,,
33820.0,62508.0,,,,,,,,Natural,Estadual,Corpo Hídrico Estadual,,,,,,,,2.17734618842532,0.190383746078635,19.0383746078635,1.40721890127453,,,,,,,,PARÁ,ITAITUBA,,,hid_trecho_massa_dagua_a_bc250k_2015,,,,,,,,,,,,,,,,
26097.0,61820.0,,,,,,,,Natural,Federal,Terra da União (Unidade de Conservação),,,,,,,,2.90227192740586,0.121619742293443,12.1619742293443,2.34684912262179,,,,,,,,PARÁ,ALTAMIRA,,,hid_trecho_massa_dagua_a_bc250k_2015,,,,,,,,,,,,,,,,
59644.0,62103.0,,,,,,,,Natural,Estadual,Corpo Hídrico Estadual,,,,,,,,0.901307933281194,0.048693823865571,4.86938238655706,1.15182197991954,,,,,,,,PARÁ,NOVO PROGRESSO,,,hid_trecho_massa_dagua_a_bc250k_2015,,,,,,,,,,,,,,,,
26979.0,58959.0,,,,,,,,Natural,Estadual,Corpo Hídrico Estadual,,,,,,,,6.50400979355445,0.151781785703574,15.1781785703574,4.70782668087768,,,,,,,,PARÁ,SÃO JOÃO DE PIRABAS,,,hid_trecho_massa_dagua_a_bc250k_2015,,,,,,,,,,,,,,,,
51143.0,61543.0,,,,,,,,Natural,Estadual,Corpo Hídrico Estadual,,,,,,,,2.41793832911507,0.190086389337958,19.0086389337958,1.56393542612029,,,,,,,,PARÁ,ITAITUBA,,,hid_trecho_massa_dagua_a_bc250k_2015,,,,,,,,,,,,,,,,
24524.0,61990.0,,,,,,,,Natural,Estadual,Corpo Hídrico Estadual,,,,,,,,3.89221672693663,0.244427891408417,24.4427891408417,2.22009082693286,,,,,,,,PARÁ,TAILÂNDIA,,,hid_trecho_massa_dagua_a_bc250k_2015,,,,,,,,,,,,,,,,
18428.0,62156.0,,,,,,,,Natural,Federal,Terra da União (Unidade de Conservação),,,,,,,,3.33839204715943,0.157680968792285,15.7680968792285,2.37081030148909,,,,,,,,PARÁ,ITAITUBA,,,hid_trecho_massa_dagua_a_bc250k_2015,,,,,,,,,,,,,,,,
18268.0,62439.0,,,,,,,,Natural,Estadual,Corpo Hídrico Estadual,,,,,,,,2.79894810875615,0.262877933793802,26.2877933793802,1.53945461163773,,,,,,,,PARÁ,JACAREACANGA,,,hid_trecho_massa_dagua_a_bc250k_2015,,,,,,,,,,,,,,,,
26419.0,61073.0,,,,,,,,Natural,Estadual,Corpo Hídrico Estadual,,,,,,,,1.34780991778839,0.085161414245608,8.51614142456078,1.30243579536684,,,,,,,,PARÁ,ITAITUBA,,,hid_trecho_massa_dagua_a_bc250k_2015,,,,,,,,,,,,,,,,
18389.0,61691.0,,,,,,,,Natural,Federal,Terra da União (Terra Indígena),,,,,,,,1.14236296192622,0.073999764769784,7.3999764769784,1.18423543643606,,,,,,,,PARÁ,ALTAMIRA,,,hid_trecho_massa_dagua_a_bc250k_2015,,,,,,,,,,,,,,,,
33660.0,62310.0,,,,,,,,Natural,Estadual,Corpo Hídrico Estadual,,,,,,,,2.17735856867566,0.263917874839249,26.3917874839249,1.19521121718133,,,,,,,,PARÁ,CACHOEIRA DO ARARI,,,hid_trecho_massa_dagua_a_bc250k_2015,,,,,,,,,,,,,,,,
7026.0,62335.0,,,,,,,,Natural,Federal,Terra da União (Terra Indígena),,,,,,,,2.92146508130634,0.190399651938522,19.0399651938522,1.88806409339585,,,,,,,,PARÁ,JACAREACANGA,,,hid_trecho_massa_dagua_a_bc250k_2015,,,,,,,,,,,,,,,,
33872.0,60375.0,,,,,,,,Natural,Estadual,Corpo Hídrico Estadual,,,,,,,,2.13911103831339,0.153820748579872,15.3820748579872,1.53806601749791,,,,,,,,PARÁ,PONTA DE PEDRAS,,,hid_trecho_massa_dagua_a_bc250k_2015,,,,,,,,,,,,,,,,
30816.0,61502.0,,,,,,,,Natural,Estadual,Corpo Hídrico Estadual,,,,,,,,1.69362518289055,0.14897478607378,14.897478607378,1.23739975522011,,,,,,,,PARÁ,OEIRAS DO PARÁ,,,hid_trecho_massa_dagua_a_bc250k_2015,,,,,,,,,,,,,,,,
18111.0,62502.0,,,,,,,,Natural,Federal,Terra da União (Unidade de Conservação),,,,,,,,2.75461829960899,0.258282366098358,25.8282366098358,1.52849195937619,,,,,,,,PARÁ,ORIXIMINÁ,,,hid_trecho_massa_dagua_a_bc250k_2015,,,,,,,,,,,,,,,,
19445.0,62480.0,,,,,,,,Natural,Estadual,Corpo Hídrico Estadual,,,,,,,,1.27894908446833,0.072409679058693,7.24096790586935,1.34030627976678,,,,,,,,PARÁ,PRAINHA,,,hid_trecho_massa_dagua_a_bc250k_2015,,,,,,,,,,,,,,,,
32042.0,60517.0,,,,,,,,Natural,Estadual,Corpo Hídrico Estadual,,,,,,,,0.748709244558499,0.038702270266539,3.87022702665389,1.07323316107195,,,,,,,,PARÁ,JACAREACANGA,,,hid_trecho_massa_dagua_a_bc250k_2015,,,,,,,,,,,,,,,,
48219.0,61630.0,,,,,,,,Natural,Estadual,Corpo Hídrico Estadual,,,,,,,,2.66808168634321,0.181160759932889,18.1160759932889,1.76773093996065,,,,,,,,PARÁ,ALTAMIRA,,,hid_trecho_massa_dagua_a_bc250k_2015,,,,,,,,,,,,,,,,
240859.0,57312.0,,,,,,,,Natural,Estadual,Corpo Hídrico Estadual,,,,,,,,45.2097778669625,17.3513289241175,1735.13289241175,3.06066015809242,,,,,,,,PARÁ,"QUATIPURU, TRACUATEUA",,,hid_trecho_massa_dagua_a_bc250k_2015,,,,,,,,,,,,,,,,
44350.0,62045.0,,,,,,,,Natural,Estadual,Corpo Hídrico Estadual,,,,,,,,4.91682584573413,0.312125555349473,31.2125555349473,2.48181422859721,,,,,,,,PARÁ,ITAITUBA,,,hid_trecho_massa_dagua_a_bc250k_2015,,,,,,,,,,,,,,,,
29390.0,60311.0,,,,,,,,Natural,Estadual,Corpo Hídrico Estadual,,,,,,,,3.23816490716899,0.182921962434723,18.2921962434723,2.13508487622573,,,,,,,,PARÁ,CURRALINHO,,,hid_trecho_massa_dagua_a_bc250k_2015,,,,,,,,,,,,,,,,
42953.0,60423.0,,,,,,,,Natural,Federal,Terra da União (Unidade de Conservação),,,,,,,,1.19722282357631,0.0641187376038,6.41187376037995,1.33331146708446,,,,,,,,PARÁ,CANAÃ DOS CARAJÁS,,,hid_trecho_massa_dagua_a_bc250k_2015,,,,,,,,,,,,,,,,
24964.0,58360.0,,,,,,,,Natural,Estadual,Corpo Hídrico Estadual,,,,,,,,1.11910072768033,0.057064919237992,5.70649192379923,1.32109388695818,,,,,,,,PARÁ,PRAINHA,,,hid_trecho_massa_dagua_a_bc250k_2015,,,,,,,,,,,,,,,,
47999.0,37808.0,,,,,,,,Natural,Federal,Terra da União (Terra Indígena),,,,,,,,1.30534253339164,0.11257222990004,11.257222990004,1.09712967810243,,,,Lago/Lagoa,,Permanente,,PARÁ,JACAREACANGA,,,hid_massa_dagua_a_bc250k_2015,,,,,,,,,,,,,,,,
43074.0,62288.0,,,,,,,,Natural,Estadual,Corpo Hídrico Estadual,,,,,,,,3.03123590106455,0.197393688502328,19.7393688502328,1.92398735364081,,,,,,,,PARÁ,NOVO PROGRESSO,,,hid_trecho_massa_dagua_a_bc250k_2015,,,,,,,,,,,,,,,,
30337.0,61938.0,,,,,,,,Natural,Federal,Terra da União (Terra Indígena),,,,,,,,2.54828595376821,0.210249087068276,21.0249087068276,1.5672208808944,,,,,,,,PARÁ,ALTAMIRA,,,hid_trecho_massa_dagua_a_bc250k_2015,,,,,,,,,,,,,,,,
48272.0,61639.0,,,,,,,,Natural,Estadual,Corpo Hídrico Estadual,,,,,,,,2.34115159300953,0.251896201690805,25.1896201690805,1.31543027998218,,,,,,,,PARÁ,OEIRAS DO PARÁ,,,hid_trecho_massa_dagua_a_bc250k_2015,,,,,,,,,,,,,,,,
32974.0,60607.0,,,,,,,,Natural,Estadual,Corpo Hídrico Estadual,,,,,,,,2.30729131798178,0.11869244993523,11.869244993523,1.88860003368394,,,,,,,,PARÁ,BELTERRA,,,hid_trecho_massa_dagua_a_bc250k_2015,,,,,,,,,,,,,,,,
18211.0,61111.0,,,,,,,,Natural,Federal,Terra da União (Terra Indígena),,,,,,,,3.59105450636057,0.297105126283367,29.7105126283367,1.85787304055479,,,,,,,,PARÁ,ORIXIMINÁ,,,hid_trecho_massa_dagua_a_bc250k_2015,,,,,,,,,,,,,,,,
25243.0,59139.0,,,,,,,,Natural,Estadual,Corpo Hídrico Estadual,,,,,,,,37.8050569957285,2.668299199524,266.8299199524,6.52652104137052,,,,Rio,,,Rio Urindeua,PARÁ,SALINÓPOLIS,,,hid_trecho_massa_dagua_a_bc250k_2015,,,,,,,,,,,,,,,71152,71152
8765.0,58052.0,,,,,,,,Natural,Estadual,Corpo Hídrico Estadual,,,,,,,,2.17415612509279,0.154663711652387,15.4663711652387,1.55899822792007,,,,,,,,PARÁ,ANAPU,,,hid_trecho_massa_dagua_a_bc250k_2015,,,,,,,,,,,,,,,,
45113.0,37947.0,,,,,,,,Natural,Estadual,Corpo Hídrico Estadual,,,,,,,,4.03073466406682,0.33780682187335,33.780682187335,1.95568592754195,,,,Lago/Lagoa,,Permanente,,PARÁ,PRAINHA,,,hid_massa_dagua_a_bc250k_2015,,,,,,,,,,,,,,,,
33281.0,39036.0,,,,,,,,Natural,Federal,Corpo Hídrico Federal,,,,,,,,10.2804758793446,0.652479560104549,65.2479560104549,3.58904473143655,,,,Lago/Lagoa,,Permanente,,PARÁ,AVEIRO,,,hid_massa_dagua_a_bc250k_2015,,,,,,,,,,,,,,,,
16271.0,55177.0,,,,,,,,Natural,Estadual,Corpo Hídrico Estadual,,,,,,,,5.29999673497286,0.181134787344145,18.1134787344145,3.51175150808424,,,,,,,,PARÁ,SÃO JOÃO DE PIRABAS,,,hid_trecho_massa_dagua_a_bc250k_2015,,,,,,,,,,,,,,,,
2598.0,38394.0,,,,,,,,Natural,Estadual,Corpo Hídrico Estadual,,,,,,,,3.99304048291574,0.473089811849462,47.3089811849462,1.63712192141667,,,,Lago/Lagoa,,Permanente,,PARÁ,SANTARÉM,,,hid_massa_dagua_a_bc250k_2015,,,,,,,,,,,,,,,,
42965.0,61607.0,,,,,,,,Natural,Federal,Terra da União (Unidade de Conservação),,,,,,,,0.993836832606808,0.059090728505465,5.90907285054655,1.15293420597889,,,,,,,,PARÁ,CANAÃ DOS CARAJÁS,,,hid_trecho_massa_dagua_a_bc250k_2015,,,,,,,,,,,,,,,,
45100.0,36221.0,,,,,,,,Artificial,Estadual,Corpo Hídrico Estadual,ESTADO,,,,,,,6.4131898622055,0.680384606631842,68.0384606631842,2.19253212827562,,,,Represa/Açude,,Permanente,,PARÁ,SANTA BÁRBARA DO PARÁ,,,hid_massa_dagua_a_bc250k_2015,,,,,,,,,,,,,,,,
48083.0,38631.0,,,,,,,,Natural,Federal,Terra da União (Terra Indígena),,,,,,,,2.4709163138204,0.111758086804105,11.1758086804105,2.08433569409985,,,,Lago/Lagoa,,Permanente,,PARÁ,ALTAMIRA,,,hid_massa_dagua_a_bc250k_2015,,,,,,,,,,,,,,,,
53419.0,35762.0,,,,,,,,Natural,Estadual,Corpo Hídrico Estadual,,,,,,,,1.54815783910735,0.114395653327935,11.4395653327935,1.2908018613986,,,,Lago/Lagoa,,Permanente,,PARÁ,BREU BRANCO,,,hid_massa_dagua_a_bc250k_2015,,,,,,,,,,,,,,,,
685.0,54686.0,,,Rio Tauracu,,Rio,,Tauracu,Natural,Estadual,Corpo Hídrico Estadual,,,,,,,,8.82866482126657,0.569524638089093,56.9524638089093,3.29904226278377,,,,Rio,,,Rio Tauracu,PARÁ,BREVES,,,hid_trecho_massa_dagua_a_bc250k_2015,,,,,,,,,,,,,,,62388,62388
43969.0,36426.0,,,,,,,,Natural,Estadual,Corpo Hídrico Estadual,,,,,,,,1.86580631734787,0.226781782653376,22.6781782653376,1.10487102669736,,,,Lago/Lagoa,,Permanente,,PARÁ,MONTE ALEGRE,,,hid_massa_dagua_a_bc250k_2015,,,,,,,,,,,,,,,,
22445.0,37884.0,,,,,,,,Natural,Federal,Corpo Hídrico Federal,,,,,,,,1.3018662696246,0.122219349291533,12.2219349291533,1.05013588572022,,,,Lago/Lagoa,,Permanente,,PARÁ,ALENQUER,,,hid_massa_dagua_a_bc250k_2015,,,,,,,,,,,,,,,,
49741.0,56637.0,,,Rio Acará,,Rio,,Acará,Natural,Estadual,Corpo Hídrico Estadual,,,,,,,,157.168108551488,20.1572723407642,2015.72723407642,9.87182966653578,,,,Rio,,,Rio Acará,PARÁ,ACARÁ,,,hid_trecho_massa_dagua_a_bc250k_2015,,,,,,,,,,,,,,,6142,6142
32949.0,39635.0,,,,,,,,Natural,Federal,Terra da União (Unidade de Conservação),,,,,,,,1.07599753148945,0.064741771640799,6.47417716407991,1.19252665082434,,,,Lago/Lagoa,,Permanente,,PARÁ,CANAÃ DOS CARAJÁS,,,hid_massa_dagua_a_bc250k_2015,,,,,,,,,,,,,,,,
50751.0,35791.0,,,,,,,,Natural,Estadual,Corpo Hídrico Estadual,,,,,,,,2.06110421599344,0.151411800089517,15.1411800089517,1.49372000912503,,,,Lago/Lagoa,,Permanente,,PARÁ,SÃO FÉLIX DO XINGU,,,hid_massa_dagua_a_bc250k_2015,,,,,,,,,,,,,,,,
10707.0,39521.0,,,,,,,,Natural,Estadual,Corpo Hídrico Estadual,,,,,,,,1.44975261303287,0.145959832550606,14.5959832550606,1.07010484478342,,,,Lago/Lagoa,,Permanente,,PARÁ,ALTAMIRA,,,hid_massa_dagua_a_bc250k_2015,,,,,,,,,,,,,,,,
51464.0,56952.0,,,Rio Marapanim,,Rio,,Marapanim,Natural,Federal,Terra da União (Unidade de Conservação),,,,,,,,60.5774341652634,42.0396482462275,4203.96482462275,2.63469559801784,,,,Rio,,,,PARÁ,"MAGALHÃES BARATA, MARACANÃ, MARAPANIM",,,hid_trecho_massa_dagua_a_bc250k_2015,,,,,,,,,,,,,,,,7112
5603.0,39683.0,,,,,,,,Natural,Estadual,Corpo Hídrico Estadual,,,,,,,,1.58022548128062,0.151217914023739,15.1217914023739,1.14595231802049,,,,Lago/Lagoa,,Permanente,,PARÁ,ALTAMIRA,,,hid_massa_dagua_a_bc250k_2015,,,,,,,,,,,,,,,,
54739.0,37200.0,,,,,,,,Natural,Federal,Terra da União (Terra Indígena),,,,,,,,1.52098340989192,0.105351495580203,10.5351495580203,1.32145759904302,,,,Lago/Lagoa,,Permanente,,PARÁ,JACAREACANGA,,,hid_massa_dagua_a_bc250k_2015,,,,,,,,,,,,,,,,
241054.0,53728.0,,,Rio Meruú-Açu,,Rio,,Meruú-Açu,Natural,Estadual,Corpo Hídrico Estadual,,,,,,,,42.2077645039859,9.7265365271227,972.65365271227,3.81647435117001,,,,Rio,,,Rio Meruú-açu,PARÁ,IGARAPÉ-MIRI,,,hid_trecho_massa_dagua_a_bc250k_2015,,,,,,,,,,,,,,,618,618
35332.0,37359.0,,,,,,,,Natural,Federal,Terra da União (Unidade de Conservação),,,,,,,,2.46905552169838,0.167068562824103,16.7068562824103,1.70346257275416,,,,Lago/Lagoa,,Permanente,,PARÁ,ALTAMIRA,,,hid_massa_dagua_a_bc250k_2015,,,,,,,,,,,,,,,,
38737.0,53804.0,,,,,,,,Natural,Estadual,Corpo Hídrico Estadual,,,,,,,,5.62544612967117,0.208108184770961,20.8108184770961,3.47745483358395,,,,,,,,PARÁ,MOJUÍ DOS CAMPOS,,,hid_trecho_massa_dagua_a_bc250k_2015,,,,,,,,,,,,,,,,
42302.0,36624.0,,,,,,,,Natural,Estadual,Corpo Hídrico Estadual,,,,,,,,1.15363219681923,0.070815309369619,7.08153093696195,1.222511345371,,,,Lago/Lagoa,,Permanente,,PARÁ,PARAGOMINAS,,,hid_massa_dagua_a_bc250k_2015,,,,,,,,,,,,,,,,
10086.0,60323.0,,,,,,,,Natural,Federal,Terra da União (Unidade de Conservação),,,,,,,,1.56020816376603,0.055080642953264,5.50806429532635,1.87470161610575,,,,,,,,PARÁ,ALTAMIRA,,,hid_trecho_massa_dagua_a_bc250k_2015,,,,,,,,,,,,,,,,
27425.0,38860.0,,,Lago do Poção Grande,,Lago,do,Poção Grande,Natural,Estadual,Corpo Hídrico Estadual,,,,,,,,9.8168631434217,1.16105238992347,116.105238992347,2.56918830536646,,,,Lago/Lagoa,,Permanente,,PARÁ,JURUTI,,,hid_massa_dagua_a_bc250k_2015,,,,,,,,,,,,,,,,
58265.0,35525.0,,,Lagoa do Barracão,,Lagoa,do,Barracão,Natural,Estadual,Corpo Hídrico Estadual,,,,,,,,0.912739570134224,0.049500957293313,4.95009572933135,1.15688233161124,,,,Lago/Lagoa,,Permanente,,PARÁ,SÃO FÉLIX DO XINGU,,,hid_massa_dagua_a_bc250k_2015,,,,,,,,,,,,,,,,
20912.0,242962.0,,,Furo Grande,,Furo,,Grande,Natural,Estadual,Corpo Hídrico Estadual,,,,,,,,19.8233802762594,1.74763840990065,174.763840990065,4.22864308036711,,,,Rio,,,,PARÁ,MUANÁ,,,hid_trecho_massa_dagua_a_bc250k_2015,,,,,,,,,,,,,,,62122,62122
11317.0,61840.0,,,Lagoa Paru,,Lagoa,,Paru,Natural,Estadual,Corpo Hídrico Estadual,,,,,,,,7.87556969878923,1.22198186192196,122.198186192196,2.00908683502372,,,,,,,,PARÁ,ORIXIMINÁ,,,hid_trecho_massa_dagua_a_bc250k_2015,,,,,,,,,,,,,,,,
31394.0,60855.0,,,Lagoa Paru,,Lagoa,,Paru,Natural,Estadual,Corpo Hídrico Estadual,,,,,,,,1.26004743434692,0.110766542169499,11.0766542169499,1.06765688120857,,,,,,,,PARÁ,ÓBIDOS,,,hid_trecho_massa_dagua_a_bc250k_2015,,,,,,,,,,,,,,,,
25988.0,61321.0,,,Lagoa Paru,,Lagoa,,Paru,Natural,Estadual,Corpo Hídrico Estadual,,,,,,,,3.50515368194036,0.293100358753494,29.3100358753494,1.82577811692308,,,,,,,,PARÁ,ORIXIMINÁ,,,hid_trecho_massa_dagua_a_bc250k_2015,,,,,,,,,,,,,,,,
48134.0,39004.0,,,,,,,,Natural,Federal,Terra da União (Unidade de Conservação),,,,,,,,4.21614941386564,0.121301336738949,12.1301336738949,3.41375467675806,,,,Meandro abandonado,,Permanente,,PARÁ,ITAITUBA,,,hid_massa_dagua_a_bc250k_2015,,,,,,,,,,,,,,,,
22970.0,49433.0,,,,,,,,Natural,Estadual,Corpo Hídrico Estadual,,,,,,,,1.49749054159891,0.063828797508612,6.38287975086124,1.67149416541906,,,,Lago/Lagoa,,Permanente,,PARÁ,PARAGOMINAS,,,hid_massa_dagua_a_bc250k_2015,,,,,,,,,,,,,,,,
45304.0,37972.0,,,,,,,,Natural,Federal,Terra da União (Terra Indígena),,,,,,,,1.22915980751638,0.108439654634187,10.8439654634187,1.05260007397835,,,,Lago/Lagoa,,Permanente,,PARÁ,ALTAMIRA,,,hid_massa_dagua_a_bc250k_2015,,,,,,,,,,,,,,,,
19751.0,57118.0,,,,,,,,Natural,Estadual,Corpo Hídrico Estadual,,,,,,,,3.16433686623825,0.297030073155376,29.7030073155376,1.63731261617453,,,,,,,,PARÁ,MARABÁ,,,hid_trecho_massa_dagua_a_bc250k_2015,,,,,,,,,,,,,,,,
56357.0,38013.0,,,,,,,,Natural,Estadual,Corpo Hídrico Estadual,,,,,,,,1.42618759926657,0.101149680210035,10.1149680210035,1.26457184196924,,,,Lago/Lagoa,,Permanente,,"AMAZONAS, PARÁ","FARO, NHAMUNDÁ",,,hid_massa_dagua_a_bc250k_2015,,,,,,,,,,,,,,,,
60147.0,59116.0,,,Rio Uraim,,Rio,,Uraim,Natural,Estadual,Corpo Hídrico Estadual,,,,,,,,3.0116734451612,0.153549771542763,15.3549771542763,2.16736672098657,,,,,,,,PARÁ,PARAGOMINAS,,,hid_trecho_massa_dagua_a_bc250k_2015,,,,,,,,,,,,,,,,
47383.0,36751.0,,,,,,,,Natural,Federal,Terra da União (Terra Indígena),,,,,,,,1.64569799529631,0.10997711597945,10.997711597945,1.39942002806178,,,,Lago/Lagoa,,Permanente,,PARÁ,ALTAMIRA,,,hid_massa_dagua_a_bc250k_2015,,,,,,,,,,,,,,,,
26192.0,37823.0,,,,,,,,Natural,Estadual,Corpo Hídrico Estadual,,,,,,,,2.23186215958741,0.190878599688385,19.0878599688385,1.4405815791787,,,,Lago/Lagoa,,Permanente,,PARÁ,PRAINHA,,,hid_massa_dagua_a_bc250k_2015,,,,,,,,,,,,,,,,
30883.0,49372.0,,,,,,,,Natural,Estadual,Corpo Hídrico Estadual,,,,,,,,2.53609111864447,0.151408297374392,15.1408297374392,1.83797298453191,,,,Meandro abandonado,,Permanente,,PARÁ,PARAGOMINAS,,,hid_massa_dagua_a_bc250k_2015,,,,,,,,,,,,,,,,
30746.0,37502.0,,,,,,,,Natural,Estadual,Corpo Hídrico Estadual,,,,,,,,2.43671973373755,0.159542806700417,15.9542806700417,1.72034708051098,,,,Lago/Lagoa,,Permanente,,PARÁ,ÓBIDOS,,,hid_massa_dagua_a_bc250k_2015,,,,,,,,,,,,,,,,
27044.0,37138.0,,,,,,,,Natural,Estadual,Corpo Hídrico Estadual,,,,,,,,1.75964253126765,0.135811610868548,13.5811610868548,1.34649612712847,,,,Lago/Lagoa,,Permanente,,PARÁ,ÓBIDOS,,,hid_massa_dagua_a_bc250k_2015,,,,,,,,,,,,,,,,
36011.0,37875.0,,,,,,,,Natural,Federal,Terra da União (Unidade de Conservação),,,,,,,,1.40400304661708,0.069585369417991,6.9585369417991,1.5009222299308,,,,Lago/Lagoa,,Permanente,,PARÁ,ALTAMIRA,,,hid_massa_dagua_a_bc250k_2015,,,,,,,,,,,,,,,,
34013.0,56477.0,,,,,,,,Natural,Estadual,Corpo Hídrico Estadual,,,,,,,,49.5721882147083,35.8527535311427,3585.27535311427,2.33467235308083,,,,Rio,,,Rio Carnapijó,PARÁ,BARCARENA,,,hid_trecho_massa_dagua_a_bc250k_2015,,,,,,,,,,,,,,,614,614
55437.0,55176.0,,,,,,,,Natural,Estadual,Corpo Hídrico Estadual,,,,,,,,1.70794490331767,0.032888835092422,3.28888350924216,2.65582050303242,,,,,,,,PARÁ,SÃO JOÃO DE PIRABAS,,,hid_trecho_massa_dagua_a_bc250k_2015,,,,,,,,,,,,,,,,
29597.0,39661.0,,,Lago do Poção Grande,,Lago,do,Poção Grande,Natural,Estadual,Corpo Hídrico Estadual,,,,,,,,9.09619683714531,1.64738732447498,164.738732447498,1.99853196096916,,,,Lago/Lagoa,,Permanente,,PARÁ,JURUTI,,,hid_massa_dagua_a_bc250k_2015,,,,,,,,,,,,,,,,
250.0,56705.0,,,Rio Sumaúma,,Rio,,Sumaúma,Natural,Estadual,Corpo Hídrico Estadual,,,,,,,,20.4243625940977,1.81042668986298,181.042668986298,4.28062465423749,,,,Rio,,,Rio Sumaúma,PARÁ,IGARAPÉ-MIRI,,,hid_trecho_massa_dagua_a_bc250k_2015,,,,,,,,,,,,,,,6,6
50024.0,36125.0,,,Lagoa Maracanã,,Lagoa,,Maracanã,Natural,Estadual,Corpo Hídrico Estadual,,,,,,,,2.31801589788972,0.218400679861039,21.8400679861039,1.39874493059907,,,,Lago/Lagoa,,Permanente,,PARÁ,ORIXIMINÁ,,,hid_massa_dagua_a_bc250k_2015,,,,,,,,,,,,,,,,
28721.0,55274.0,,,Rio Moju,,Rio,,Moju,Natural,Federal,Corpo Hídrico Federal,,,,,,,,75.8603685999109,9.67197256396451,967.197256396451,6.87870253287576,,,,Rio,,,Rio Mojuí,PARÁ,GURUPÁ,,,hid_trecho_massa_dagua_a_bc250k_2015,,,,,,,,,,,,,,,4,4
60150.0,59140.0,,,Rio Uraim,,Rio,,Uraim,Natural,Estadual,Corpo Hídrico Estadual,,,,,,,,3.8608446129024,0.122713199507273,12.2713199507273,3.10803421748634,,,,,,,,PARÁ,PARAGOMINAS,,,hid_trecho_massa_dagua_a_bc250k_2015,,,,,,,,,,,,,,,,
25189.0,59088.0,,,,,,,,Natural,Federal,Terra da União (Unidade de Conservação),,,,,,,,38.6759123795606,14.5839437505531,1458.39437505531,2.85596042861833,,,,Rio,,,,PARÁ,AUGUSTO CORRÊA,,,hid_trecho_massa_dagua_a_bc250k_2015,,,,,,,,,,,,,,,,711934
7192.0,62443.0,,,,,,,,Natural,Federal,Terra da União (Terra Indígena),,,,,,,,1.89793339029747,0.106244694096577,10.6244694096577,1.64201246444839,,,,,,,,PARÁ,ALTAMIRA,,,hid_trecho_massa_dagua_a_bc250k_2015,,,,,,,,,,,,,,,,
18417.0,39344.0,,,,,,,,Natural,Estadual,Corpo Hídrico Estadual,,,,,,,,4.56823360593431,0.880157924430241,88.0157924430241,1.37314724825691,,,,Lago/Lagoa,,Permanente,,PARÁ,"BAIÃO, OEIRAS DO PARÁ",,,hid_massa_dagua_a_bc250k_2015,,,,,,,,,,,,,,,,
7189.0,62440.0,,,,,,,,Natural,Federal,Terra da União (Terra Indígena),,,,,,,,2.06427766228848,0.206670503501963,20.6670503501963,1.28049525242475,,,,,,,,PARÁ,OURILÂNDIA DO NORTE,,,hid_trecho_massa_dagua_a_bc250k_2015,,,,,,,,,,,,,,,,
30481.0,37969.0,,,,,,,,Natural,Federal,Terra da União (Unidade de Conservação),,,,,,,,1.34116690462015,0.065696460685712,6.56964606857124,1.47557384886109,,,,Lago/Lagoa,,Permanente,,PARÁ,ALTAMIRA,,,hid_massa_dagua_a_bc250k_2015,,,,,,,,,,,,,,,,
58737.0,35497.0,,,,,,,,Natural,Estadual,Corpo Hídrico Estadual,,,,,,,,2.19580248459892,0.215813173320773,21.5813173320773,1.3329179151237,,,,Lago/Lagoa,,Permanente,,PARÁ,ITAITUBA,,,hid_massa_dagua_a_bc250k_2015,,,,,,,,,,,,,,,,
23684.0,39076.0,,,,,,,,Natural,Estadual,Corpo Hídrico Estadual,,,,,,,,4.48510528182832,0.69682452309986,69.682452309986,1.5151653751047,,,,Lago/Lagoa,,Permanente,,PARÁ,JURUTI,,,hid_massa_dagua_a_bc250k_2015,,,,,,,,,,,,,,,,
10332.0,39640.0,,,,,,,,Natural,Estadual,Corpo Hídrico Estadual,,,,,,,,2.34999728195834,0.190187813253839,19.0187813253839,1.51958544730149,,,,Lago/Lagoa,,Permanente,,PARÁ,MOJU,,,hid_massa_dagua_a_bc250k_2015,,,,,,,,,,,,,,,,
31213.0,55952.0,,,,,,,,Natural,Federal,Terra da União (Unidade de Conservação),,,,,,,,9.18335267122459,2.06800629879,206.800629879,1.80083715591987,,,,Rio,,,,PARÁ,AUGUSTO CORRÊA,,,hid_trecho_massa_dagua_a_bc250k_2015,,,,,,,,,,,,,,,,711936
16861.0,37776.0,,,,,,,,Natural,Federal,Terra da União (Terra Indígena),,,,,,,,3.69344286851301,0.188630110972427,18.8630110972428,2.39814248922105,,,,Lago/Lagoa,,Permanente,,PARÁ,JACAREACANGA,,,hid_massa_dagua_a_bc250k_2015,,,,,,,,,,,,,,,,
13394.0,39176.0,,,,,,,,Natural,Federal,Terra da União (Unidade de Conservação),,,,,,,,4.1040356557677,1.04142251749661,104.142251749661,1.13408799116672,,,,Lago/Lagoa,,Permanente,,PARÁ,BAIÃO,,,hid_massa_dagua_a_bc250k_2015,,,,,,,,,,,,,,,,
35846.0,55462.0,,,,,,,,Natural,Federal,Terra da União (Unidade de Conservação),,,,,,,,8.74565298428628,0.760232903246905,76.0232903246905,2.82857708272582,,,,Rio,,,Igarapé Meacal,PARÁ,MAGALHÃES BARATA,,,hid_trecho_massa_dagua_a_bc250k_2015,,,,,,,,,,,,,,,,711212
24509.0,59038.0,,,,,,,,Natural,Estadual,Corpo Hídrico Estadual,,,,,,,,2.50079088650759,0.120213405220655,12.0213405220655,2.0339957289661,,,,,,,,PARÁ,IPIXUNA DO PARÁ,,,hid_trecho_massa_dagua_a_bc250k_2015,,,,,,,,,,,,,,,,
11423.0,62260.0,,,,,,,,Natural,Estadual,Corpo Hídrico Estadual,,,,,,,,1.78489156017211,0.064317388388692,6.43173883886925,1.98470856339354,,,,,,,,PARÁ,SÃO FÉLIX DO XINGU,,,hid_trecho_massa_dagua_a_bc250k_2015,,,,,,,,,,,,,,,,
50548.0,39022.0,,,,,,,,Natural,Estadual,Corpo Hídrico Estadual,,,,,,,,1.76474617416533,0.100887851905672,10.0887851905672,1.56679407223916,,,,Lago/Lagoa,,Permanente,,PARÁ,CACHOEIRA DO ARARI,,,hid_massa_dagua_a_bc250k_2015,,,,,,,,,,,,,,,,
36614.0,49391.0,,,,,,,,Natural,Estadual,Corpo Hídrico Estadual,,,,,,,,8.73661729558919,1.28900876764923,128.900876764923,2.17002373801569,,,,Lago/Lagoa,,Permanente,,PARÁ,VISEU,,,hid_massa_dagua_a_bc250k_2015,,,,,,,,,,,,,,,,
36302.0,58875.0,,,,,,,,Natural,Federal,Terra da União (Unidade de Conservação),,,,,,,,12.5773990166247,1.17116850209117,117.116850209117,3.27740608354082,,,,Rio,,,Rio São Paulo,PARÁ,"MARACANÃ, SALINÓPOLIS",,,hid_trecho_massa_dagua_a_bc250k_2015,,,,,,,,,,,,,,,,711518
240861.0,59042.0,,,,,,,,Natural,Federal,Terra da União (Unidade de Conservação),,,,,,,,38.9536850476868,17.535546575192,1753.5546575192,2.62323986278905,,,,Rio,,,,PARÁ,BRAGANÇA,,,hid_trecho_massa_dagua_a_bc250k_2015,,,,,,,,,,,,,,,71178,71176
27952.0,60343.0,,,,,,,,Natural,Estadual,Corpo Hídrico Estadual,,,,,,,,1.07718082192649,0.051708065192587,5.17080651925868,1.33585271397799,,,,,,,,PARÁ,NOVO PROGRESSO,,,hid_trecho_massa_dagua_a_bc250k_2015,,,,,,,,,,,,,,,,
54177.0,58936.0,,,,,,,,Natural,Estadual,Corpo Hídrico Estadual,,,,,,,,6.04373737740621,0.465846062062438,46.5846062062438,2.49708587708971,,,,,,,,PARÁ,IPIXUNA DO PARÁ,,,hid_trecho_massa_dagua_a_bc250k_2015,,,,,,,,,,,,,,,,
34292.0,61827.0,,,,,,,,Natural,Federal,Terra da União (Terra Indígena),,,,,,,,2.14408416553875,0.063472082824298,6.34720828242976,2.39993546129856,,,,,,,,PARÁ,JACAREACANGA,,,hid_trecho_massa_dagua_a_bc250k_2015,,,,,,,,,,,,,,,,
24947.0,58268.0,,,,,,,,Natural,Estadual,Corpo Hídrico Estadual,,,,,,,,2.44720052643891,0.179587791765415,17.9587791765415,1.62847186822709,,,,,,,,PARÁ,CACHOEIRA DO ARARI,,,hid_trecho_massa_dagua_a_bc250k_2015,,,,,,,,,,,,,,,,
25030.0,58680.0,,,,,,,,Natural,Estadual,Corpo Hídrico Estadual,,,,,,,,1.6731927580888,0.104832574109569,10.4832574109569,1.45729327116853,,,,,,,,PARÁ,ITUPIRANGA,,,hid_trecho_massa_dagua_a_bc250k_2015,,,,,,,,,,,,,,,,
18915.0,61709.0,,,,,,,,Natural,Federal,Terra da União (Terra Indígena),,,,,,,,2.63688972233175,0.270006289370782,27.0006289370782,1.43104778425885,,,,,,,,PARÁ,SÃO FÉLIX DO XINGU,,,hid_trecho_massa_dagua_a_bc250k_2015,,,,,,,,,,,,,,,,
7662.0,61764.0,,,,,,,,Natural,Estadual,Corpo Hídrico Estadual,,,,,,,,1.84522286901598,0.149907091960493,14.9907091960493,1.34396155962905,,,,,,,,PARÁ,CACHOEIRA DO ARARI,,,hid_trecho_massa_dagua_a_bc250k_2015,,,,,,,,,,,,,,,,
43698.0,60844.0,,,,,,,,Natural,Estadual,Corpo Hídrico Estadual,,,,,,,,1.93257820349462,0.095339859893242,9.53398598932424,1.76501715435704,,,,,,,,PARÁ,BELTERRA,,,hid_trecho_massa_dagua_a_bc250k_2015,,,,,,,,,,,,,,,,
57178.0,60318.0,,,,,,,,Natural,Federal,Terra da União (Terra Indígena),,,,,,,,1.5403675841418,0.113249500083235,11.3249500083235,1.29078922723114,,,,,,,,PARÁ,ALTAMIRA,,,hid_trecho_massa_dagua_a_bc250k_2015,,,,,,,,,,,,,,,,
7302.0,61052.0,,,,,,,,Natural,Estadual,Corpo Hídrico Estadual,,,,,,,,3.17015980132979,0.15592814603919,15.592814603919,2.26395612144602,,,,,,,,PARÁ,MOJU,,,hid_trecho_massa_dagua_a_bc250k_2015,,,,,,,,,,,,,,,,
30519.0,61403.0,,,,,,,,Natural,Estadual,Corpo Hídrico Estadual,,,,,,,,2.45971116749259,0.334499825323189,33.4499825323189,1.19932054534999,,,,,,,,PARÁ,ALENQUER,,,hid_trecho_massa_dagua_a_bc250k_2015,,,,,,,,,,,,,,,,
26212.0,61419.0,,,,,,,,Natural,Estadual,Corpo Hídrico Estadual,,,,,,,,2.85242983822215,0.140043827490189,14.0043827490189,2.14947348993484,,,,,,,,PARÁ,TAILÂNDIA,,,hid_trecho_massa_dagua_a_bc250k_2015,,,,,,,,,,,,,,,,
12605.0,39444.0,,,,,,,,Natural,Federal,Corpo Hídrico Federal,,,,,,,,1.86892031985724,0.123773416959251,12.3773416959251,1.49804963805008,,,,Lago/Lagoa,,Permanente,,PARÁ,ITAITUBA,,,hid_massa_dagua_a_bc250k_2015,,,,,,,,,,,,,,,,
18276.0,62452.0,,,,,,,,Natural,Estadual,Corpo Hídrico Estadual,,,,,,,,1.77527107600411,0.122448683389542,12.2448683389542,1.43066095822318,,,,,,,,PARÁ,SENADOR JOSÉ PORFÍRIO,,,hid_trecho_massa_dagua_a_bc250k_2015,,,,,,,,,,,,,,,,
56742.0,62147.0,,,,,,,,Natural,Estadual,Corpo Hídrico Estadual,,,,,,,,3.07385142003519,0.211856200931763,21.1856200931763,1.88326480193073,,,,,,,,PARÁ,ACARÁ,,,hid_trecho_massa_dagua_a_bc250k_2015,,,,,,,,,,,,,,,,
7685.0,61781.0,,,,,,,,Natural,Estadual,Corpo Hídrico Estadual,,,,,,,,2.28030434070639,0.122590318772536,12.2590318772536,1.83659684998595,,,,,,,,PARÁ,PONTA DE PEDRAS,,,hid_trecho_massa_dagua_a_bc250k_2015,,,,,,,,,,,,,,,,
51258.0,62158.0,,,,,,,,Natural,Estadual,Corpo Hídrico Estadual,,,,,,,,1.76980665579856,0.115143329136268,11.5143329136268,1.47080650284563,,,,,,,,PARÁ,RURÓPOLIS,,,hid_trecho_massa_dagua_a_bc250k_2015,,,,,,,,,,,,,,,,
7387.0,61207.0,,,,,,,,Natural,Estadual,Corpo Hídrico Estadual,,,,,,,,3.27454037973018,0.110522758312591,11.0522758312591,2.77762492759596,,,,,,,,PARÁ,MOJU,,,hid_trecho_massa_dagua_a_bc250k_2015,,,,,,,,,,,,,,,,
19894.0,61844.0,,,,,,,,Natural,Estadual,Corpo Hídrico Estadual,,,,,,,,1.94163298473196,0.121795767409366,12.1795767409366,1.56891765984977,,,,,,,,PARÁ,PARAGOMINAS,,,hid_trecho_massa_dagua_a_bc250k_2015,,,,,,,,,,,,,,,,
7106.0,61183.0,,,,,,,,Natural,Estadual,Corpo Hídrico Estadual,,,,,,,,1.21931338919065,0.082217331850389,8.22173318503887,1.19917554066194,,,,,,,,PARÁ,PONTA DE PEDRAS,,,hid_trecho_massa_dagua_a_bc250k_2015,,,,,,,,,,,,,,,,
29962.0,60312.0,,,,,,,,Natural,Estadual,Corpo Hídrico Estadual,,,,,,,,3.13604774393831,0.438248449766817,43.8248449766817,1.33589271006882,,,,,,,,PARÁ,PRAINHA,,,hid_trecho_massa_dagua_a_bc250k_2015,,,,,,,,,,,,,,,,
18459.0,60622.0,,,,,,,,Natural,Estadual,Corpo Hídrico Estadual,,,,,,,,2.09986813370169,0.100701078669665,10.0701078669665,1.86605341056097,,,,,,,,PARÁ,SÃO FÉLIX DO XINGU,,,hid_trecho_massa_dagua_a_bc250k_2015,,,,,,,,,,,,,,,,
8134.0,37964.0,,,,,,,,Natural,Estadual,Corpo Hídrico Estadual,,,,,,,,1.1038567646733,0.073566037480059,7.3566037480059,1.14768617380995,,,,Lago/Lagoa,,Permanente,,PARÁ,PRAINHA,,,hid_massa_dagua_a_bc250k_2015,,,,,,,,,,,,,,,,
7635.0,61736.0,,,,,,,,Natural,Estadual,Corpo Hídrico Estadual,,,,,,,,4.37209242812537,0.206018004097359,20.6018004097359,2.71635079681185,,,,,,,,PARÁ,IPIXUNA DO PARÁ,,,hid_trecho_massa_dagua_a_bc250k_2015,,,,,,,,,,,,,,,,
26152.0,61430.0,,,,,,,,Natural,Estadual,Corpo Hídrico Estadual,,,,,,,,0.89697913072033,0.057027376240347,5.70273762403473,1.05922872979707,,,,,,,,PARÁ,JACAREACANGA,,,hid_trecho_massa_dagua_a_bc250k_2015,,,,,,,,,,,,,,,,
19376.0,49443.0,,,,,,,,Natural,Estadual,Corpo Hídrico Estadual,,,,,,,,7.31595844671916,0.629575091080407,62.9575091080407,2.60013902710508,,,,Lago/Lagoa,,Permanente,,PARÁ,"IPIXUNA DO PARÁ, PARAGOMINAS",,,hid_massa_dagua_a_bc250k_2015,,,,,,,,,,,,,,,,
31132.0,35473.0,,,,,,,,Natural,Federal,Terra da União (Terra Indígena),,,,,,,,2.97899806745775,0.20873581834325,20.873581834325,1.83874218689421,,,,Lago/Lagoa,,Permanente,,PARÁ,ORIXIMINÁ,,,hid_massa_dagua_a_bc250k_2015,,,,,,,,,,,,,,,,
772.0,56405.0,,,Rio Pracuúba,,Rio,,Pracuúba,Natural,Estadual,Corpo Hídrico Estadual,,,,,,,,121.178183820896,52.5064858490067,5250.64858490067,4.71592696982499,,,,Rio,,,Rio Pracuúba,PARÁ,"MUANÁ, SÃO SEBASTIÃO DA BOA VISTA",,,hid_trecho_massa_dagua_a_bc250k_2015,,,,,,,,,,,,,,,6214,6214
2772.0,61115.0,,,,,,,,Natural,Federal,Terra da União (Unidade de Conservação),,,,,,,,1.45180795569234,0.061643042655519,6.16430426555192,1.64898325966027,,,,,,,,PARÁ,PLACAS,,,hid_trecho_massa_dagua_a_bc250k_2015,,,,,,,,,,,,,,,,
15630.0,61012.0,,,,,,,,Natural,Federal,Terra da União (Unidade de Conservação),,,,,,,,1.67236338798124,0.073089384794051,7.30893847940507,1.74442622226283,,,,,,,,PARÁ,ALTAMIRA,,,hid_trecho_massa_dagua_a_bc250k_2015,,,,,,,,,,,,,,,,
45302.0,35985.0,,,,,,,,Natural,Estadual,Corpo Hídrico Estadual,,,,,,,,5.34225805120486,1.17349908674091,117.349908674091,1.39069723952085,,,,Lago/Lagoa,,Permanente,,PARÁ,JURUTI,,,hid_massa_dagua_a_bc250k_2015,,,,,,,,,,,,,,,,
16206.0,46978.0,,,,,,,,Natural,Estadual,Corpo Hídrico Estadual,,,,,,,,1.56547073151076,0.077526133027746,7.75261330277462,1.58551370224256,,,,Lago/Lagoa,Doce,Permanente,,PARÁ,SANTA MARIA DAS BARREIRAS,,,hid_massa_dagua_a_bc250k_2015,,,,,,,,,,,,,,,,
7562.0,61303.0,,,,,,,,Natural,Estadual,Corpo Hídrico Estadual,,,,,,,,3.36102937228526,0.266214132940826,26.6214132940826,1.8369860665448,,,,,,,,PARÁ,ORIXIMINÁ,,,hid_trecho_massa_dagua_a_bc250k_2015,,,,,,,,,,,,,,,,
47907.0,35523.0,,,,,,,,Natural,Federal,Terra da União (Unidade de Conservação),,,,,,,,3.92766277996769,0.580553783154596,58.0553783154596,1.45365742787585,,,,Lago/Lagoa,,Permanente,,PARÁ,BELTERRA,,,hid_massa_dagua_a_bc250k_2015,,,,,,,,,,,,,,,,
32532.0,38880.0,,,,,,,,Natural,Estadual,Corpo Hídrico Estadual,,,,,,,,13.1700867292795,1.92842430975501,192.842430975501,2.67446207918252,,,,Lago/Lagoa,,Permanente,,PARÁ,ALMEIRIM,,,hid_massa_dagua_a_bc250k_2015,,,,,,,,,,,,,,,,
13740.0,58876.0,,,,,,,,Artificial,Estadual,Corpo Hídrico Estadual,ESTADO,,,,,,,3.46576236695452,0.194243174021271,19.4243174021271,2.21755809877625,,,,Represa/Açude,,,,PARÁ,SÃO FRANCISCO DO PARÁ,,,hid_trecho_massa_dagua_a_bc250k_2015,,,,,,,,,,,,,,,,
48122.0,62048.0,,,,,,,,Natural,Estadual,Corpo Hídrico Estadual,,,,,,,,1.07544962610413,0.048028786338608,4.80287863386075,1.38384795098291,,,,,,,,PARÁ,SENADOR JOSÉ PORFÍRIO,,,hid_trecho_massa_dagua_a_bc250k_2015,,,,,,,,,,,,,,,,
8564.0,59016.0,,,,,,,,Natural,Federal,Terra da União (Unidade de Conservação),,,,,,,,27.690750602702,6.45373020146515,645.373020146515,3.07382001115398,,,,Rio,,,Rio Cuinarana,PARÁ,"MAGALHÃES BARATA, MARACANÃ",,,hid_trecho_massa_dagua_a_bc250k_2015,,,,,,,,,,,,,,,71134,71134
12723.0,60037.0,,,,,,,,Natural,Federal,Terra da União (Unidade de Conservação),,,,,,,,14.4802335046789,1.13805544342612,113.805544342612,3.82774469591526,,,,Canal,,,,PARÁ,CURUÇÁ,,,hid_trecho_massa_dagua_a_bc250k_2015,Alterado de Artificial para Natural,,,,,,,,,,,,,,,
17234.0,57359.0,,,,,,,,Natural,Federal,Terra da União (Unidade de Conservação),,,,,,,,12.0385724557637,0.947896285213678,94.7896285213678,3.48693369031849,,,,Canal,,,,PARÁ,AUGUSTO CORRÊA,,,hid_trecho_massa_dagua_a_bc250k_2015,,,,,,,,,,,,,,,,
37954.0,38058.0,,,,,,,,Natural,Federal,Terra da União (Unidade de Conservação),,,,,,,,2.31538801816412,0.255260720425397,25.5260720425397,1.29235222405348,,,,Lago/Lagoa,,Permanente,,PARÁ,PORTO DE MOZ,,,hid_massa_dagua_a_bc250k_2015,,,,,,,,,,,,,,,,
31483.0,39453.0,,,,,,,,Natural,Estadual,Corpo Hídrico Estadual,,,,,,,,2.5892077259494,0.30407235660037,30.407235660037,1.324120570812,,,,Lago/Lagoa,,Permanente,,PARÁ,BREU BRANCO,,,hid_massa_dagua_a_bc250k_2015,,,,,,,,,,,,,,,,
16043.0,62209.0,,,,,,,,Natural,Federal,Corpo Hídrico Federal,,,,,,,,2.2781044419949,0.191123041947057,19.1123041947057,1.46948857761595,,,,,,,,PARÁ,GURUPÁ,,,hid_trecho_massa_dagua_a_bc250k_2015,,,,,,,,,,,,,,,,
55985.0,55524.0,,,,,,,,Artificial,Estadual,Corpo Hídrico Estadual,ESTADO,,,,,,,2.84586902072092,0.109882380378039,10.9882380378039,2.42102897386015,,,,Represa/Açude,,,,PARÁ,PARAGOMINAS,,,hid_trecho_massa_dagua_a_bc250k_2015,,,,,,,,,,,,,,,,
14462.0,61669.0,,,,,,,,Natural,Estadual,Corpo Hídrico Estadual,,,,,,,,3.92025334304148,0.248923752845389,24.8923752845389,2.21579752126091,,,,,,,,PARÁ,ITAITUBA,,,hid_trecho_massa_dagua_a_bc250k_2015,,,,,,,,,,,,,,,,
50545.0,38994.0,,,,,,,,Natural,Estadual,Corpo Hídrico Estadual,,,,,,,,1.6582480850545,0.106022501086004,10.6022501086004,1.43614929784476,,,,Lago/Lagoa,,Permanente,,PARÁ,FARO,,,hid_massa_dagua_a_bc250k_2015,,,,,,,,,,,,,,,,
13117.0,61372.0,,,,,,,,Natural,Estadual,Corpo Hídrico Estadual,,,,,,,,1.29048040483286,0.083032866499064,8.30328664990638,1.26291902952708,,,,,,,,PARÁ,TRAIRÃO,,,hid_trecho_massa_dagua_a_bc250k_2015,,,,,,,,,,,,,,,,
26357.0,61402.0,,,,,,,,Natural,Estadual,Corpo Hídrico Estadual,,,,,,,,1.322114924793,0.100621903940996,10.0621903940996,1.17536309646835,,,,,,,,PARÁ,CUMARU DO NORTE,,,hid_trecho_massa_dagua_a_bc250k_2015,,,,,,,,,,,,,,,,
25203.0,59126.0,,,,,,,,Natural,Estadual,Corpo Hídrico Estadual,,,,,,,,20.7682684624606,1.36233349922408,136.233349922408,5.01773451640748,,,,Rio,,,Rio Candiru-Açu,PARÁ,"IPIXUNA DO PARÁ, PARAGOMINAS",,,hid_trecho_massa_dagua_a_bc250k_2015,,,,,,,,,,,,,,,6124,6124
792.0,62862.0,,,,,,,,Natural,Estadual,Corpo Hídrico Estadual,,,,,,,,83.3493920254083,24.3312891968809,2433.12891968809,4.76506670146942,,,,,,,,PARÁ,"MELGAÇO, PORTEL",,,bho_massa_dagua_2019,Atualizada geometria em 09/2016,,,,,,,,,,,,,,,
26321.0,61968.0,,,,,,,,Natural,Estadual,Corpo Hídrico Estadual,,,,,,,,1.09899375352453,0.049314037987581,4.93140379875808,1.39559385851312,,,,,,,,PARÁ,NOVO PROGRESSO,,,hid_trecho_massa_dagua_a_bc250k_2015,,,,,,,,,,,,,,,,
51202.0,54756.0,,,,,,,,Artificial,Estadual,Corpo Hídrico Estadual,ESTADO,,,,,,,2.38075627014,0.068745237630468,6.87452376304683,2.56060586769696,,,,Represa/Açude,,,,PARÁ,ULIANÓPOLIS,,,hid_trecho_massa_dagua_a_bc250k_2015,,,,,,,,,,,,,,,,
4275.0,62084.0,,,,,,,,Artificial,Estadual,Corpo Hídrico Estadual,ESTADO,,,,,,,2.57732359163298,0.173175371753856,17.3175371753856,1.74652575022433,,,,Represa/Açude,,,,PARÁ,BANNACH,,,hid_trecho_massa_dagua_a_bc250k_2015,,,,,,,,,,,,,,,,
35973.0,38733.0,,,,,,,,Natural,Estadual,Corpo Hídrico Estadual,,,,,,,,3.09655389838416,0.472277176944105,47.2277176944105,1.27065974858813,,,,Lago/Lagoa,,Permanente,,PARÁ,PONTA DE PEDRAS,,,hid_massa_dagua_a_bc250k_2015,,,,,,,,,,,,,,,,
6748.0,62072.0,,,,,,,,Natural,Estadual,Corpo Hídrico Estadual,,,,,,,,1.72919909612449,0.080779926694391,8.07799266943912,1.71570406725456,,,,,,,,PARÁ,ITAITUBA,,,hid_trecho_massa_dagua_a_bc250k_2015,,,,,,,,,,,,,,,,
52671.0,39270.0,,,,,,,,Natural,Estadual,Corpo Hídrico Estadual,,,,,,,,3.36439196266212,0.241271881541625,24.1271881541625,1.93153392147722,,,,Lago/Lagoa,,Permanente,,PARÁ,JURUTI,,,hid_massa_dagua_a_bc250k_2015,,,,,,,,,,,,,,,,
27761.0,60344.0,,,,,,,,Natural,Estadual,Corpo Hídrico Estadual,,,,,,,,2.6982350680415,0.256690436052421,25.6690436052421,1.50184131296191,,,,,,,,PARÁ,SENADOR JOSÉ PORFÍRIO,,,hid_trecho_massa_dagua_a_bc250k_2015,,,,,,,,,,,,,,,,
35616.0,38494.0,,,,,,,,Natural,Estadual,Corpo Hídrico Estadual,,,,,,,,1.53118212009739,0.075622876227694,7.5622876227694,1.5701797127584,,,,Lago/Lagoa,,Permanente,,PARÁ,PONTA DE PEDRAS,,,hid_massa_dagua_a_bc250k_2015,,,,,,,,,,,,,,,,
15879.0,62127.0,,,,,,,,Natural,Estadual,Corpo Hídrico Estadual,,,,,,,,1.56133420876356,0.088747230981258,8.87472309812581,1.47797666678155,,,,,,,,PARÁ,TOMÉ-AÇU,,,hid_trecho_massa_dagua_a_bc250k_2015,,,,,,,,,,,,,,,,
37870.0,39186.0,,,,,,,,Natural,Estadual,Corpo Hídrico Estadual,,,,,,,,1.92976757606115,0.214108361790488,21.4108361790488,1.17608117683564,,,,Lago/Lagoa,,Permanente,,PARÁ,MOJU,,,hid_massa_dagua_a_bc250k_2015,,,,,,,,,,,,,,,,
24549.0,62009.0,,,,,,,,Natural,Estadual,Corpo Hídrico Estadual,,,,,,,,2.20891920443479,0.175085885857752,17.5085885857752,1.4886869125308,,,,,,,,PARÁ,PRAINHA,,,hid_trecho_massa_dagua_a_bc250k_2015,,,,,,,,,,,,,,,,
14931.0,62098.0,,,,,,,,Natural,Estadual,Corpo Hídrico Estadual,,,,,,,,0.836001653366902,0.049800440706636,4.98004407066358,1.05642738758552,,,,,,,,PARÁ,VITÓRIA DO XINGU,,,hid_trecho_massa_dagua_a_bc250k_2015,,,,,,,,,,,,,,,,
9937.0,62036.0,,,,,,,,Natural,Estadual,Corpo Hídrico Estadual,,,,,,,,1.12181937357192,0.061064790102597,6.10647901025966,1.28019642449787,,,,,,,,PARÁ,VITÓRIA DO XINGU,,,hid_trecho_massa_dagua_a_bc250k_2015,,,,,,,,,,,,,,,,
30554.0,38673.0,,,,,,,,Natural,Estadual,Corpo Hídrico Estadual,,,,,,,,2.1739338826096,0.243341376534996,24.3341376534996,1.24276055262918,,,,Lago/Lagoa,,Permanente,,PARÁ,BAIÃO,,,hid_massa_dagua_a_bc250k_2015,,,,,,,,,,,,,,,,
57082.0,37657.0,,,,,,,,Natural,Estadual,Corpo Hídrico Estadual,,,,,,,,1.08844909271864,0.086291587702591,8.62915877025914,1.04489583996686,,,,Lago/Lagoa,,Permanente,,PARÁ,MOCAJUBA,,,hid_massa_dagua_a_bc250k_2015,,,,,,,,,,,,,,,,
4980.0,37771.0,,,,,,,,Natural,Federal,Terra da União (Unidade de Conservação),,,,,,,,4.48353735768692,0.82927413594687,82.927413594687,1.3884199354812,,,,Lago/Lagoa,,Permanente,,PARÁ,BAIÃO,,,hid_massa_dagua_a_bc250k_2015,,,,,,,,,,,,,,,,
12342.0,49344.0,,,,,,,,Natural,Estadual,Corpo Hídrico Estadual,,,,,,,,1.9579726969304,0.200238447954871,20.0238447954871,1.23390579698048,,,,Lago/Lagoa,,Permanente,,PARÁ,PARAGOMINAS,,,hid_massa_dagua_a_bc250k_2015,,,,,,,,,,,,,,,,
11192.0,39433.0,,,,,,,,Natural,Estadual,Corpo Hídrico Estadual,,,,,,,,13.2072083459279,1.06648528113657,106.648528113657,3.60647315863968,,,,Lago/Lagoa,,Permanente,,PARÁ,ÓBIDOS,,,hid_massa_dagua_a_bc250k_2015,,,,,,,,,,,,,,,,
12743.0,38237.0,,,,,,,,Natural,Federal,Terra da União (Unidade de Conservação),,,,,,,,3.86794528714705,0.327269301537321,32.7269301537321,1.90667554256992,,,,Lago/Lagoa,,Permanente,,PARÁ,ORIXIMINÁ,,,hid_massa_dagua_a_bc250k_2015,,,,,,,,,,,,,,,,
31952.0,60390.0,,,,,,,,Natural,Federal,Terra da União (Unidade de Conservação),,,,,,,,1.13662722490389,0.079058833409368,7.90588334093679,1.13996616595143,,,,,,,,PARÁ,ALTAMIRA,,,hid_trecho_massa_dagua_a_bc250k_2015,,,,,,,,,,,,,,,,
4113.0,38097.0,,,,,,,,Natural,Estadual,Corpo Hídrico Estadual,,,,,,,,6.81490484402169,1.19670679269099,119.670679269099,1.75677048524293,,,,Lago/Lagoa,,Permanente,,PARÁ,ALMEIRIM,,,hid_massa_dagua_a_bc250k_2015,,,,,,,,,,,,,,,,
13302.0,37982.0,,,,,,,,Natural,Estadual,Corpo Hídrico Estadual,,,,,,,,2.50952147183093,0.170660266770059,17.0660266770059,1.71306489011954,,,,Lago/Lagoa,,Permanente,,PARÁ,MOJU,,,hid_massa_dagua_a_bc250k_2015,,,,,,,,,,,,,,,,
54253.0,62540.0,,,,,,,,Artificial,Estadual,Corpo Hídrico Estadual,ESTADO,,,,,,,3.01655341228201,0.258432723612524,25.8432723612524,1.67334841052229,,,,Represa/Açude,,,,PARÁ,NOVO PROGRESSO,,,hid_trecho_massa_dagua_a_bc250k_2015,,,,,,,,,,,,,,,,
45803.0,49403.0,,,,,,,,Natural,Estadual,Corpo Hídrico Estadual,,,,,,,,1.67092275962664,0.086195627242548,8.61956272425483,1.60495502082519,,,,Lago/Lagoa,,Permanente,,PARÁ,PARAGOMINAS,,,hid_massa_dagua_a_bc250k_2015,,,,,,,,,,,,,,,,
23814.0,57155.0,,,Rio Piaba,,Rio,,Piaba,Natural,Federal,Corpo Hídrico Federal,,,,,,,,81.223208090711,22.1473547122333,2214.73547122333,4.86707811462764,,,,Rio,,,Rio Piaba,PARÁ,"CURUÁ, ÓBIDOS",,,hid_trecho_massa_dagua_a_bc250k_2015,,,,,,,,,,,,,,,4532,4532
19618.0,61681.0,,,,,,,,Natural,Estadual,Corpo Hídrico Estadual,,,,,,,,1.64400251170305,0.050835012498882,5.08350124988818,2.05622255037438,,,,,,,,PARÁ,BELTERRA,,,hid_trecho_massa_dagua_a_bc250k_2015,,,,,,,,,,,,,,,,
50648.0,35590.0,,,,,,,,Natural,Estadual,Corpo Hídrico Estadual,,,,,,,,1.50665299633474,0.099015115021214,9.90151150212139,1.35024195946153,,,,Lago/Lagoa,,Permanente,,PARÁ,MONTE ALEGRE,,,hid_massa_dagua_a_bc250k_2015,,,,,,,,,,,,,,,,
299.0,35738.0,,,,,,,,Natural,Federal,Terra da União (Unidade de Conservação),,,,,,,,2.0720927245726,0.157779599684291,15.7779599684291,1.47106840930072,,,,Lago/Lagoa,,Permanente,,PARÁ,PRAINHA,,,hid_massa_dagua_a_bc250k_2015,,,,,,,,,,,,,,,,
26372.0,61274.0,,,,,,,,Natural,Estadual,Corpo Hídrico Estadual,,,,,,,,0.982275230808583,0.066868631352015,6.68686313520148,1.07120128291934,,,,,,,,PARÁ,ORIXIMINÁ,,,hid_trecho_massa_dagua_a_bc250k_2015,,,,,,,,,,,,,,,,
57915.0,38484.0,,,,,,,,Natural,Federal,Terra da União (Terra Indígena),,,,,,,,2.1954900831364,0.102282489980019,10.2282489980019,1.9358867265296,,,,Lago/Lagoa,,Permanente,,PARÁ,SÃO FÉLIX DO XINGU,,,hid_massa_dagua_a_bc250k_2015,,,,,,,,,,,,,,,,
43002.0,59027.0,,,,,,,,Natural,Federal,Terra da União (Unidade de Conservação),,,,,,,,41.774864193179,10.1812744840123,1018.12744840123,3.69201181364563,,,,Rio,,,,PARÁ,CURUÇÁ,,,hid_trecho_massa_dagua_a_bc250k_2015,,,,,,,,,,,,,,,,71118
13981.0,61853.0,,,,,,,,Natural,Estadual,Corpo Hídrico Estadual,,,,,,,,1.32231901694085,0.082719063969568,8.27190639695676,1.29652992890461,,,,,,,,PARÁ,SÃO FÉLIX DO XINGU,,,hid_trecho_massa_dagua_a_bc250k_2015,,,,,,,,,,,,,,,,
10087.0,49325.0,,,,,,,,Natural,Estadual,Corpo Hídrico Estadual,,,,,,,,2.59343041189438,0.083247454655967,8.32474546559673,2.53476805880317,,,,Lago/Lagoa,,Permanente,,PARÁ,IPIXUNA DO PARÁ,,,hid_massa_dagua_a_bc250k_2015,,,,,,,,,,,,,,,,
2157.0,63795.0,,,,,,,,Natural,Federal,Terra da União (Unidade de Conservação),,,,,,,,11.8788704962849,0.628175089739597,62.8175089739597,4.22652946278425,,,,Rio,,,Rio Maruimpanema,PARÁ,"SÃO CAETANO DE ODIVELAS, SÃO JOÃO DA PONTA",,,hid_trecho_massa_dagua_a_bc250k_2015,,,,,,,,,,,,,,,,711142
17779.0,39168.0,,,,,,,,Natural,Federal,Corpo Hídrico Federal,,,,,,,,3.21147440189064,0.383972342724529,38.3972342724528,1.46151609102541,,,,Lago/Lagoa,,Permanente,,PARÁ,CHAVES,,,hid_massa_dagua_a_bc250k_2015,,,,,,,,,,,,,,,,
37753.0,37557.0,,,,,,,,Natural,Federal,Terra da União (Unidade de Conservação),,,,,,,,3.85125756331476,0.546967633121701,54.6967633121701,1.46848954439561,,,,Lago/Lagoa,,Permanente,,PARÁ,PORTO DE MOZ,,,hid_massa_dagua_a_bc250k_2015,,,,,,,,,,,,,,,,
7611.0,61719.0,6800.0,,,,,,,Artificial,Estadual,Corpo Hídrico Estadual,ESTADO,,,,,,,2.67961372680822,0.086343486252358,8.63434862523577,2.57161832724302,,,,,,,,PARÁ,GOIANÉSIA DO PARÁ,,,hid_trecho_massa_dagua_a_bc250k_2015,,,,,,,,,,,,,,,,
46000.0,59157.0,,,,,,,,Natural,Federal,Terra da União (Unidade de Conservação),,,,,,,,7.4258417405007,1.16068529760929,116.068529760929,1.94373724273888,,,,Rio,,,,PARÁ,TRACUATEUA,,,hid_trecho_massa_dagua_a_bc250k_2015,,,,,,,,,,,,,,,,711734
60765.0,59003.0,,,,,,,,Natural,Federal,Terra da União (Unidade de Conservação),,,,,,,,23.5863266669224,1.66152013752455,166.152013752455,5.16008211511943,,,,Canal,,,,PARÁ,CURUÇÁ,,,hid_trecho_massa_dagua_a_bc250k_2015,,,,,,,,,,,,,,,,
30319.0,59543.0,,,,,,,,Natural,Estadual,Corpo Hídrico Estadual,,,,,,,,1.29880359645828,0.043988057770178,4.39880577701779,1.74632550735349,,,,,,,,PARÁ,NOVO PROGRESSO,,,hid_trecho_massa_dagua_a_bc250k_2015,,,,,,,,,,,,,,,,
39101.0,61146.0,,,,,,,,Natural,Federal,Terra da União (Unidade de Conservação),,,,,,,,1.69108892387962,0.114100433425519,11.4100433425519,1.41179586740219,,,,,,,,PARÁ,SÃO FÉLIX DO XINGU,,,hid_trecho_massa_dagua_a_bc250k_2015,,,,,,,,,,,,,,,,
11263.0,38566.0,,,,,,,,Natural,Estadual,Corpo Hídrico Estadual,,,,,,,,1.89605015614288,0.142797891221103,14.2797891221103,1.41494002830433,,,,Lago/Lagoa,,Permanente,,PARÁ,CAMETÁ,,,hid_massa_dagua_a_bc250k_2015,,,,,,,,,,,,,,,,
32250.0,62210.0,,,,,,,,Natural,Estadual,Corpo Hídrico Estadual,,,,,,,,1.35990074836102,0.091813962642793,9.18139626427926,1.26561599610977,,,,,,,,PARÁ,ÁGUA AZUL DO NORTE,,,hid_trecho_massa_dagua_a_bc250k_2015,,,,,,,,,,,,,,,,
20016.0,55904.0,,,,,,,,Artificial,Estadual,Corpo Hídrico Estadual,ESTADO,,,,,,,4.15829572732177,0.16328483770057,16.328483770057,2.90196086165079,,,,Represa/Açude,,,,PARÁ,ULIANÓPOLIS,,,hid_trecho_massa_dagua_a_bc250k_2015,,,,,,,,,,,,,,,,
1343.0,38071.0,,,,,,,,Natural,Estadual,Corpo Hídrico Estadual,,,,,,,,2.28559386553338,0.286386115176048,28.6386115176048,1.20440400475557,,,,Lago/Lagoa,,Permanente,,PARÁ,MUANÁ,,,hid_massa_dagua_a_bc250k_2015,,,,,,,,,,,,,,,,
10370.0,61645.0,,,,,,,,Natural,Estadual,Corpo Hídrico Estadual,,,,,,,,0.903988549886206,0.052116101377166,5.21161013771662,1.11667316040679,,,,,,,,PARÁ,VITÓRIA DO XINGU,,,hid_trecho_massa_dagua_a_bc250k_2015,,,,,,,,,,,,,,,,
19645.0,61698.0,,,,,,,,Natural,Estadual,Corpo Hídrico Estadual,,,,,,,,0.936575540680004,0.04121546648652,4.12154664865199,1.30095360885437,,,,,,,,PARÁ,PONTA DE PEDRAS,,,hid_trecho_massa_dagua_a_bc250k_2015,,,,,,,,,,,,,,,,
43015.0,58804.0,,,,,,,,Natural,Federal,Terra da União (Unidade de Conservação),,,,,,,,2.40214078937029,0.142348825621282,14.2348825621282,1.79543886466158,,,,,,,,PARÁ,AUGUSTO CORRÊA,,,hid_trecho_massa_dagua_a_bc250k_2015,,,,,,,,,,,,,,,,
3773.0,60405.0,,,,,,,,Artificial,Estadual,Corpo Hídrico Estadual,ESTADO,,,,,,,1.66943069287909,0.121159706977436,12.1159706977436,1.35250349176612,,,,Represa/Açude,,,,PARÁ,CANAÃ DOS CARAJÁS,,,hid_trecho_massa_dagua_a_bc250k_2015,,,,,,,,,,,,,,,,
15286.0,62352.0,,,,,,,,Natural,Federal,Terra da União (Terra Indígena),,,,,,,,1.8726698213083,0.134775961269543,13.4775961269543,1.43848090427604,,,,,,,,PARÁ,ORIXIMINÁ,,,hid_trecho_massa_dagua_a_bc250k_2015,,,,,,,,,,,,,,,,
13635.0,59149.0,,,,,,,,Natural,Estadual,Corpo Hídrico Estadual,,,,,,,,2.74140946474143,0.126175321622198,12.6175321622198,2.17638541061195,,,,Laguna,,,,PARÁ,PARAGOMINAS,,,hid_trecho_massa_dagua_a_bc250k_2015,,,,,,,,,,,,,,,,
6019.0,61745.0,,,,,,,,Natural,Estadual,Corpo Hídrico Estadual,,,,,,,,1.6919936855985,0.157341747714334,15.7341747714334,1.20288985277435,,,,,,,,PARÁ,MOJU,,,hid_trecho_massa_dagua_a_bc250k_2015,,,,,,,,,,,,,,,,
28267.0,61735.0,,,,,,,,Natural,Estadual,Corpo Hídrico Estadual,,,,,,,,1.32821915969631,0.083961644067388,8.39616440673876,1.29264235502399,,,,,,,,PARÁ,TUCURUÍ,,,hid_trecho_massa_dagua_a_bc250k_2015,,,,,,,,,,,,,,,,
27741.0,61810.0,,,,,,,,Natural,Estadual,Corpo Hídrico Estadual,,,,,,,,1.27321537549218,0.070544695254536,7.05446952545364,1.35181979628666,,,,,,,,PARÁ,PLACAS,,,hid_trecho_massa_dagua_a_bc250k_2015,,,,,,,,,,,,,,,,
56214.0,38637.0,,,,,,,,Natural,Federal,Terra da União (Unidade de Conservação),,,,,,,,1.75118647256443,0.159877354598898,15.9877354598898,1.2350599114608,,,,Lago/Lagoa,,Permanente,,PARÁ,BAIÃO,,,hid_massa_dagua_a_bc250k_2015,,,,,,,,,,,,,,,,
9234.0,62455.0,,,,,,,,Natural,Estadual,Corpo Hídrico Estadual,,,,,,,,2.61454879610117,0.192103642382159,19.2103642382159,1.68220167175164,,,,,,,,PARÁ,MUANÁ,,,hid_trecho_massa_dagua_a_bc250k_2015,,,,,,,,,,,,,,,,
47991.0,37762.0,,,,,,,,Natural,Federal,Corpo Hídrico Federal,,,,,,,,22.094144139934,8.01514247621456,801.514247621456,2.20074978414182,,,,Lago/Lagoa,,Permanente,,PARÁ,CHAVES,,,hid_massa_dagua_a_bc250k_2015,,,,,,,,,,,,,,,,
50679.0,35430.0,,,,,,,,Natural,Estadual,Corpo Hídrico Estadual,,,,,,,,1.97678419831944,0.175851140981439,17.5851140981439,1.32933908466827,,,,Lago/Lagoa,,Permanente,,PARÁ,JACAREACANGA,,,hid_massa_dagua_a_bc250k_2015,,,,,,,,,,,,,,,,
24874.0,38620.0,,,,,,,,Natural,Federal,Terra da União (Unidade de Conservação),,,,,,,,8.27115790694914,0.632103879552388,63.2103879552388,2.93373709716282,,,,Lago/Lagoa,,Permanente,,PARÁ,PRAINHA,,,hid_massa_dagua_a_bc250k_2015,,,,,,,,,,,,,,,,
17681.0,35833.0,,,,,,,,Natural,Estadual,Corpo Hídrico Estadual,,,,,,,,3.03059162024338,0.151959558402508,15.1959558402508,2.19236325737799,,,,Lago/Lagoa,,Permanente,,PARÁ,JURUTI,,,hid_massa_dagua_a_bc250k_2015,,,,,,,,,,,,,,,,
4857.0,38036.0,,,,,,,,Natural,Estadual,Corpo Hídrico Estadual,,,,,,,,7.07724555663541,0.770840269867845,77.0840269867846,2.27316612418095,,,,Lago/Lagoa,,Permanente,,PARÁ,ALMEIRIM,,,hid_massa_dagua_a_bc250k_2015,,,,,,,,,,,,,,,,
21606.0,59010.0,,,,,,,,Artificial,Estadual,Corpo Hídrico Estadual,ESTADO,,,,,,,2.00658750938757,0.083432969084785,8.3432969084785,1.95901771571272,,,,Represa/Açude,,,,PARÁ,ULIANÓPOLIS,,,hid_trecho_massa_dagua_a_bc250k_2015,,,,,,,,,,,,,,,,
39168.0,61587.0,,,,,,,,Natural,Estadual,Corpo Hídrico Estadual,,,,,,,,2.33073373071139,0.208356189399059,20.8356189399059,1.43992067210405,,,,,,,,PARÁ,"ABAETETUBA, BARCARENA",,,hid_trecho_massa_dagua_a_bc250k_2015,,,,,,,,,,,,,,,,
14309.0,59068.0,,,,,,,,Natural,Estadual,Corpo Hídrico Estadual,,,,,,,,5.98185256471575,0.486096266877612,48.6096266877612,2.41948910132107,,,,Laguna,,,,PARÁ,PARAGOMINAS,,,hid_trecho_massa_dagua_a_bc250k_2015,,,,,,,,,,,,,,,,
15072.0,38235.0,,,,,,,,Natural,Federal,Terra da União (Terra Indígena),,,,,,,,2.94298774054395,0.208281606304198,20.8281606304198,1.81849496160307,,,,Lago/Lagoa,,Permanente,,PARÁ,JACAREACANGA,,,hid_massa_dagua_a_bc250k_2015,,,,,,,,,,,,,,,,
54033.0,61940.0,,,,,,,,Artificial,Estadual,Corpo Hídrico Estadual,ESTADO,,,,,,,2.7050030157492,0.222600221898194,22.2600221898193,1.61679167944002,,,,Represa/Açude,,,,PARÁ,ALTAMIRA,,,hid_trecho_massa_dagua_a_bc250k_2015,,,,,,,,,,,,,,,,
39809.0,49449.0,,,,,,,,Natural,Estadual,Corpo Hídrico Estadual,,,,,,,,1.30589279459235,0.078401629994711,7.84016299947106,1.3152069282706,,,,Lago/Lagoa,,Permanente,,PARÁ,PEIXE-BOI,,,hid_massa_dagua_a_bc250k_2015,,,,,,,,,,,,,,,,
7657.0,61757.0,,,,,,,,Natural,Estadual,Corpo Hídrico Estadual,,,,,,,,2.68762469913338,0.229218036162036,22.9218036162036,1.58304528367272,,,,,,,,PARÁ,ORIXIMINÁ,,,hid_trecho_massa_dagua_a_bc250k_2015,,,,,,,,,,,,,,,,
24727.0,35570.0,,,,,,,,Natural,Federal,Terra da União (Terra Indígena),,,,,,,,1.58905852884237,0.078686414663565,7.86864146635645,1.59749358677879,,,,Lago/Lagoa,,Permanente,,PARÁ,ALTAMIRA,,,hid_massa_dagua_a_bc250k_2015,,,,,,,,,,,,,,,,
39200.0,55172.0,,,,,,,,Natural,Federal,Terra da União (Unidade de Conservação),,,,,,,,12.6079421064067,1.1407936956104,114.07936956104,3.32881575316043,,,,Rio,,,,PARÁ,VISEU,,,hid_trecho_massa_dagua_a_bc250k_2015,,,,,,,,,,,,,,,,711996
19637.0,61517.0,,,,,,,,Natural,Estadual,Corpo Hídrico Estadual,,,,,,,,2.97456578390169,0.162167126380891,16.2167126380891,2.08300962063377,,,,,,,,PARÁ,SÃO FÉLIX DO XINGU,,,hid_trecho_massa_dagua_a_bc250k_2015,,,,,,,,,,,,,,,,
42983.0,61560.0,,,,,,,,Natural,Federal,Terra da União (Unidade de Conservação),,,,,,,,1.89152093890119,0.104820014454456,10.4820014454456,1.64754829460721,,,,,,,,PARÁ,ALTAMIRA,,,hid_trecho_massa_dagua_a_bc250k_2015,,,,,,,,,,,,,,,,
12714.0,38780.0,,,,,,,,Natural,Federal,Corpo Hídrico Federal,,,,,,,,3.83543193315311,0.180361572547655,18.0361572547655,2.54677971171559,,,,Lago/Lagoa,,Permanente,,PARÁ,ITAITUBA,,,hid_massa_dagua_a_bc250k_2015,,,,,,,,,,,,,,,,
48730.0,39277.0,,,,,,,,Natural,Estadual,Corpo Hídrico Estadual,,,,,,,,1.57878378076086,0.152323688106675,15.2323688106675,1.14074360088303,,,,Lago/Lagoa,,Permanente,,PARÁ,FLORESTA DO ARAGUAIA,,,hid_massa_dagua_a_bc250k_2015,,,,,,,,,,,,,,,,
39056.0,59122.0,,,,,,,,Natural,Federal,Terra da União (Unidade de Conservação),,,,,,,,5.89690552268495,0.505845913765267,50.5845913765267,2.33810577750044,,,,Rio,,,,PARÁ,VISEU,,,hid_trecho_massa_dagua_a_bc250k_2015,,,,,,,,,,,,,,,7132,71348
44228.0,61817.0,,,,,,,,Natural,Estadual,Corpo Hídrico Estadual,,,,,,,,2.36112535822865,0.095816797540803,9.5816797540803,2.1510342627136,,,,,,,,PARÁ,TRAIRÃO,,,hid_trecho_massa_dagua_a_bc250k_2015,,,,,,,,,,,,,,,,
48607.0,49414.0,,,,,,,,Natural,Federal,Terra da União (Terra Indígena),,,,,,,,4.54944568636842,0.244747500207788,24.4747500207788,2.59327432644678,,,,Lago/Lagoa,,Permanente,,PARÁ,PARAGOMINAS,,,hid_massa_dagua_a_bc250k_2015,,,,,,,,,,,,,,,,
57718.0,62178.0,,,,,,,,Natural,Federal,Terra da União (Terra Indígena),,,,,,,,1.75611648553415,0.08397024174546,8.39702417454602,1.70899080642703,,,,,,,,PARÁ,OURILÂNDIA DO NORTE,,,hid_trecho_massa_dagua_a_bc250k_2015,,,,,,,,,,,,,,,,
37304.0,61332.0,,,,,,,,Natural,Estadual,Corpo Hídrico Estadual,,,,,,,,1.59706024996446,0.116247261176302,11.6247261176302,1.32092768936369,,,,,,,,PARÁ,ÁGUA AZUL DO NORTE,,,hid_trecho_massa_dagua_a_bc250k_2015,,,,,,,,,,,,,,,,
4831.0,59131.0,,,,,,,,Natural,Federal,Terra da União (Unidade de Conservação),,,,,,,,11.9108546776633,1.76097676296202,176.097676296202,2.53113448953179,,,,Rio,,,,PARÁ,VISEU,,,hid_trecho_massa_dagua_a_bc250k_2015,,,,,,,,,,,,,,,,711982
50890.0,36233.0,,,,,,,,Natural,Estadual,Corpo Hídrico Estadual,,,,,,,,1.61668251455095,0.161827769908102,16.1827769908102,1.13330635698288,,,,Lago/Lagoa,,Permanente,,PARÁ,PRAINHA,,,hid_massa_dagua_a_bc250k_2015,,,,,,,,,,,,,,,,
56380.0,38094.0,,,,,,,,Natural,Estadual,Corpo Hídrico Estadual,,,,,,,,3.51513239977825,0.437720680970096,43.7720680970096,1.49827751799163,,,,Lago/Lagoa,,Permanente,,PARÁ,CURUÁ,,,hid_massa_dagua_a_bc250k_2015,,,,,,,,,,,,,,,,
17606.0,56271.0,,,,,,,,Natural,Federal,Terra da União (Unidade de Conservação),,,,,,,,8.22689853704727,0.629977966559385,62.9977966559385,2.92295796164878,,,,Rio,,,Rio Taqueri,PARÁ,MARACANÃ,,,hid_trecho_massa_dagua_a_bc250k_2015,,,,,,,,,,,,,,,,711342
21715.0,49331.0,,,,,,,,Natural,Estadual,Corpo Hídrico Estadual,,,,,,,,2.52300857993809,0.159600743110127,15.9600743110127,1.78094448164527,,,,Lago/Lagoa,,Permanente,,PARÁ,IPIXUNA DO PARÁ,,,hid_massa_dagua_a_bc250k_2015,,,,,,,,,,,,,,,,
20050.0,55943.0,,,,,,,,Natural,Estadual,Corpo Hídrico Estadual,,,,,,,,2.5337588538551,0.111198512001352,11.1198512001352,2.14271741667876,,,,Laguna,,,,PARÁ,IPIXUNA DO PARÁ,,,hid_trecho_massa_dagua_a_bc250k_2015,,,,,,,,,,,,,,,,
1122.0,61878.0,,,,,,,,Natural,Federal,Terra da União (Unidade de Conservação),,,,,,,,1.51646500703974,0.098312517252672,9.83125172526716,1.36388292872449,,,,,,,,PARÁ,ALTAMIRA,,,hid_trecho_massa_dagua_a_bc250k_2015,,,,,,,,,,,,,,,,
8970.0,37898.0,,,,,,,,Natural,Federal,Corpo Hídrico Federal,,,,,,,,7.69414867736715,0.831505942631759,83.1505942631759,2.37945230357558,,,,Lago/Lagoa,,Permanente,,PARÁ,PRAINHA,,,hid_massa_dagua_a_bc250k_2015,,,,,,,,,,,,,,,,
5612.0,49321.0,,,,,,,,Natural,Estadual,Corpo Hídrico Estadual,,,,,,,,4.26835777120116,0.269338227601575,26.9338227601575,2.31932134009917,,,,Lago/Lagoa,,Permanente,,PARÁ,IPIXUNA DO PARÁ,,,hid_massa_dagua_a_bc250k_2015,,,,,,,,,,,,,,,,
2158.0,59035.0,,,,,,,,Artificial,Estadual,Corpo Hídrico Estadual,ESTADO,,,,,,,3.46175652267271,0.15730425176394,15.730425176394,2.46136146408159,,,,Represa/Açude,,,,PARÁ,PARAGOMINAS,,,hid_trecho_massa_dagua_a_bc250k_2015,,,,,,,,,,,,,,,,
51281.0,36474.0,,,,,,,,Natural,Estadual,Corpo Hídrico Estadual,,,,,,,,2.32008707454913,0.250276942818905,25.0276942818905,1.30780493617375,,,,Lago/Lagoa,,Permanente,,PARÁ,PONTA DE PEDRAS,,,hid_massa_dagua_a_bc250k_2015,,,,,,,,,,,,,,,,
53292.0,35618.0,,,,,,,,Natural,Estadual,Corpo Hídrico Estadual,,,,,,,,1.88561781464401,0.094342882779265,9.43428827792652,1.73120385147565,,,,Meandro abandonado,,Permanente,,PARÁ,IPIXUNA DO PARÁ,,,hid_massa_dagua_a_bc250k_2015,,,,,,,,,,,,,,,,
34380.0,39384.0,,,,,,,,Natural,Estadual,Corpo Hídrico Estadual,,,,,,,,2.1832620233362,0.203611257033181,20.3611257033181,1.36443884872618,,,,Lago/Lagoa,,Permanente,,PARÁ,MOJU,,,hid_massa_dagua_a_bc250k_2015,,,,,,,,,,,,,,,,
46719.0,35846.0,,,,,,,,Natural,Federal,Terra da União (Terra Indígena),,,,,,,,3.06259197979559,0.133617753836006,13.3617753836006,2.36268685885192,,,,Lago/Lagoa,,Permanente,,PARÁ,JACAREACANGA,,,hid_massa_dagua_a_bc250k_2015,,,,,,,,,,,,,,,,
54437.0,39543.0,,,,,,,,Natural,Federal,Corpo Hídrico Federal,,,,,,,,2.55392729150688,0.189174598282672,18.9174598282672,1.65586995890111,,,,Lago/Lagoa,,Permanente,,PARÁ,ALTAMIRA,,,hid_massa_dagua_a_bc250k_2015,,,,,,,,,,,,,,,,
44638.0,37861.0,,,,,,,,Natural,Estadual,Corpo Hídrico Estadual,,,,,,,,1.15217330275018,0.071995055289725,7.19950552897251,1.21092036021975,,,,Lago/Lagoa,,Permanente,,PARÁ,ORIXIMINÁ,,,hid_massa_dagua_a_bc250k_2015,,,,,,,,,,,,,,,,
50844.0,36174.0,,,,,,,,Natural,Federal,Terra da União (Terra Indígena),,,,,,,,1.39805201461405,0.092911728474486,9.29117284744863,1.29341284076886,,,,Lago/Lagoa,,Permanente,,PARÁ,ORIXIMINÁ,,,hid_massa_dagua_a_bc250k_2015,,,,,,,,,,,,,,,,
50266.0,35496.0,,,,,,,,Natural,Estadual,Corpo Hídrico Estadual,,,,,,,,1.65574418744638,0.075088533392438,7.50885333924384,1.7039448587621,,,,Lago/Lagoa,,Permanente,,PARÁ,ANAPU,,,hid_massa_dagua_a_bc250k_2015,,,,,,,,,,,,,,,,
24578.0,37674.0,,,,,,,,Natural,Federal,Terra da União (Unidade de Conservação),,,,,,,,1.33224392444093,0.104568029509417,10.4568029509417,1.16180541032621,,,,Lago/Lagoa,,Permanente,,PARÁ,ORIXIMINÁ,,,hid_massa_dagua_a_bc250k_2015,,,,,,,,,,,,,,,,
52268.0,38471.0,,,,,,,,Natural,Estadual,Corpo Hídrico Estadual,,,,,,,,1.72335869284354,0.164015435973131,16.4015435973131,1.20000326063116,,,,Lago/Lagoa,,Permanente,,PARÁ,PONTA DE PEDRAS,,,hid_massa_dagua_a_bc250k_2015,,,,,,,,,,,,,,,,
32976.0,38535.0,,,,,,,,Natural,Estadual,Corpo Hídrico Estadual,,,,,,,,2.35080079988257,0.257572012211793,25.7572012211793,1.30621781529963,,,,Lago/Lagoa,,Permanente,,PARÁ,MOJU,,,hid_massa_dagua_a_bc250k_2015,,,,,,,,,,,,,,,,
28927.0,39231.0,,,,,,,,Natural,Estadual,Corpo Hídrico Estadual,,,,,,,,1.63621997592183,0.171781682163333,17.1781682163333,1.11327478629906,,,,Lago/Lagoa,,Permanente,,PARÁ,ÓBIDOS,,,hid_massa_dagua_a_bc250k_2015,,,,,,,,,,,,,,,,
35674.0,38629.0,,,,,,,,Natural,Estadual,Corpo Hídrico Estadual,,,,,,,,3.8744240532077,0.274820607316054,27.4820607316054,2.0841626708832,,,,Lago/Lagoa,,Permanente,,PARÁ,ORIXIMINÁ,,,hid_massa_dagua_a_bc250k_2015,,,,,,,,,,,,,,,,
48078.0,38598.0,,,,,,,,Natural,Federal,Terra da União (Terra Indígena),,,,,,,,1.95176253740537,0.164095143505816,16.4095143505816,1.35871453735693,,,,Lago/Lagoa,,Permanente,,PARÁ,JACAREACANGA,,,hid_massa_dagua_a_bc250k_2015,,,,,,,,,,,,,,,,
27010.0,38122.0,,,,,,,,Natural,Estadual,Corpo Hídrico Estadual,,,,,,,,1.90853786380359,0.099897866695544,9.98978666955441,1.70283191678115,,,,Lago/Lagoa,,Permanente,,PARÁ,IPIXUNA DO PARÁ,,,hid_massa_dagua_a_bc250k_2015,,,,,,,,,,,,,,,,
45539.0,37374.0,,,,,,,,Natural,Federal,Terra da União (Unidade de Conservação),,,,,,,,1.56393571739755,0.093490805102311,9.34908051023111,1.44239283598733,,,,Lago/Lagoa,,Permanente,,PARÁ,JACAREACANGA,,,hid_massa_dagua_a_bc250k_2015,,,,,,,,,,,,,,,,
21958.0,37279.0,,,,,,,,Natural,Estadual,Corpo Hídrico Estadual,,,,,,,,2.72221983286966,0.252473829321456,25.2473829321456,1.52779160211684,,,,Lago/Lagoa,,Permanente,,PARÁ,MUANÁ,,,hid_massa_dagua_a_bc250k_2015,,,,,,,,,,,,,,,,
54567.0,37856.0,,,,,,,,Natural,Estadual,Corpo Hídrico Estadual,,,,,,,,5.67549574175038,0.562777982659292,56.2777982659292,2.13345929540067,,,,Lago/Lagoa,,Permanente,,PARÁ,IPIXUNA DO PARÁ,,,hid_massa_dagua_a_bc250k_2015,,,,,,,,,,,,,,,,
39205.0,54771.0,,,,,,,,Natural,Federal,Terra da União (Unidade de Conservação),,,,,,,,8.25116357019606,1.73893782458685,173.893782458685,1.76450249931286,,,,Rio,,,,PARÁ,BRAGANÇA,,,hid_trecho_massa_dagua_a_bc250k_2015,,,,,,,,,,,,,,,,7117912
2474.0,39501.0,,,,,,,,Natural,Estadual,Corpo Hídrico Estadual,,,,,,,,2.76018185120738,0.156374238579906,15.6374238579906,1.96835850129707,,,,Lago/Lagoa,,Permanente,,PARÁ,PRAINHA,,,hid_massa_dagua_a_bc250k_2015,,,,,,,,,,,,,,,,
61044.0,39052.0,,,,,,,,Artificial,Estadual,Corpo Hídrico Estadual,ESTADO,,,,,,,2.90569553975316,0.157553414623125,15.7553414623125,2.0643593805821,,,,Represa/Açude,,Permanente,,PARÁ,"ITAITUBA, JACAREACANGA",,,hid_massa_dagua_a_bc250k_2015,,,,,,,,,,,,,,,,
38492.0,55645.0,,,,,,,,Artificial,Estadual,Corpo Hídrico Estadual,ESTADO,,,,,,,2.68195529616073,0.109218316018508,10.9218316018508,2.28851047627663,,,,Represa/Açude,,,,PARÁ,CASTANHAL,,,hid_trecho_massa_dagua_a_bc250k_2015,,,,,,,,,,,,,,,,
39077.0,58999.0,,,,,,,,Natural,Federal,Terra da União (Unidade de Conservação),,,,,,,,5.38672437151975,0.342846512380752,34.2846512380752,2.59432269248431,,,,,,,,PARÁ,MARAPANIM,,,hid_trecho_massa_dagua_a_bc250k_2015,,,,,,,,,,,,,,,,
47810.0,39574.0,,,,,,,,Natural,Estadual,Corpo Hídrico Estadual,,,,,,,,1.58819214940343,0.083586299590665,8.35862995906647,1.54911836875176,,,,Lago/Lagoa,,Permanente,,PARÁ,SÃO FÉLIX DO XINGU,,,hid_massa_dagua_a_bc250k_2015,,,,,,,,,,,,,,,,
29914.0,55204.0,,,,,,,,Natural,Estadual,Corpo Hídrico Estadual,,,,,,,,8.57578446364323,0.589507320139515,58.9507320139515,3.14976653505566,,,,Rio,,,Rio Pará,PARÁ,LIMOEIRO DO AJURU,,,hid_trecho_massa_dagua_a_bc250k_2015,,,,,,,,,,,,,,,62,62
16273.0,39180.0,,,,,,,,Natural,Federal,Terra da União (Unidade de Conservação),,,,,,,,1.27014587317337,0.094965188408116,9.49651884081159,1.16230603479607,,,,Lago/Lagoa,,Permanente,,PARÁ,ORIXIMINÁ,,,hid_massa_dagua_a_bc250k_2015,,,,,,,,,,,,,,,,
14570.0,49458.0,,,,,,,,Natural,Estadual,Corpo Hídrico Estadual,,,,,,,,2.44852231386976,0.223776696211637,22.3776696211637,1.45963996426281,,,,Lago/Lagoa,,Permanente,,PARÁ,PARAGOMINAS,,,hid_massa_dagua_a_bc250k_2015,,,,,,,,,,,,,,,,
54055.0,49322.0,,,,,,,,Natural,Estadual,Corpo Hídrico Estadual,,,,,,,,7.16142396593296,0.677557465835594,67.7557465835594,2.453439912638,,,,Meandro abandonado,,Permanente,,PARÁ,PARAGOMINAS,,,hid_massa_dagua_a_bc250k_2015,,,,,,,,,,,,,,,,
50716.0,35585.0,,,,,,,,Natural,Estadual,Corpo Hídrico Estadual,,,,,,,,5.44462227194974,0.597749190771748,59.7749190771748,1.98589995178513,,,,Lago/Lagoa,,Permanente,,PARÁ,PRAINHA,,,hid_massa_dagua_a_bc250k_2015,,,,,,,,,,,,,,,,
31868.0,60614.0,,,,,,,,Natural,Estadual,Corpo Hídrico Estadual,,,,,,,,2.27403522567678,0.180632527791784,18.0632527791784,1.50885781410549,,,,,,,,PARÁ,SÃO FÉLIX DO XINGU,,,hid_trecho_massa_dagua_a_bc250k_2015,,,,,,,,,,,,,,,,
2016.0,38021.0,,,,,,,,Natural,Estadual,Corpo Hídrico Estadual,,,,,,,,1.43278439394468,0.091180456955867,9.11804569558672,1.33807072356003,,,,Lago/Lagoa,,Permanente,,PARÁ,ORIXIMINÁ,,,hid_massa_dagua_a_bc250k_2015,,,,,,,,,,,,,,,,
55101.0,36931.0,,,,,,,,Natural,Estadual,Corpo Hídrico Estadual,,,,,,,,1.81189313973589,0.104223058731248,10.4223058731248,1.58270429766012,,,,Lago/Lagoa,,Permanente,,PARÁ,SÃO FÉLIX DO XINGU,,,hid_massa_dagua_a_bc250k_2015,,,,,,,,,,,,,,,,
50636.0,38155.0,,,,,,,,Natural,Estadual,Corpo Hídrico Estadual,,,,,,,,2.19977813466728,0.10371109574944,10.371109574944,1.9262620914276,,,,Lago/Lagoa,,Permanente,,PARÁ,MOCAJUBA,,,hid_massa_dagua_a_bc250k_2015,,,,,,,,,,,,,,,,
47989.0,37755.0,,,,,,,,Natural,Federal,Terra da União (Terra Indígena),,,,,,,,3.46666469830121,0.140691154361955,14.0691154361955,2.60631887858249,,,,Meandro abandonado,,Permanente,,PARÁ,JACAREACANGA,,,hid_massa_dagua_a_bc250k_2015,,,,,,,,,,,,,,,,
21171.0,37479.0,,,,,,,,Natural,Estadual,Corpo Hídrico Estadual,,,,,,,,2.57153164614621,0.209562238378939,20.9562238378939,1.58410683299708,,,,Lago/Lagoa,,Permanente,,PARÁ,ÓBIDOS,,,hid_massa_dagua_a_bc250k_2015,,,,,,,,,,,,,,,,
16041.0,37673.0,,,,,,,,Natural,Estadual,Corpo Hídrico Estadual,,,,,,,,3.42292600747941,0.143653762136774,14.3653762136774,2.54676057069338,,,,Lago/Lagoa,,Permanente,,PARÁ,TOMÉ-AÇU,,,hid_massa_dagua_a_bc250k_2015,,,,,,,,,,,,,,,,
47468.0,36973.0,,,,,,,,Natural,Federal,Terra da União (Terra Indígena),,,,,,,,3.13258304547296,0.262191605580642,26.2191605580642,1.72521136267634,,,,Lago/Lagoa,,Permanente,,PARÁ,JACAREACANGA,,,hid_massa_dagua_a_bc250k_2015,,,,,,,,,,,,,,,,
21188.0,38709.0,,,,,,,,Natural,Estadual,Corpo Hídrico Estadual,,,,,,,,2.73475935625675,0.162186167538915,16.2186167538915,1.91496711052226,,,,Lago/Lagoa,,Permanente,,PARÁ,JACAREACANGA,,,hid_massa_dagua_a_bc250k_2015,,,,,,,,,,,,,,,,
50671.0,35844.0,,,,,,,,Natural,Federal,Corpo Hídrico Federal,,,,,,,,1.61598153699282,0.089189674233202,8.91896742332022,1.52590752248125,,,,Lago/Lagoa,,Permanente,,PARÁ,TUCURUÍ,,,hid_massa_dagua_a_bc250k_2015,alterado para Federal,,,,,,,,,,,,,,,
9119.0,38706.0,,,,,,,,Natural,Estadual,Corpo Hídrico Estadual,,,,,,,,6.15179371768256,0.943942523867307,94.3942523867307,1.78557500118296,,,,Lago/Lagoa,,Permanente,,PARÁ,PONTA DE PEDRAS,,,hid_massa_dagua_a_bc250k_2015,,,,,,,,,,,,,,,,
50362.0,58932.0,,,,,,,,Artificial,Estadual,Corpo Hídrico Estadual,ESTADO,,,,,,,3.37553773822221,0.142760570023118,14.2760570023118,2.51934671334371,,,,Represa/Açude,,,,PARÁ,PARAGOMINAS,,,hid_trecho_massa_dagua_a_bc250k_2015,,,,,,,,,,,,,,,,
1910.0,55203.0,,,,,,,,Natural,Estadual,Corpo Hídrico Estadual,,,,,,,,19.4698226052317,2.26435334905226,226.435334905226,3.64870711428466,,,,Rio,,,Furo Grande,PARÁ,ABAETETUBA,,,hid_trecho_massa_dagua_a_bc250k_2015,,,,,,,,,,,,,,,618,618
52498.0,54369.0,,,,,,,,Natural,Federal,Terra da União (Unidade de Conservação),,,,,,,,13.700057532927,2.60530464741729,260.530464741729,2.39354855656104,,,,Rio,,,,PARÁ,BRAGANÇA,,,hid_trecho_massa_dagua_a_bc250k_2015,,,,,,,,,,,,,,,,711742
2841.0,59066.0,,,,,,,,Natural,Federal,Terra da União (Unidade de Conservação),,,,,,,,6.59047035730201,0.562989066611084,56.2989066611084,2.47694029825586,,,,Rio,,,Igarapé Campina,PARÁ,CURUÇÁ,,,hid_trecho_massa_dagua_a_bc250k_2015,,,,,,,,,,,,,,,,711174
15936.0,38083.0,,,,,,,,Natural,Estadual,Corpo Hídrico Estadual,,,,,,,,3.68623850184524,0.191443886643658,19.1443886643658,2.37581044818086,,,,Lago/Lagoa,,Permanente,,PARÁ,ÓBIDOS,,,hid_massa_dagua_a_bc250k_2015,,,,,,,,,,,,,,,,
46681.0,35830.0,,,,,,,,Natural,Federal,Terra da União (Unidade de Conservação),,,,,,,,7.35060662040105,1.8563507518409,185.63507518409,1.5213960017522,,,,Lago/Lagoa,,Permanente,,PARÁ,PRAINHA,,,hid_massa_dagua_a_bc250k_2015,,,,,,,,,,,,,,,,
17575.0,54172.0,,,,,,,,Natural,Federal,Terra da União (Unidade de Conservação),,,,,,,,3.85650585137105,0.213397590077198,21.3397590077198,2.35422706217107,,,,,,,,PARÁ,"SANTARÉM NOVO, SÃO JOÃO DE PIRABAS",,,hid_trecho_massa_dagua_a_bc250k_2015,,,,,,,,,,,,,,,,
47377.0,36748.0,,,,,,,,Natural,Federal,Terra da União (Terra Indígena),,,,,,,,1.73273083361964,0.150329129691125,15.0329129691125,1.26025561294091,,,,Lago/Lagoa,,Permanente,,PARÁ,SÃO FÉLIX DO XINGU,,,hid_massa_dagua_a_bc250k_2015,,,,,,,,,,,,,,,,
2842.0,39505.0,,,,,,,,Natural,Estadual,Corpo Hídrico Estadual,,,,,,,,1.65834703830819,0.076763708530261,7.67637085302608,1.68789938105394,,,,Lago/Lagoa,,Permanente,,PARÁ,ALTAMIRA,,,hid_massa_dagua_a_bc250k_2015,,,,,,,,,,,,,,,,
43813.0,38426.0,,,,,,,,Natural,Estadual,Corpo Hídrico Estadual,,,,,,,,1.21491569268871,0.070651359954423,7.06513599544229,1.28894678354743,,,,Lago/Lagoa,,Permanente,,PARÁ,PRAINHA,,,hid_massa_dagua_a_bc250k_2015,,,,,,,,,,,,,,,,
16734.0,35603.0,,,,,,,,Natural,Estadual,Corpo Hídrico Estadual,,,,,,,,1.39763964915055,0.124088773943125,12.4088773943125,1.11886599303857,,,,Lago/Lagoa,,Permanente,,PARÁ,OEIRAS DO PARÁ,,,hid_massa_dagua_a_bc250k_2015,,,,,,,,,,,,,,,,
49325.0,35468.0,,,,,,,,Natural,Federal,Terra da União (Unidade de Conservação),,,,,,,,3.43579872425899,0.21367142152482,21.367142152482,2.09605948128807,,,,Lago/Lagoa,,Permanente,,PARÁ,ALTAMIRA,,,hid_massa_dagua_a_bc250k_2015,,,,,,,,,,,,,,,,
17640.0,54169.0,,,,,,,,Natural,Federal,Terra da União (Unidade de Conservação),,,,,,,,4.02578761857263,0.230252888046479,23.0252888046479,2.36590566988111,,,,,,,,PARÁ,VISEU,,,hid_trecho_massa_dagua_a_bc250k_2015,,,,,,,,,,,,,,,,
50526.0,38986.0,,,,,,,,Natural,Estadual,Corpo Hídrico Estadual,,,,,,,,2.16091291919628,0.111539270544753,11.1539270544753,1.82462018229723,,,,Lago/Lagoa,,Permanente,,PARÁ,IPIXUNA DO PARÁ,,,hid_massa_dagua_a_bc250k_2015,,,,,,,,,,,,,,,,
26877.0,39545.0,,,,,,,,Natural,Federal,Terra da União (Terra Indígena),,,,,,,,2.14760706132347,0.162401617415273,16.2401617415273,1.50282619513123,,,,Lago/Lagoa,,Permanente,,PARÁ,JACAREACANGA,,,hid_massa_dagua_a_bc250k_2015,,,,,,,,,,,,,,,,
7531.0,61266.0,,,,,,,,Natural,Estadual,Corpo Hídrico Estadual,,,,,,,,0.892535909302367,0.048259840392853,4.8259840392853,1.14572889426069,,,,,,,,PARÁ,NOVO PROGRESSO,,,hid_trecho_massa_dagua_a_bc250k_2015,,,,,,,,,,,,,,,,
54977.0,57109.0,,,Rio Carutá Grande,,Rio,,Carutá Grande,Natural,Estadual,Corpo Hídrico Estadual,,,,,,,,62.5567894448268,15.5325154158867,1553.25154158867,4.47612971227178,,,,Rio,,,Rio Carutá Grande,PARÁ,MELGAÇO,,,hid_trecho_massa_dagua_a_bc250k_2015,,,,,,,,,,,,,,,62,62
52421.0,37752.0,,,,,,,,Natural,Estadual,Corpo Hídrico Estadual,,,,,,,,4.04281704479005,0.23075268335807,23.075268335807,2.37333922134676,,,,Lago/Lagoa,,Permanente,,PARÁ,ORIXIMINÁ,,,hid_massa_dagua_a_bc250k_2015,,,,,,,,,,,,,,,,
40801.0,37975.0,,,,,,,,Natural,Federal,Terra da União (Terra Indígena),,,,,,,,2.56053788643579,0.094891609310459,9.48916093104593,2.34404750222156,,,,Meandro abandonado,,Permanente,,PARÁ,JACAREACANGA,,,hid_massa_dagua_a_bc250k_2015,,,,,,,,,,,,,,,,
26216.0,38281.0,,,,,,,,Natural,Estadual,Corpo Hídrico Estadual,,,,,,,,8.41850330826602,1.25488262410474,125.488262410474,2.11925122225851,,,,Lago/Lagoa,,Permanente,,PARÁ,OEIRAS DO PARÁ,,,hid_massa_dagua_a_bc250k_2015,,,,,,,,,,,,,,,,
9910.0,37212.0,,,,,,,,Natural,Estadual,Corpo Hídrico Estadual,,,,,,,,1.14800523381919,0.069404633509191,6.94046335091906,1.22884963189714,,,,Lago/Lagoa,,Permanente,,PARÁ,CURUÁ,,,hid_massa_dagua_a_bc250k_2015,,,,,,,,,,,,,,,,
47617.0,38039.0,,,,,,,,Natural,Federal,Terra da União (Terra Indígena),,,,,,,,1.85312477403985,0.091529166220732,9.15291662207319,1.7273248352965,,,,Lago/Lagoa,,Permanente,,PARÁ,ALTAMIRA,,,hid_massa_dagua_a_bc250k_2015,,,,,,,,,,,,,,,,
1634.0,37793.0,,,,,,,,Natural,Estadual,Corpo Hídrico Estadual,,,,,,,,6.32156794930239,0.689461436049427,68.9461436049427,2.14693516266306,,,,Lago/Lagoa,,Permanente,,PARÁ,MOJU,,,hid_massa_dagua_a_bc250k_2015,,,,,,,,,,,,,,,,
47543.0,37188.0,,,,,,,,Natural,Federal,Corpo Hídrico Federal,,,,,,,,1.80697974683348,0.162772737441323,16.2772737441323,1.26302387332344,,,,Lago/Lagoa,,Permanente,,PARÁ,ALENQUER,,,hid_massa_dagua_a_bc250k_2015,,,,,,,,,,,,,,,,
14431.0,56291.0,,,,,,,,Natural,Estadual,Corpo Hídrico Estadual,,,,,,,,2.92073114111593,0.298719926699818,29.8719926699818,1.50698383046986,,,,,,,,PARÁ,QUATIPURU,,,hid_trecho_massa_dagua_a_bc250k_2015,,,,,,,,,,,,,,,,
51898.0,38253.0,,,,,,,,Natural,Estadual,Corpo Hídrico Estadual,,,,,,,,1.00860247861932,0.068871166409426,6.8871166409426,1.0838031782874,,,,Lago/Lagoa,,Permanente,,PARÁ,MOCAJUBA,,,hid_massa_dagua_a_bc250k_2015,,,,,,,,,,,,,,,,
31445.0,49399.0,,,,,,,,Natural,Estadual,Corpo Hídrico Estadual,,,,,,,,1.44951004060043,0.065360681647387,6.53606816473873,1.59886593599748,,,,Lago/Lagoa,,Permanente,,PARÁ,PARAGOMINAS,,,hid_massa_dagua_a_bc250k_2015,,,,,,,,,,,,,,,,
52387.0,37358.0,,,,,,,,Natural,Federal,Terra da União (Terra Indígena),,,,,,,,2.53851236633563,0.179731469653922,17.9731469653922,1.68855934614444,,,,Lago/Lagoa,,Permanente,,PARÁ,JACAREACANGA,,,hid_massa_dagua_a_bc250k_2015,,,,,,,,,,,,,,,,
45407.0,37680.0,,,,,,,,Natural,Estadual,Corpo Hídrico Estadual,,,,,,,,1.81245168511429,0.133612814455463,13.3612814455463,1.39827145083999,,,,Lago/Lagoa,,Permanente,,PARÁ,MOCAJUBA,,,hid_massa_dagua_a_bc250k_2015,,,,,,,,,,,,,,,,
2528.0,38041.0,,,,,,,,Natural,Estadual,Corpo Hídrico Estadual,,,,,,,,6.43239794272143,0.445372710798845,44.5372710798845,2.71806733357396,,,,Lago/Lagoa,,Permanente,,PARÁ,ÓBIDOS,,,hid_massa_dagua_a_bc250k_2015,,,,,,,,,,,,,,,,
27953.0,49243.0,,,,,,,,Natural,Federal,Terra da União (Terra Indígena),,,,,,,,5.70281301023129,0.346989386724378,34.6989386724378,2.73010999142073,,,,Meandro abandonado,,Permanente,,PARÁ,IPIXUNA DO PARÁ,,,hid_massa_dagua_a_bc250k_2015,,,,,,,,,,,,,,,,
41493.0,60569.0,,,,,,,,Natural,Estadual,Corpo Hídrico Estadual,,,,,,,,1.93936823077271,0.091203871566484,9.12038715664835,1.81093452368221,,,,,,,,PARÁ,TAILÂNDIA,,,hid_trecho_massa_dagua_a_bc250k_2015,,,,,,,,,,,,,,,,
13389.0,59127.0,,,,,,,,Natural,Federal,Terra da União (Unidade de Conservação),,,,,,,,26.2609575893005,13.5482823106113,1354.82823106113,2.01195168714073,,,,Rio,,,,PARÁ,"BRAGANÇA, TRACUATEUA",,,hid_trecho_massa_dagua_a_bc250k_2015,,,,,,,,,,,,,,,,71174
11470.0,15195.0,,,,,,,,Natural,Federal,Corpo Hídrico Federal,,,,,,,,3.49058046124377,0.33232472458062,33.232472458062,1.70751856770854,,,,,,,,PARÁ,CURUÁ,,168-102_20050805,bho_massa_dagua,,,,,,,,,,,,,,,,
55056.0,39319.0,,,,,,,,Natural,Federal,Terra da União (Unidade de Conservação),,,,,,,,2.31672304958671,0.174233224426024,17.4233224426024,1.56515639830516,,,,Lago/Lagoa,,Permanente,,PARÁ,ORIXIMINÁ,,,hid_massa_dagua_a_bc250k_2015,,,,,,,,,,,,,,,,
48630.0,39222.0,,,,,,,,Natural,Estadual,Corpo Hídrico Estadual,,,,,,,,4.20767256429577,0.411318720861349,41.1318720861349,1.85012812958778,,,,Lago/Lagoa,,Permanente,,PARÁ,PRAINHA,,,hid_massa_dagua_a_bc250k_2015,,,,,,,,,,,,,,,,
46379.0,37990.0,,,,,,,,Natural,Estadual,Corpo Hídrico Estadual,,,,,,,,2.02629677695079,0.124567119678498,12.4567119678498,1.61901342767258,,,,Lago/Lagoa,,Permanente,,PARÁ,ORIXIMINÁ,,,hid_massa_dagua_a_bc250k_2015,,,,,,,,,,,,,,,,
37171.0,38934.0,,,,,,,,Natural,Estadual,Corpo Hídrico Estadual,,,,,,,,2.98225171655139,0.252270995328846,25.2270995328846,1.67440204288441,,,,Lago/Lagoa,,Permanente,,PARÁ,PRAINHA,,,hid_massa_dagua_a_bc250k_2015,,,,,,,,,,,,,,,,
10183.0,37246.0,,,,,,,,Natural,Estadual,Corpo Hídrico Estadual,,,,,,,,3.13461368870832,0.249189488272834,24.9189488272834,1.77079495093289,,,,Lago/Lagoa,,Permanente,,PARÁ,OEIRAS DO PARÁ,,,hid_massa_dagua_a_bc250k_2015,,,,,,,,,,,,,,,,
22198.0,35426.0,,,,,,,,Natural,Estadual,Corpo Hídrico Estadual,,,,,,,,2.41863643607969,0.218790209568946,21.8790209568946,1.45816193637295,,,,Lago/Lagoa,,Permanente,,PARÁ,ÓBIDOS,,,hid_massa_dagua_a_bc250k_2015,,,,,,,,,,,,,,,,
15924.0,58917.0,,,,,,,,Natural,Federal,Terra da União (Unidade de Conservação),,,,,,,,15.4502291333818,2.2280078712366,222.80078712366,2.91894339090047,,,,Rio,,,,PARÁ,VISEU,,,hid_trecho_massa_dagua_a_bc250k_2015,,,,,,,,,,,,,,,,7119956
37838.0,59115.0,,,,,,,,Natural,Federal,Terra da União (Unidade de Conservação),,,,,,,,4.4910492085357,0.565020974946699,56.5020974946699,1.68486316957774,,,,Rio,,,Igarapé Antônio Vicente,PARÁ,CURUÇÁ,,,hid_trecho_massa_dagua_a_bc250k_2015,,,,,,,,,,,,,,,,7111832
59195.0,55480.0,,,,,,,,Natural,Federal,Terra da União (Unidade de Conservação),,,,,,,,15.3785573628424,2.03046939399437,203.046939399437,3.04345217384437,,,,Rio,,,Igarapé Araquaim,PARÁ,CURUÇÁ,,,hid_trecho_massa_dagua_a_bc250k_2015,,,,,,,,,,,,,,,711192,711164
22926.0,39639.0,,,,,,,,Natural,Estadual,Corpo Hídrico Estadual,,,,,,,,2.39957942515063,0.215062090178989,21.5062090178989,1.4591579531791,,,,Lago/Lagoa,,Permanente,,PARÁ,ORIXIMINÁ,,,hid_massa_dagua_a_bc250k_2015,,,,,,,,,,,,,,,,
44575.0,38524.0,,,,,,,,Natural,Estadual,Corpo Hídrico Estadual,,,,,,,,1.87047735162456,0.147463375217503,14.7463375217503,1.37359745433256,,,,Lago/Lagoa,,Permanente,,PARÁ,ALENQUER,,,hid_massa_dagua_a_bc250k_2015,,,,,,,,,,,,,,,,
27355.0,38169.0,,,,,,,,Natural,Federal,Corpo Hídrico Federal,,,,,,,,2.4969649291075,0.15393498834994,15.393498834994,1.79470420054826,,,,Lago/Lagoa,,Permanente,,PARÁ,JACAREACANGA,,,hid_massa_dagua_a_bc250k_2015,,,,,,,,,,,,,,,,
37097.0,37405.0,,,,,,,,Natural,Estadual,Corpo Hídrico Estadual,,,,,,,,2.75629021242985,0.21658539621704,21.658539621704,1.67016533807068,,,,Lago/Lagoa,,Permanente,,PARÁ,ALMEIRIM,,,hid_massa_dagua_a_bc250k_2015,,,,,,,,,,,,,,,,
48043.0,38385.0,,,,,,,,Natural,Federal,Terra da União (Unidade de Conservação),,,,,,,,2.21720174557251,0.174758098990045,17.4758098990045,1.49566959200728,,,,Lago/Lagoa,,Permanente,,PARÁ,ORIXIMINÁ,,,hid_massa_dagua_a_bc250k_2015,,,,,,,,,,,,,,,,
57608.0,38782.0,,,,,,,,Natural,Federal,Terra da União (Terra Indígena),,,,,,,,1.74144735049358,0.101828702930481,10.1828702930481,1.53894943764716,,,,Lago/Lagoa,,Permanente,,PARÁ,CUMARU DO NORTE,,,hid_massa_dagua_a_bc250k_2015,,,,,,,,,,,,,,,,
18012.0,38029.0,,,,,,,,Natural,Estadual,Corpo Hídrico Estadual,,,,,,,,7.06736834455696,1.12356052387381,112.356052387381,1.88021970254188,,,,Lago/Lagoa,,Permanente,,PARÁ,PRAINHA,,,hid_massa_dagua_a_bc250k_2015,,,,,,,,,,,,,,,,
46259.0,39352.0,,,,,,,,Natural,Federal,Terra da União (Terra Indígena),,,,,,,,5.21285000395705,0.284660574358149,28.4660574358149,2.75524787598044,,,,Meandro abandonado,,Permanente,,PARÁ,JACAREACANGA,,,hid_massa_dagua_a_bc250k_2015,,,,,,,,,,,,,,,,
5473.0,39262.0,,,,,,,,Natural,Estadual,Corpo Hídrico Estadual,,,,,,,,3.40030941582014,0.481246928487187,48.1246928487187,1.38224033221363,,,,Lago/Lagoa,,Permanente,,PARÁ,ÓBIDOS,,,hid_massa_dagua_a_bc250k_2015,,,,,,,,,,,,,,,,
44414.0,38786.0,,,,,,,,Natural,Estadual,Corpo Hídrico Estadual,,,,,,,,2.13724977416902,0.168280039562753,16.8280039562753,1.46922424175327,,,,Lago/Lagoa,,Permanente,,PARÁ,JACAREACANGA,,,hid_massa_dagua_a_bc250k_2015,,,,,,,,,,,,,,,,
56963.0,36509.0,,,,,,,,Natural,Federal,Terra da União (Terra Indígena),,,,,,,,1.54126837550676,0.078661828540735,7.86618285407354,1.54969187819618,,,,Lago/Lagoa,,Permanente,,PARÁ,ALTAMIRA,,,hid_massa_dagua_a_bc250k_2015,,,,,,,,,,,,,,,,
4208.0,59037.0,,,,,,,,Natural,Estadual,Corpo Hídrico Estadual,,,,,,,,16.8268744105124,4.28983866235999,428.983866235999,2.29103688971722,,,,Rio,,,,PARÁ,VISEU,,,hid_trecho_massa_dagua_a_bc250k_2015,,,,,,,,,,,,,,,7136,7136
2454.0,39494.0,,,,,,,,Natural,Estadual,Corpo Hídrico Estadual,,,,,,,,8.53325241232641,1.54995356749931,154.995356749931,1.93287761512224,,,,Lago/Lagoa,,Permanente,,PARÁ,PONTA DE PEDRAS,,,hid_massa_dagua_a_bc250k_2015,,,,,,,,,,,,,,,,
39211.0,59130.0,,,,,,,,Natural,Federal,Terra da União (Unidade de Conservação),,,,,,,,7.46893245956704,0.292983541804355,29.2983541804355,3.89122217446327,,,,,,,,PARÁ,MARAPANIM,,,hid_trecho_massa_dagua_a_bc250k_2015,,,,,,,,,,,,,,,,
46105.0,38017.0,,,,,,,,Natural,Estadual,Corpo Hídrico Estadual,,,,,,,,1.57023995245883,0.0948649489812,9.48649489812004,1.43768003823163,,,,Lago/Lagoa,,Permanente,,PARÁ,PRAINHA,,,hid_massa_dagua_a_bc250k_2015,,,,,,,,,,,,,,,,
41936.0,49461.0,,,,,,,,Natural,Estadual,Corpo Hídrico Estadual,,,,,,,,3.32730862764255,0.121825773440927,12.1825773440927,2.6882682685755,,,,Lago/Lagoa,,Permanente,,PARÁ,BRAGANÇA,,,hid_massa_dagua_a_bc250k_2015,,,,,,,,,,,,,,,,
48210.0,39590.0,,,,,,,,Natural,Federal,Terra da União (Unidade de Conservação),,,,,,,,2.16384291448387,0.198170400951627,19.8170400951627,1.37074112911175,,,,Lago/Lagoa,,Permanente,,PARÁ,PORTO DE MOZ,,,hid_massa_dagua_a_bc250k_2015,,,,,,,,,,,,,,,,
45751.0,37344.0,,,,,,,,Natural,Federal,Terra da União (Unidade de Conservação),,,,,,,,1.8083737431965,0.156805301423281,15.6805301423281,1.2878252328606,,,,Lago/Lagoa,,Permanente,,PARÁ,PARAUAPEBAS,,,hid_massa_dagua_a_bc250k_2015,,,,,,,,,,,,,,,,
37413.0,39281.0,,,,,,,,Natural,Estadual,Corpo Hídrico Estadual,,,,,,,,2.13842068113373,0.150932229624107,15.0932229624107,1.55221279996044,,,,Lago/Lagoa,,Permanente,,PARÁ,PARAGOMINAS,,,hid_massa_dagua_a_bc250k_2015,,,,,,,,,,,,,,,,
13748.0,37881.0,,,,,,,,Natural,Estadual,Corpo Hídrico Estadual,,,,,,,,6.33440006803998,0.839998113871378,83.9998113871378,1.94901616860248,,,,Lago/Lagoa,,Permanente,,PARÁ,PRAINHA,,,hid_massa_dagua_a_bc250k_2015,,,,,,,,,,,,,,,,
982.0,58862.0,,,,,,,,Natural,Federal,Terra da União (Unidade de Conservação),,,,,,,,3.22499438542774,0.237421404477807,23.7421404477807,1.86645763330593,,,,,,,,PARÁ,CURUÇÁ,,,hid_trecho_massa_dagua_a_bc250k_2015,,,,,,,,,,,,,,,,
42434.0,38344.0,,,,,,,,Natural,Estadual,Corpo Hídrico Estadual,,,,,,,,2.8386574346251,0.380947306728386,38.0947306728386,1.29696913269973,,,,Lago/Lagoa,,Permanente,,PARÁ,PRAINHA,,,hid_massa_dagua_a_bc250k_2015,,,,,,,,,,,,,,,,
48108.0,38775.0,,,,,,,,Natural,Federal,Terra da União (Terra Indígena),,,,,,,,3.08296291373784,0.255932518299258,25.5932518299258,1.71852032829952,,,,Lago/Lagoa,,Permanente,,PARÁ,JACAREACANGA,,,hid_massa_dagua_a_bc250k_2015,,,,,,,,,,,,,,,,
52609.0,37641.0,,,,,,,,Natural,Federal,Terra da União (Unidade de Conservação),,,,,,,,1.65562447820971,0.105580222441469,10.5580222441469,1.43687722381145,,,,Lago/Lagoa,,Permanente,,PARÁ,SOURE,,,hid_massa_dagua_a_bc250k_2015,,,,,,,,,,,,,,,,
27038.0,35605.0,,,,,,,,Natural,Estadual,Corpo Hídrico Estadual,,,,,,,,2.86295152860134,0.28789584485858,28.789584485858,1.50468435404585,,,,Lago/Lagoa,,Permanente,,PARÁ,OEIRAS DO PARÁ,,,hid_massa_dagua_a_bc250k_2015,,,,,,,,,,,,,,,,
12550.0,37618.0,,,,,,,,Natural,Federal,Terra da União (Unidade de Conservação),,,,,,,,1.08143196613829,0.073217503547765,7.32175035477648,1.12704395152653,,,,Lago/Lagoa,,Permanente,,PARÁ,PARAUAPEBAS,,,hid_massa_dagua_a_bc250k_2015,,,,,,,,,,,,,,,,
44323.0,38223.0,,,,,,,,Natural,Estadual,Corpo Hídrico Estadual,,,,,,,,1.68563418116666,0.104065109449202,10.4065109449202,1.47353299508087,,,,Lago/Lagoa,,Permanente,,PARÁ,ORIXIMINÁ,,,hid_massa_dagua_a_bc250k_2015,,,,,,,,,,,,,,,,
4378.0,61784.0,,,,,,,,Natural,Estadual,Corpo Hídrico Estadual,,,,,,,,0.977455688469621,0.052081240333443,5.20812403334427,1.20782920754772,,,,,,,,PARÁ,NOVO PROGRESSO,,,hid_trecho_massa_dagua_a_bc250k_2015,,,,,,,,,,,,,,,,
58391.0,39493.0,,,,,,,,Natural,Estadual,Corpo Hídrico Estadual,,,,,,,,3.01736489528716,0.276749642386256,27.6749642386256,1.61745947181054,,,,Lago/Lagoa,,Permanente,,PARÁ,ÓBIDOS,,,hid_massa_dagua_a_bc250k_2015,,,,,,,,,,,,,,,,
47458.0,39208.0,,,,,,,,Natural,Federal,Corpo Hídrico Federal,,,,,,,,2.30465034756546,0.286903336698496,28.6903336698496,1.21335072517027,,,,Lago/Lagoa,,Permanente,,PARÁ,SANTARÉM,,,hid_massa_dagua_a_bc250k_2015,,,,,,,,,,,,,,,,
50419.0,36162.0,,,,,,,,Natural,Estadual,Corpo Hídrico Estadual,,,,,,,,3.57257713379847,0.340994519742284,34.0994519742284,1.725269810288,,,,Lago/Lagoa,,Permanente,,PARÁ,BAIÃO,,,hid_massa_dagua_a_bc250k_2015,,,,,,,,,,,,,,,,
2301.0,39495.0,,,,,,,,Natural,Estadual,Corpo Hídrico Estadual,,,,,,,,1.42280827848344,0.091258433290157,9.12584332901572,1.328186273041,,,,Lago/Lagoa,,Permanente,,PARÁ,ÓBIDOS,,,hid_massa_dagua_a_bc250k_2015,,,,,,,,,,,,,,,,
48278.0,59162.0,,,,,,,,Natural,Federal,Terra da União (Unidade de Conservação),,,,,,,,4.18408620250033,0.334149842705712,33.4149842705712,2.04116964567951,,,,,,,,PARÁ,"CURUÇÁ, SÃO JOÃO DA PONTA",,,hid_trecho_massa_dagua_a_bc250k_2015,,,,,,,,,,,,,,,,
39037.0,58975.0,,,,,,,,Natural,Federal,Terra da União (Unidade de Conservação),,,,,,,,4.49782259216523,0.457621903799404,45.7621903799404,1.87498599470956,,,,,,,,PARÁ,BRAGANÇA,,,hid_trecho_massa_dagua_a_bc250k_2015,,,,,,,,,,,,,,,,
45463.0,39696.0,,,,,,,,Natural,Federal,Terra da União (Unidade de Conservação),,,,,,,,1.06060201159243,0.064707290304542,6.47072903045419,1.17577696625951,,,,Lago/Lagoa,,Permanente,,PARÁ,BAIÃO,,,hid_massa_dagua_a_bc250k_2015,,,,,,,,,,,,,,,,
9434.0,56280.0,,,,,,,,Artificial,Estadual,Corpo Hídrico Estadual,ESTADO,,,,,,,2.38511712658863,0.106370368730298,10.6370368730298,2.06228406892142,,,,Represa/Açude,,,,PARÁ,SÃO DOMINGOS DO CAPIM,,,hid_trecho_massa_dagua_a_bc250k_2015,,,,,,,,,,,,,,,,
38037.0,39602.0,,,,,,,,Natural,Federal,Corpo Hídrico Federal,,,,,,,,1.72569972594363,0.163148031949156,16.3148031949156,1.20482346946541,,,,Lago/Lagoa,,Permanente,,PARÁ,BAIÃO,,,hid_massa_dagua_a_bc250k_2015,,,,,,,,,,,,,,,,
45882.0,38897.0,,,,,,,,Natural,Federal,Terra da União (Terra Indígena),,,,,,,,1.4876674799495,0.104603088827207,10.4603088827207,1.29712766899348,,,,Lago/Lagoa,,Permanente,,PARÁ,JACAREACANGA,,,hid_massa_dagua_a_bc250k_2015,,,,,,,,,,,,,,,,
52533.0,59109.0,,,,,,,,Artificial,Estadual,Corpo Hídrico Estadual,ESTADO,,,,,,,5.81391621364249,0.278085370003925,27.8085370003925,3.10905787400752,,,,Represa/Açude,,,,PARÁ,IPIXUNA DO PARÁ,,,hid_trecho_massa_dagua_a_bc250k_2015,,,,,,,,,,,,,,,,
37948.0,54738.0,,,,,,,,Artificial,Estadual,Corpo Hídrico Estadual,ESTADO,,,,,,,1.80061144920417,0.067512583250659,6.75125832506591,1.95423484491594,,,,Represa/Açude,,,,PARÁ,CASTANHAL,,,hid_trecho_massa_dagua_a_bc250k_2015,,,,,,,,,,,,,,,,
16671.0,37669.0,,,,,,,,Natural,Federal,Terra da União (Unidade de Conservação),,,,,,,,1.23710641659125,0.0735999968618,7.35999968618003,1.28592982715474,,,,Lago/Lagoa,,Permanente,,PARÁ,ORIXIMINÁ,,,hid_massa_dagua_a_bc250k_2015,,,,,,,,,,,,,,,,
12678.0,59024.0,,,,,,,,Natural,Federal,Terra da União (Unidade de Conservação),,,,,,,,8.97526260950849,1.1234340786721,112.34340786721,2.38793486223742,,,,Rio,,,,PARÁ,VISEU,,,hid_trecho_massa_dagua_a_bc250k_2015,,,,,,,,,,,,,,,,711994
3129.0,39283.0,,,,,,,,Natural,Federal,Terra da União (Terra Indígena),,,,,,,,2.22009779177001,0.099895076595509,9.98950765955087,1.98083896795625,,,,Meandro abandonado,,Permanente,,PARÁ,JACAREACANGA,,,hid_massa_dagua_a_bc250k_2015,,,,,,,,,,,,,,,,
17388.0,62026.0,,,,,,,,Natural,Estadual,Corpo Hídrico Estadual,,,,,,,,2.25401026304,0.223042687809268,22.3042687809268,1.34589445073922,,,,,,,,PARÁ,ORIXIMINÁ,,,hid_trecho_massa_dagua_a_bc250k_2015,,,,,,,,,,,,,,,,
5028.0,59097.0,,,,,,,,Natural,Federal,Terra da União (Unidade de Conservação),,,,,,,,33.5151413788059,6.44554330695202,644.554330695202,3.72272022456597,,,,Canal,,,,PARÁ,CURUÇÁ,,,hid_trecho_massa_dagua_a_bc250k_2015,Alterado de Artificial para Natural,,,,,,,,,,,,,,,
26320.0,61967.0,,,,,,,,Natural,Estadual,Corpo Hídrico Estadual,,,,,,,,2.0610980572419,0.202417500399286,20.2417500399286,1.29188463642517,,,,,,,,PARÁ,ÓBIDOS,,,hid_trecho_massa_dagua_a_bc250k_2015,,,,,,,,,,,,,,,,
1619.0,54740.0,,,,,,,,Artificial,Estadual,Corpo Hídrico Estadual,ESTADO,,,,,,,1.61170488448059,0.064917816804364,6.49178168043639,1.78382677119434,,,,Represa/Açude,,,,PARÁ,TERRA ALTA,,,hid_trecho_massa_dagua_a_bc250k_2015,,,,,,,,,,,,,,,,
44876.0,37889.0,,,,,,,,Natural,Estadual,Corpo Hídrico Estadual,,,,,,,,2.49237793562022,0.299051248952934,29.9051248952934,1.2852576453793,,,,Lago/Lagoa,,Permanente,,PARÁ,CURUÁ,,,hid_massa_dagua_a_bc250k_2015,,,,,,,,,,,,,,,,
24398.0,38321.0,,,,,,,,Natural,Estadual,Corpo Hídrico Estadual,,,,,,,,3.26652873994595,0.369393787226526,36.9393787226526,1.51562164353011,,,,Lago/Lagoa,,Permanente,,PARÁ,MONTE ALEGRE,,,hid_massa_dagua_a_bc250k_2015,,,,,,,,,,,,,,,,
28399.0,61795.0,,,,,,,,Natural,Estadual,Corpo Hídrico Estadual,,,,,,,,1.34136238353498,0.072450801488016,7.24508014880157,1.40531484602075,,,,,,,,PARÁ,SANTA IZABEL DO PARÁ,,,hid_trecho_massa_dagua_a_bc250k_2015,,,,,,,,,,,,,,,,
33549.0,61954.0,,,,,,,,Natural,Estadual,Corpo Hídrico Estadual,,,,,,,,2.64716324918787,0.335107247578178,33.5107247578178,1.28954921912912,,,,,,,,PARÁ,PRAINHA,,,hid_trecho_massa_dagua_a_bc250k_2015,,,,,,,,,,,,,,,,
27913.0,60525.0,,,,,,,,Natural,Estadual,Corpo Hídrico Estadual,,,,,,,,0.579246614602458,0.021460159788844,2.14601597888439,1.11505460831167,,,,,,,,PARÁ,PONTA DE PEDRAS,,,hid_trecho_massa_dagua_a_bc250k_2015,,,,,,,,,,,,,,,,
35976.0,61519.0,,,,,,,,Natural,Estadual,Corpo Hídrico Estadual,,,,,,,,1.87636464186104,0.106577280718716,10.6577280718716,1.62081717951699,,,,,,,,PARÁ,NOVO PROGRESSO,,,hid_trecho_massa_dagua_a_bc250k_2015,,,,,,,,,,,,,,,,
6273.0,60477.0,,,,,,,,Natural,Federal,Terra da União (Unidade de Conservação),,,,,,,,0.703807559982946,0.033035033310358,3.30350333103575,1.09198245686324,,,,,,,,PARÁ,ALTAMIRA,,,hid_trecho_massa_dagua_a_bc250k_2015,,,,,,,,,,,,,,,,
43377.0,61913.0,,,,,,,,Natural,Federal,Terra da União (Unidade de Conservação),,,,,,,,4.53278617491412,1.08835279808272,108.835279808272,1.22526348740571,,,,,,,,PARÁ,BAIÃO,,,hid_trecho_massa_dagua_a_bc250k_2015,,,,,,,,,,,,,,,,
240891.0,15747.0,,,Rio Amazonas,,Rio,,Amazonas,Natural,Federal,Corpo Hídrico Federal,,,,,,,,7087.32414606391,7025.51860064629,702551.860064629,23.8447190902552,,,,Rio,,,Rio Amazonas,"AMAZONAS, PARÁ","ALENQUER, ALMEIRIM, AUTAZES, CAREIRO DA VÁRZEA, CURUÁ, GURUPÁ, IRANDUBA, ITACOATIARA, ITAPIRANGA, JURUTI, MANAUS, MONTE ALEGRE, NHAMUNDÁ, ÓBIDOS, ORIXIMINÁ, PARINTINS, PORTO DE MOZ, PRAINHA, SANTARÉM, SILVES, TERRA SANTA, URUCARÁ, URUCURITUBA",,,hid_trecho_massa_dagua_a_bc250k_2015,,,,,,,,,,,,,,,4,4
17083.0,54384.0,,,,,,,,Artificial,Estadual,Corpo Hídrico Estadual,ESTADO,,,,,,,1.89206207595673,0.069541409691985,6.95414096919847,2.02331147298376,,,,Represa/Açude,,,,PARÁ,PARAGOMINAS,,,hid_trecho_massa_dagua_a_bc250k_2015,,,,,,,,,,,,,,,,
41974.0,49463.0,,,,,,,,Natural,Estadual,Corpo Hídrico Estadual,,,,,,,,6.6439377161586,0.714120863710207,71.4120863710207,2.21711795997803,,,,Lago/Lagoa,,Permanente,,PARÁ,PARAGOMINAS,,,hid_massa_dagua_a_bc250k_2015,,,,,,,,,,,,,,,,
39035.0,54414.0,,,,,,,,Natural,Federal,Terra da União (Unidade de Conservação),,,,,,,,11.2560891737931,1.68264974555804,168.264974555804,2.44703269070283,,,,Rio,,,,PARÁ,VISEU,,,hid_trecho_massa_dagua_a_bc250k_2015,,,,,,,,,,,,,,,711996,711998
51289.0,36461.0,,,,,,,,Natural,Estadual,Corpo Hídrico Estadual,,,,,,,,2.25994876674484,0.240003271968124,24.0003271968124,1.3008856434017,,,,Lago/Lagoa,,Permanente,,PARÁ,JURUTI,,,hid_massa_dagua_a_bc250k_2015,,,,,,,,,,,,,,,,
12776.0,61549.0,,,Rio do Canal,,Rio,do,Canal,Natural,Estadual,Corpo Hídrico Estadual,,,,,,,,3.78501351149593,0.242926906629186,24.2926906629186,2.16560244192367,,,,,,,,PARÁ,PONTA DE PEDRAS,,,hid_trecho_massa_dagua_a_bc250k_2015,,,,,,,,,,,,,,,,
13331.0,62470.0,,,Lagoa de São Francisco,,Lagoa,de,São Francisco,Natural,Estadual,Corpo Hídrico Estadual,,,,,,,,3.50731799721595,0.180555153396135,18.0555153396135,2.32765873691493,,,,,,,,PARÁ,SÃO FÉLIX DO XINGU,,,hid_trecho_massa_dagua_a_bc250k_2015,,,,,,,,,,,,,,,,
8865.0,60335.0,,,Furo Grande,,Furo,,Grande,Natural,Estadual,Corpo Hídrico Estadual,,,,,,,,12.2273645991965,3.89085243461437,389.085243461437,1.74807310355948,,,,Rio,,,Rio Pará,PARÁ,LIMOEIRO DO AJURU,,,hid_trecho_massa_dagua_a_bc250k_2015,,,,,,,,,,,,,,,62,62
240860.0,59082.0,,,Rio Morcego,,Rio,,Morcego,Natural,Estadual,Corpo Hídrico Estadual,,,,,,,,39.4850861896036,6.0950352266082,609.50352266082,4.51018222111599,,,,Rio,,,Rio Japerica,PARÁ,"PRIMAVERA, QUATIPURU, SÃO JOÃO DE PIRABAS",,,hid_trecho_massa_dagua_a_bc250k_2015,,,,,,,,,,,,,,,71158,71158
12618.0,62014.0,,,Lagoa da Ribeira,,Lagoa,da,Ribeira,Natural,Estadual,Corpo Hídrico Estadual,,,,,,,,5.80805585664545,0.75742711126845,75.742711126845,1.8819560180764,,,,Rio,,,Lagoa da Ribeira,PARÁ,ORIXIMINÁ,,,hid_trecho_massa_dagua_a_bc250k_2015,,,,,,,,,,,,,,,454232,4542
5805.0,39346.0,,,Lagoa do Novo Mundo,,Lagoa,do,Novo Mundo,Natural,Estadual,Corpo Hídrico Estadual,,,,,,,,2.73299932678291,0.155019733204196,15.5019733204196,1.95747011561549,,,,Lago/Lagoa,,Permanente,,PARÁ,SÃO FÉLIX DO XINGU,,,hid_massa_dagua_a_bc250k_2015,,,,,,,,,,,,,,,,
39719.0,37725.0,,,Lagoa da Serrinha,,Lagoa,da,Serrinha,Natural,Estadual,Corpo Hídrico Estadual,,,,,,,,2.4064926801525,0.198411828627401,19.8411828627401,1.52352601166216,,,,Lago/Lagoa,,Permanente,,PARÁ,ORIXIMINÁ,,,hid_massa_dagua_a_bc250k_2015,,,,,,,,,,,,,,,,
5870.0,39302.0,,,Lagoa do Gosto,,Lagoa,do,Gosto,Natural,Estadual,Corpo Hídrico Estadual,,,,,,,,1.93584365562065,0.115683804984568,11.5683804984568,1.60502981951607,,,,Lago/Lagoa,,Permanente,,PARÁ,ORIXIMINÁ,,,hid_massa_dagua_a_bc250k_2015,,,,,,,,,,,,,,,,
30212.0,60472.0,,,Furo do Xuru,,Furo,do,Xuru,Natural,Federal,Corpo Hídrico Federal,,,,,,,,8.5821632310127,1.63289966060584,163.289966060584,1.89393962043409,,,,Rio,,,Furo do Xuru,PARÁ,BELÉM,,,hid_trecho_massa_dagua_a_bc250k_2015,,,,,,,,,,,,,,,614,614
11816.0,59046.0,,,Igarapé do Sete,,Igarapé,do,Sete,Natural,Estadual,Corpo Hídrico Estadual,,,,,,,,18.0079991309233,1.96446363523908,196.446363523908,3.62320220867563,,,,Laguna,,,,PARÁ,PARAGOMINAS,,,hid_trecho_massa_dagua_a_bc250k_2015,,,,,,,,,,,,,,,,
31734.0,61339.0,,,Igarapé do Pium,,Igarapé,do,Pium,Natural,Estadual,Corpo Hídrico Estadual,,,,,,,,1.61739934571964,0.114842604527365,11.4842604527365,1.34590638905094,,,,,,,,PARÁ,SÃO FÉLIX DO XINGU,,,hid_trecho_massa_dagua_a_bc250k_2015,,,,,,,,,,,,,,,,
24991.0,60413.0,,,Lagoa da Cachimba,,Lagoa,da,Cachimba,Natural,Federal,Terra da União (Unidade de Conservação),,,,,,,,2.45979250751244,0.109188116424016,10.9188116424016,2.09922937811089,,,,,,,,PARÁ,ALTAMIRA,,,hid_trecho_massa_dagua_a_bc250k_2015,,,,,,,,,,,,,,,,
40739.0,62073.0,,,Lagoa da Saudade,,Lagoa,da,Saudade,Natural,Estadual,Corpo Hídrico Estadual,,,,,,,,2.56720568296779,0.166928233359782,16.6928233359782,1.77192312152134,,,,,,,,PARÁ,SÃO FÉLIX DO XINGU,,,hid_trecho_massa_dagua_a_bc250k_2015,,,,,,,,,,,,,,,,
23672.0,35412.0,,,Cava do Garimpo,,Cava,do,Garimpo,Artificial,Estadual,Corpo Hídrico Estadual,ANM,Serra Pelada Companhia de Desenvolvimento Mineral,COSER/ANA (RSB2015),,,,,1.14861444361678,0.097865526923662,9.78655269236617,1.03540083788877,Contenção de rejeitos de mineração,COSER/ANA (RSB2015),,Lago/Lagoa,,Permanente,,PARÁ,CURIONÓPOLIS,,,hid_massa_dagua_a_bc250k_2015,,,,,,,,,,,,,,,,
24070.0,38909.0,,,Lagoa do França,,Lagoa,do,França,Natural,Federal,Terra da União (Unidade de Conservação),,,,,,,,1.79961183189072,0.097766723620415,9.77667236204148,1.62305193793484,,,,Lago/Lagoa,,Permanente,,PARÁ,ALTAMIRA,,,hid_massa_dagua_a_bc250k_2015,,,,,,,,,,,,,,,,
33430.0,60610.0,,,Rio Ipitinga,,Rio,,Ipitinga,Natural,Estadual,Corpo Hídrico Estadual,,,,,,,,0.945373245230631,0.057326061068996,5.73260610689955,1.1134644728145,,,,,,,,PARÁ,ALMEIRIM,,,hid_trecho_massa_dagua_a_bc250k_2015,,,,,,,,,,,,,,,,
51300.0,62064.0,,,Igarapé Marinheiro,,Igarapé,,Marinheiro,Natural,Estadual,Corpo Hídrico Estadual,,,,,,,,0.784291215606615,0.040519826518658,4.05198265186582,1.09873426964744,,,,,,,,PARÁ,PARAGOMINAS,,,hid_trecho_massa_dagua_a_bc250k_2015,,,,,,,,,,,,,,,,
1046.0,37653.0,,,Lagoa Melânia,,Lagoa,,Melânia,Natural,Estadual,Corpo Hídrico Estadual,,,,,,,,4.41450722583864,0.471825271279634,47.1825271279634,1.81234444588923,,,,Lago/Lagoa,,Permanente,,PARÁ,ORIXIMINÁ,,,hid_massa_dagua_a_bc250k_2015,,,,,,,,,,,,,,,,
19478.0,61513.0,,,Canal Perigoso,,Canal,,Perigoso,Natural,Federal,Corpo Hídrico Federal,,,,,,,,11.9793249854167,3.18925988407803,318.925988407803,1.89163133808628,,,,Canal,,,,PARÁ,CHAVES,,,hid_trecho_massa_dagua_a_bc250k_2015,,,,,,,,,,,,,,,,
12486.0,61702.0,,,Lagoa Água Boa,,Lagoa,,Água Boa,Natural,Estadual,Corpo Hídrico Estadual,,,,,,,,0.997951908275275,0.063285232212951,6.32852322129508,1.11868427215568,,,,,,,,PARÁ,RURÓPOLIS,,,hid_trecho_massa_dagua_a_bc250k_2015,,,,,,,,,,,,,,,,
13309.0,58896.0,,,Rio Urumajó,,Rio,,Urumajó,Natural,Federal,Terra da União (Unidade de Conservação),,,,,,,,28.1765138489761,5.84188968932294,584.188968932294,3.28745404907904,,,,Rio,,,Rio Urumajó,PARÁ,AUGUSTO CORRÊA,,,hid_trecho_massa_dagua_a_bc250k_2015,,,,,,,,,,,,,,,,71192
7207.0,61077.0,,,Furo Santa Isabel,,Furo,,Santa Isabel,Natural,Estadual,Corpo Hídrico Estadual,,,,,,,,2.97102042238945,0.186734920557347,18.6734920557347,1.93884001683749,,,,,,,,PARÁ,CURRALINHO,,,hid_trecho_massa_dagua_a_bc250k_2015,,,,,,,,,,,,,,,,
18327.0,56230.0,,,Rio Caeté,,Rio,,Caeté,Natural,Federal,Terra da União (Unidade de Conservação),,,,,,,,70.4909168379506,22.4715696658934,2247.15696658934,4.19339297041236,,,,Rio,,,Rio Caeté,PARÁ,BRAGANÇA,,,hid_trecho_massa_dagua_a_bc250k_2015,,,,,,,,,,,,,,,7118,7118
3320.0,60917.0,,,Lagoa Paru,,Lagoa,,Paru,Natural,Estadual,Corpo Hídrico Estadual,,,,,,,,2.11041860251671,0.148179269865007,14.8179269865007,1.54605161731704,,,,,,,,PARÁ,ORIXIMINÁ,,,hid_trecho_massa_dagua_a_bc250k_2015,,,,,,,,,,,,,,,,
30941.0,60981.0,,,Rio Joana Peres,,Rio,,Joana Peres,Natural,Federal,Terra da União (Unidade de Conservação),,,,,,,,1.84413812343439,0.150145680701357,15.0145680701357,1.34210388253222,,,,,,,,PARÁ,BAIÃO,,,hid_trecho_massa_dagua_a_bc250k_2015,,,,,,,,,,,,,,,,
14552.0,60439.0,,,Lagoa Paru,,Lagoa,,Paru,Natural,Estadual,Corpo Hídrico Estadual,,,,,,,,4.21897480153974,0.598257230108421,59.8257230108421,1.53819736082563,,,,,,,,PARÁ,ORIXIMINÁ,,,hid_trecho_massa_dagua_a_bc250k_2015,,,,,,,,,,,,,,,,
8114.0,61263.0,,,Lagoa Tarumã,,Lagoa,,Tarumã,Natural,Estadual,Corpo Hídrico Estadual,,,,,,,,3.8316027301591,0.368354752676141,36.8354752676141,1.78031332960975,,,,,,,,PARÁ,ORIXIMINÁ,,,hid_trecho_massa_dagua_a_bc250k_2015,,,,,,,,,,,,,,,,
44388.0,38642.0,,,,,,,,Natural,Estadual,Corpo Hídrico Estadual,,,,,,,,2.61777805563578,0.36991953969653,36.991953969653,1.2137473510641,,,,Lago/Lagoa,,Permanente,,PARÁ,URUARÁ,,,hid_massa_dagua_a_bc250k_2015,,,,,,,,,,,,,,,,
53904.0,37700.0,,,,,,,,Natural,Federal,Terra da União (Terra Indígena),,,,,,,,2.22709955117858,0.165858894855161,16.5858894855161,1.54212420934307,,,,Lago/Lagoa,,Permanente,,PARÁ,JACAREACANGA,,,hid_massa_dagua_a_bc250k_2015,,,,,,,,,,,,,,,,
50888.0,36230.0,,,,,,,,Natural,Estadual,Corpo Hídrico Estadual,,,,,,,,1.70361615028186,0.167955079137594,16.7955079137594,1.17226091696897,,,,Lago/Lagoa,,Permanente,,PARÁ,MONTE ALEGRE,,,hid_massa_dagua_a_bc250k_2015,,,,,,,,,,,,,,,,
55114.0,38622.0,,,,,,,,Natural,Federal,Terra da União (Unidade de Conservação),,,,,,,,1.71383635273204,0.168203054565218,16.8203054565218,1.17842383954872,,,,Lago/Lagoa,,Permanente,,PARÁ,PRAINHA,,,hid_massa_dagua_a_bc250k_2015,,,,,,,,,,,,,,,,
44552.0,39386.0,,,,,,,,Natural,Estadual,Corpo Hídrico Estadual,,,,,,,,3.24948488861547,0.43859528299326,43.859528299326,1.3836672179129,,,,Lago/Lagoa,,Permanente,,PARÁ,CURUÁ,,,hid_massa_dagua_a_bc250k_2015,,,,,,,,,,,,,,,,
50551.0,39043.0,,,,,,,,Natural,Estadual,Corpo Hídrico Estadual,,,,,,,,1.39482536835372,0.066785140340655,6.67851403406549,1.52205036771811,,,,Lago/Lagoa,,Permanente,,PARÁ,NOVO REPARTIMENTO,,,hid_massa_dagua_a_bc250k_2015,,,,,,,,,,,,,,,,
1525.0,35892.0,,,,,,,,Natural,Estadual,Corpo Hídrico Estadual,,,,,,,,1.19877789675013,0.094544843732298,9.45448437322984,1.09943336079221,,,,Lago/Lagoa,,Permanente,,PARÁ,ORIXIMINÁ,,,hid_massa_dagua_a_bc250k_2015,,,,,,,,,,,,,,,,
2389.0,38832.0,,,,,,,,Natural,Estadual,Corpo Hídrico Estadual,,,,,,,,2.1487807902274,0.137972492964502,13.7972492964502,1.63134180421927,,,,Lago/Lagoa,,Permanente,,PARÁ,SÃO FÉLIX DO XINGU,,,hid_massa_dagua_a_bc250k_2015,,,,,,,,,,,,,,,,
45246.0,37970.0,,,,,,,,Natural,Estadual,Corpo Hídrico Estadual,,,,,,,,1.97546621163332,0.1388829983083,13.88829983083,1.49483814762872,,,,Lago/Lagoa,,Permanente,,PARÁ,MOJU,,,hid_massa_dagua_a_bc250k_2015,,,,,,,,,,,,,,,,
30230.0,60795.0,,,Lago do Jacaré,,Lago,do,Jacaré,Natural,Federal,Terra da União (Unidade de Conservação),,,,,,,,1.79151813706255,0.194909520473958,19.4909520473958,1.1443366068724,,,,,,,,PARÁ,SANTARÉM,,,hid_trecho_massa_dagua_a_bc250k_2015,,,,,,,,,,,,,,,,
241068.0,243912.0,,,Baía do Vieira Grande,,Baía,do,Vieira Grande,Natural,Estadual,Corpo Hídrico Estadual,,,,,,,,26.3606394135539,3.41842963784939,341.842963784939,4.02060794202905,,,,Rio,,,Rio Cajuuna,PARÁ,AFUÁ,,,hid_trecho_massa_dagua_a_bc250k_2015,,,,,,,,,,,,,,,56162,54162
240796.0,63706.0,,,Rio Xingu,,Rio,,Xingu,Natural,Federal,Corpo Hídrico Federal,,,,,,,,7361.85948357775,1966.3424294448,196634.24294448,46.817374703279,,,,Rio,,,Rio Xingu,"PARÁ, MATO GROSSO","ALTAMIRA, PARANATINGA, SÃO JOSÉ DO XINGU, NOVA UBIRATÃ, QUERÊNCIA, VILA RICA, FELIZ NATAL, CONFRESA, BRASIL NOVO, SANTA CRUZ DO XINGU, GAÚCHA DO NORTE, MARCELÂNDIA, PEIXOTO DE AZEVEDO, CANARANA, SÃO FÉLIX DO ARAGUAIA, SÃO FÉLIX DO XINGU",,,hid_trecho_massa_dagua_a_bc250k_2015,,,,,,,,,,,,,,,42,42
36847.0,59735.0,,,Baía do Vieira Grande,,Baía,do,Vieira Grande,Natural,Federal,Corpo Hídrico Federal,,,,,,,,568.327449647686,1019.74964874511,101974.964874511,5.01881235755351,,,,Rio,,,Baía do Vieira Grande,PARÁ,"AFUÁ, BREVES",,,hid_trecho_massa_dagua_a_bc250k_2015,,,,,,,,,,,,,,,,52
51899.0,55499.0,,,Barragem B1,,Barragem,,B1,Artificial,Estadual,Corpo Hídrico Estadual,ANM,Mineração Paragominas S.A. -  Filial: Mineração Paragominas S.A.,ANM,,,,,2.69507285121241,0.403566249589902,40.3566249589902,1.19636086504965,Contenção de rejeitos de mineração,ANM,,Represa/Açude,,,,PARÁ,PARAGOMINAS,,,hid_trecho_massa_dagua_a_bc250k_2015,,,,,,,,,,,,,,,,
30017.0,63790.0,,,Rio Caeté,,Rio,,Caeté,Natural,Federal,Terra da União (Unidade de Conservação),,,,,,,,17.6247346564901,3.53509187852072,353.509187852072,2.64345147594651,,,,Rio,,,,PARÁ,"AUGUSTO CORRÊA, BRAGANÇA",,,hid_trecho_massa_dagua_a_bc250k_2015,,,,,,,,,,,,,,,,7118122
37892.0,35812.0,,,Lagoa Prainha,,Lagoa,,Prainha,Natural,Federal,Terra da União (Unidade de Conservação),,,,,,,,2.53683810744574,0.175862389640081,17.5862389640081,1.70590709765824,,,,Lago/Lagoa,,Permanente,,PARÁ,ORIXIMINÁ,,,hid_massa_dagua_a_bc250k_2015,,,,,,,,,,,,,,,,
23969.0,35779.0,655.0,,Barragem A1,,Barragem,,A1,Artificial,Estadual,Corpo Hídrico Estadual,ANM,Mineracao Rio do Norte S.A.,ANM,,,,,1.91692338978182,0.160212830052417,16.0212830052417,1.35053305698518,Contenção de rejeitos de mineração,ANM,,Lago/Lagoa,,Permanente,,PARÁ,ORIXIMINÁ,,,hid_massa_dagua_a_bc250k_2015,,,,,,,,,,,,,,,,
19579.0,38210.0,,,Lagoa Comprida,,Lagoa,,Comprida,Natural,Estadual,Corpo Hídrico Estadual,,,,,,,,0.847422548452116,0.033559288075456,3.35592880754563,1.30449600790597,,,,Lago/Lagoa,,Permanente,,PARÁ,ÓBIDOS,,,hid_massa_dagua_a_bc250k_2015,,,,,,,,,,,,,,,,
29481.0,61165.0,,,Rio Bacuri,,Rio,,Bacuri,Natural,Estadual,Corpo Hídrico Estadual,,,,,,,,1.75481705483237,0.096396883784207,9.63968837842067,1.5938573795653,,,,,,,,PARÁ,ABAETETUBA,,,hid_trecho_massa_dagua_a_bc250k_2015,,,,,,,,,,,,,,,,
8567.0,63792.0,,,Rio Maracanã,,Rio,,Maracanã,Natural,Estadual,Corpo Hídrico Estadual,,,,,,,,14.7160801905094,0.95675818056612,95.675818056612,4.24267887789987,,,,Rio,,,Rio Maracanã,PARÁ,"IGARAPÉ-AÇU, NOVA TIMBOTEUA",,,hid_trecho_massa_dagua_a_bc250k_2015,,,,,,,,,,,,,,,7114,7114
48001.0,37827.0,,,,,,,,Natural,Federal,Terra da União (Terra Indígena),,,,,,,,1.60232762073201,0.091013779329523,9.10137793295231,1.49777595083624,,,,Lago/Lagoa,,Permanente,,PARÁ,ALTAMIRA,,,hid_massa_dagua_a_bc250k_2015,,,,,,,,,,,,,,,,
32436.0,37772.0,,,,,,,,Natural,Estadual,Corpo Hídrico Estadual,,,,,,,,2.85875073586492,0.137076976867019,13.7076976867019,2.17742466846225,,,,Lago/Lagoa,,Permanente,,PARÁ,TAILÂNDIA,,,hid_massa_dagua_a_bc250k_2015,,,,,,,,,,,,,,,,
45217.0,38660.0,,,,,,,,Natural,Federal,Terra da União (Terra Indígena),,,,,,,,4.8430897789172,0.192978502925348,19.2978502925348,3.10897451266224,,,,Lago/Lagoa,,Permanente,,"MATO GROSSO, PARÁ","APIACÁS, JACAREACANGA",,,hid_massa_dagua_a_bc250k_2015,,,,,,,,,,,,,,,,
10440.0,54199.0,,,,,,,,Natural,Estadual,Corpo Hídrico Estadual,,,,,,,,5.67792955971203,0.374926586835165,37.4926586835165,2.61496565715262,,,,,,,,PARÁ,SÃO JOÃO DE PIRABAS,,,hid_trecho_massa_dagua_a_bc250k_2015,,,,,,,,,,,,,,,,
19688.0,61264.0,,,,,,,,Natural,Estadual,Corpo Hídrico Estadual,,,,,,,,2.82174924680518,0.381733903571521,38.1733903571521,1.28791487568582,,,,,,,,PARÁ,SANTARÉM,,,hid_trecho_massa_dagua_a_bc250k_2015,,,,,,,,,,,,,,,,
17459.0,60467.0,,,,,,,,Natural,Federal,Terra da União (Terra Indígena),,,,,,,,1.48990847073035,0.114643040847006,11.4643040847006,1.24089446994572,,,,,,,,"AMAZONAS, PARÁ","FARO, NHAMUNDÁ",,,hid_trecho_massa_dagua_a_bc250k_2015,,,,,,,,,,,,,,,,
1784.0,49464.0,,,,,,,,Natural,Estadual,Corpo Hídrico Estadual,,,,,,,,3.49407896038751,0.443842159352782,44.3842159352782,1.47899786564037,,,,Lago/Lagoa,,Permanente,,PARÁ,PARAGOMINAS,,,hid_massa_dagua_a_bc250k_2015,,,,,,,,,,,,,,,,
28400.0,38714.0,,,,,,,,Natural,Estadual,Corpo Hídrico Estadual,,,,,,,,1.35399982118009,0.080734578624951,8.07345786249513,1.34381017102356,,,,Lago/Lagoa,,Permanente,,PARÁ,JACAREACANGA,,,hid_massa_dagua_a_bc250k_2015,,,,,,,,,,,,,,,,
10207.0,58873.0,,,,,,,,Natural,Federal,Terra da União (Unidade de Conservação),,,,,,,,31.2264804060758,4.85523654234723,485.523654234723,3.99638158030354,,,,Canal,,,,PARÁ,CURUÇÁ,,,hid_trecho_massa_dagua_a_bc250k_2015,Alterado de Artificial para Natural,,,,,,,,,,,,,,,
59275.0,49419.0,,,,,,,,Natural,Estadual,Corpo Hídrico Estadual,,,,,,,,3.16195626617192,0.242986854652015,24.2986854652015,1.80889591270556,,,,Lago/Lagoa,,Permanente,,PARÁ,IPIXUNA DO PARÁ,,,hid_massa_dagua_a_bc250k_2015,,,,,,,,,,,,,,,,
14147.0,60853.0,,,,,,,,Natural,Estadual,Corpo Hídrico Estadual,,,,,,,,3.17830009498982,0.570794826419582,57.0794826419583,1.18632585377853,,,,Rio,,,Lago do Aruã,PARÁ,SANTARÉM,,,hid_trecho_massa_dagua_a_bc250k_2015,,,,,,,,,,,,,,,44124,44124
2786.0,15604.0,,,,,,,,Natural,Estadual,Corpo Hídrico Estadual,,,,,,,,3.25872676031147,0.327887259176924,32.7887259176924,1.6048512490633,,,,,,,,PARÁ,SANTARÉM,,167-103_20041217,bho_massa_dagua,,,,,,,,,,,,,,,,
7201.0,49348.0,,,,,,,,Natural,Estadual,Corpo Hídrico Estadual,,,,,,,,3.7365428953454,0.263725412897954,26.3725412897954,2.05183810142315,,,,Lago/Lagoa,,Permanente,,PARÁ,IPIXUNA DO PARÁ,,,hid_massa_dagua_a_bc250k_2015,,,,,,,,,,,,,,,,
37574.0,54095.0,,,,,,,,Natural,Federal,Terra da União (Unidade de Conservação),,,,,,,,4.29389468922894,0.184598237566204,18.4598237566204,2.81829676419288,,,,,,,,PARÁ,"SÃO CAETANO DE ODIVELAS, SÃO JOÃO DA PONTA",,,hid_trecho_massa_dagua_a_bc250k_2015,,,,,,,,,,,,,,,,
37258.0,37661.0,,,,,,,,Natural,Estadual,Corpo Hídrico Estadual,,,,,,,,1.63160039122414,0.142230130349934,14.2230130349934,1.22002043506778,,,,Lago/Lagoa,,Permanente,,PARÁ,SÃO FÉLIX DO XINGU,,,hid_massa_dagua_a_bc250k_2015,,,,,,,,,,,,,,,,
33063.0,56631.0,,,Rio Pracupi,,Rio,,Pracupi,Natural,Federal,Terra da União (Unidade de Conservação),,,,,,,,44.4689764113813,3.07275611724296,307.275611724296,7.15388896656447,,,,Rio,,,Rio Pracupi,PARÁ,PORTEL,,,hid_trecho_massa_dagua_a_bc250k_2015,,,,,,,,,,,,,,,6264,6264
14313.0,57045.0,,,Rio Paracauari,,Rio,,Paracauari,Natural,Estadual,Corpo Hídrico Estadual,,,,,,,,72.4760497385123,17.1070958877462,1710.70958877462,4.94146220338139,,,,Rio,,,Rio Paracauari,PARÁ,"SALVATERRA, SOURE",,,hid_trecho_massa_dagua_a_bc250k_2015,Toponímia DHN,,,,,,,,,,,,,,61122,61142
57846.0,37599.0,,,,,,,,Natural,Estadual,Corpo Hídrico Estadual,,,,,,,,2.24984567945888,0.190442549889423,19.0442549889423,1.45385081626538,,,,Lago/Lagoa,,Permanente,,PARÁ,MONTE ALEGRE,,,hid_massa_dagua_a_bc250k_2015,,,,,,,,,,,,,,,,
16064.0,38952.0,,,,,,,,Natural,Federal,Terra da União (Terra Indígena),,,,,,,,1.29950304219782,0.094229690463053,9.42296904630529,1.19380261704118,,,,Lago/Lagoa,,Permanente,,PARÁ,JACAREACANGA,,,hid_massa_dagua_a_bc250k_2015,,,,,,,,,,,,,,,,
35175.0,39456.0,,,,,,,,Natural,Estadual,Corpo Hídrico Estadual,,,,,,,,2.85460559628765,0.227618317171898,22.7618317171898,1.68729732148462,,,,Lago/Lagoa,,Permanente,,PARÁ,MOCAJUBA,,,hid_massa_dagua_a_bc250k_2015,,,,,,,,,,,,,,,,
26562.0,39458.0,,,,,,,,Natural,Estadual,Corpo Hídrico Estadual,,,,,,,,2.44267376417387,0.164082880835488,16.4082880835488,1.70052468253292,,,,Lago/Lagoa,,Permanente,,PARÁ,TERRA SANTA,,,hid_massa_dagua_a_bc250k_2015,,,,,,,,,,,,,,,,
8002.0,53749.0,,,Rio Guajará,,Rio,,Guajará,Natural,Estadual,Corpo Hídrico Estadual,,,,,,,,19.5676054316469,1.6356742271071,163.56742271071,4.31457860416967,,,,Rio,,,Rio Guajará,PARÁ,"MUANÁ, SÃO SEBASTIÃO DA BOA VISTA",,,hid_trecho_massa_dagua_a_bc250k_2015,,,,,,,,,,,,,,,62146,62146
35505.0,49460.0,,,,,,,,Natural,Estadual,Corpo Hídrico Estadual,,,,,,,,1.38805236740887,0.084051506323348,8.4051506323348,1.35015058513902,,,,Lago/Lagoa,,Permanente,,PARÁ,PARAGOMINAS,,,hid_massa_dagua_a_bc250k_2015,,,,,,,,,,,,,,,,
46607.0,57025.0,,,,,,,,Natural,Estadual,Corpo Hídrico Estadual,,,,,,,,3.63631069500265,0.291925356113655,29.1925356113655,1.89790374285377,,,,,,,,PARÁ,MARABÁ,,,hid_trecho_massa_dagua_a_bc250k_2015,,,,,,,,,,,,,,,,
48233.0,39727.0,,,,,,,,Natural,Federal,Corpo Hídrico Federal,,,,,,,,1.75119668044032,0.109844604057566,10.9844604057566,1.49002882405102,,,,Lago/Lagoa,,Permanente,,PARÁ,SANTARÉM,,,hid_massa_dagua_a_bc250k_2015,,,,,,,,,,,,,,,,
51208.0,38280.0,,,,,,,,Natural,Estadual,Corpo Hídrico Estadual,,,,,,,,1.32855774879213,0.117665354668594,11.7665354668594,1.09220771763814,,,,Lago/Lagoa,,Permanente,,PARÁ,ÓBIDOS,,,hid_massa_dagua_a_bc250k_2015,,,,,,,,,,,,,,,,
13969.0,39526.0,,,,,,,,Natural,Federal,Terra da União (Unidade de Conservação),,,,,,,,2.07230702522386,0.127931556265924,12.7931556265924,1.63385821499856,,,,Lago/Lagoa,,Permanente,,PARÁ,ALTAMIRA,,,hid_massa_dagua_a_bc250k_2015,,,,,,,,,,,,,,,,
47824.0,35456.0,,,,,,,,Natural,Federal,Corpo Hídrico Federal,,,,,,,,1.83638611944119,0.137681831279534,13.7681831279534,1.39564444988518,,,,Lago/Lagoa,,Permanente,,PARÁ,ALMEIRIM,,,hid_massa_dagua_a_bc250k_2015,,,,,,,,,,,,,,,,
34944.0,37992.0,,,,,,,,Natural,Estadual,Corpo Hídrico Estadual,,,,,,,,1.55117409233342,0.069535347581528,6.95353475815278,1.65884892600505,,,,Lago/Lagoa,,Permanente,,PARÁ,ALTAMIRA,,,hid_massa_dagua_a_bc250k_2015,,,,,,,,,,,,,,,,
41040.0,57270.0,,,Furo do Joroca,,Furo,do,Joroca,Natural,Estadual,Corpo Hídrico Estadual,,,,,,,,14.192244452362,1.37377553494749,137.377553494749,3.41461939161305,,,,Rio,,,Furo do Joroca,PARÁ,SANTO ANTÔNIO DO TAUÁ,,,hid_trecho_massa_dagua_a_bc250k_2015,,,,,,,,,,,,,,,611622,611622
477.0,53669.0,,,,,,,,Natural,Estadual,Corpo Hídrico Estadual,,,,,,,,1.35483343563929,0.106380492932728,10.6380492932728,1.17139675091728,,,,,,,,PARÁ,PRAINHA,,,hid_trecho_massa_dagua_a_bc250k_2015,,,,,,,,,,,,,,,,
25213.0,59128.0,,,,,,,,Natural,Estadual,Corpo Hídrico Estadual,,,,,,,,15.8218453820524,2.20079801208643,220.079801208643,3.00757282335023,,,,Rio,,,Rio Campinho,PARÁ,QUATIPURU,,,hid_trecho_massa_dagua_a_bc250k_2015,,,,,,,,,,,,,,,,711594
6820.0,57160.0,,,,,,,,Natural,Estadual,Corpo Hídrico Estadual,,,,,,,,7.29209810408943,0.389943160285356,38.9943160285356,3.29306996255925,,,,,,,,PARÁ,MOJUÍ DOS CAMPOS,,,hid_trecho_massa_dagua_a_bc250k_2015,,,,,,,,,,,,,,,,
13719.0,36228.0,,,,,,,,Natural,Federal,Terra da União (Terra Indígena),,,,,,,,1.75845190314348,0.133491585917201,13.3491585917201,1.35722751682859,,,,Lago/Lagoa,,Permanente,,PARÁ,SÃO FÉLIX DO XINGU,,,hid_massa_dagua_a_bc250k_2015,,,,,,,,,,,,,,,,
46252.0,37450.0,,,,,,,,Natural,Estadual,Corpo Hídrico Estadual,,,,,,,,2.57782234381048,0.086428748782182,8.6428748782182,2.47270882669052,,,,Lago/Lagoa,,Permanente,,PARÁ,TOMÉ-AÇU,,,hid_massa_dagua_a_bc250k_2015,,,,,,,,,,,,,,,,
54272.0,62543.0,,,,,,,,Artificial,Estadual,Corpo Hídrico Estadual,ESTADO,,,,,,,1.59574949770094,0.105168753077316,10.5168753077316,1.38761971739888,,,,Represa/Açude,,,,PARÁ,ÁGUA AZUL DO NORTE,,,hid_trecho_massa_dagua_a_bc250k_2015,,,,,,,,,,,,,,,,
37303.0,39153.0,,,,,,,,Natural,Federal,Corpo Hídrico Federal,,,,,,,,4.81259917180186,0.366311228660914,36.6311228660914,2.24235146447891,,,,Lago/Lagoa,,Permanente,,PARÁ,ALENQUER,,,hid_massa_dagua_a_bc250k_2015,,,,,,,,,,,,,,,,
40336.0,55883.0,,,Rio Muaná,,Rio,,Muaná,Natural,Estadual,Corpo Hídrico Estadual,,,,,,,,40.0599558851749,6.05048358119905,605.048358119905,4.59266249955274,,,,Rio,,,Rio Muaná,PARÁ,MUANÁ,,,hid_trecho_massa_dagua_a_bc250k_2015,,,,,,,,,,,,,,,6196,6196
44861.0,37939.0,,,,,,,,Natural,Estadual,Corpo Hídrico Estadual,,,,,,,,2.74404204416985,0.224990750084886,22.4990750084886,1.6313890308549,,,,Lago/Lagoa,,Permanente,,PARÁ,MUANÁ,,,hid_massa_dagua_a_bc250k_2015,,,,,,,,,,,,,,,,
17148.0,47099.0,,,,,,,,Natural,Estadual,Corpo Hídrico Estadual,,,,,,,,1.74464406807064,0.099319850255728,9.93198502557278,1.56112586200798,,,,Lago/Lagoa,Doce,Permanente,,PARÁ,FLORESTA DO ARAGUAIA,,,hid_massa_dagua_a_bc250k_2015,,,,,,,,,,,,,,,,
57299.0,39466.0,,,,,,,,Natural,Estadual,Corpo Hídrico Estadual,,,,,,,,1.67061300632505,0.100433265758382,10.0433265758382,1.48657277250402,,,,Lago/Lagoa,,Permanente,,PARÁ,MOJU,,,hid_massa_dagua_a_bc250k_2015,,,,,,,,,,,,,,,,
52866.0,36099.0,,,,,,,,Natural,Federal,Terra da União (Terra Indígena),,,,,,,,3.09468822778376,0.263192331063613,26.3192331063613,1.70109824251606,,,,Lago/Lagoa,,Permanente,,PARÁ,JACAREACANGA,,,hid_massa_dagua_a_bc250k_2015,,,,,,,,,,,,,,,,
49330.0,38391.0,,,,,,,,Natural,Estadual,Corpo Hídrico Estadual,,,,,,,,3.63525358384025,0.884681455582616,88.4681455582616,1.08990929829566,,,,Lago/Lagoa,,Permanente,,PARÁ,PONTA DE PEDRAS,,,hid_massa_dagua_a_bc250k_2015,,,,,,,,,,,,,,,,
48255.0,38999.0,,,,,,,,Natural,Estadual,Corpo Hídrico Estadual,,,,,,,,2.33565082300157,0.204905803451211,20.4905803451211,1.45505662835315,,,,Lago/Lagoa,,Permanente,,PARÁ,SÃO FÉLIX DO XINGU,,,hid_massa_dagua_a_bc250k_2015,,,,,,,,,,,,,,,,
53534.0,39239.0,,,,,,,,Natural,Estadual,Corpo Hídrico Estadual,,,,,,,,1.72519878220019,0.073436649127376,7.34366491273756,1.79527848075525,,,,Lago/Lagoa,,Permanente,,PARÁ,JURUTI,,,hid_massa_dagua_a_bc250k_2015,,,,,,,,,,,,,,,,
7705.0,62860.0,,,Rio Guamá,,Rio,,Guamá,Natural,Federal,Corpo Hídrico Federal,,,,,,,,253.334907704742,185.34137623661,18534.137623661,5.24756652644136,,,,Rio,,,Rio Guamá,PARÁ,"ACARÁ, ANANINDEUA, BELÉM, BENEVIDES, BUJARU, INHANGAPI, MARITUBA, SANTA IZABEL DO PARÁ, SÃO DOMINGOS DO CAPIM, SÃO MIGUEL DO GUAMÁ",,,bho_massa_dagua_2019,Atualizada geometria em 09/2016,,,,,,,,,,,,,,612,612
4422.0,37442.0,,,,,,,,Natural,Estadual,Corpo Hídrico Estadual,,,,,,,,1.22822991424282,0.07967749206274,7.96774920627405,1.22704630253853,,,,Lago/Lagoa,,Permanente,,PARÁ,ORIXIMINÁ,,,hid_massa_dagua_a_bc250k_2015,,,,,,,,,,,,,,,,
21742.0,39337.0,,,,,,,,Natural,Estadual,Corpo Hídrico Estadual,,,,,,,,1.56797122993196,0.131903691353609,13.190369135361,1.21747127501887,,,,Lago/Lagoa,,Permanente,,PARÁ,SANTARÉM,,,hid_massa_dagua_a_bc250k_2015,,,,,,,,,,,,,,,,
33605.0,39591.0,,,,,,,,Natural,Estadual,Corpo Hídrico Estadual,,,,,,,,5.22026486255804,0.708686994074632,70.8686994074632,1.74869639829367,,,,Lago/Lagoa,,Permanente,,PARÁ,PRAINHA,,,hid_massa_dagua_a_bc250k_2015,,,,,,,,,,,,,,,,
35407.0,55917.0,,,Furo Urucuricaia,,Furo,,Urucuricaia,Natural,Federal,Corpo Hídrico Federal,,,,,,,,65.3366112481316,24.011741565849,2401.1741565849,3.760052282079,,,,Rio,,,Furo de Urucuricaia,PARÁ,"GURUPÁ, PORTO DE MOZ",,,hid_trecho_massa_dagua_a_bc250k_2015,,,,,,,,,,,,,,,42,42
49106.0,38608.0,,,,,,,,Natural,Estadual,Corpo Hídrico Estadual,,,,,,,,1.25502321024047,0.098665427065662,9.86654270656617,1.12672612944566,,,,Lago/Lagoa,,Permanente,,PARÁ,PRAINHA,,,hid_massa_dagua_a_bc250k_2015,,,,,,,,,,,,,,,,
12886.0,39406.0,,,,,,,,Natural,Federal,Corpo Hídrico Federal,,,,,,,,3.66078672764425,0.491396283216698,49.1396283216698,1.47267733491067,,,,Lago/Lagoa,,Permanente,,PARÁ,SANTARÉM,,,hid_massa_dagua_a_bc250k_2015,,,,,,,,,,,,,,,,
59410.0,35749.0,,,,,,,,Natural,Estadual,Corpo Hídrico Estadual,,,,,,,,1.72930803469388,0.101422815984948,10.1422815984948,1.53127656268164,,,,Lago/Lagoa,,Permanente,,PARÁ,"IPIXUNA DO PARÁ, PARAGOMINAS",,,hid_massa_dagua_a_bc250k_2015,,,,,,,,,,,,,,,,
10984.0,46142.0,,,,,,,,Natural,Estadual,Corpo Hídrico Estadual,,,,,,,,1.80472043874624,0.117687919034365,11.7687919034365,1.48351896728757,,,,Meandro abandonado,Doce,Permanente,,PARÁ,MARABÁ,,,hid_massa_dagua_a_bc250k_2015,,,,,,,,,,,,,,,,
47820.0,56561.0,,,,,,,,Natural,Estadual,Corpo Hídrico Estadual,,,,,,,,10.7319067932715,0.903045511789357,90.3045511789357,3.18471945721429,,,,Rio,,,Rio Ajoaí,PARÁ,ABAETETUBA,,,hid_trecho_massa_dagua_a_bc250k_2015,,,,,,,,,,,,,,,62,62
30112.0,15614.0,,,,,,,,Natural,Federal,Corpo Hídrico Federal,,,,,,,,3.85064108508377,0.477163602268638,47.7163602268638,1.57198534996251,,,,,,,,PARÁ,SANTARÉM,,167-103_20041217,bho_massa_dagua,,,,,,,,,,,,,,,,
52358.0,15054.0,,,,,,,,Natural,Estadual,Corpo Hídrico Estadual,,,,,,,,4.67955950008696,0.519871387186105,51.9871387186105,1.83023191568985,,,,,,,,PARÁ,MONTE ALEGRE,,167-102_20050903,bho_massa_dagua,,,,,,,,,,,,,,,,
10861.0,58890.0,,,,,,,,Natural,Federal,Terra da União (Unidade de Conservação),,,,,,,,2.26740393249487,0.12852712594557,12.852712594557,1.7835307676702,,,,,,,,PARÁ,VISEU,,,hid_trecho_massa_dagua_a_bc250k_2015,,,,,,,,,,,,,,,,
3464.0,16725.0,,,,,,,,Natural,Estadual,Corpo Hídrico Estadual,,,,,,,,3.21990906411401,0.252567155387001,25.2567155387001,1.80677585626624,,,,,,,,PARÁ,ITAITUBA,,168-105_20050831,bho_massa_dagua,,,,,,,,,,,,,,,,
54096.0,6483.0,,,,,,,,Natural,Federal,Corpo Hídrico Federal,,,,,,,,6.30990433975512,0.227237292204888,22.7237292204888,3.73277730351119,,,,,,,,PARÁ,BAIÃO,,162-103_20040824,bho_massa_dagua,,,,,,,,,,,,,,,,
26650.0,39381.0,,,,,,,,Natural,Estadual,Corpo Hídrico Estadual,,,,,,,,1.81323576339314,0.092158279855482,9.21582798554815,1.68436498494858,,,,Lago/Lagoa,,Permanente,,PARÁ,ÓBIDOS,,,hid_massa_dagua_a_bc250k_2015,,,,,,,,,,,,,,,,
27575.0,15321.0,,,,,,,,Natural,Estadual,Corpo Hídrico Estadual,,,,,,,,2.63298911795933,0.288414024427271,28.8414024427272,1.38257909271792,,,,,,,,PARÁ,ÓBIDOS,,169-102_20050923,bho_massa_dagua,,,,,,,,,,,,,,,,
44697.0,47290.0,,,,,,,,Natural,Federal,Terra da União (Terra Indígena),,,,,,,,1.68677243513588,0.138602099920176,13.8602099920176,1.27767588656027,,,,,Doce,Permanente,,PARÁ,SÃO FÉLIX DO XINGU,,,hid_massa_dagua_a_bc250k_2015,,,,,,,,,,,,,,,,
39504.0,14981.0,,,,,,,,Natural,Estadual,Corpo Hídrico Estadual,,,,,,,,4.53632349503819,0.462202355866334,46.2202355866334,1.88164221681583,,,,,,,,PARÁ,MONTE ALEGRE,,167-102_20050903,bho_massa_dagua,,,,,,,,,,,,,,,,
52050.0,243823.0,,,,,,,,Natural,Estadual,Corpo Hídrico Estadual,,,,,,,,7.67383266942031,0.467953841639097,46.7953841639097,3.16344235370887,,,,Rio,,,Rio Arapixi,PARÁ,CHAVES,,,hid_trecho_massa_dagua_a_bc250k_2015,,,,,,,,,,,,,,,574,562
46748.0,15178.0,,,,,,,,Natural,Federal,Corpo Hídrico Federal,,,,,,,,10.1031268871677,1.27037165218685,127.037165218685,2.52778142796436,,,,,,,,PARÁ,ALENQUER,,168-102_20050805,bho_massa_dagua,,,,,,,,,,,,,,,,
42654.0,59092.0,,,,,,,,Natural,Federal,Terra da União (Unidade de Conservação),,,,,,,,9.40566978144662,3.14469524746786,314.469524746786,1.49571742582825,,,,Rio,,,Baía do Cajuteua,PARÁ,"CURUÇÁ, MARAPANIM",,,hid_trecho_massa_dagua_a_bc250k_2015,,,,,,,,,,,,,,,,71118
20229.0,6715.0,,,,,,,,Natural,Estadual,Corpo Hídrico Estadual,,,,,,,,3.3417191700397,0.476025635065422,47.6025635065422,1.36585277014401,,,,,,,,PARÁ,PRAINHA,,166-102_20051028,bho_massa_dagua,,,,,,,,,,,,,,,,
36049.0,38746.0,,,,,,,,Natural,Estadual,Corpo Hídrico Estadual,,,,,,,,5.87055015587393,0.62192852819099,62.192852819099,2.09921862964174,,,,Lago/Lagoa,,Permanente,,PARÁ,ORIXIMINÁ,,,hid_massa_dagua_a_bc250k_2015,,,,,,,,,,,,,,,,
48050.0,38446.0,,,,,,,,Natural,Federal,Terra da União (Terra Indígena),,,,,,,,2.90606233766228,0.229035830401444,22.9035830401444,1.71238856885179,,,,Lago/Lagoa,,Permanente,,PARÁ,JACAREACANGA,,,hid_massa_dagua_a_bc250k_2015,,,,,,,,,,,,,,,,
241230.0,243872.0,,,Rio Curuá,,Rio,,Curuá,Natural,Federal,Terra da União (Terra Indígena),,,,,,,,185.008260901752,23.2996412476951,2329.96412476951,10.8085046072877,,,,Rio,,,Rio Curuá,PARÁ,ALTAMIRA,,,hid_trecho_massa_dagua_a_bc250k_2015,,,,,,,,,,,,,,,4226,4226
51543.0,39626.0,,,,,,,,Natural,Estadual,Corpo Hídrico Estadual,,,,,,,,3.16362229842614,0.445469938994581,44.5469938994581,1.33667102828947,,,,Lago/Lagoa,,Permanente,,PARÁ,ORIXIMINÁ,,,hid_massa_dagua_a_bc250k_2015,,,,,,,,,,,,,,,,
48116.0,38902.0,,,,,,,,Natural,Federal,Terra da União (Terra Indígena),,,,,,,,2.08937379518918,0.072309676028333,7.23096760283325,2.19112444457463,,,,Meandro abandonado,,Permanente,,PARÁ,JACAREACANGA,,,hid_massa_dagua_a_bc250k_2015,,,,,,,,,,,,,,,,
56825.0,63754.0,,,Rio Curuá,,Rio,,Curuá,Natural,Estadual,Corpo Hídrico Estadual,,,,,,,,139.124472344696,9.32527248154124,932.527248154124,12.8475960504249,,,,Rio,,,Rio Curuá,PARÁ,ALTAMIRA,,,hid_trecho_massa_dagua_a_bc250k_2015,,,,,,,,,,,,,,,4226,4226
9029.0,39418.0,,,,,,,,Natural,Federal,Corpo Hídrico Federal,,,,,,,,1.96706323763445,0.125196332467716,12.5196332467716,1.56773129176287,,,,Lago/Lagoa,,Permanente,,PARÁ,JACAREACANGA,,,hid_massa_dagua_a_bc250k_2015,,,,,,,,,,,,,,,,
29276.0,39516.0,,,Lagoa da Beira,,Lagoa,da,Beira,Natural,Estadual,Corpo Hídrico Estadual,,,,,,,,2.09634788309052,0.159646213313694,15.9646213313694,1.47956194193948,,,,Lago/Lagoa,,Permanente,,PARÁ,SÃO FÉLIX DO XINGU,,,hid_massa_dagua_a_bc250k_2015,,,,,,,,,,,,,,,,
40840.0,53879.0,,,Rio Muritipucu,,Rio,,Muritipucu,Natural,Estadual,Corpo Hídrico Estadual,,,,,,,,15.3882997905806,1.55801234657491,155.801234657491,3.47659658607993,,,,Rio,,,Rio Muriti-pucu,PARÁ,IGARAPÉ-MIRI,,,hid_trecho_massa_dagua_a_bc250k_2015,,,,,,,,,,,,,,,618,618
30341.0,14882.0,,,,,,,,Natural,Federal,Terra da União (Unidade de Conservação),,,,,,,,3.66917220095462,0.274580484623191,27.4580484623191,1.97461471544224,,,,,,,,PARÁ,ALTAMIRA,,167-106_20050713,bho_massa_dagua,,,,,,,,,,,,,,,,
37931.0,6744.0,,,,,,,,Natural,Federal,Terra da União (Unidade de Conservação),,,,,,,,12.6016039794154,4.39110535200317,439.110535200317,1.69585223123216,,,,,,,,PARÁ,PRAINHA,,,bho_massa_dagua_2019,Atualizada geometria em 09/2016,,,,,,,,,,,,,,,
195.0,53817.0,,,Furo Atatazinho,,Furo,,Atatazinho,Natural,Estadual,Corpo Hídrico Estadual,,,,,,,,18.3416905810312,1.26566426454779,126.566426454779,4.59757912225153,,,,Rio,,,Furo Atatazinho,PARÁ,MUANÁ,,,hid_trecho_massa_dagua_a_bc250k_2015,,,,,,,,,,,,,,,62122,6214
57413.0,53794.0,,,,,,,,Natural,Estadual,Corpo Hídrico Estadual,,,,,,,,9.48145102353775,1.22550530051596,122.550530051596,2.41527350549105,,,,Rio,,,Rio Jari,"AMAPÁ, PARÁ","ALMEIRIM, VITÓRIA DO JARI",,,hid_trecho_massa_dagua_a_bc250k_2015,,,,,,,,,,,,,,,418,418
411.0,54779.0,,,,,,,,Natural,Federal,Terra da União (Unidade de Conservação),,,,,,,,59.4019493755965,30.6684034815127,3066.84034815127,3.02485263482282,,,,Rio,,,,PARÁ,VISEU,,,hid_trecho_massa_dagua_a_bc250k_2015,,,,,,,,,,,,,,,7134,7134
52797.0,53916.0,,,,,,,,Natural,Estadual,Corpo Hídrico Estadual,,,,,,,,4.60669173821375,0.375396289262218,37.5396289262218,2.12028027233869,,,,,,,,PARÁ,ÓBIDOS,,,hid_trecho_massa_dagua_a_bc250k_2015,,,,,,,,,,,,,,,,
30129.0,53519.0,,,,,,,,Natural,Estadual,Corpo Hídrico Estadual,,,,,,,,59.1962634268607,4.45722329977739,445.722329977738,7.90699030731674,,,,Rio,,,,PARÁ,SOURE,,,hid_trecho_massa_dagua_a_bc250k_2015,,,,,,,,,,,,,,,6112,6114
59343.0,57141.0,,,,,,,,Natural,Federal,Corpo Hídrico Federal,,,,,,,,2.71220180549464,0.216660188668647,21.6660188668647,1.64316641819745,,,,,,,,PARÁ,VITÓRIA DO XINGU,,,hid_trecho_massa_dagua_a_bc250k_2015,,,,,,,,,,,,,,,,
13010.0,39440.0,,,,,,,,Natural,Federal,Terra da União (Unidade de Conservação),,,,,,,,1.72220921303872,0.190268258822688,19.0268258822688,1.11340160892988,,,,Lago/Lagoa,,Permanente,,PARÁ,PORTO DE MOZ,,,hid_massa_dagua_a_bc250k_2015,,,,,,,,,,,,,,,,
35090.0,6524.0,,,,,,,,Natural,Estadual,Corpo Hídrico Estadual,,,,,,,,22.0171893212135,1.34267416997526,134.267416997526,5.35828325614783,,,,,,,,PARÁ,CHAVES,,Geocover S-22-00_2000,bho_massa_dagua,,,,,,,,,,,,,,,,
9101.0,58829.0,,,,,,,,Natural,Estadual,Corpo Hídrico Estadual,,,,,,,,1.32991849066378,0.078064393164,7.80643931639997,1.34229396816007,,,,Laguna,,,,PARÁ,SANTA LUZIA DO PARÁ,,,hid_trecho_massa_dagua_a_bc250k_2015,,,,,,,,,,,,,,,,
37005.0,39427.0,,,,,,,,Natural,Federal,Terra da União (Terra Indígena),,,,,,,,3.54616116828469,0.120143544727833,12.0143544727833,2.88507666081615,,,,Meandro abandonado,,Permanente,,PARÁ,JACAREACANGA,,,hid_massa_dagua_a_bc250k_2015,,,,,,,,,,,,,,,,
53718.0,60521.0,,,,,,,,Natural,Estadual,Corpo Hídrico Estadual,,,,,,,,4.28557058258007,0.30909441460303,30.909441460303,2.17376294802802,,,,,,,,PARÁ,ÓBIDOS,,,hid_trecho_massa_dagua_a_bc250k_2015,,,,,,,,,,,,,,,,
44348.0,38364.0,,,,,,,,Natural,Estadual,Corpo Hídrico Estadual,,,,,,,,8.06948696341453,1.77823504315377,177.823504315377,1.70647704387861,,,,Lago/Lagoa,,Permanente,,PARÁ,ORIXIMINÁ,,,hid_massa_dagua_a_bc250k_2015,,,,,,,,,,,,,,,,
4697.0,15109.0,,,,,,,,Natural,Estadual,Corpo Hídrico Estadual,,,,,,,,2.84089451896803,0.473576182443625,47.3576182443625,1.16415093432409,,,,,,,,PARÁ,ÓBIDOS,,168-102_20050805,bho_massa_dagua,,,,,,,,,,,,,,,,
59.0,61360.0,,,Rio Baquiá Preto,,Rio,,Baquiá Preto,Natural,Federal,Corpo Hídrico Federal,,,,,,,,41.7377224126923,4.41154760034656,441.154760034656,5.60379668351746,,,,Rio,,,Rio Baquiá Preto,PARÁ,GURUPÁ,,,hid_trecho_massa_dagua_a_bc250k_2015,,,,,,,,,,,,,,,414,414
57333.0,5936.0,,,,,,,,Natural,Estadual,Corpo Hídrico Estadual,,,,,,,,3.67807809058188,0.3339870988417,33.39870988417,1.7947551504572,,,,,,,,PARÁ,IPIXUNA DO PARÁ,,160-103_20050803,bho_massa_dagua,,,,,,,,,,,,,,,,
22132.0,36114.0,,,,,,,,Natural,Estadual,Corpo Hídrico Estadual,,,,,,,,1.69521946204275,0.076172114214423,7.61721142144234,1.73211623777536,,,,Lago/Lagoa,,Permanente,,PARÁ,ÓBIDOS,,,hid_massa_dagua_a_bc250k_2015,,,,,,,,,,,,,,,,
18044.0,37763.0,,,,,,,,Natural,Estadual,Corpo Hídrico Estadual,,,,,,,,1.49804875784535,0.118250018206774,11.8250018206774,1.22849798647962,,,,Lago/Lagoa,,Permanente,,PARÁ,PARAGOMINAS,,,hid_massa_dagua_a_bc250k_2015,,,,,,,,,,,,,,,,
241925.0,243723.0,,,,,,,,Artificial,Federal,Corpo Hídrico Federal,ANA,,,,,,,0.34821101578809,0.005213784782604,0.521378478260437,1.35992533399412,,,,,,,,PARÁ,DOM ELISEU,,,bho_massa_dagua_2019,,,,,,,,,,,,,,,,
56127.0,39053.0,,,,,,,,Natural,Estadual,Corpo Hídrico Estadual,,,,,,,,1.76733174473893,0.205050853744665,20.5050853744665,1.10061745392167,,,,Lago/Lagoa,,Permanente,,PARÁ,MONTE ALEGRE,,,hid_massa_dagua_a_bc250k_2015,,,,,,,,,,,,,,,,
18094.0,56447.0,,,,,,,,Natural,Federal,Terra da União (Terra Indígena),,,,,,,,2.32103111250327,0.170835975297848,17.0835975297848,1.58358144584662,,,,,Doce,,,PARÁ,SÃO FÉLIX DO XINGU,,,hid_trecho_massa_dagua_a_bc250k_2015,,,,,,,,,,,,,,,,
53678.0,15444.0,,,,,,,,Natural,Estadual,Corpo Hídrico Estadual,,,,,,,,9.74953064075456,0.785255717581995,78.5255717581995,3.10261053778631,,,,,,,,PARÁ,JURUTI,,169-102_20050923,bho_massa_dagua,,,,,,,,,,,,,,,,
4492.0,38774.0,,,,,,,,Natural,Estadual,Corpo Hídrico Estadual,,,,,,,,1.16985587504349,0.075570707477682,7.55707074776818,1.20006487581089,,,,Lago/Lagoa,,Permanente,,PARÁ,SÃO FÉLIX DO XINGU,,,hid_massa_dagua_a_bc250k_2015,,,,,,,,,,,,,,,,
41400.0,37273.0,,,,,,,,Natural,Estadual,Corpo Hídrico Estadual,,,,,,,,2.26858159658623,0.201276040044613,20.1276040044613,1.42596042705812,,,,Lago/Lagoa,,Permanente,,PARÁ,ORIXIMINÁ,,,hid_massa_dagua_a_bc250k_2015,,,,,,,,,,,,,,,,
50326.0,38656.0,,,,,,,,Natural,Estadual,Corpo Hídrico Estadual,,,,,,,,1.93953222642381,0.142917724739777,14.2917724739777,1.44678188233815,,,,Lago/Lagoa,,Permanente,,PARÁ,ORIXIMINÁ,,,hid_massa_dagua_a_bc250k_2015,,,,,,,,,,,,,,,,
12688.0,15287.0,,,,,,,,Natural,Estadual,Corpo Hídrico Estadual,,,,,,,,3.57000229959757,0.342053430264562,34.2053430264562,1.72135572839599,,,,,,,,PARÁ,TERRA SANTA,,169-102_20050923,bho_massa_dagua,,,,,,,,,,,,,,,,
41233.0,57206.0,,,Rio Tamaiuiu,,Rio,,Tamaiuiu,Natural,Estadual,Corpo Hídrico Estadual,,,,,,,,12.909481923011,0.912559777420436,91.2559777420436,3.81089743709482,,,,Rio,,,Rio Tamaiuiú,PARÁ,CURRALINHO,,,hid_trecho_massa_dagua_a_bc250k_2015,,,,,,,,,,,,,,,62324,62324
58148.0,14958.0,,,Rio Trombetas,,Rio,,Trombetas,Natural,Estadual,Corpo Hídrico Estadual,,,,,,,,10.0285529046137,1.9152192109616,191.52192109616,2.04351642880787,,,,Rio,,,Igarapé Macaxeira,PARÁ,ORIXIMINÁ,,,bho_massa_dagua_2019,Atualizada geometria em 09/2016,,,,,,,,,,,,,,454398,454398
15860.0,38033.0,,,,,,,,Natural,Federal,Corpo Hídrico Federal,,,,,,,,5.51452955071053,0.553998015816589,55.3998015816589,2.0893128339583,,,,Lago/Lagoa,,Permanente,,PARÁ,ÓBIDOS,,,hid_massa_dagua_a_bc250k_2015,,,,,,,,,,,,,,,,
26613.0,55182.0,,,Rio Paru,,Rio,,Paru,Natural,Federal,Terra da União (Terra Indígena),,,,,,,,827.053673571684,66.5910973555315,6659.10973555315,28.5808221519414,,,,Rio,,,Rio Paru de Este,PARÁ,ALMEIRIM,,,hid_trecho_massa_dagua_a_bc250k_2015,,,,,,,,,,,,,,,432,432
46759.0,35939.0,,,,,,,,Natural,Federal,Terra da União (Terra Indígena),,,,,,,,1.30863737565087,0.089413853579845,8.94138535798454,1.23414452788654,,,,Lago/Lagoa,,Permanente,,PARÁ,ALTAMIRA,,,hid_massa_dagua_a_bc250k_2015,,,,,,,,,,,,,,,,
25911.0,53870.0,,,Rio Arauaquara,,Rio,,Arauaquara,Natural,Federal,Corpo Hídrico Federal,,,,,,,,11.5935491852545,1.31404938677653,131.404938677653,2.85206666885242,,,,Rio,,,,PARÁ,CHAVES,,,hid_trecho_massa_dagua_a_bc250k_2015,,,,,,,,,,,,,,,,54
34840.0,35727.0,,,,,,,,Natural,Estadual,Corpo Hídrico Estadual,,,,,,,,2.01004859898135,0.128098433759828,12.8098433759828,1.58373952844726,,,,Lago/Lagoa,,Permanente,,PARÁ,PRAINHA,,,hid_massa_dagua_a_bc250k_2015,,,,,,,,,,,,,,,,
22866.0,38294.0,,,,,,,,Natural,Estadual,Corpo Hídrico Estadual,,,,,,,,1.47910990948786,0.101825191430397,10.1825191430397,1.30713949621926,,,,Lago/Lagoa,,Permanente,,PARÁ,ÓBIDOS,,,hid_massa_dagua_a_bc250k_2015,,,,,,,,,,,,,,,,
14373.0,38415.0,,,,,,,,Natural,Federal,Terra da União (Terra Indígena),,,,,,,,1.43233585137683,0.107938545676833,10.7938545676833,1.22943533131334,,,,Lago/Lagoa,,Permanente,,PARÁ,JACAREACANGA,,,hid_massa_dagua_a_bc250k_2015,,,,,,,,,,,,,,,,
26248.0,37801.0,,,,,,,,Natural,Estadual,Corpo Hídrico Estadual,,,,,,,,3.08544658923834,0.554825892509597,55.4825892509597,1.16812355378414,,,,Lago/Lagoa,,Permanente,,PARÁ,OEIRAS DO PARÁ,,,hid_massa_dagua_a_bc250k_2015,,,,,,,,,,,,,,,,
51604.0,45814.0,,,,,,,,Natural,Estadual,Corpo Hídrico Estadual,,,,,,,,1.80957623342208,0.113346365926596,11.3346365926596,1.51573120521352,,,,Lago/Lagoa,Doce,Permanente,,PARÁ,NOVA IPIXUNA,,,hid_massa_dagua_a_bc250k_2015,,,,,,,,,,,,,,,,
10550.0,6536.0,,,,,,,,Natural,Federal,Corpo Hídrico Federal,,,,,,,,3.34336639890388,0.226862891095256,22.6862891095256,1.97948105951221,,,,,,,,PARÁ,BAIÃO,,162-104_20040824,bho_massa_dagua,,,,,,,,,,,,,,,,
20198.0,62987.0,,,Rio Nhamundá,,Rio,,Nhamundá,Natural,Federal,Terra da União (Terra Indígena),,,,,,,,148.463871525915,10.034113730405,1003.4113730405,13.2169236216243,,,,Rio,,,Rio Nhamundá,"AMAZONAS, PARÁ","FARO, NHAMUNDÁ",,,bho_massa_dagua_2019,Atualizada geometria em 09/2016,,,,,,,,,,,,,,4556,4556
46313.0,38433.0,,,,,,,,Natural,Federal,Corpo Hídrico Federal,,,,,,,,9.16124479320515,1.23153624603705,123.153624603705,2.32798403162125,,,,Lago/Lagoa,,Permanente,,PARÁ,MONTE ALEGRE,,,hid_massa_dagua_a_bc250k_2015,,,,,,,,,,,,,,,,
13345.0,53753.0,,,,,,,,Natural,Estadual,Corpo Hídrico Estadual,,,,,,,,3.31288885766894,0.17769800786781,17.769800786781,2.21622931413531,,,,,,,,PARÁ,PRAINHA,,,hid_trecho_massa_dagua_a_bc250k_2015,,,,,,,,,,,,,,,,
88.0,56528.0,,,Rio Urubuquara,,Rio,,Urubuquara,Natural,Estadual,Corpo Hídrico Estadual,,,,,,,,13.2158842542682,1.31408267670776,131.408267670776,3.25112741048119,,,,Rio,,,Rio Urubuquara,PARÁ,CACHOEIRA DO ARARI,,,hid_trecho_massa_dagua_a_bc250k_2015,,,,,,,,,,,,,,,611812,611812
240865.0,63059.0,,,,,,,,Natural,Estadual,Corpo Hídrico Estadual,,,,,,,,194.652460098743,74.4079152755221,7440.79152755221,6.36354964766182,,,,,,,,PARÁ,PRAINHA,,,bho_massa_dagua_2019,Atualizada geometria em 09/2016,,,,,,,,,,,,,,,
712.0,53878.0,,,Rio Juruaçu,,Rio,,Juruaçu,Natural,Estadual,Corpo Hídrico Estadual,,,,,,,,15.9162668179109,2.28482313236173,228.482313236173,2.96936801237773,,,,Rio,,,Rio Juruaçu,PARÁ,SÃO SEBASTIÃO DA BOA VISTA,,,hid_trecho_massa_dagua_a_bc250k_2015,,,,,,,,,,,,,,,621456,621456
4171.0,57192.0,,,,,,,,Natural,Estadual,Corpo Hídrico Estadual,,,,,,,,5.35033315720597,0.396254248868588,39.6254248868588,2.39686165735835,,,,,,,,PARÁ,CAMETÁ,,,hid_trecho_massa_dagua_a_bc250k_2015,,,,,,,,,,,,,,,,
36492.0,37679.0,,,,,,,,Natural,Estadual,Corpo Hídrico Estadual,,,,,,,,1.13731888425636,0.062080682386546,6.20806823865455,1.28722100386687,,,,Lago/Lagoa,,Permanente,,PARÁ,SÃO FÉLIX DO XINGU,,,hid_massa_dagua_a_bc250k_2015,,,,,,,,,,,,,,,,
48893.0,9398.0,,,,,,,,Natural,Federal,Terra da União (Terra Indígena),,,,,,,,3.21367879717238,0.269354987135984,26.9354987135984,1.7461802235586,,,,,,,,PARÁ,SÃO FÉLIX DO XINGU,,163-111_20050603,bho_massa_dagua,,,,,,,,,,,,,,,,
53180.0,6642.0,,,,,,,,Natural,Estadual,Corpo Hídrico Estadual,,,,,,,,4.6294501861297,0.473362509996497,47.3362509996497,1.89749916790399,,,,,,,,PARÁ,PRAINHA,,166-102_20051028,bho_massa_dagua,,,,,,,,,,,,,,,,
20660.0,55275.0,,,Furo do Bagre,,Furo,do,Bagre,Natural,Estadual,Corpo Hídrico Estadual,,,,,,,,16.8686655823151,3.03988773465391,303.988773465391,2.72835617098854,,,,Rio,,,,PARÁ,BAGRE,,,hid_trecho_massa_dagua_a_bc250k_2015,,,,,,,,,,,,,,,62,62
17699.0,49356.0,,,,,,,,Natural,Estadual,Corpo Hídrico Estadual,,,,,,,,1.26681988571281,0.063239813766609,6.32398137666094,1.42058979058827,,,,Meandro abandonado,,Permanente,,PARÁ,PARAGOMINAS,,,hid_massa_dagua_a_bc250k_2015,,,,,,,,,,,,,,,,
507.0,53865.0,,,Canal do Sul,,Canal,do,Sul,Natural,Federal,Corpo Hídrico Federal,,,,,,,,381.508493593301,1333.72996878511,133372.996878511,2.94590925333781,,,,Rio,,,,PARÁ,"AFUÁ, CHAVES",,,hid_trecho_massa_dagua_a_bc250k_2015,,,,,,,,,,,,,,,,52
3180.0,53867.0,,,,,,,,Natural,Estadual,Corpo Hídrico Estadual,,,,,,,,8.42494244360052,0.974874035654352,97.4874035654352,2.4062558297796,,,,Rio,,,Rio Juarimbu,PARÁ,IGARAPÉ-MIRI,,,hid_trecho_massa_dagua_a_bc250k_2015,,,,,,,,,,,,,,,618,618
39733.0,55593.0,,,Rio Matuni,,Rio,,Matuni,Natural,Estadual,Corpo Hídrico Estadual,,,,,,,,21.2589545322413,1.64676673086801,164.676673086801,4.6717002474797,,,,Rio,,,Rio Matuni,PARÁ,BREVES,,,hid_trecho_massa_dagua_a_bc250k_2015,,,,,,,,,,,,,,,52346,52566
38613.0,58973.0,,,,,,,,Natural,Federal,Terra da União (Unidade de Conservação),,,,,,,,111.529194923704,52.613214489381,5261.3214489381,4.3360098219757,,,,Rio,,,Rio Piriá,PARÁ,VISEU,,,hid_trecho_massa_dagua_a_bc250k_2015,,,,,,,,,,,,,,,712,712
39.0,55240.0,,,Rio Tauari Grande,,Rio,,Tauari Grande,Natural,Estadual,Corpo Hídrico Estadual,,,,,,,,6.66814885891641,0.564734710649209,56.4734710649209,2.50225838815577,,,,Rio,,,Rio Tauari Grande,PARÁ,CURRALINHO,,,hid_trecho_massa_dagua_a_bc250k_2015,,,,,,,,,,,,,,,623674,623674
241045.0,56429.0,,,Rio Cariatuba,,Rio,,Cariatuba,Natural,Federal,Terra da União (Unidade de Conservação),,,,,,,,34.2958726409619,2.52128556652714,252.128556652714,6.09087865277721,,,,Rio,,,Rio Cariatuba,PARÁ,PORTEL,,,hid_trecho_massa_dagua_a_bc250k_2015,,,,,,,,,,,,,,,62642,62642
56873.0,53745.0,,,Rio Iriri Novo,,Rio,,Iriri Novo,Natural,Federal,Terra da União (Terra Indígena),,,,,,,,102.981340436432,7.02460207904697,702.460207904697,10.957129255097,,,,Rio,,,Rio Iriri Novo,PARÁ,ALTAMIRA,,,hid_trecho_massa_dagua_a_bc250k_2015,,,,,,,,,,,,,,,422,422
36.0,55194.0,,,,,,,,Natural,Estadual,Corpo Hídrico Estadual,,,,,,,,10.8017920104202,0.423399680400819,42.3399680400819,4.68133430300247,,,,,Doce,,,PARÁ,ACARÁ,,,hid_trecho_massa_dagua_a_bc250k_2015,,,,,,,,,,,,,,,,
422.0,63762.0,,,Rio Curuá,,Rio,,Curuá,Natural,Estadual,Corpo Hídrico Estadual,,,,,,,,295.024199414481,31.6693817611485,3166.93817611485,14.7838298726821,,,,Rio,,,Rio Curuá,PARÁ,ALTAMIRA,,,hid_trecho_massa_dagua_a_bc250k_2015,,,,,,,,,,,,,,,4226,4226
29708.0,15349.0,,,,,,,,Natural,Estadual,Corpo Hídrico Estadual,,,,,,,,3.35583349473929,0.273150132329057,27.3150132329057,1.81070960420724,,,,,,,,PARÁ,TERRA SANTA,,169-102_20050923,bho_massa_dagua,,,,,,,,,,,,,,,,
241066.0,56399.0,,,,,,,,Natural,Estadual,Corpo Hídrico Estadual,,,,,,,,21.7680938528119,3.49228020500367,349.228020500367,3.28484565666677,,,,Rio,,,Rio Cajueiro,PARÁ,CHAVES,,,hid_trecho_massa_dagua_a_bc250k_2015,,,,,,,,,,,,,,,,56
514.0,55582.0,,,,,,,,Natural,Estadual,Corpo Hídrico Estadual,,,,,,,,2.21428241131794,0.205184649034852,20.5184649034852,1.37850925363684,,,,,,,,PARÁ,PRAINHA,,,hid_trecho_massa_dagua_a_bc250k_2015,,,,,,,,,,,,,,,,
24203.0,37219.0,,,,,,,,Natural,Federal,Corpo Hídrico Federal,,,,,,,,3.55667193502112,0.449652657940237,44.9652657940237,1.4957338898542,,,,Lago/Lagoa,,Permanente,,PARÁ,SANTARÉM,,,hid_massa_dagua_a_bc250k_2015,,,,,,,,,,,,,,,,
931.0,242611.0,,,Rio Trombetas,,Rio,,Trombetas,Natural,Estadual,Corpo Hídrico Estadual,,,,,,,,293.695216385505,36.0942241912108,3609.42241912108,13.7856461073006,,,,Rio,,,Rio Trombetas,PARÁ,ORIXIMINÁ,Carta 1:250000,170-101_20050825,bho_massa_dagua,,,,,,,,,,,,,,,454,454
38277.0,55900.0,,,,,,,,Natural,Estadual,Corpo Hídrico Estadual,,,,,,,,3.71313174277206,0.511794740044161,51.1794740044161,1.46366456109215,,,,,,,Lago Nambu,PARÁ,ALENQUER,,,hid_trecho_massa_dagua_a_bc250k_2015,,,,,,,,,,,,,,,,
43634.0,35774.0,,,,,,,,Natural,Estadual,Corpo Hídrico Estadual,,,,,,,,1.14886941021061,0.094051145348576,9.40511453485761,1.05642271323203,,,,Lago/Lagoa,,Permanente,,PARÁ,ALMEIRIM,,,hid_massa_dagua_a_bc250k_2015,,,,,,,,,,,,,,,,
241186.0,15754.0,,,Rio Mamuru,,Rio,,Mamuru,Natural,Federal,Corpo Hídrico Federal,,,,,,,,181.853133387812,71.86205418641,7186.20541864101,6.04950838609519,,,,Rio,,,Rio Mamuru,"AMAZONAS, PARÁ","BARREIRINHA, JURUTI, PARINTINS",Carta 1:100000,170-103_20050825,bho_massa_dagua,,,,,,,,,,,,,,,4562,4562
28073.0,57060.0,,,Furo Macacaá,,Furo,,Macacaá,Natural,Estadual,Corpo Hídrico Estadual,,,,,,,,21.1302788454597,1.64710780930555,164.710780930555,4.64294269459176,,,,Rio,,,Furo Macacaá,PARÁ,LIMOEIRO DO AJURU,,,hid_trecho_massa_dagua_a_bc250k_2015,,,,,,,,,,,,,,,62136,62136
46611.0,57063.0,,,,,,,,Natural,Estadual,Corpo Hídrico Estadual,,,,,,,,9.44866491146946,0.606955057257923,60.6955057257923,3.42011956155934,,,,Rio,,,Igarapé Vilelazinha,PARÁ,SÃO SEBASTIÃO DA BOA VISTA,,,hid_trecho_massa_dagua_a_bc250k_2015,,,,,,,,,,,,,,,621452,621452
904.0,53706.0,,,,,,,,Natural,Estadual,Corpo Hídrico Estadual,,,,,,,,15.2631861336513,2.92227920749683,292.227920749683,2.51787087805776,,,,Rio,,,,PARÁ,ALMEIRIM,,,hid_trecho_massa_dagua_a_bc250k_2015,,,,,,,,,,,,,,,4321178,4321178
27180.0,14818.0,,,,,,,,Natural,Federal,Terra da União (Terra Indígena),,,,,,,,4.21919397254589,0.32243921363577,32.243921363577,2.095340819906,,,,,,,,PARÁ,ALTAMIRA,,165-111_20050719,bho_massa_dagua,,,,,,,,,,,,,,,,
46044.0,14953.0,,,Lagoa Juruacá,,Lagoa,,Juruacá,Natural,Estadual,Corpo Hídrico Estadual,,,,,,,,89.4786422219024,13.1034011480735,1310.34011480735,6.97070133248195,,,,,,,,PARÁ,ORIXIMINÁ,Carta 1:100000,169-101_20050923,bho_massa_dagua,,,,,,,,,,,,,,,,
40174.0,45625.0,,,,,,,,Natural,Estadual,Corpo Hídrico Estadual,,,,,,,,2.06926329697479,0.179478558161647,17.9478558161647,1.37739523729166,,,,Lago/Lagoa,Doce,Permanente,,PARÁ,SANTA MARIA DAS BARREIRAS,,,hid_massa_dagua_a_bc250k_2015,,,,,,,,,,,,,,,,
21137.0,49200.0,,,,,,,,Natural,Estadual,Corpo Hídrico Estadual,,,,,,,,3.12417542549414,0.274398065879275,27.4398065879275,1.68187609294215,,,,Meandro abandonado,,Permanente,,PARÁ,PARAGOMINAS,,,hid_massa_dagua_a_bc250k_2015,,,,,,,,,,,,,,,,
57251.0,62962.0,,,,,,,,Natural,Federal,Corpo Hídrico Federal,,,,,,,,45.6526824092541,4.4348754690196,443.48754690196,6.11328571878465,,,,,,,,PARÁ,MONTE ALEGRE,,,bho_massa_dagua_2019,Atualizada geometria em 09/2016,,,,,,,,,,,,,,,
27002.0,15465.0,,,,,,,,Natural,Federal,Corpo Hídrico Federal,,,,,,,,2.23629225823454,0.204007356460772,20.4007356460772,1.39622289275165,,,,,,,,PARÁ,FARO,,170-102_20050825,bho_massa_dagua,alterado para Federal,,,,,,,,,,,,,,,
7943.0,46844.0,,,,,,,,Natural,Federal,Terra da União (Terra Indígena),,,,,,,,1.24615622796137,0.071172285539057,7.11722855390567,1.3172437432679,,,,Meandro abandonado,Doce,Permanente,,PARÁ,SÃO FÉLIX DO XINGU,,,hid_massa_dagua_a_bc250k_2015,,,,,,,,,,,,,,,,
32563.0,62950.0,,,,,,,,Natural,Federal,Corpo Hídrico Federal,,,,,,,,32.1787686384401,20.2707568253188,2027.07568253188,2.01550345842681,,,,,,,,PARÁ,ÓBIDOS,,,bho_massa_dagua_2019,Atualizada geometria em 09/2016,,,,,,,,,,,,,,,
40514.0,48335.0,,,,,,,,Natural,Estadual,Corpo Hídrico Estadual,,,,,,,,2.46331804813638,0.140309312832222,14.0309312832222,1.85449791041923,,,,Lago/Lagoa,Doce,Permanente,,PARÁ,SANTANA DO ARAGUAIA,,,hid_massa_dagua_a_bc250k_2015,,,,,,,,,,,,,,,,
15605.0,22852.0,,,,,,,,Natural,Estadual,Corpo Hídrico Estadual,,,,,,,,2.23851750440812,0.27457913729393,27.457913729393,1.20469146925136,,,,,,,,PARÁ,PONTA DE PEDRAS,,162-101_20060414,bho_massa_dagua,,,,,,,,,,,,,,,,
5538.0,15717.0,,,,,,,,Natural,Estadual,Corpo Hídrico Estadual,,,,,,,,3.07414180689769,0.323995712941777,32.3995712941777,1.52301216977945,,,,,,,,PARÁ,JURUTI,,169-103_20050923,bho_massa_dagua,,,,,,,,,,,,,,,,
21099.0,56355.0,,,,,,,,Natural,Federal,Terra da União (Unidade de Conservação),,,,,,,,1.26620077674125,0.07845888761032,7.84588876103199,1.27476640820411,,,,,,,,,,,,hid_trecho_massa_dagua_a_bc250k_2015,,,,,,,,,,,,,,,,
5183.0,38400.0,,,,,,,,Natural,Estadual,Corpo Hídrico Estadual,,,,,,,,1.66377272922892,0.155545532518316,15.5545532518316,1.18963665948283,,,,Lago/Lagoa,,Permanente,,PARÁ,ALENQUER,,,hid_massa_dagua_a_bc250k_2015,,,,,,,,,,,,,,,,
330.0,55180.0,,,,,,,,Natural,Estadual,Corpo Hídrico Estadual,,,,,,,,4.28120929943461,0.238003936777838,23.8003936777838,2.4747053549279,,,,,,,,PARÁ,MELGAÇO,,,hid_trecho_massa_dagua_a_bc250k_2015,,,,,,,,,,,,,,,,
50869.0,36197.0,,,,,,,,Natural,Estadual,Corpo Hídrico Estadual,,,,,,,,1.44563857391655,0.105715602241294,10.5715602241294,1.25383183420031,,,,Lago/Lagoa,,Permanente,,PARÁ,ALTAMIRA,,,hid_massa_dagua_a_bc250k_2015,,,,,,,,,,,,,,,,
27652.0,57106.0,,,Rio Aruri Grande,,Rio,,Aruri Grande,Natural,Estadual,Corpo Hídrico Estadual,,,,,,,,29.1910078521676,2.51808764102178,251.808764102178,5.18755575330376,,,,Rio,,,Rio Aruri Grande,PARÁ,"ITAITUBA, TRAIRÃO",,,hid_trecho_massa_dagua_a_bc250k_2015,,,,,,,,,,,,,,,4424,4424
50825.0,36032.0,,,,,,,,Natural,Estadual,Corpo Hídrico Estadual,,,,,,,,7.91820410680671,0.985236921436864,98.5236921436864,2.24960081867897,,,,Lago/Lagoa,,Permanente,,PARÁ,PRAINHA,,,hid_massa_dagua_a_bc250k_2015,,,,,,,,,,,,,,,,
19204.0,49236.0,,,,,,,,Natural,Federal,Terra da União (Unidade de Conservação),,,,,,,,1.95292319074556,0.125784753228315,12.5784753228315,1.5528169747296,,,,Lago/Lagoa,,Permanente,,PARÁ,MAGALHÃES BARATA,,,hid_massa_dagua_a_bc250k_2015,,,,,,,,,,,,,,,,
46590.0,53797.0,,,,,,,,Natural,Estadual,Corpo Hídrico Estadual,,,,,,,,37.8671202083422,9.13521373249469,913.521373249469,3.53306827635033,,,,,,,,PARÁ,ALMEIRIM,,,hid_trecho_massa_dagua_a_bc250k_2015,,,,,,,,,,,,,,,,
50554.0,39057.0,,,,,,,,Natural,Estadual,Corpo Hídrico Estadual,,,,,,,,5.36693181087065,0.62155063850644,62.155063850644,1.91971574680849,,,,Lago/Lagoa,,Permanente,,PARÁ,MOJU,,,hid_massa_dagua_a_bc250k_2015,,,,,,,,,,,,,,,,
656.0,56527.0,,,Rio Macacaá,,Rio,,Macacaá,Natural,Estadual,Corpo Hídrico Estadual,,,,,,,,5.93148635506117,0.44295352348069,44.295352348069,2.51323768796478,,,,,,,,PARÁ,LIMOEIRO DO AJURU,,,hid_trecho_massa_dagua_a_bc250k_2015,,,,,,,,,,,,,,,,
59474.0,57184.0,,,,,,,,Natural,Estadual,Corpo Hídrico Estadual,,,,,,,,3.52427616085198,0.303049157332674,30.3049157332674,1.80535453052312,,,,,,,,PARÁ,CACHOEIRA DO ARARI,,,hid_trecho_massa_dagua_a_bc250k_2015,,,,,,,,,,,,,,,,
45299.0,54714.0,,,,,,,,Natural,Estadual,Corpo Hídrico Estadual,,,,,,,,5.56303373525151,0.288582946665866,28.8582946665866,2.9202865626973,,,,,,,,PARÁ,ITAITUBA,,,hid_trecho_massa_dagua_a_bc250k_2015,,,,,,,,,,,,,,,,
42380.0,36060.0,,,,,,,,Natural,Estadual,Corpo Hídrico Estadual,,,,,,,,2.36776227686332,0.172974471290329,17.2974471290329,1.60544783756997,,,,Lago/Lagoa,,Permanente,,PARÁ,PRAINHA,,,hid_massa_dagua_a_bc250k_2015,,,,,,,,,,,,,,,,
1067.0,53882.0,,,,,,,,Natural,Federal,Corpo Hídrico Federal,,,,,,,,81.5269610811103,46.4811586456,4648.11586456,3.3721888647248,,,,Canal,,,,PARÁ,CHAVES,,,hid_trecho_massa_dagua_a_bc250k_2015,,,,,,,,,,,,,,,,
41582.0,37401.0,,,,,,,,Natural,Estadual,Corpo Hídrico Estadual,,,,,,,,1.76812291896692,0.160130707425708,16.0130707425708,1.2460178124576,,,,Lago/Lagoa,,Permanente,,PARÁ,JURUTI,,,hid_massa_dagua_a_bc250k_2015,,,,,,,,,,,,,,,,
30514.0,15147.0,,,,,,,,Natural,Federal,Corpo Hídrico Federal,,,,,,,,4.01806402578397,0.366303405563278,36.6303405563278,1.87217086697431,,,,,,,,PARÁ,ÓBIDOS,,168-102_20050805,bho_massa_dagua,,,,,,,,,,,,,,,,
27029.0,38809.0,,,,,,,,Natural,Federal,Terra da União (Unidade de Conservação),,,,,,,,1.93215866146024,0.152417290142158,15.2417290142158,1.3956443973201,,,,Lago/Lagoa,,Permanente,,PARÁ,ORIXIMINÁ,,,hid_massa_dagua_a_bc250k_2015,,,,,,,,,,,,,,,,
36799.0,38804.0,,,,,,,,Natural,Estadual,Corpo Hídrico Estadual,,,,,,,,2.16150310489444,0.106215609111962,10.6215609111962,1.87029795947924,,,,Lago/Lagoa,,Permanente,,PARÁ,ÓBIDOS,,,hid_massa_dagua_a_bc250k_2015,,,,,,,,,,,,,,,,
54521.0,38508.0,,,,,,,,Natural,Federal,Terra da União (Unidade de Conservação),,,,,,,,1.50626009417065,0.083475827562165,8.34758275621653,1.47017391213698,,,,Lago/Lagoa,,Permanente,,PARÁ,ORIXIMINÁ,,,hid_massa_dagua_a_bc250k_2015,,,,,,,,,,,,,,,,
40899.0,6058.0,,,,,,,,Natural,Federal,Terra da União (Terra Indígena),,,,,,,,4.12614053015825,0.348236103571352,34.8236103571352,1.97176987090062,,,,,,,,PARÁ,IPIXUNA DO PARÁ,,160-103_20050803,bho_massa_dagua,,,,,,,,,,,,,,,,
7959.0,37503.0,,,,,,,,Natural,Estadual,Corpo Hídrico Estadual,,,,,,,,1.21628462880479,0.073143132873072,7.31431328730716,1.26822861369837,,,,Lago/Lagoa,,Permanente,,PARÁ,PARAGOMINAS,,,hid_massa_dagua_a_bc250k_2015,,,,,,,,,,,,,,,,
22714.0,6752.0,,,,,,,,Natural,Estadual,Corpo Hídrico Estadual,,,,,,,,3.12212704215457,0.27737588056388,27.737588056388,1.67172690555896,,,,,,,,PARÁ,PRAINHA,,166-102_20051028,bho_massa_dagua,,,,,,,,,,,,,,,,
38072.0,15426.0,,,,,,,,Natural,Estadual,Corpo Hídrico Estadual,,,,,,,,1.90244390444254,0.236436031222935,23.6436031222935,1.10332672519703,,,,,,,,PARÁ,JURUTI,,169-102_20050923,bho_massa_dagua,,,,,,,,,,,,,,,,
16343.0,9532.0,,,,,,,,Natural,Federal,Terra da União (Unidade de Conservação),,,,,,,,2.79349413144863,0.300821454766714,30.0821454766714,1.43629109569805,,,,,,,,PARÁ,CANAÃ DOS CARAJÁS,,162-107_20040729,bho_massa_dagua,,,,,,,,,,,,,,,,
6225.0,39489.0,,,,,,,,Natural,Estadual,Corpo Hídrico Estadual,,,,,,,,2.73307909018689,0.359228573459824,35.9228573459824,1.28592568516291,,,,Lago/Lagoa,,Permanente,,PARÁ,PRAINHA,,,hid_massa_dagua_a_bc250k_2015,,,,,,,,,,,,,,,,
242049.0,243879.0,5532.0,,Barragem SP10,,Barragem,,SP10,Artificial,Federal,Terra da União (Unidade de Conservação),ANM,Mineracao Rio do Norte S.A.,ANM,,,,,3.45529571466994,0.689708606453078,68.9708606453078,1.1732795665214,Contenção de rejeitos de mineração,ANM,,,,,,PARÁ,ORIXIMINÁ,,,bho_massa_dagua_2019,,,,,,,,,,,,,,,,
22590.0,15406.0,,,Lago do Salé,,Lago,do,Salé,Natural,Estadual,Corpo Hídrico Estadual,,,,,,,,2.74319345302743,0.309844409676816,30.9844409676816,1.38974049210404,,,,,,,,PARÁ,JURUTI,Carta 1:100000,169-102_20050923,bho_massa_dagua,,,,,,,,,,,,,,,,
58341.0,15715.0,,,Lago do Xituba,,Lago,do,Xituba,Natural,Estadual,Corpo Hídrico Estadual,,,,,,,,5.21969600507079,1.36323376072699,136.323376072699,1.2606924509942,,,,,,,,PARÁ,JURUTI,Carta 1:100000,169-103_20050923,bho_massa_dagua,,,,,,,,,,,,,,,,
51317.0,55696.0,,,,,,,,Natural,Federal,Terra da União (Unidade de Conservação),,,,,,,,13.8227428145712,2.82520097819535,282.520097819535,2.31909565371898,,,,Rio,,,,PARÁ,TRACUATEUA,,,hid_trecho_massa_dagua_a_bc250k_2015,,,,,,,,,,,,,,,71172,711616
279.0,22978.0,,,,,,,,Natural,Estadual,Corpo Hídrico Estadual,,,,,,,,51.4080256293442,19.9101828656989,1991.01828656989,3.24894536808684,,,,,,,,PARÁ,CACHOEIRA DO ARARI,,162-101_20060414,bho_massa_dagua,,,,,,,,,,,,,,,,
35033.0,15060.0,,,,,,,,Natural,Estadual,Corpo Hídrico Estadual,,,,,,,,3.48187844541301,0.552404154141396,55.2404154141396,1.32109559945945,,,,,,,,PARÁ,MONTE ALEGRE,,167-102_20050903,bho_massa_dagua,,,,,,,,,,,,,,,,
26392.0,37736.0,,,Lagoa Remansinho,,Lagoa,,Remansinho,Natural,Estadual,Corpo Hídrico Estadual,,,,,,,,1.42524643503642,0.070620074366922,7.0620074366922,1.51242896617087,,,,Lago/Lagoa,,Permanente,,PARÁ,SÃO FÉLIX DO XINGU,,,hid_massa_dagua_a_bc250k_2015,,,,,,,,,,,,,,,,
45124.0,53905.0,,,,,,,,Natural,Estadual,Corpo Hídrico Estadual,,,,,,,,2.14873309843229,0.089295545409723,8.92955454097227,2.02776062095866,,,,,,,,PARÁ,MARABÁ,,,hid_trecho_massa_dagua_a_bc250k_2015,,,,,,,,,,,,,,,,
41822.0,62380.0,,,,,,,,Natural,Estadual,Corpo Hídrico Estadual,,,,,,,,4.55267013161164,0.701592126865064,70.1592126865064,1.53275569736913,,,,Rio,,,,PARÁ,OEIRAS DO PARÁ,,,hid_trecho_massa_dagua_a_bc250k_2015,,,,,,,,,,,,,,,,
28751.0,39028.0,,,,,,,,Natural,Estadual,Corpo Hídrico Estadual,,,,,,,,1.75073295426965,0.07199054840661,7.19905484066096,1.84005698927648,,,,Lago/Lagoa,,Permanente,,PARÁ,FARO,,,hid_massa_dagua_a_bc250k_2015,,,,,,,,,,,,,,,,
54707.0,15277.0,,,,,,,,Natural,Estadual,Corpo Hídrico Estadual,,,,,,,,2.20564844175537,0.274165862324918,27.4165862324918,1.18789679575663,,,,,,,,PARÁ,ORIXIMINÁ,,169-102_20050923,bho_massa_dagua,,,,,,,,,,,,,,,,
45067.0,15711.0,,,Lago do Jenipapo,,Lago,do,Jenipapo,Natural,Estadual,Corpo Hídrico Estadual,,,,,,,,2.3876806462289,0.305454676699918,30.5454676699918,1.21829358689253,,,,,,,,PARÁ,JURUTI,Carta 1:100000,169-103_20050923,bho_massa_dagua,,,,,,,,,,,,,,,,
4589.0,15070.0,,,,,,,,Natural,Federal,Corpo Hídrico Federal,,,,,,,,3.11594794705715,0.403785127427189,40.3785127427189,1.38281519479383,,,,,,,,PARÁ,SANTARÉM,,167-102_20050903,bho_massa_dagua,,,,,,,,,,,,,,,,
48170.0,39315.0,,,,,,,,Natural,Federal,Terra da União (Terra Indígena),,,,,,,,2.92453951197188,0.247637053897958,24.7637053897958,1.65729105864495,,,,Lago/Lagoa,,Permanente,,PARÁ,JACAREACANGA,,,hid_massa_dagua_a_bc250k_2015,,,,,,,,,,,,,,,,
17549.0,38838.0,,,,,,,,Natural,Federal,Terra da União (Terra Indígena),,,,,,,,1.29446426159575,0.065935253098032,6.59352530980319,1.42160955618173,,,,Lago/Lagoa,,Permanente,,PARÁ,ALTAMIRA,,,hid_massa_dagua_a_bc250k_2015,,,,,,,,,,,,,,,,
45596.0,62960.0,,,,,,,,Natural,Estadual,Corpo Hídrico Estadual,,,,,,,,124.016750892865,28.9121077300765,2891.21077300765,6.50413550605729,,,,,,,,PARÁ,PRAINHA,,,bho_massa_dagua_2019,Atualizada geometria em 09/2016,,,,,,,,,,,,,,,
871.0,55077.0,,,,,,,,Natural,Estadual,Corpo Hídrico Estadual,,,,,,,,64.7477529495028,9.67507382853116,967.507382853117,5.87011575601234,,,,Rio,,,Rio Cajuúba,PARÁ,MUANÁ,,,hid_trecho_massa_dagua_a_bc250k_2015,,,,,,,,,,,,,,,6198,6198
33460.0,15422.0,,,,,,,,Natural,Estadual,Corpo Hídrico Estadual,,,,,,,,2.95951956866177,0.301412829792705,30.1412829792705,1.52016054716882,,,,,,,,PARÁ,JURUTI,,169-102_20050923,bho_massa_dagua,,,,,,,,,,,,,,,,
55514.0,35620.0,,,,,,,,Natural,Estadual,Corpo Hídrico Estadual,,,,,,,,1.61533773130705,0.114523579142053,11.4523579142053,1.34606176936554,,,,Meandro abandonado,,Permanente,,PARÁ,PARAGOMINAS,,,hid_massa_dagua_a_bc250k_2015,,,,,,,,,,,,,,,,
56221.0,37614.0,,,,,,,,Natural,Federal,Terra da União (Terra Indígena),,,,,,,,2.05549173508562,0.145432105996125,14.5432105996125,1.51996888125645,,,,Lago/Lagoa,,Permanente,,PARÁ,JACAREACANGA,,,hid_massa_dagua_a_bc250k_2015,,,,,,,,,,,,,,,,
32978.0,53917.0,,,,,,,,Natural,Estadual,Corpo Hídrico Estadual,,,,,,,,1.97590650257684,0.181053951592354,18.1053951592354,1.3095180675644,,,,,,,,PARÁ,MELGAÇO,,,hid_trecho_massa_dagua_a_bc250k_2015,,,,,,,,,,,,,,,,
57964.0,6568.0,,,,,,,,Natural,Estadual,Corpo Hídrico Estadual,,,,,,,,2.83340770036585,0.279599239325694,27.9599239325694,1.51108949153494,,,,,,,,PARÁ,SALVATERRA,,161-101_20040801,bho_massa_dagua,,,,,,,,,,,,,,,,
36983.0,15372.0,,,,,,,,Natural,Estadual,Corpo Hídrico Estadual,,,,,,,,4.13227225913367,0.789195685469907,78.9195685469907,1.31173372622332,,,,,,,,"AMAZONAS, PARÁ","NHAMUNDÁ, TERRA SANTA",,169-102_20050923,bho_massa_dagua,,,,,,,,,,,,,,,,
27388.0,35743.0,,,,,,,,Natural,Federal,Terra da União (Terra Indígena),,,,,,,,2.91317693878977,0.2405743558936,24.05743558936,1.67490934551111,,,,Lago/Lagoa,,Permanente,,PARÁ,IPIXUNA DO PARÁ,,,hid_massa_dagua_a_bc250k_2015,,,,,,,,,,,,,,,,
40541.0,58495.0,,,,,,,,Artificial,Estadual,Corpo Hídrico Estadual,ESTADO,,,,,,,1.42430977827635,0.087230367963628,8.72303679636278,1.35993988739598,,,,Represa/Açude,Doce,,,PARÁ,CONCEIÇÃO DO ARAGUAIA,,,hid_trecho_massa_dagua_a_bc250k_2015,,,,,,,,,,,,,,,,
49154.0,15713.0,,,Lago do Amoatá,,Lago,do,Amoatá,Natural,Estadual,Corpo Hídrico Estadual,,,,,,,,2.05061033857887,0.218628053362132,21.8628053362132,1.23674256167814,,,,,,,,PARÁ,JURUTI,Carta 1:100000,169-103_20050923,bho_massa_dagua,,,,,,,,,,,,,,,,
728.0,53864.0,,,Rio Marimari,,Rio,,Marimari,Natural,Estadual,Corpo Hídrico Estadual,,,,,,,,10.9386742838858,0.827789362582628,82.7789362582628,3.39042294437619,,,,Rio,,,Rio Mari-Mari,PARÁ,BELÉM,,,hid_trecho_massa_dagua_a_bc250k_2015,,,,,,,,,,,,,,,611742,611742
46597.0,55260.0,,,,,,,,Natural,Estadual,Corpo Hídrico Estadual,,,,,,,,4.76858085695529,0.755148939653855,75.5148939653855,1.5474689757373,,,,,,,,PARÁ,PRAINHA,,,hid_trecho_massa_dagua_a_bc250k_2015,,,,,,,,,,,,,,,,
12092.0,57114.0,,,,,,,,Natural,Estadual,Corpo Hídrico Estadual,,,,,,,,10.3823397723753,0.786333912199877,78.6333912199877,3.30172457988901,,,,Rio,,,Rio Bituba,PARÁ,"SANTO ANTÔNIO DO TAUÁ, VIGIA",,,hid_trecho_massa_dagua_a_bc250k_2015,,,,,,,,,,,,,,,61162,61162
45448.0,39051.0,,,,,,,,Natural,Estadual,Corpo Hídrico Estadual,,,,,,,,1.58436594010791,0.152559759375041,15.2559759375041,1.14389090875599,,,,Lago/Lagoa,,Permanente,,PARÁ,FLORESTA DO ARAGUAIA,,,hid_massa_dagua_a_bc250k_2015,,,,,,,,,,,,,,,,
51166.0,63692.0,,,Rio Jamanxim,,Rio,,Jamanxim,Natural,Federal,Terra da União (Unidade de Conservação),,,,,,,,320.724149441753,36.8591672531225,3685.91672531225,14.8973153398926,,,,Rio,,,Rio Jamanxim,PARÁ,"ITAITUBA, TRAIRÃO",,,bho_massa_dagua_2019,,,,,,,,,,,,,,,442,442
27649.0,15008.0,,,,,,,,Natural,Estadual,Corpo Hídrico Estadual,,,,,,,,3.64969039854996,0.330552871776893,33.0552871776893,1.79013039276663,,,,,,,,PARÁ,PRAINHA,,167-102_20050903,bho_massa_dagua,,,,,,,,,,,,,,,,
797.0,63094.0,1288.0,,Bacia 1Ä,,Bacia,,1Ä,Artificial,Estadual,Corpo Hídrico Estadual,ANM,Imerys Rio Capim Caulim S/A,ANM,,,,,1.43139859890635,0.132431695138172,13.2431695138172,1.10920987428042,Contenção de rejeitos de mineração,ANM,,,,,,PARÁ,BARCARENA,DNPM,Bing Aerial,bho_massa_dagua_2019,Reservatório incluído na atualização de 09/2016,,,,,,,,,,,,,,,
44747.0,63405.0,603.0,,Lagoa de Disposição 02 - LD2,,Lagoa,de,Disposição 02 - LD2,Artificial,Estadual,Corpo Hídrico Estadual,ANM,Alcoa World Alumina Brasil Ltda.,ANM,,,,,1.63864410478456,0.164875083093585,16.4875083093585,1.13803661316304,Contenção de rejeitos de mineração,ANM,,,,,,PARÁ,JURUTI,DNPM,Bing Aerial,bho_massa_dagua_2019,Reservatório incluído na atualização de 09/2016,,,,,,,,,,,,,,,
62304.0,64014.0,,,,,,,,Artificial,Estadual,Corpo Hídrico Estadual,ESTADO,,,,,,,0.689705879120842,0.023577132222549,2.35771322225494,1.26668184730995,,,,,,,,PARÁ,ITAITUBA,,Google Satellite,bho_massa_dagua_2019,Reservatório incluído na atualização de 11/2016.,,,,,,,,,,,,,,,
14595.0,53534.0,,,Furo Cururupira,,Furo,,Cururupira,Natural,Estadual,Corpo Hídrico Estadual,,,,,,,,13.1393114361458,0.781795095256651,78.1795095256652,4.19059069434566,,,,Rio,,,Rio Companhia,PARÁ,"BREVES, MELGAÇO",,,hid_trecho_massa_dagua_a_bc250k_2015,,,,,,,,,,,,,,,5232,52552
38192.0,37540.0,,,,,,,,Natural,Estadual,Corpo Hídrico Estadual,,,,,,,,1.41624844681129,0.148863086705739,14.8863086705739,1.03513035634149,,,,Lago/Lagoa,,Permanente,,PARÁ,MONTE ALEGRE,,,hid_massa_dagua_a_bc250k_2015,,,,,,,,,,,,,,,,
782.0,57040.0,,,Canal Perigoso,,Canal,,Perigoso,Natural,Federal,Corpo Hídrico Federal,,,,,,,,325.350676849569,848.662240941523,84866.2240941523,3.14944031889051,,,,Canal,,,,PARÁ,CHAVES,,,hid_trecho_massa_dagua_a_bc250k_2015,,,,,,,,,,,,,,,,
6219.0,38915.0,,,,,,,,Natural,Federal,Terra da União (Unidade de Conservação),,,,,,,,3.94337908017851,0.482839634264455,48.2839634264455,1.60035444458701,,,,Lago/Lagoa,,Permanente,,PARÁ,SÃO CAETANO DE ODIVELAS,,,hid_massa_dagua_a_bc250k_2015,,,,,,,,,,,,,,,,
7944.0,63725.0,,,Rio Iriri,,Rio,,Iriri,Natural,Federal,Terra da União (Terra Indígena),,,,,,,,647.472423121475,90.6219039240195,9062.19039240195,19.1802292195648,,,,Rio,,,Rio Iriri,PARÁ,ALTAMIRA,,,hid_trecho_massa_dagua_a_bc250k_2015,,,,,,,,,,,,,,,422,422
49238.0,15262.0,,,Lagoa Mureruacá,,Lagoa,,Mureruacá,Natural,Estadual,Corpo Hídrico Estadual,,,,,,,,6.2011053199899,0.757360341792686,75.7360341792686,2.00940248848772,,,,,,,,PARÁ,ÓBIDOS,Carta 1:250000,169-102_20050923,bho_massa_dagua,,,,,,,,,,,,,,,,
44677.0,54004.0,1464.0,,Açude Lagoa da Fazenda Arpa,,Açude,,Lagoa da Fazenda Arpa,Artificial,Estadual,Corpo Hídrico Estadual,ESTADO,UNITECA Agroflorestal S/A  - Fazenda Arpa,COSER/ANA (RSB2018),,,0.38,SNISB,0.99607708062472,0.069235579056586,6.92355790565855,1.06752336971411,Irrigação,SNISB,,,Doce,,,PARÁ,SANTA MARIA DAS BARREIRAS,,,hid_trecho_massa_dagua_a_bc250k_2015,,,,,,,,,,,,,,,,
56601.0,53774.0,,,Rio Tapiaí,,Rio,,Tapiaí,Natural,Estadual,Corpo Hídrico Estadual,,,,,,,,12.1091385050887,1.07455598883536,107.455598883536,3.2941838261174,,,,Rio,,,Rio Tapiaí,PARÁ,IGARAPÉ-MIRI,,,hid_trecho_massa_dagua_a_bc250k_2015,,,,,,,,,,,,,,,6,6
192.0,53724.0,,,Rio Poana,,Rio,,Poana,Natural,Estadual,Corpo Hídrico Estadual,,,,,,,,158.008191818565,10.2675560949506,1026.75560949506,13.9057740824979,,,,Rio,,,Rio Poana,PARÁ,ORIXIMINÁ,,,hid_trecho_massa_dagua_a_bc250k_2015,,,,,,,,,,,,,,,4548,4548
8397.0,55273.0,,,Igarapé Carupuú,,Igarapé,,Carupuú,Natural,Estadual,Corpo Hídrico Estadual,,,,,,,,15.5015804138087,0.989710978748247,98.9710978748247,4.3941096688839,,,,Rio,,,Igarapé Curupuú,PARÁ,CURRALINHO,,,hid_trecho_massa_dagua_a_bc250k_2015,,,,,,,,,,,,,,,62182,62182
45296.0,55985.0,,,Furo Tucupi,,Furo,,Tucupi,Natural,Estadual,Corpo Hídrico Estadual,,,,,,,,16.5287216129824,3.93479887681343,393.479887681343,2.34977946437867,,,,Rio,,,Rio Pará,PARÁ,SÃO SEBASTIÃO DA BOA VISTA,,,hid_trecho_massa_dagua_a_bc250k_2015,,,,,,,,,,,,,,,62,62
57.0,62944.0,,,Rio Mapuera,,Rio,,Mapuera,Natural,Estadual,Corpo Hídrico Estadual,,,,,,,,263.999626413355,35.1580944297718,3515.80944297718,12.5556660637998,,,,Rio,,,Rio Mapuera,PARÁ,ORIXIMINÁ,,,bho_massa_dagua_2019,Atualizada geometria em 09/2016,,,,,,,,,,,,,,4544,4544
240874.0,53550.0,,,Rio Tocantins,,Rio,,Tocantins,Natural,Federal,Corpo Hídrico Federal,,,,,,,,1992.82000442323,1362.03403782727,136203.403782727,15.2273104453743,,,,Rio,,,Rio Tocantins,PARÁ,"ABAETETUBA, BAIÃO, BREU BRANCO, CAMETÁ, IGARAPÉ-MIRI, LIMOEIRO DO AJURU, MOCAJUBA, MUANÁ, TUCURUÍ",,,hid_trecho_massa_dagua_a_bc250k_2015,,,,,,,,,,,,,,,6,6
9294.0,53998.0,,,Rio Araci,,Rio,,Araci,Natural,Estadual,Corpo Hídrico Estadual,,,,,,,,10.4534339050757,0.740077445783224,74.0077445783224,3.42664805746459,,,,Rio,,,Rio Araci,PARÁ,SANTA BÁRBARA DO PARÁ,,,hid_trecho_massa_dagua_a_bc250k_2015,,,,,,,,,,,,,,,61164,61164
242710.0,244529.0,,,Rio Teles Pires,São Manoel,Rio,,Teles Pires,Natural,Federal,Corpo Hídrico Federal,,,,,,,,59.8080429954465,8.6832382581883,868.32382581883,5.72358110591522,,,,Rio,,,Rio São Manuel ou Teles Pires,"MATO GROSSO, PARÁ","JACAREACANGA, PARANAÍTA",,,bho_massa_dagua_2019,Atualizada geometria em 09/2016,,,,,,,,,,,,,,444,444
18196.0,15269.0,,,Lagoa Quiriquiri,,Lagoa,,Quiriquiri,Natural,Estadual,Corpo Hídrico Estadual,,,,,,,,60.2109296041619,13.4338123746934,1343.38123746934,4.63259998596069,,,,,,,,PARÁ,"ÓBIDOS, ORIXIMINÁ",Carta 1:250000,169-102_20050923,bho_massa_dagua,,,,,,,,,,,,,,,,
9241.0,6611.0,,,Rio Xingu,,Rio,,Xingu,Natural,Federal,Terra da União (Unidade de Conservação),,,,,,,,85.390414049073,20.3175996291959,2031.75996291959,5.34222319593066,,,,Rio,,,Rio Acaraí,PARÁ,PORTO DE MOZ,Carta 1:100000,165-102_20051031,bho_massa_dagua,,,,,,,,,,,,,,,4214,4214
240998.0,63702.0,,,Rio Xingu,,Rio,,Xingu,Natural,Federal,Corpo Hídrico Federal,,,,,,,,1888.75933512045,1758.03721769147,175803.721769147,12.7031579974464,,,,Rio,,,Rio Xingu,PARÁ,"ALTAMIRA, ANAPU, GURUPÁ, PORTO DE MOZ, SENADOR JOSÉ PORFÍRIO, VITÓRIA DO XINGU",,,bho_massa_dagua_2019,Atualizada geometria em 09/2016,,,,,,,,,,,,,,42,42
149.0,63740.0,,,Rio Novo,,Rio,,Novo,Natural,Estadual,Corpo Hídrico Estadual,,,,,,,,209.299520405844,23.4528139205742,2345.28139205742,12.1876468786444,,,,Rio,,,Rio Novo,PARÁ,"ITAITUBA, NOVO PROGRESSO",,,hid_trecho_massa_dagua_a_bc250k_2015,,,,,,,,,,,,,,,4426,4426
6378.0,55228.0,,,Rio Tiririca,,Rio,,Tiririca,Natural,Estadual,Corpo Hídrico Estadual,,,,,,,,28.4763448271449,2.38216979843516,238.216979843516,5.20291815759106,,,,Rio,,,Rio Tiririca,PARÁ,BAGRE,,,hid_trecho_massa_dagua_a_bc250k_2015,,,,,,,,,,,,,,,62352,62352
331.0,57190.0,,,Paraná Jacuraru,,Paraná,,Jacuraru,Natural,Estadual,Corpo Hídrico Estadual,,,,,,,,17.4749421610971,1.8943442687002,189.43442687002,3.5804317622118,,,,Rio,,,Paraná Jacuraru,PARÁ,ORIXIMINÁ,,,hid_trecho_massa_dagua_a_bc250k_2015,,,,,,,,,,,,,,,4542,4542
53041.0,63763.0,,,Rio Pará,,Rio,,Pará,Natural,Federal,Corpo Hídrico Federal,,,,,,,,158.89172589613,466.037627515079,46603.7627515079,2.07558201747384,,,,Rio,,,Rio Pará,PARÁ,"ABAETETUBA, IGARAPÉ-MIRI, LIMOEIRO DO AJURU, MUANÁ, PONTA DE PEDRAS",,,hid_trecho_massa_dagua_a_bc250k_2015,,,,,,,,,,,,,,,6,6
538.0,57067.0,,,Furo Santa Maria,,Furo,,Santa Maria,Natural,Estadual,Corpo Hídrico Estadual,,,,,,,,14.8201703637779,1.83426931877493,183.426931877493,3.08582116514475,,,,Rio,,,Rio Canaticu,PARÁ,CURRALINHO,,,hid_trecho_massa_dagua_a_bc250k_2015,,,,,,,,,,,,,,,6218,6218
15.0,57202.0,,,Rio Itacuruçá,,Rio,,Itacuruçá,Natural,Estadual,Corpo Hídrico Estadual,,,,,,,,12.5453733827561,0.997991439775387,99.7991439775387,3.54135359258329,,,,Rio,,,Rio Itacuruçá,PARÁ,ABAETETUBA,,,hid_trecho_massa_dagua_a_bc250k_2015,,,,,,,,,,,,,,,61854,61854
20793.0,57041.0,,,Rio Mandaquari,,Rio,,Mandaquari,Natural,Estadual,Corpo Hídrico Estadual,,,,,,,,24.5831494895125,3.2905812621366,329.058126213659,3.82164480736385,,,,Rio,,,Rio Mandaquari,PARÁ,PORTEL,,,hid_trecho_massa_dagua_a_bc250k_2015,,,,,,,,,,,,,,,6274,6274
26822.0,15470.0,,,Lagoa Mãe-Quer,,Lagoa,,Mãe-Quer,Natural,Federal,Terra da União (Unidade de Conservação),,,,,,,,28.2141523900675,3.13677347706732,313.677347706732,4.49235985354982,,,,,,,,PARÁ,ORIXIMINÁ,Carta 1:100000,170-102_20050825,bho_massa_dagua,,,,,,,,,,,,,,,,
86.0,53697.0,,,Rio Purupuru,,Rio,,Purupuru,Natural,Estadual,Corpo Hídrico Estadual,,,,,,,,7.07701845082748,0.532586649936384,53.2586649936384,2.73466604462206,,,,Rio,,,,PARÁ,LIMOEIRO DO AJURU,,,hid_trecho_massa_dagua_a_bc250k_2015,,,,,,,,,,,,,,,6311142,6311142
29158.0,15360.0,,,Lago Piraruacá,,Lago,,Piraruacá,Natural,Estadual,Corpo Hídrico Estadual,,,,,,,,2.36426130623451,0.268699450130479,26.8699450130479,1.28620796313272,,,,,,,,PARÁ,TERRA SANTA,Carta 1:100000,169-102_20050923,bho_massa_dagua,,,,,,,,,,,,,,,,
800.0,53787.0,,,Furo Jaburu,,Furo,,Jaburu,Natural,Estadual,Corpo Hídrico Estadual,,,,,,,,43.9144618322673,3.61744951110867,361.744951110867,6.51111602019445,,,,Rio,,,Furo Jaburu,PARÁ,BREVES,,,hid_trecho_massa_dagua_a_bc250k_2015,,,,,,,,,,,,,,,5234,5256
27631.0,56423.0,,,Rio Ituqui,,Rio,,Ituqui,Natural,Federal,Corpo Hídrico Federal,,,,,,,,69.7777845244451,18.6740862647884,1867.40862647884,4.55351324600514,,,,Rio,,,Paraná do Ituqui,PARÁ,SANTARÉM,,,hid_trecho_massa_dagua_a_bc250k_2015,,,,,,,,,,,,,,,4,4
22376.0,38464.0,,,,,,,,Natural,Estadual,Corpo Hídrico Estadual,,,,,,,,1.56199265155161,0.137758608422455,13.7758608422455,1.18677590740208,,,,Lago/Lagoa,,Permanente,,PARÁ,PARAGOMINAS,,,hid_massa_dagua_a_bc250k_2015,,,,,,,,,,,,,,,,
406.0,55644.0,,,Rio Piranha,,Rio,,Piranha,Natural,Estadual,Corpo Hídrico Estadual,,,,,,,,20.488379352833,1.26478566706574,126.478566706574,5.13745756122461,,,,Rio,,,Furo Jaburu,PARÁ,BREVES,,,hid_trecho_massa_dagua_a_bc250k_2015,,,,,,,,,,,,,,,5234,5256
57779.0,56102.0,,,Rio Paritá,,Rio,,Paritá,Natural,Estadual,Corpo Hídrico Estadual,,,,,,,,26.7859765004385,1.86156839121489,186.156839121489,5.53626785227058,,,,Rio,,,Rio Paritá,PARÁ,MUANÁ,,,hid_trecho_massa_dagua_a_bc250k_2015,,,,,,,,,,,,,,,619434,619434
143.0,56566.0,,,Rio Abaeté,,Rio,,Abaeté,Natural,Estadual,Corpo Hídrico Estadual,,,,,,,,5.67559179217783,0.349411239594588,34.9411239594588,2.70764563307693,,,,,,,,PARÁ,ABAETETUBA,,,hid_trecho_massa_dagua_a_bc250k_2015,,,,,,,,,,,,,,,,
2631.0,56174.0,,,,,,,,Natural,Estadual,Corpo Hídrico Estadual,,,,,,,,9.37208368821293,0.841587534117135,84.1587534117135,2.88094932560102,,,,Rio,,,Rio São Lourenço,PARÁ,IGARAPÉ-MIRI,,,hid_trecho_massa_dagua_a_bc250k_2015,,,,,,,,,,,,,,,618,618
10193.0,55570.0,,,,,,,,Natural,Estadual,Corpo Hídrico Estadual,,,,,,,,8.46872713919368,0.450674093679299,45.0674093679299,3.55742662796729,,,,,,,,PARÁ,PLACAS,,,hid_trecho_massa_dagua_a_bc250k_2015,,,,,,,,,,,,,,,,
39902.0,39701.0,,,,,,,,Natural,Estadual,Corpo Hídrico Estadual,,,,,,,,3.79017874612068,0.208906075596125,20.8906075596125,2.33847787289892,,,,Lago/Lagoa,,Permanente,,PARÁ,PARAGOMINAS,,,hid_massa_dagua_a_bc250k_2015,,,,,,,,,,,,,,,,
48073.0,38582.0,,,,,,,,Natural,Federal,Terra da União (Terra Indígena),,,,,,,,2.91888302600024,0.130876997070421,13.0876997070421,2.27527627588654,,,,Lago/Lagoa,,Permanente,,PARÁ,JACAREACANGA,,,hid_massa_dagua_a_bc250k_2015,,,,,,,,,,,,,,,,
59732.0,54079.0,6723.0,,,,,,,Artificial,Estadual,Corpo Hídrico Estadual,ESTADO,,,,,,,2.28948465683204,0.146271962294819,14.6271962294819,1.6881316094458,,,,Represa/Açude,Doce,,,PARÁ,SANTA MARIA DAS BARREIRAS,,,hid_trecho_massa_dagua_a_bc250k_2015,,,,,,,,,,,,,,,,
58296.0,15339.0,,,Lago do Macaco,,Lago,do,Macaco,Natural,Estadual,Corpo Hídrico Estadual,,,,,,,,4.46597867329434,0.478619695651757,47.8619695651757,1.82041527087717,,,,,,,,PARÁ,JURUTI,Carta 1:100000,169-102_20050923,bho_massa_dagua,,,,,,,,,,,,,,,,
27770.0,63026.0,,,,,,,,Natural,Federal,Terra da União (Unidade de Conservação),,,,,,,,44.8934019064175,4.14655391096168,414.655391096168,6.21710162744312,,,,,,,,PARÁ,"SÃO CAETANO DE ODIVELAS, SÃO JOÃO DA PONTA",,,bho_massa_dagua_2019,Atualizada geometria em 09/2016,,,,,,,,,,,,,,,
35417.0,15042.0,,,,,,,,Natural,Estadual,Corpo Hídrico Estadual,,,,,,,,2.62051027205443,0.35229795881774,35.229795881774,1.24503027246659,,,,,,,,PARÁ,MONTE ALEGRE,,167-102_20050903,bho_massa_dagua,,,,,,,,,,,,,,,,
1764.0,53690.0,,,,,,,,Natural,Estadual,Corpo Hídrico Estadual,,,,,,,,4.5468745659335,0.298218402001346,29.8218402001346,2.34798253677233,,,,,,,,PARÁ,ITAITUBA,,,hid_trecho_massa_dagua_a_bc250k_2015,,,,,,,,,,,,,,,,
23658.0,37883.0,,,Lago Abacate,,Lago,,Abacate,Natural,Federal,Terra da União (Unidade de Conservação),,,,,,,,0.648920722221074,0.026268497898745,2.62684978987445,1.12907588426146,,,,Lago/Lagoa,,Permanente,,PARÁ,ALTAMIRA,,,hid_massa_dagua_a_bc250k_2015,,,,,,,,,,,,,,,,
30699.0,15417.0,,,,,,,,Natural,Estadual,Corpo Hídrico Estadual,,,,,,,,2.15878393425756,0.258595927683605,25.8595927683605,1.19714689922223,,,,,,,,PARÁ,JURUTI,,169-102_20050923,bho_massa_dagua,,,,,,,,,,,,,,,,
2406.0,14986.0,,,,,,,,Natural,Estadual,Corpo Hídrico Estadual,,,,,,,,1.89676580567655,0.200296549661365,20.0296549661365,1.1951601000476,,,,,,,,PARÁ,PRAINHA,,167-102_20050903,bho_massa_dagua,,,,,,,,,,,,,,,,
22269.0,56509.0,,,Boca do Rio Afuá,,Boca,do,Rio Afuá,Natural,Federal,Corpo Hídrico Federal,,,,,,,,29.2011339957864,35.8333251255225,3583.33251255225,1.37564150447288,,,,Rio,,,,PARÁ,AFUÁ,,,hid_trecho_massa_dagua_a_bc250k_2015,,,,,,,,,,,,,,,,5412
356.0,55616.0,,,Rio Moções,,Rio,,Moções,Natural,Estadual,Corpo Hídrico Estadual,,,,,,,,38.8691237314104,2.55274535608898,255.274535608898,6.86041062528275,,,,Rio,,,,PARÁ,ANAJÁS,,,hid_trecho_massa_dagua_a_bc250k_2015,,,,,,,,,,,,,,,528,528
39604.0,53711.0,,,Rio Juçara,,Rio,,Juçara,Natural,Estadual,Corpo Hídrico Estadual,,,,,,,,25.605992205193,2.60452617359011,260.452617359011,4.47431292132258,,,,Rio,,,Rio Juçara,PARÁ,LIMOEIRO DO AJURU,,,hid_trecho_massa_dagua_a_bc250k_2015,,,,,,,,,,,,,,,62138,62138
16.0,62280.0,,,Igarapé Anuerá,,Igarapé,,Anuerá,Natural,Estadual,Corpo Hídrico Estadual,,,,,,,,6.5128073390429,0.479741825023238,47.9741825023238,2.65163381042353,,,,,,,,PARÁ,CACHOEIRA DO ARARI,,,hid_trecho_massa_dagua_a_bc250k_2015,,,,,,,,,,,,,,,,
57659.0,15429.0,,,Lago do Salé,,Lago,do,Salé,Natural,Estadual,Corpo Hídrico Estadual,,,,,,,,102.797636833241,34.3790669689842,3437.90669689842,4.94407666298619,,,,,,,,PARÁ,JURUTI,Carta 1:100000,169-102_20050923,bho_massa_dagua,,,,,,,,,,,,,,,,
38440.0,38798.0,,,,,,,,Natural,Federal,Corpo Hídrico Federal,,,,,,,,1.45546650363235,0.107562182726744,10.7562182726744,1.25147310266861,,,,Lago/Lagoa,,Permanente,,PARÁ,BAIÃO,,,hid_massa_dagua_a_bc250k_2015,,,,,,,,,,,,,,,,
38884.0,15231.0,,,Lagoa Aracuã do Meio/Lagoa Aracuã de Cima,,Lagoa,,Aracuã do Meio/Lagoa Aracuã de Cima,Natural,Estadual,Corpo Hídrico Estadual,,,,,,,,29.9151441178451,3.18875885038602,318.875885038602,4.72421189997351,,,,,,,,PARÁ,ORIXIMINÁ,Carta 1:100000,169-102_20050923,bho_massa_dagua,,,,,,,,,,,,,,,,
464.0,57189.0,,,Furo Acarapireira,,Furo,,Acarapireira,Natural,Estadual,Corpo Hídrico Estadual,,,,,,,,43.4984058420147,5.24830124582955,524.830124582955,5.35442786038042,,,,Rio,,,,PARÁ,AFUÁ,,,hid_trecho_massa_dagua_a_bc250k_2015,,,,,,,,,,,,,,,5418,52418
36716.0,53756.0,,,,,,,,Natural,Federal,Terra da União (Terra Indígena),,,,,,,,6.53050384891929,0.284204662897104,28.4204662897104,3.45446024100149,,,,,,,,PARÁ,OURILÂNDIA DO NORTE,,,hid_trecho_massa_dagua_a_bc250k_2015,,,,,,,,,,,,,,,,
241059.0,53725.0,,,Rio Arapiranga,,Rio,,Arapiranga,Natural,Estadual,Corpo Hídrico Estadual,,,,,,,,18.6874583079789,8.31191715460512,831.191715460512,1.82788446613418,,,,Rio,,,Rio Arapiranga,PARÁ,"BARCARENA, BELÉM",,,hid_trecho_massa_dagua_a_bc250k_2015,,,,,,,,,,,,,,,614,614
15365.0,57115.0,,,,,,,,Natural,Estadual,Corpo Hídrico Estadual,,,,,,,,4.73694570687023,0.190337426219378,19.0337426219378,3.06186063415478,,,,,,,,PARÁ,DOM ELISEU,,,hid_trecho_massa_dagua_a_bc250k_2015,,,,,,,,,,,,,,,,
26734.0,6750.0,,,,,,,,Natural,Estadual,Corpo Hídrico Estadual,,,,,,,,2.99991433228033,0.382830606227433,38.2830606227433,1.36727110445784,,,,,,,,PARÁ,PRAINHA,,166-102_20051028,bho_massa_dagua,,,,,,,,,,,,,,,,
241057.0,53738.0,,,Rio São José,,Rio,,São José,Natural,Estadual,Corpo Hídrico Estadual,,,,,,,,18.6399836865973,4.86035917680219,486.035917680219,2.38429755819568,,,,Rio,,,Rio São José,PARÁ,PONTA DE PEDRAS,,,hid_trecho_massa_dagua_a_bc250k_2015,,,,,,,,,,,,,,,6174,6174
872.0,57211.0,,,Rio Guajará,,Rio,,Guajará,Natural,Estadual,Corpo Hídrico Estadual,,,,,,,,49.4752047629959,4.4886364084118,448.86364084118,6.5853595953204,,,,Rio,,,Rio Guajará,PARÁ,PORTEL,,,hid_trecho_massa_dagua_a_bc250k_2015,,,,,,,,,,,,,,,62736,62736
505.0,53872.0,,,Córrego Cangati,,Córrego,,Cangati,Artificial,Estadual,Corpo Hídrico Estadual,ESTADO,,,,,,,15.7093613984263,2.30676724469816,230.676724469816,2.91679395489458,,,,Represa/Açude,,,,PARÁ,CUMARU DO NORTE,,,hid_trecho_massa_dagua_a_bc250k_2015,,,,,,,,,,,,,,,,
20939.0,55603.0,,,Rio Fortaleza,,Rio,,Fortaleza,Natural,Estadual,Corpo Hídrico Estadual,,,,,,,,25.2864916408093,2.16028668406488,216.028668406488,4.85156653334032,,,,Rio,,,Rio Fortaleza,PARÁ,PONTA DE PEDRAS,,,hid_trecho_massa_dagua_a_bc250k_2015,,,,,,,,,,,,,,,6174,6174
37017.0,38196.0,,,,,,,,Natural,Federal,Corpo Hídrico Federal,,,,,,,,5.5872642282028,0.636067573350759,63.6067573350759,1.97558941469589,,,,Lago/Lagoa,,Permanente,,PARÁ,ALENQUER,,,hid_massa_dagua_a_bc250k_2015,,,,,,,,,,,,,,,,
618.0,57172.0,,,Rio Paruru,,Rio,,Paruru,Natural,Estadual,Corpo Hídrico Estadual,,,,,,,,11.3354724696577,1.26585364619894,126.585364619894,2.84116846971417,,,,Rio,,,Rio Paruru,PARÁ,CAMETÁ,,,hid_trecho_massa_dagua_a_bc250k_2015,,,,,,,,,,,,,,,6,6
11550.0,53847.0,,,Rio Quiá-Paraná,,Rio,,Quiá-Paraná,Natural,Estadual,Corpo Hídrico Estadual,,,,,,,,19.3473811772664,1.6054047828769,160.54047828769,4.30604952220076,,,,Rio,,,Rio Quiá Paraná,PARÁ,PONTA DE PEDRAS,,,hid_trecho_massa_dagua_a_bc250k_2015,,,,,,,,,,,,,,,61742,61742
41259.0,57193.0,,,Furo Mararu,,Furo,,Mararu,Natural,Federal,Corpo Hídrico Federal,,,,,,,,56.9180423324771,5.45829776314148,545.829776314148,6.87021693713015,,,,Rio,,,Furo Mararu,PARÁ,GURUPÁ,,,hid_trecho_massa_dagua_a_bc250k_2015,,,,,,,,,,,,,,,4,4
404.0,55605.0,,,Rio Curuacá,,Rio,,Curuacá,Natural,Estadual,Corpo Hídrico Estadual,,,,,,,,61.0528832354845,9.39249502786888,939.249502786888,5.6177809338064,,,,Rio,,,Rio Arapijó,PARÁ,"BREVES, CURRALINHO",,,hid_trecho_massa_dagua_a_bc250k_2015,,,,,,,,,,,,,,,62364,62364
49460.0,54022.0,,,Furo Curto,,Furo,,Curto,Natural,Estadual,Corpo Hídrico Estadual,,,,,,,,23.5706328360267,1.40879586115347,140.879586115347,5.60010690416452,,,,Rio,,,Furo Curto,PARÁ,BREVES,,,hid_trecho_massa_dagua_a_bc250k_2015,,,,,,,,,,,,,,,52342,52562
28065.0,57004.0,,,Rio Crepori,,Rio,,Crepori,Natural,Estadual,Corpo Hídrico Estadual,,,,,,,,486.862095854415,45.1571517448423,4515.71517448422,20.4311024710926,,,,Rio,,,Rio Crepori,PARÁ,"ITAITUBA, JACAREACANGA",,,hid_trecho_massa_dagua_a_bc250k_2015,,,,,,,,,,,,,,,4432,4432
10774.0,39201.0,,,,,,,,Natural,Estadual,Corpo Hídrico Estadual,,,,,,,,5.75912270601279,0.798075567476144,79.8075567476144,1.81795627088064,,,,Lago/Lagoa,,Permanente,,PARÁ,ALMEIRIM,,,hid_massa_dagua_a_bc250k_2015,,,,,,,,,,,,,,,,
35021.0,53710.0,,,Furo Jacarezinho,,Furo,,Jacarezinho,Natural,Estadual,Corpo Hídrico Estadual,,,,,,,,96.0592747992661,24.6155029998584,2461.55029998584,5.45989203014895,,,,Rio,,,Rio Jacarezinho,PARÁ,BREVES,,,hid_trecho_massa_dagua_a_bc250k_2015,,,,,,,,,,,,,,,,525922
876.0,60526.0,,,,,,,,Natural,Estadual,Corpo Hídrico Estadual,,,,,,,,6.8491983471402,0.73771771281266,73.771771281266,2.24876330531668,,,,Rio,,,,PARÁ,PRAINHA,,,hid_trecho_massa_dagua_a_bc250k_2015,,,,,,,,,,,,,,,434216,434216
17325.0,57219.0,,,Igarapé Boiçu,,Igarapé,,Boiçu,Natural,Estadual,Corpo Hídrico Estadual,,,,,,,,10.7193042968662,0.863229958343737,86.3229958343737,3.25351232300428,,,,Rio,,,Igarapé Boiçu,PARÁ,JURUTI,,,hid_trecho_massa_dagua_a_bc250k_2015,,,,,,,,,,,,,,,4562,4562
42403.0,57240.0,,,Rio Pindobal Grande,,Rio,,Pindobal Grande,Natural,Estadual,Corpo Hídrico Estadual,,,,,,,,16.8372727720677,2.13229614186519,213.229614186519,3.25159985490336,,,,Rio,,,Rio Pindobal Grande,PARÁ,"CAMETÁ, IGARAPÉ-MIRI",,,hid_trecho_massa_dagua_a_bc250k_2015,,,,,,,,,,,,,,,6,6
56433.0,53671.0,,,Rio Aracairu,,Rio,,Aracairu,Natural,Estadual,Corpo Hídrico Estadual,,,,,,,,9.30157993254798,0.762023079586124,76.2023079586124,3.00484288080447,,,,Rio,,,Rio Aracairu,PARÁ,OEIRAS DO PARÁ,,,hid_trecho_massa_dagua_a_bc250k_2015,,,,,,,,,,,,,,,62212,62212
620.0,53801.0,,,Rio Limoeiro,,Rio,,Limoeiro,Natural,Estadual,Corpo Hídrico Estadual,,,,,,,,16.7757158122544,1.35766883578359,135.766883578359,4.06006740801923,,,,Rio,,,Rio Limoeiro,PARÁ,LIMOEIRO DO AJURU,,,hid_trecho_massa_dagua_a_bc250k_2015,,,,,,,,,,,,,,,63112,63112
24796.0,243920.0,,,Igarapé Juruti Grande,,Igarapé,,Juruti Grande,Artificial,Estadual,Corpo Hídrico Estadual,ESTADO,,,,,,,272.958136232781,45.3030618840824,4530.30618840824,11.4361903315823,,,,Rio,,,,PARÁ,JURUTI,Carta 1:100000,169-103_20050923,bho_massa_dagua,,,,,,,,,,,,,,,4552,4552
241227.0,15192.0,,,Rio Arapiuns,,Rio,,Arapiuns,Natural,Estadual,Corpo Hídrico Estadual,,,,,,,,360.05143514845,280.352865097234,28035.2865097235,6.06402740422533,,,,Rio,,,Rio Arapiuns,PARÁ,SANTARÉM,Carta 1:100000,168-103_20050805,bho_massa_dagua,,,,,,,,,,,,,,,4412,4412
42408.0,57000.0,,,Furo Mamão,,Furo,,Mamão,Natural,Federal,Corpo Hídrico Federal,,,,,,,,18.1516611575,9.32591795208721,932.591795208721,1.67617627411302,,,,Rio,,,Furo Mamão,PARÁ,BELÉM,,,hid_trecho_massa_dagua_a_bc250k_2015,,,,,,,,,,,,,,,6,6
8717.0,53748.0,,,Rio Panaúba,,Rio,,Panaúba,Natural,Estadual,Corpo Hídrico Estadual,,,,,,,,58.296861572338,12.9680316207397,1296.80316207397,4.56517313565342,,,,Rio,,,Rio Panaúba,PARÁ,BAGRE,,,hid_trecho_massa_dagua_a_bc250k_2015,,,,,,,,,,,,,,,6234,6234
296.0,55229.0,,,Rio Toma-Lá,,Rio,,Toma-Lá,Natural,Estadual,Corpo Hídrico Estadual,,,,,,,,15.0789584642153,2.44055305511302,244.055305511302,2.72192607906494,,,,Rio,,,Rio Toma Lá,PARÁ,PONTA DE PEDRAS,,,hid_trecho_massa_dagua_a_bc250k_2015,,,,,,,,,,,,,,,6174,6174
241049.0,56478.0,,,Furo Boa Vista,,Furo,,Boa Vista,Natural,Estadual,Corpo Hídrico Estadual,,,,,,,,27.5850737195316,12.1007253493489,1210.07253493489,2.2362355913719,,,,Rio,,,Furo Boa Vista,PARÁ,SÃO SEBASTIÃO DA BOA VISTA,,,hid_trecho_massa_dagua_a_bc250k_2015,,,,,,,,,,,,,,,6214,6214
5387.0,48101.0,,,,,,,,Natural,Estadual,Corpo Hídrico Estadual,,,,,,,,3.35077217128795,0.188163815854096,18.8163815854096,2.17834143464926,,,,Lago/Lagoa,Doce,Permanente,,PARÁ,SANTA MARIA DAS BARREIRAS,,,hid_massa_dagua_a_bc250k_2015,,,,,,,,,,,,,,,,
897.0,56013.0,,,Igarapé Simeão,,Igarapé,,Simeão,Natural,Estadual,Corpo Hídrico Estadual,,,,,,,,12.915933679903,1.48929684250157,148.929684250157,2.98458725640296,,,,Rio,,,Igarapé Camarianã,PARÁ,MELGAÇO,,,hid_trecho_massa_dagua_a_bc250k_2015,,,,,,,,,,,,,,,626112,626112
28703.0,56202.0,,,Rio Tatuoca,,Rio,,Tatuoca,Natural,Estadual,Corpo Hídrico Estadual,,,,,,,,4.53079987180684,0.300560665503349,30.0560665503349,2.33054726984731,,,,,,,,PARÁ,LIMOEIRO DO AJURU,,,hid_trecho_massa_dagua_a_bc250k_2015,,,,,,,,,,,,,,,,
5377.0,242964.0,,,Rio Meruú-Açu,,Rio,,Meruú-Açu,Natural,Estadual,Corpo Hídrico Estadual,,,,,,,,26.2211207814103,2.6872500467697,268.72500467697,4.51072467771507,,,,Rio,,,Rio Meruú,PARÁ,IGARAPÉ-MIRI,,,hid_trecho_massa_dagua_a_bc250k_2015,,,,,,,,,,,,,,,6186,6186
6403.0,14960.0,,,Lagoa Abuí,,Lagoa,,Abuí,Natural,Estadual,Corpo Hídrico Estadual,,,,,,,,84.3392368130206,17.3104199744079,1731.04199744079,5.71643109302386,,,,,,,,PARÁ,ORIXIMINÁ,Carta 1:100000,170-101_20050825,bho_massa_dagua,,,,,,,,,,,,,,,,
46616.0,63712.0,,,Baía do Guajará,,Baía,do,Guajará,Natural,Estadual,Corpo Hídrico Estadual,,,,,,,,33.0250090925422,18.8730941191565,1887.30941191565,2.1437320518424,,,,Rio,,,Rio Acará,PARÁ,"ACARÁ, BARCARENA, BELÉM",,,hid_trecho_massa_dagua_a_bc250k_2015,,,,,,,,,,,,,,,614,614
46521.0,53713.0,,,Rio Maratauíra,,Rio,,Maratauíra,Natural,Estadual,Corpo Hídrico Estadual,,,,,,,,42.6095080825588,27.8567057915158,2785.67057915158,2.27662106529378,,,,Rio,,,Costa Maratauíra,PARÁ,"ABAETETUBA, IGARAPÉ-MIRI",,,hid_trecho_massa_dagua_a_bc250k_2015,,,,,,,,,,,,,,,618,618
26568.0,22893.0,,,,,,,,Natural,Estadual,Corpo Hídrico Estadual,,,,,,,,2.42869108648123,0.236490792709142,23.6490792709142,1.40836190327214,,,,,,,,PARÁ,PRAINHA,,166-102_20051028,bho_massa_dagua,,,,,,,,,,,,,,,,
48275.0,63419.0,8199.0,,Dique 4,,Dique,,4,Artificial,Estadual,Corpo Hídrico Estadual,ANM,Vale S.A. - Filial: Vale Minas MOP,ANM,,,,,0.887822237216581,0.039244628142714,3.92446281427145,1.26381940025981,Contenção de rejeitos de mineração,ANM,,,,,,PARÁ,SÃO FÉLIX DO XINGU,DNPM,Bing Aerial,bho_massa_dagua_2019,Reservatório incluído na atualização de 09/2016,,,,,,,,,,,,,,,
20932.0,38068.0,,,,,,,,Natural,Estadual,Corpo Hídrico Estadual,,,,,,,,1.74099358460574,0.120136141177562,12.0136141177562,1.41647671616788,,,,Lago/Lagoa,,Permanente,,PARÁ,"SAPUCAIA, XINGUARA",,,hid_massa_dagua_a_bc250k_2015,,,,,,,,,,,,,,,,
43083.0,49389.0,,,,,,,,Natural,Estadual,Corpo Hídrico Estadual,,,,,,,,1.67274786047162,0.062884654094302,6.28846540943021,1.88107994480327,,,,Meandro abandonado,,Permanente,,PARÁ,IPIXUNA DO PARÁ,,,hid_massa_dagua_a_bc250k_2015,,,,,,,,,,,,,,,,
16606.0,39056.0,,,,,,,,Natural,Estadual,Corpo Hídrico Estadual,,,,,,,,4.46904462817779,0.640249785518428,64.0249785518428,1.57503090211161,,,,Lago/Lagoa,,Permanente,,PARÁ,JURUTI,,,hid_massa_dagua_a_bc250k_2015,,,,,,,,,,,,,,,,
21791.0,15399.0,,,Lago Santana,,Lago,,Santana,Natural,Estadual,Corpo Hídrico Estadual,,,,,,,,4.63937560226401,0.481187552983533,48.1187552983533,1.88604239279079,,,,,,,,PARÁ,JURUTI,Carta 1:100000,169-102_20050923,bho_massa_dagua,,,,,,,,,,,,,,,,
49317.0,15290.0,,,,,,,,Natural,Estadual,Corpo Hídrico Estadual,,,,,,,,1.89369904672137,0.25437870202061,25.437870202061,1.05881404954718,,,,,,,,PARÁ,TERRA SANTA,,169-102_20050923,bho_massa_dagua,,,,,,,,,,,,,,,,
48004.0,37859.0,,,,,,,,Natural,Federal,Corpo Hídrico Federal,,,,,,,,1.43301128069571,0.075725392554501,7.5725392554501,1.4685135253363,,,,Lago/Lagoa,,Permanente,,PARÁ,ALTAMIRA,,,hid_massa_dagua_a_bc250k_2015,,,,,,,,,,,,,,,,
948.0,38356.0,,,,,,,,Natural,Estadual,Corpo Hídrico Estadual,,,,,,,,1.42750234753899,0.124079260039216,12.4079260039216,1.14281607873058,,,,Lago/Lagoa,,Permanente,,PARÁ,JURUTI,,,hid_massa_dagua_a_bc250k_2015,,,,,,,,,,,,,,,,
90.0,15224.0,,,Lagoa Salgada,,Lagoa,,Salgada,Natural,Estadual,Corpo Hídrico Estadual,,,,,,,,98.2337173024402,11.3369594750477,1133.69594750477,8.22737684106247,,,,,,,,PARÁ,ORIXIMINÁ,Carta 1:100000,169-102_20050923,bho_massa_dagua,,,,,,,,,,,,,,,,
53068.0,6755.0,,,,,,,,Natural,Estadual,Corpo Hídrico Estadual,,,,,,,,4.08976188073413,0.480768891862219,48.0768891862219,1.66333203372352,,,,,,,,PARÁ,PRAINHA,,166-102_20051028,bho_massa_dagua,,,,,,,,,,,,,,,,
39081.0,38536.0,,,,,,,,Natural,Estadual,Corpo Hídrico Estadual,,,,,,,,1.27744563000694,0.089892675487835,8.98926754878346,1.20151550627413,,,,Lago/Lagoa,,Permanente,,PARÁ,JURUTI,,,hid_massa_dagua_a_bc250k_2015,,,,,,,,,,,,,,,,
21366.0,15039.0,,,,,,,,Natural,Estadual,Corpo Hídrico Estadual,,,,,,,,5.09005505437261,1.25975605088613,125.975605088613,1.27887577694346,,,,,,,,PARÁ,MONTE ALEGRE,,167-102_20050903,bho_massa_dagua,,,,,,,,,,,,,,,,
37807.0,37791.0,,,,,,,,Natural,Federal,Terra da União (Unidade de Conservação),,,,,,,,2.79052972977161,0.105597104900221,10.5597104900221,2.42164097441126,,,,Lago/Lagoa,,Permanente,,PARÁ,ALTAMIRA,,,hid_massa_dagua_a_bc250k_2015,,,,,,,,,,,,,,,,
31341.0,62277.0,,,,,,,,Natural,Federal,Terra da União (Unidade de Conservação),,,,,,,,3.2041434577355,0.137647102950548,13.7647102950548,2.43544049542744,,,,,,,,PARÁ,ALTAMIRA,,,hid_trecho_massa_dagua_a_bc250k_2015,,,,,,,,,,,,,,,,
47483.0,36913.0,,,,,,,,Natural,Federal,Terra da União (Terra Indígena),,,,,,,,2.20222354551864,0.126693044913772,12.6693044913772,1.74475367993187,,,,Lago/Lagoa,,Permanente,,PARÁ,ALTAMIRA,,,hid_massa_dagua_a_bc250k_2015,,,,,,,,,,,,,,,,
56847.0,20794.0,,,,,,,,Natural,Estadual,Corpo Hídrico Estadual,,,,,,,,2.55066812816017,0.322397469312332,32.2397469312332,1.26679765784384,,,,,,,,PARÁ,CHAVES,,162-100_20060414,bho_massa_dagua,,,,,,,,,,,,,,,,
27948.0,22529.0,,,,,,,,Natural,Estadual,Corpo Hídrico Estadual,,,,,,,,1.74623770661264,0.212673179280873,21.2673179280873,1.06781522390007,,,,,,,,PARÁ,ORIXIMINÁ,,169-102_20050923,bho_massa_dagua,,,,,,,,,,,,,,,,
53615.0,15167.0,,,,,,,,Natural,Federal,Corpo Hídrico Federal,,,,,,,,4.26335908358224,0.277785778726957,27.7785778726957,2.28110889006035,,,,,,,,PARÁ,CURUÁ,,168-102_20050805,bho_massa_dagua,,,,,,,,,,,,,,,,
47253.0,55239.0,,,Canal do Gurupá,,Canal,do,Gurupá,Natural,Federal,Corpo Hídrico Federal,,,,,,,,377.343748715151,336.373937936048,33637.3937936049,5.80196491391612,,,,Canal,,,,PARÁ,"AFUÁ, BREVES, GURUPÁ",,,hid_trecho_massa_dagua_a_bc250k_2015,,,,,,,,,,,,,,,,
24441.0,37378.0,,,,,,,,Natural,Estadual,Corpo Hídrico Estadual,,,,,,,,1.24430840853051,0.07211775104756,7.211775104756,1.30664032393537,,,,Lago/Lagoa,,Permanente,,PARÁ,ALENQUER,,,hid_massa_dagua_a_bc250k_2015,,,,,,,,,,,,,,,,
38324.0,15451.0,,,Lagoa do Juquiri,,Lagoa,do,Juquiri,Natural,Federal,Terra da União (Unidade de Conservação),,,,,,,,53.2025131835711,8.32545247959328,832.545247959328,5.19968857480927,,,,,,,,PARÁ,ORIXIMINÁ,Carta 1:100000,170-101_20050825,bho_massa_dagua,,,,,,,,,,,,,,,,
37166.0,36028.0,,,,,,,,Natural,Federal,Terra da União (Unidade de Conservação),,,,,,,,1.57834325569485,0.121383804058975,12.1383804058975,1.27752731695959,,,,Lago/Lagoa,,Permanente,,PARÁ,PARAUAPEBAS,,,hid_massa_dagua_a_bc250k_2015,,,,,,,,,,,,,,,,
42316.0,57038.0,,,Igarapé Maratauá,,Igarapé,,Maratauá,Natural,Federal,Terra da União (Unidade de Conservação),,,,,,,,6.0225922120218,0.286625780643764,28.6625780643764,3.17230504035323,,,,,,,,PARÁ,CURRALINHO,,,hid_trecho_massa_dagua_a_bc250k_2015,,,,,,,,,,,,,,,,
23453.0,55602.0,,,Igarapé Anipiri,,Igarapé,,Anipiri,Natural,Federal,Terra da União (Terra Indígena),,,,,,,,15.138936063562,1.57119388736014,157.119388736014,3.40588180687363,,,,Rio,,,Igarapé Anipiri,PARÁ,JACAREACANGA,,,hid_trecho_massa_dagua_a_bc250k_2015,,,,,,,,,,,,,,,444114,444114
56288.0,15097.0,,,,,,,,Natural,Estadual,Corpo Hídrico Estadual,,,,,,,,3.87464376230374,0.357810393306947,35.7810393306947,1.82664609156301,,,,,,,,PARÁ,CURUÁ,,168-102_20050805,bho_massa_dagua,,,,,,,,,,,,,,,,
21267.0,242959.0,,,Rio Cariatuba,,Rio,,Cariatuba,Natural,Federal,Terra da União (Unidade de Conservação),,,,,,,,8.63241936576758,0.988149300885719,98.8149300885719,2.44889607312837,,,,Rio,,,Rio Pracupi,PARÁ,PORTEL,,,hid_trecho_massa_dagua_a_bc250k_2015,,,,,,,,,,,,,,,6264,6264
462.0,63727.0,,,Rio Paru,,Rio,,Paru,Natural,Estadual,Corpo Hídrico Estadual,,,,,,,,1124.91634670146,125.109715993717,12510.9715993717,28.3611487036913,,,,Rio,,,Rio Paru de Este,PARÁ,ALMEIRIM,,,hid_trecho_massa_dagua_a_bc250k_2015,,,,,,,,,,,,,,,432,432
37921.0,38546.0,,,,,,,,Natural,Estadual,Corpo Hídrico Estadual,,,,,,,,2.28478705618282,0.311710164168117,31.1710164168117,1.15403599819862,,,,Lago/Lagoa,,Permanente,,PARÁ,PRAINHA,,,hid_massa_dagua_a_bc250k_2015,,,,,,,,,,,,,,,,
51519.0,15276.0,,,,,,,,Natural,Estadual,Corpo Hídrico Estadual,,,,,,,,4.43155679171953,1.11616829817626,111.616829817626,1.18287971965999,,,,,,,,PARÁ,ORIXIMINÁ,,169-102_20050923,bho_massa_dagua,,,,,,,,,,,,,,,,
48213.0,39607.0,,,,,,,,Natural,Federal,Terra da União (Unidade de Conservação),,,,,,,,2.87389806538444,0.124206242928118,12.4206242928118,2.29958123344077,,,,Lago/Lagoa,,Permanente,,PARÁ,JACAREACANGA,,,hid_massa_dagua_a_bc250k_2015,,,,,,,,,,,,,,,,
241050.0,243854.0,,,Furo Boa Vista,,Furo,,Boa Vista,Natural,Estadual,Corpo Hídrico Estadual,,,,,,,,11.2501252775381,2.19064144028439,219.064144028439,2.14348682018344,,,,Rio,,,Furo Santana,PARÁ,SÃO SEBASTIÃO DA BOA VISTA,,,hid_trecho_massa_dagua_a_bc250k_2015,,,,,,,,,,,,,,,6214,6214
4476.0,58910.0,6852.0,,Barragem RP1,,Barragem,,RP1,Artificial,Estadual,Corpo Hídrico Estadual,ANM,Mineração Paragominas S.A.,ANM,,,,,2.55568975165984,0.170767747989914,17.0767747989914,1.74403145765058,Contenção de rejeitos de mineração,ANM,,Represa/Açude,,,,PARÁ,PARAGOMINAS,,,hid_trecho_massa_dagua_a_bc250k_2015,,,,,,,,,,,,,,,,
8115.0,242960.0,,,Rio Anapu,,Rio,,Anapu,Natural,Estadual,Corpo Hídrico Estadual,,,,,,,,15.6739441653321,1.11949804744746,111.949804744746,4.17749302517803,,,,Rio,,,Igarapé Marapauá,PARÁ,PORTEL,,,bho_massa_dagua_2019,Atualizada geometria em 09/2016,,,,,,,,,,,,,,62654,62654
11529.0,39111.0,,,,,,,,Natural,Estadual,Corpo Hídrico Estadual,,,,,,,,2.68702697583473,0.117326586618156,11.7326586618156,2.21219250618523,,,,Lago/Lagoa,,Permanente,,PARÁ,JURUTI,,,hid_massa_dagua_a_bc250k_2015,,,,,,,,,,,,,,,,
40010.0,55639.0,,,Rio Tauá,,Rio,,Tauá,Natural,Estadual,Corpo Hídrico Estadual,,,,,,,,31.085285016197,3.91147641070871,391.147641070871,4.43234548092738,,,,Rio,,,Rio Tauá,PARÁ,"SANTA BÁRBARA DO PARÁ, SANTO ANTÔNIO DO TAUÁ",,,hid_trecho_massa_dagua_a_bc250k_2015,,,,,,,,,,,,,,,6116,6116
59473.0,57195.0,,,,,,,,Natural,Federal,Terra da União (Unidade de Conservação),,,,,,,,5.37112032105991,0.582913652080793,58.2913652080793,1.98386390697018,,,,,,,,PARÁ,PRAINHA,,,hid_trecho_massa_dagua_a_bc250k_2015,,,,,,,,,,,,,,,,
17961.0,22573.0,,,,,,,,Natural,Estadual,Corpo Hídrico Estadual,,,,,,,,2.09313927371587,0.212071283297659,21.2071283297659,1.28175878460433,,,,,,,,PARÁ,MONTE ALEGRE,,167-102_20050903,bho_massa_dagua,,,,,,,,,,,,,,,,
29164.0,6574.0,,,,,,,,Natural,Estadual,Corpo Hídrico Estadual,,,,,,,,3.19827302614338,0.215912777382325,21.5912777382324,1.94099971505761,,,,,,,,PARÁ,CACHOEIRA DO ARARI,,161-101_20040801,bho_massa_dagua,,,,,,,,,,,,,,,,
14994.0,39606.0,,,,,,,,Natural,Estadual,Corpo Hídrico Estadual,,,,,,,,1.31312139316688,0.106626945625103,10.6626945625103,1.13401944315823,,,,Lago/Lagoa,,Permanente,,PARÁ,ORIXIMINÁ,,,hid_massa_dagua_a_bc250k_2015,,,,,,,,,,,,,,,,
28365.0,47548.0,,,,,,,,Natural,Federal,Terra da União (Terra Indígena),,,,,,,,1.80653017415317,0.141886394495953,14.1886394495953,1.35245851264066,,,,Lago/Lagoa,Doce,Permanente,,PARÁ,SÃO FÉLIX DO XINGU,,,hid_massa_dagua_a_bc250k_2015,,,,,,,,,,,,,,,,
54690.0,6729.0,,,,,,,,Natural,Estadual,Corpo Hídrico Estadual,,,,,,,,2.35091935586393,0.190288655777566,19.0288655777566,1.51977883085026,,,,,,,,PARÁ,PRAINHA,,166-102_20051028,bho_massa_dagua,,,,,,,,,,,,,,,,
50508.0,39061.0,,,,,,,,Natural,Estadual,Corpo Hídrico Estadual,,,,,,,,1.81227733875876,0.130295088728542,13.0295088728542,1.41582554977519,,,,Lago/Lagoa,,Permanente,,PARÁ,ÓBIDOS,,,hid_massa_dagua_a_bc250k_2015,,,,,,,,,,,,,,,,
15874.0,15594.0,,,,,,,,Natural,Federal,Corpo Hídrico Federal,,,,,,,,8.18674394213265,2.05044241389358,205.044241389358,1.61226537455158,,,,,,,,PARÁ,SANTARÉM,,167-103_20041217,bho_massa_dagua,,,,,,,,,,,,,,,,
55574.0,55478.0,,,,,,,,Artificial,Estadual,Corpo Hídrico Estadual,ESTADO,,,,,,,1.93872143112651,0.100803445167854,10.0803445167854,1.72197495966839,,,,Represa/Açude,,,,PARÁ,GARRAFÃO DO NORTE,,,hid_trecho_massa_dagua_a_bc250k_2015,,,,,,,,,,,,,,,,
53593.0,15132.0,,,,,,,,Natural,Federal,Corpo Hídrico Federal,,,,,,,,3.09667147452388,0.30614422178091,30.614422178091,1.57826966190512,,,,,,,,PARÁ,ALENQUER,,168-102_20050805,bho_massa_dagua,,,,,,,,,,,,,,,,
38714.0,39679.0,,,,,,,,Natural,Estadual,Corpo Hídrico Estadual,,,,,,,,1.25866371585277,0.079444010058186,7.94440100581864,1.25929721299745,,,,Lago/Lagoa,,Permanente,,PARÁ,SÃO FÉLIX DO XINGU,,,hid_massa_dagua_a_bc250k_2015,,,,,,,,,,,,,,,,
28465.0,15342.0,,,,,,,,Natural,Estadual,Corpo Hídrico Estadual,,,,,,,,5.70395305669942,1.06348276169364,106.348276169364,1.55976734434009,,,,,,,,PARÁ,TERRA SANTA,,169-102_20050923,bho_massa_dagua,,,,,,,,,,,,,,,,
30821.0,38835.0,,,,,,,,Natural,Federal,Terra da União (Terra Indígena),,,,,,,,1.63276421765835,0.167058014839075,16.7058014839075,1.12652004619028,,,,Lago/Lagoa,,Permanente,,PARÁ,SÃO FÉLIX DO XINGU,,,hid_massa_dagua_a_bc250k_2015,,,,,,,,,,,,,,,,
26239.0,59158.0,,,,,,,,Natural,Estadual,Corpo Hídrico Estadual,,,,,,,,4.95964749881457,0.52327124555598,52.327124555598,1.93346575225695,,,,Rio,,,Igarapé Barranco,PARÁ,QUATIPURU,,,hid_trecho_massa_dagua_a_bc250k_2015,,,,,,,,,,,,,,,,7115952
4526.0,22847.0,,,,,,,,Natural,Estadual,Corpo Hídrico Estadual,,,,,,,,2.87024976327514,0.251077479803738,25.1077479803738,1.61534360890433,,,,,,,,PARÁ,CURRALINHO,,162-102_20050918,bho_massa_dagua,,,,,,,,,,,,,,,,
667.0,6607.0,,,Rio Caxiuanã,,Rio,,Caxiuanã,Natural,Federal,Terra da União (Unidade de Conservação),,,,,,,,48.7485990227795,8.44968717183515,844.968717183515,4.72923540380433,,,,Rio,,,Rio Caxiuanã,PARÁ,MELGAÇO,Carta 1:250000,164-102_20040627,bho_massa_dagua,Agrupada geometria de seis polígonos,,,,,,,,,,,,,,6262,6262
30723.0,15412.0,,,Lago do Salé,,Lago,do,Salé,Natural,Estadual,Corpo Hídrico Estadual,,,,,,,,2.35026294052359,0.20668514606232,20.668514606232,1.45784357729691,,,,,,,,PARÁ,JURUTI,Carta 1:100000,169-102_20050923,bho_massa_dagua,,,,,,,,,,,,,,,,
4587.0,37612.0,,,,,,,,Natural,Estadual,Corpo Hídrico Estadual,,,,,,,,1.25097559465675,0.087605534085496,8.76055340854961,1.19187901839172,,,,Lago/Lagoa,,Permanente,,PARÁ,MONTE ALEGRE,,,hid_massa_dagua_a_bc250k_2015,,,,,,,,,,,,,,,,
53270.0,53808.0,,,Rio Jarauçu,,Rio,,Jarauçu,Natural,Federal,Terra da União (Unidade de Conservação),,,,,,,,67.3182896683469,5.35675487052501,535.675487052501,8.20221776127559,,,,Rio,,,Rio Jarauçu,PARÁ,PORTO DE MOZ,,,hid_trecho_massa_dagua_a_bc250k_2015,,,,,,,,,,,,,,,4212,4212
46708.0,35913.0,,,,,,,,Natural,Federal,Terra da União (Terra Indígena),,,,,,,,1.30719591017344,0.083022103860459,8.30221038604595,1.27936045164836,,,,Lago/Lagoa,,Permanente,,PARÁ,SÃO FÉLIX DO XINGU,,,hid_massa_dagua_a_bc250k_2015,,,,,,,,,,,,,,,,
43801.0,39400.0,,,,,,,,Natural,Estadual,Corpo Hídrico Estadual,,,,,,,,4.48240869236849,0.529933762846509,52.9933762846509,1.73639995139015,,,,Lago/Lagoa,,Permanente,,PARÁ,ALMEIRIM,,,hid_massa_dagua_a_bc250k_2015,,,,,,,,,,,,,,,,
29320.0,35800.0,,,,,,,,Natural,Estadual,Corpo Hídrico Estadual,,,,,,,,1.04914886452134,0.065089078153564,6.50890781535635,1.15966396668572,,,,Lago/Lagoa,,Permanente,,PARÁ,RURÓPOLIS,,,hid_massa_dagua_a_bc250k_2015,,,,,,,,,,,,,,,,
1097.0,57050.0,,,Furo Tucumanduba,,Furo,,Tucumanduba,Natural,Estadual,Corpo Hídrico Estadual,,,,,,,,17.5642515264311,1.89654660563246,189.654660563246,3.59664021803008,,,,Rio,,,Furo Tucumanduba,PARÁ,ABAETETUBA,,,hid_trecho_massa_dagua_a_bc250k_2015,,,,,,,,,,,,,,,6,6
50044.0,38056.0,,,,,,,,Natural,Estadual,Corpo Hídrico Estadual,,,,,,,,1.7777709083721,0.143273225275569,14.3273225275569,1.32447078954967,,,,Lago/Lagoa,,Permanente,,PARÁ,ALTAMIRA,,,hid_massa_dagua_a_bc250k_2015,,,,,,,,,,,,,,,,
16335.0,15413.0,,,,,,,,Natural,Estadual,Corpo Hídrico Estadual,,,,,,,,1.93764975057294,0.278638628595483,27.8638628595483,1.03515104077973,,,,,,,,PARÁ,JURUTI,,169-102_20050923,bho_massa_dagua,,,,,,,,,,,,,,,,
4155.0,47539.0,,,,,,,,Natural,Estadual,Corpo Hídrico Estadual,,,,,,,,0.947312261025722,0.063155988120644,6.31559881206441,1.06300424669277,,,,Lago/Lagoa,Doce,Permanente,,PARÁ,SANTA MARIA DAS BARREIRAS,,,hid_massa_dagua_a_bc250k_2015,,,,,,,,,,,,,,,,
47628.0,6062.0,,,,,,,,Natural,Estadual,Corpo Hídrico Estadual,,,,,,,,5.60587863850567,0.892313601766044,89.2313601766044,1.67353208572992,,,,,,,,PARÁ,IPIXUNA DO PARÁ,,160-103_20050803,bho_massa_dagua,,,,,,,,,,,,,,,,
50789.0,55666.0,,,,,,,,Artificial,Estadual,Corpo Hídrico Estadual,ESTADO,,,,,,,3.95157214287233,0.32278031190964,32.278031190964,1.961396992367,,,,Represa/Açude,,,,PARÁ,NOVO PROGRESSO,,,hid_trecho_massa_dagua_a_bc250k_2015,,,,,,,,,,,,,,,,
30974.0,15041.0,,,,,,,,Natural,Estadual,Corpo Hídrico Estadual,,,,,,,,2.04782717126382,0.249569062836596,24.9569062836596,1.15597125625506,,,,,,,,PARÁ,MONTE ALEGRE,,167-102_20050903,bho_massa_dagua,,,,,,,,,,,,,,,,
240878.0,63770.0,,,Rio Curuá,,Rio,,Curuá,Natural,Federal,Terra da União (Terra Indígena),,,,,,,,3223.68875784204,593.017591808426,59301.7591808427,37.3308969273113,,,,Rio,,,Rio Iriri,PARÁ,"ALTAMIRA, BRASIL NOVO",,,hid_trecho_massa_dagua_a_bc250k_2015,,,,,,,,,,,,,,,422,422
9822.0,53689.0,3778.0,,Barragem Igarapé,,Barragem,,Igarapé,Artificial,Estadual,Corpo Hídrico Estadual,ANM,Vale S.A. - Filial: Vale Minas MOP,ANM,,,,,5.88114735032483,0.639793418949393,63.9793418949393,2.07343910333214,Contenção de rejeitos de mineração,ANM,,,,,,PARÁ,OURILÂNDIA DO NORTE,,,hid_trecho_massa_dagua_a_bc250k_2015,,,,,,,,,,,,,,,,
39044.0,54751.0,,,,,,,,Natural,Federal,Terra da União (Unidade de Conservação),,,,,,,,2.42396465421755,0.173934708534948,17.3934708534948,1.63901249405878,,,,,,,,PARÁ,BRAGANÇA,,,hid_trecho_massa_dagua_a_bc250k_2015,,,,,,,,,,,,,,,,
8060.0,15245.0,,,Paraná Caipuru,,Paraná,,Caipuru,Natural,Estadual,Corpo Hídrico Estadual,,,,,,,,160.444575444448,32.0773502695475,3207.73502695475,7.98867776261177,,,,,,,,PARÁ,ORIXIMINÁ,Carta 1:250000,169-102_20050923,bho_massa_dagua,,,,,,,,,,,,,,,,
36505.0,6721.0,,,,,,,,Natural,Estadual,Corpo Hídrico Estadual,,,,,,,,3.06914745202115,0.338960433857228,33.8960433857228,1.48659394227212,,,,,,,,PARÁ,PRAINHA,,166-102_20051028,bho_massa_dagua,,,,,,,,,,,,,,,,
43622.0,38477.0,,,,,,,,Natural,Estadual,Corpo Hídrico Estadual,,,,,,,,2.13936398590539,0.161314140353288,16.1314140353288,1.50209558582699,,,,Lago/Lagoa,,Permanente,,PARÁ,PACAJÁ,,,hid_massa_dagua_a_bc250k_2015,,,,,,,,,,,,,,,,
241048.0,55580.0,,,Rio Umarituba,,Rio,,Umarituba,Natural,Estadual,Corpo Hídrico Estadual,,,,,,,,26.7366714449677,2.31445019539988,231.445019539988,4.95601403662609,,,,Rio,,,Rio Umarituba,PARÁ,SÃO SEBASTIÃO DA BOA VISTA,,,hid_trecho_massa_dagua_a_bc250k_2015,,,,,,,,,,,,,,,621454,621454
7628.0,15012.0,,,,,,,,Natural,Estadual,Corpo Hídrico Estadual,,,,,,,,4.34799717667288,0.368142652438081,36.8142652438081,2.02083238555495,,,,,,,,PARÁ,PRAINHA,,167-102_20050903,bho_massa_dagua,,,,,,,,,,,,,,,,
241908.0,243716.0,,,,,,,,Natural,Federal,Terra da União (Terra Indígena),,,,,,,,0.356054557224832,0.006614360737395,0.661436073739515,1.23458705398994,,,,,,,,PARÁ,PARAGOMINAS,,,bho_massa_dagua_2019,,,,,,,,,,,,,,,,
37554.0,36957.0,,,,,,,,Natural,Estadual,Corpo Hídrico Estadual,,,,,,,,2.03113057486029,0.250046079018515,25.0046079018515,1.14545208646918,,,,Lago/Lagoa,,Permanente,,PARÁ,MOJU,,,hid_massa_dagua_a_bc250k_2015,,,,,,,,,,,,,,,,
5838.0,38829.0,,,,,,,,Natural,Estadual,Corpo Hídrico Estadual,,,,,,,,2.56493000344815,0.339169364781897,33.9169364781897,1.24198490384027,,,,Lago/Lagoa,,Permanente,,PARÁ,ÓBIDOS,,,hid_massa_dagua_a_bc250k_2015,,,,,,,,,,,,,,,,
46494.0,37714.0,,,,,,,,Natural,Federal,Terra da União (Terra Indígena),,,,,,,,2.30715792549569,0.136333254787571,13.6333254787571,1.76207962671582,,,,Lago/Lagoa,,Permanente,,PARÁ,SÃO FÉLIX DO XINGU,,,hid_massa_dagua_a_bc250k_2015,,,,,,,,,,,,,,,,
33148.0,15332.0,,,,,,,,Natural,Estadual,Corpo Hídrico Estadual,,,,,,,,2.8503134278416,0.311521976368362,31.1521976368362,1.44011569112967,,,,,,,,PARÁ,JURUTI,,169-102_20050923,bho_massa_dagua,,,,,,,,,,,,,,,,
26560.0,38476.0,,,,,,,,Natural,Estadual,Corpo Hídrico Estadual,,,,,,,,4.10353285973946,0.262522635441207,26.2522635441207,2.25851846747244,,,,Lago/Lagoa,,Permanente,,PARÁ,TERRA SANTA,,,hid_massa_dagua_a_bc250k_2015,,,,,,,,,,,,,,,,
56017.0,39527.0,,,Lagoa Capituba Grande,,Lagoa,,Capituba Grande,Natural,Estadual,Corpo Hídrico Estadual,,,,,,,,1.07096102879425,0.064807393268026,6.4807393268026,1.18634362062474,,,,Lago/Lagoa,,Permanente,,PARÁ,ORIXIMINÁ,,,hid_massa_dagua_a_bc250k_2015,,,,,,,,,,,,,,,,
24410.0,55481.0,,,,,,,,Natural,Estadual,Corpo Hídrico Estadual,,,,,,,,3.13950620860284,0.203087444473506,20.3087444473506,1.96457637526391,,,,,,,,PARÁ,SALINÓPOLIS,,,hid_trecho_massa_dagua_a_bc250k_2015,,,,,,,,,,,,,,,,
4437.0,36458.0,,,,,,,,Natural,Estadual,Corpo Hídrico Estadual,,,,,,,,2.4507288513853,0.124869568229229,12.4869568229229,1.9557622848105,,,,Lago/Lagoa,,Permanente,,PARÁ,BREU BRANCO,,,hid_massa_dagua_a_bc250k_2015,,,,,,,,,,,,,,,,
55542.0,39054.0,,,,,,,,Natural,Estadual,Corpo Hídrico Estadual,,,,,,,,1.59698132549014,0.124166846877246,12.4166846877246,1.27804492364849,,,,Lago/Lagoa,,Permanente,,PARÁ,ÓBIDOS,,,hid_massa_dagua_a_bc250k_2015,,,,,,,,,,,,,,,,
58388.0,6575.0,,,,,,,,Natural,Estadual,Corpo Hídrico Estadual,,,,,,,,3.55964796501226,0.345450061482874,34.5450061482874,1.70790425795195,,,,,,,,PARÁ,SALVATERRA,,161-101_20040801,bho_massa_dagua,,,,,,,,,,,,,,,,
47957.0,37637.0,,,,,,,,Natural,Federal,Terra da União (Terra Indígena),,,,,,,,1.34317933033899,0.080344546952021,8.03445469520206,1.33630288251645,,,,Lago/Lagoa,,Permanente,,PARÁ,JACAREACANGA,,,hid_massa_dagua_a_bc250k_2015,,,,,,,,,,,,,,,,
16225.0,37433.0,,,,,,,,Natural,Estadual,Corpo Hídrico Estadual,,,,,,,,1.37049434755449,0.097976267697264,9.7976267697264,1.23471268876316,,,,Lago/Lagoa,,Permanente,,PARÁ,ORIXIMINÁ,,,hid_massa_dagua_a_bc250k_2015,,,,,,,,,,,,,,,,
47596.0,57149.0,,,,,,,,Natural,Estadual,Corpo Hídrico Estadual,,,,,,,,3.68074588452422,0.138735467217054,13.8735467217054,2.78670625849212,,,,,,,,PARÁ,MOJUÍ DOS CAMPOS,,,hid_trecho_massa_dagua_a_bc250k_2015,,,,,,,,,,,,,,,,
9806.0,39704.0,,,,,,,,Natural,Estadual,Corpo Hídrico Estadual,,,,,,,,1.27120096462439,0.079723127948093,7.97231279480929,1.26961240489007,,,,Lago/Lagoa,,Permanente,,PARÁ,"IPIXUNA DO PARÁ, PARAGOMINAS",,,hid_massa_dagua_a_bc250k_2015,,,,,,,,,,,,,,,,
54149.0,39014.0,,,,,,,,Natural,Estadual,Corpo Hídrico Estadual,,,,,,,,1.5429581681801,0.136605667205209,13.6605667205209,1.17725054939695,,,,Lago/Lagoa,,Permanente,,PARÁ,ALMEIRIM,,,hid_massa_dagua_a_bc250k_2015,,,,,,,,,,,,,,,,
54478.0,39185.0,,,,,,,,Natural,Federal,Terra da União (Terra Indígena),,,,,,,,1.57659929525397,0.066791947287007,6.67919472870073,1.72031661478229,,,,Meandro abandonado,,Permanente,,PARÁ,JACAREACANGA,,,hid_massa_dagua_a_bc250k_2015,,,,,,,,,,,,,,,,
26778.0,36469.0,,,,,,,,Natural,Estadual,Corpo Hídrico Estadual,,,,,,,,1.50827108682815,0.155941716967072,15.5941716967072,1.07707850364233,,,,Lago/Lagoa,,Permanente,,PARÁ,JURUTI,,,hid_massa_dagua_a_bc250k_2015,,,,,,,,,,,,,,,,
53336.0,38277.0,,,,,,,,Natural,Estadual,Corpo Hídrico Estadual,,,,,,,,1.40828442744308,0.073197878255061,7.31978782550612,1.4678789379114,,,,Lago/Lagoa,,Permanente,,PARÁ,ALMEIRIM,,,hid_massa_dagua_a_bc250k_2015,,,,,,,,,,,,,,,,
12728.0,36734.0,,,,,,,,Natural,Estadual,Corpo Hídrico Estadual,,,,,,,,2.5573976664476,0.16565268830663,16.565268830663,1.77193639602212,,,,Lago/Lagoa,,Permanente,,PARÁ,PORTEL,,,hid_massa_dagua_a_bc250k_2015,,,,,,,,,,,,,,,,
22691.0,39114.0,,,,,,,,Natural,Federal,Terra da União (Terra Indígena),,,,,,,,2.1103312782565,0.142105807229031,14.2105807229031,1.57867899748588,,,,Lago/Lagoa,,Permanente,,PARÁ,SÃO FÉLIX DO XINGU,,,hid_massa_dagua_a_bc250k_2015,,,,,,,,,,,,,,,,
29098.0,53700.0,,,Canal das Tartarugas,,Canal,das,Tartarugas,Natural,Estadual,Corpo Hídrico Estadual,,,,,,,,18.264938720396,1.14010340670011,114.010340670011,4.82386567653632,,,,Canal,,,,PARÁ,"CHAVES, SOURE",,,hid_trecho_massa_dagua_a_bc250k_2015,,,,,,,,,,,,,,,,
36327.0,37857.0,,,,,,,,Natural,Federal,Terra da União (Unidade de Conservação),,,,,,,,1.29698193450593,0.105680100452638,10.5680100452638,1.12508782877643,,,,Lago/Lagoa,,Permanente,,PARÁ,ALTAMIRA,,,hid_massa_dagua_a_bc250k_2015,,,,,,,,,,,,,,,,
242036.0,243849.0,5531.0,,Barragem SP8,,Barragem,,SP8,Artificial,Federal,Terra da União (Unidade de Conservação),ANM,Mineracao Rio do Norte S.A.,ANM,,,,,4.12404616086958,1.08024055128762,108.024055128762,1.118954398816,Contenção de rejeitos de mineração,ANM,,,,,,PARÁ,ORIXIMINÁ,ANM,Bing Aerial,bho_massa_dagua_2019,Revisado. Reservatório incluído na atualização de 09/2016,,,,,,,,,,,,,,,
10540.0,39686.0,,,Lagoa do Pintão,,Lagoa,do,Pintão,Natural,Estadual,Corpo Hídrico Estadual,,,,,,,,2.23839115315929,0.245230106714899,24.5230106714899,1.27467126455076,,,,Lago/Lagoa,,Permanente,,PARÁ,ÓBIDOS,,,hid_massa_dagua_a_bc250k_2015,,,,,,,,,,,,,,,,
11188.0,15255.0,,,,,,,,Natural,Estadual,Corpo Hídrico Estadual,,,,,,,,2.84841525405853,0.413868496384166,41.3868496384166,1.24859395095914,,,,,,,,PARÁ,ORIXIMINÁ,,169-102_20050923,bho_massa_dagua,,,,,,,,,,,,,,,,
46619.0,57183.0,,,Rio Tapuruquara,,Rio,,Tapuruquara,Natural,Estadual,Corpo Hídrico Estadual,,,,,,,,37.5408106582199,4.25655418522112,425.655418522112,5.13125587555804,,,,Rio,,,Rio Tapuruquara,PARÁ,MUANÁ,,,hid_trecho_massa_dagua_a_bc250k_2015,,,,,,,,,,,,,,,6212,6212
57906.0,15264.0,,,Lagoa Jurupari,,Lagoa,,Jurupari,Natural,Estadual,Corpo Hídrico Estadual,,,,,,,,4.01247068471209,0.404322707350836,40.4322707350836,1.77949558342718,,,,,,,,PARÁ,ÓBIDOS,Carta 1:250000,169-102_20050923,bho_massa_dagua,,,,,,,,,,,,,,,,
48521.0,53803.0,,,Rio Moju,,Rio,,Moju,Natural,Estadual,Corpo Hídrico Estadual,,,,,,,,512.679335426863,72.6261439163366,7262.61439163366,16.9647876552423,,,,Rio,,,Rio Moju,PARÁ,"ACARÁ, IGARAPÉ-MIRI, MOJU",,,hid_trecho_massa_dagua_a_bc250k_2015,,,,,,,,,,,,,,,614,614
31525.0,48131.0,,,Lagoa São José,,Lagoa,,São José,Natural,Estadual,Corpo Hídrico Estadual,,,,,,,,2.41609323854492,0.40073534394395,40.073534394395,1.0763015713707,,,,Lago/Lagoa,Doce,,,PARÁ,XINGUARA,,,hid_massa_dagua_a_bc250k_2015,,,,,,,,,,,,,,,,
47450.0,56421.0,,,Rio Anajás,,Rio,,Anajás,Natural,Estadual,Corpo Hídrico Estadual,,,,,,,,405.687702686662,119.275254436,11927.5254436,10.4752832715054,,,,Rio,,,,PARÁ,"AFUÁ, ANAJÁS, BREVES",,,hid_trecho_massa_dagua_a_bc250k_2015,,,,,,,,,,,,,,,54,524
717.0,53727.0,,,Rio Cururu,,Rio,,Cururu,Natural,Estadual,Corpo Hídrico Estadual,,,,,,,,94.2882008354846,8.29657387866371,829.657387866371,9.23117671185961,,,,Rio,,,,PARÁ,"AFUÁ, ANAJÁS, CHAVES",,,hid_trecho_massa_dagua_a_bc250k_2015,,,,,,,,,,,,,,,54,524
31593.0,54103.0,,,Rio Maracanã,,Rio,,Maracanã,Natural,Federal,Terra da União (Unidade de Conservação),,,,,,,,149.960515034003,59.4983393472674,5949.83393472674,5.48243649091075,,,,Rio,,,Rio Maracanã,PARÁ,"IGARAPÉ-AÇU, MARACANÃ, SALINÓPOLIS, SANTARÉM NOVO, SÃO JOÃO DE PIRABAS",,,hid_trecho_massa_dagua_a_bc250k_2015,,,,,,,,,,,,,,,7114,7114
31421.0,39420.0,,,Lagoa Cocalinho,,Lagoa,,Cocalinho,Natural,Estadual,Corpo Hídrico Estadual,,,,,,,,1.54146124485033,0.130812391826322,13.0812391826322,1.20186939240834,,,,Lago/Lagoa,,Permanente,,PARÁ,ORIXIMINÁ,,,hid_massa_dagua_a_bc250k_2015,,,,,,,,,,,,,,,,
242052.0,243899.0,5533.0,,Barragem SP7C,,Barragem,,SP7C,Artificial,Federal,Terra da União (Unidade de Conservação),ANM,Mineracao Rio do Norte S.A.,ANM,,,,,3.50888536920574,0.710939962230199,71.0939962230199,1.17355061542278,Contenção de rejeitos de mineração,ANM,,,,,,PARÁ,ORIXIMINÁ,,,bho_massa_dagua_2019,,,,,,,,,,,,,,,,
48627.0,54729.0,,,Rio Uraim,,Rio,,Uraim,Natural,Estadual,Corpo Hídrico Estadual,,,,,,,,26.4379185589903,1.84809114912999,184.809114912999,5.48421756223419,,,,Rio,,,Rio Uraim,PARÁ,PARAGOMINAS,,,hid_trecho_massa_dagua_a_bc250k_2015,,,,,,,,,,,,,,,7142,7142
50511.0,39002.0,,,,,,,,Natural,Estadual,Corpo Hídrico Estadual,,,,,,,,1.22336027184017,0.079317531063474,7.93175310634737,1.22495148206791,,,,Lago/Lagoa,,Permanente,,PARÁ,PARAGOMINAS,,,hid_massa_dagua_a_bc250k_2015,,,,,,,,,,,,,,,,
246.0,15179.0,,,Lago Mutaçaua,,Lago,,Mutaçaua,Natural,Federal,Corpo Hídrico Federal,,,,,,,,70.0376273185398,45.4270374339296,4542.70374339296,2.93037584550728,,,,,,,,PARÁ,ALENQUER,Carta 1:100000,168-102_20050805,bho_massa_dagua,,,,,,,,,,,,,,,,
21946.0,63718.0,,,Rio Novo,,Rio,,Novo,Natural,Estadual,Corpo Hídrico Estadual,,,,,,,,10.8226808091805,0.51524864620604,51.524864620604,4.25182644450706,,,,Rio,,,Rio Novo,PARÁ,ITAITUBA,,,hid_trecho_massa_dagua_a_bc250k_2015,,,,,,,,,,,,,,,4426,4426
6400.0,62876.0,,,Rio Itacaiúnas,,Rio,,Itacaiúnas,Natural,Estadual,Corpo Hídrico Estadual,,,,,,,,429.764104079933,32.1121826787959,3211.21826787959,21.3867273971319,,,,Rio,,,Rio Itacaiúnas,PARÁ,MARABÁ,,,bho_massa_dagua_2019,Atualizada geometria em 09/2016,,,,,,,,,,,,,,638,638
242046.0,243829.0,5544.0,,Barragem SP4 Sul,,Barragem,,SP4 Sul,Artificial,Federal,Terra da União (Unidade de Conservação),ANM,Mineracao Rio do Norte S.A.,ANM,,,,,2.75088890189633,0.473809759999864,47.3809759999864,1.1269902485965,Contenção de rejeitos de mineração,ANM,,,,,,PARÁ,ORIXIMINÁ,,,bho_massa_dagua_2019,,,,,,,,,,,,,,,,
27374.0,58969.0,,,,,,,,Natural,Federal,Terra da União (Unidade de Conservação),,,,,,,,5.62858768608673,0.603746742653407,60.3746742653407,2.04277786926334,,,,Rio,,,,PARÁ,BRAGANÇA,,,hid_trecho_massa_dagua_a_bc250k_2015,,,,,,,,,,,,,,,,711752
35964.0,6763.0,,,Represa Jari Celulose Monte Dourado,,Represa,,Jari Celulose Monte Dourado,Natural,Estadual,Corpo Hídrico Estadual,,,,,,,,2.58462933068211,0.231155999708052,23.1155999708052,1.51598460739798,,,,,,,,PARÁ,ALMEIRIM,Internet,166-101_20051028,bho_massa_dagua,,,,,,,,,,,,,,,,
303.0,56974.0,,,Rio Gurupi,,Rio,,Gurupi,Natural,Federal,Corpo Hídrico Federal,,,,,,,,196.94693033767,51.7609441349955,5176.09441349955,7.71964323530389,,,,Rio,,,,"MARANHÃO, PARÁ","BOA VISTA DO GURUPI, CARUTAPERA, VISEU",,,hid_trecho_massa_dagua_a_bc250k_2015,,,,,,,,,,,,,,,714,714
240875.0,62822.0,5167.0,19152.0,UHE Belo Monte,Ernestina,UHE,,Belo Monte,Artificial,Federal,Corpo Hídrico Federal,ANEEL,Norte Energia S/A,COSER/ANA (RSB2017),20/04/2016,ANEEL,4508.0,SNISB,642.434780891843,365.532212690512,36553.2212690512,9.47578778428322,Hidrelétrica,SNISB,UHE,,,,,PARÁ,"ALTAMIRA, VITÓRIA DO XINGU",ANEEL,225-62_160701/226_160708,bho_massa_dagua,,,,,,,,,,,,,,,,
8700.0,53717.0,,,Rio Aramá Grande,,Rio,,Aramá Grande,Natural,Estadual,Corpo Hídrico Estadual,,,,,,,,20.5711068986956,1.45052750464702,145.052750464702,4.81663553329649,,,,Rio,,,,PARÁ,"ANAJÁS, BREVES",,,hid_trecho_massa_dagua_a_bc250k_2015,,,,,,,,,,,,,,,5274,5274
53361.0,53693.0,,,Rio Panacuera,,Rio,,Panacuera,Natural,Estadual,Corpo Hídrico Estadual,,,,,,,,14.7313152392043,2.23874278997376,223.874278997376,2.77644152658482,,,,Rio,,,Rio Panacuera,PARÁ,"ABAETETUBA, IGARAPÉ-MIRI",,,hid_trecho_massa_dagua_a_bc250k_2015,,,,,,,,,,,,,,,6,6
6449.0,56736.0,,,Rio Marajoí,,Rio,,Marajoí,Natural,Federal,Terra da União (Unidade de Conservação),,,,,,,,80.9758863623737,7.15013961428428,715.013961428428,8.53979720971004,,,,Rio,,,Rio Marajoí,PARÁ,"GURUPÁ, MELGAÇO",,,hid_trecho_massa_dagua_a_bc250k_2015,,,,,,,,,,,,,,,4144,4144
17850.0,53898.0,,,,,,,,Natural,Estadual,Corpo Hídrico Estadual,,,,,,,,1.98607505788761,0.119056058041363,11.9056058041363,1.62318872081315,,,,,,,,PARÁ,NOVO PROGRESSO,,,hid_trecho_massa_dagua_a_bc250k_2015,,,,,,,,,,,,,,,,
14479.0,15164.0,,,,,,,,Natural,Estadual,Corpo Hídrico Estadual,,,,,,,,2.50604027099587,0.238986647270762,23.8986647270762,1.44560731001478,,,,,,,,PARÁ,ÓBIDOS,,168-102_20050805,bho_massa_dagua,,,,,,,,,,,,,,,,
814.0,15361.0,,,Lagoa Piraruacá,,Lagoa,,Piraruacá,Natural,Estadual,Corpo Hídrico Estadual,,,,,,,,174.053277303074,57.1362278646522,5713.62278646522,6.49345045254631,,,,,,,,PARÁ,TERRA SANTA,Carta 1:100000,169-102_20050923,bho_massa_dagua,,,,,,,,,,,,,,,,
47531.0,36686.0,,,,,,,,Natural,Federal,Corpo Hídrico Federal,,,,,,,,2.63815799066605,0.293181251389744,29.3181251389744,1.37398443112479,,,,Lago/Lagoa,,Permanente,,PARÁ,SANTARÉM,,,hid_massa_dagua_a_bc250k_2015,,,,,,,,,,,,,,,,
45478.0,62877.0,,,,,,,,Natural,Estadual,Corpo Hídrico Estadual,,,,,,,,428.561396302351,425.769271467426,42576.9271467426,5.85699697138771,,,,,,,,PARÁ,PRAINHA,,,bho_massa_dagua_2019,Atualizada geometria em 09/2016,,,,,,,,,,,,,,,
829.0,53793.0,,,Igarapé do Quinino,,Igarapé,do,Quinino,Natural,Estadual,Corpo Hídrico Estadual,,,,,,,,11.6988760670432,0.834597543569769,83.4597543569769,3.61122624071455,,,,Rio,,,Igarapé do Quinino,PARÁ,JURUTI,,,hid_trecho_massa_dagua_a_bc250k_2015,,,,,,,,,,,,,,,45623512,45623512
1363.0,56353.0,,,Rio Curuçá,,Rio,,Curuçá,Natural,Federal,Terra da União (Unidade de Conservação),,,,,,,,65.3607559400042,31.9566801409845,3195.66801409845,3.26050857625833,,,,Rio,,,,PARÁ,CURUÇÁ,,,hid_trecho_massa_dagua_a_bc250k_2015,,,,,,,,,,,,,,,71118,71116
8924.0,15331.0,,,,,,,,Natural,Estadual,Corpo Hídrico Estadual,,,,,,,,2.82065884723804,0.371380531940316,37.1380531940316,1.30523918581349,,,,,,,,PARÁ,JURUTI,,169-102_20050923,bho_massa_dagua,,,,,,,,,,,,,,,,
323.0,16433.0,,,Lago Boententa,,Lago,,Boententa,Natural,Estadual,Corpo Hídrico Estadual,,,,,,,,24.4907484315391,2.60897558291441,260.897558291441,4.27578794272634,,,,,,,,PARÁ,"AVEIRO, RURÓPOLIS",Carta 1:100000,168-104_20050831,bho_massa_dagua,,,,,,,,,,,,,,,,
35272.0,38418.0,,,,,,,,Natural,Estadual,Corpo Hídrico Estadual,,,,,,,,2.33946175016291,0.159844261313262,15.9844261313262,1.65012381724807,,,,Lago/Lagoa,,Permanente,,PARÁ,ORIXIMINÁ,,,hid_massa_dagua_a_bc250k_2015,,,,,,,,,,,,,,,,
47102.0,36257.0,,,,,,,,Natural,Estadual,Corpo Hídrico Estadual,,,,,,,,1.56932106384163,0.123604475260737,12.3604475260737,1.25876255335406,,,,Lago/Lagoa,,Permanente,,PARÁ,MOJU,,,hid_massa_dagua_a_bc250k_2015,,,,,,,,,,,,,,,,
44189.0,39380.0,,,Lagoa Jacuraruzinho,,Lagoa,,Jacuraruzinho,Natural,Estadual,Corpo Hídrico Estadual,,,,,,,,1.28117703927369,0.063788802765913,6.37888027659129,1.4304939638883,,,,Lago/Lagoa,,Permanente,,PARÁ,ORIXIMINÁ,,,hid_massa_dagua_a_bc250k_2015,,,,,,,,,,,,,,,,
38599.0,54795.0,,,,,,,,Natural,Federal,Terra da União (Unidade de Conservação),,,,,,,,3.58937347113237,0.375845947849233,37.5845947849233,1.65105986645932,,,,,Doce,,,,,,,hid_trecho_massa_dagua_a_bc250k_2015,,,,,,,,,,,,,,,,
40114.0,58908.0,,,,,,,,Natural,Federal,Terra da União (Unidade de Conservação),,,,,,,,2.76317794104843,0.19942024783082,19.942024783082,1.74491122184823,,,,,,,,PARÁ,AUGUSTO CORRÊA,,,hid_trecho_massa_dagua_a_bc250k_2015,,,,,,,,,,,,,,,,
57597.0,53862.0,,,,,,,,Natural,Estadual,Corpo Hídrico Estadual,,,,,,,,37.6858028901196,8.28334372851192,828.334372851192,3.69253005517318,,,,Rio,,,Igarapé Arira,PARÁ,"CAMETÁ, OEIRAS DO PARÁ",,,hid_trecho_massa_dagua_a_bc250k_2015,,,,,,,,,,,,,,,62242,62242
33742.0,55998.0,,,Igarapé Cachoeirinha,,Igarapé,,Cachoeirinha,Artificial,Estadual,Corpo Hídrico Estadual,ESTADO,,,,,,,8.98230692815724,0.79138070384486,79.138070384486,2.84737239922516,,,,,,,,PARÁ,IPIXUNA DO PARÁ,,,hid_trecho_massa_dagua_a_bc250k_2015,,,,,,,,,,,,,,,,
54051.0,39328.0,,,,,,,,Natural,Federal,Terra da União (Unidade de Conservação),,,,,,,,0.986969221729689,0.065556546436402,6.55565464364017,1.08703789600763,,,,Lago/Lagoa,,Permanente,,PARÁ,ORIXIMINÁ,,,hid_massa_dagua_a_bc250k_2015,,,,,,,,,,,,,,,,
19943.0,20795.0,,,,,,,,Natural,Estadual,Corpo Hídrico Estadual,,,,,,,,2.31667190366995,0.305598719849154,30.5598719849154,1.18178337082772,,,,,,,,PARÁ,CHAVES,,162-100_20060414,bho_massa_dagua,,,,,,,,,,,,,,,,
58578.0,35824.0,,,,,,,,Natural,Estadual,Corpo Hídrico Estadual,,,,,,,,2.19464754228462,0.239428453939963,23.9428453939963,1.26481209728246,,,,Lago/Lagoa,,Permanente,,PARÁ,ÓBIDOS,,,hid_massa_dagua_a_bc250k_2015,,,,,,,,,,,,,,,,
29751.0,53747.0,,,Lagoa do Castanho,,Lagoa,do,Castanho,Natural,Estadual,Corpo Hídrico Estadual,,,,,,,,9.11794177540668,0.661708501728057,66.1708501728057,3.1609131675261,,,,Rio,,,Lagoa do Castanho,PARÁ,ORIXIMINÁ,,,hid_trecho_massa_dagua_a_bc250k_2015,,,,,,,,,,,,,,,45422,45422
16215.0,38205.0,,,,,,,,Natural,Estadual,Corpo Hídrico Estadual,,,,,,,,5.59829273920924,0.764821752371605,76.4821752371605,1.80519697469817,,,,Lago/Lagoa,,Permanente,,PARÁ,PRAINHA,,,hid_massa_dagua_a_bc250k_2015,,,,,,,,,,,,,,,,
60062.0,63701.0,,,Rio Erepecuru,,Rio,,Erepecuru,Natural,Estadual,Corpo Hídrico Estadual,,,,,,,,803.624166880731,130.776441025746,13077.6441025746,19.816974007474,,,,Rio,,,Rio Erepecuru ou Paru do Oeste,PARÁ,"ÓBIDOS, ORIXIMINÁ",,,bho_massa_dagua_2019,Atualizada geometria em 09/2016,,,,,,,,,,,,,,4542,4542
47423.0,36791.0,,,,,,,,Natural,Federal,Terra da União (Terra Indígena),,,,,,,,3.41859656353353,0.202968647773823,20.2968647773823,2.13984581085424,,,,Meandro abandonado,,Permanente,,PARÁ,JACAREACANGA,,,hid_massa_dagua_a_bc250k_2015,,,,,,,,,,,,,,,,
58158.0,63029.0,,,Rio Trombetas,,Rio,,Trombetas,Natural,Federal,Terra da União (Unidade de Conservação),,,,,,,,276.984003881769,79.6112520213847,7961.12520213847,8.75420213246875,,,,Rio,,,Rio Trombetas,PARÁ,ORIXIMINÁ,,,bho_massa_dagua_2019,Atualizada geometria em 09/2016,,,,,,,,,,,,,,454,454
13540.0,14997.0,,,,,,,,Natural,Estadual,Corpo Hídrico Estadual,,,,,,,,2.29922263637187,0.221348504918604,22.1348504918604,1.37813524091847,,,,,,,,PARÁ,PRAINHA,,167-102_20050903,bho_massa_dagua,,,,,,,,,,,,,,,,
22570.0,21756.0,,,,,,,,Natural,Federal,Corpo Hídrico Federal,,,,,,,,5.85294442235302,1.34229403028847,134.229403028847,1.42462210641863,,,,,,,,PARÁ,CHAVES,,163-100_20040126,bho_massa_dagua,,,,,,,,,,,,,,,,
27799.0,55776.0,,,,,,,,Natural,Estadual,Corpo Hídrico Estadual,,,,,,,,4.24133994888307,0.381149477698287,38.1149477698287,1.9373341186398,,,,,,,,PARÁ,"AVEIRO, ITAITUBA",,,hid_trecho_massa_dagua_a_bc250k_2015,,,,,,,,,,,,,,,,
47444.0,15022.0,,,Lago Curumu/Lago Uruxi/Lago Capintuba,,Lago,,Curumu/Lago Uruxi/Lago Capintuba,Natural,Estadual,Corpo Hídrico Estadual,,,,,,,,94.4046379640279,42.0231863749162,4202.31863749161,4.10674701104818,,,,,,,,PARÁ,ALENQUER,Carta 1:100000,168-102_20050805,bho_massa_dagua,,,,,,,,,,,,,,,,
48010.0,15430.0,,,,,,,,Natural,Estadual,Corpo Hídrico Estadual,,,,,,,,3.01822671633625,0.263847069479418,26.3847069479418,1.65700885735031,,,,,,,,PARÁ,JURUTI,,169-102_20050923,bho_massa_dagua,,,,,,,,,,,,,,,,
37834.0,54730.0,,,,,,,,Natural,Federal,Terra da União (Unidade de Conservação),,,,,,,,2.46644224480716,0.137883057201362,13.7883057201362,1.87311571076138,,,,,,,,,,,,hid_trecho_massa_dagua_a_bc250k_2015,,,,,,,,,,,,,,,,
9.0,53684.0,,,,,,,,Natural,Estadual,Corpo Hídrico Estadual,,,,,,,,5.06058978845694,0.407844191979075,40.7844191979075,2.23461701939135,,,,,,,,PARÁ,PONTA DE PEDRAS,,,hid_trecho_massa_dagua_a_bc250k_2015,,,,,,,,,,,,,,,,
813.0,63828.0,,,Baía do Vieira Grande,,Baía,do,Vieira Grande,Natural,Estadual,Corpo Hídrico Estadual,,,,,,,,187.848504266686,30.3943487727517,3039.43487727517,9.60860694726981,,,,Rio,,,,PARÁ,AFUÁ,,,hid_trecho_massa_dagua_a_bc250k_2015,,,,,,,,,,,,,,,5632,5432
59330.0,6714.0,,,,,,,,Natural,Estadual,Corpo Hídrico Estadual,,,,,,,,3.32904308722846,0.358014554059653,35.8014554059653,1.56898280309104,,,,,,,,PARÁ,PRAINHA,,166-102_20051028,bho_massa_dagua,,,,,,,,,,,,,,,,
35030.0,38007.0,,,,,,,,Natural,Estadual,Corpo Hídrico Estadual,,,,,,,,1.33163229856765,0.091268226521444,9.12682265214436,1.24300713880835,,,,Lago/Lagoa,,Permanente,,PARÁ,JURUTI,,,hid_massa_dagua_a_bc250k_2015,,,,,,,,,,,,,,,,
43168.0,35927.0,,,,,,,,Natural,Estadual,Corpo Hídrico Estadual,,,,,,,,2.60348923269984,0.151211659367532,15.1211659367532,1.88804462366829,,,,Lago/Lagoa,,Permanente,,PARÁ,ÓBIDOS,,,hid_massa_dagua_a_bc250k_2015,,,,,,,,,,,,,,,,
15152.0,57126.0,,,Igarapé Piramanha,,Igarapé,,Piramanha,Natural,Estadual,Corpo Hídrico Estadual,,,,,,,,16.7141541254556,1.46346608501085,146.346608501085,3.89620841257199,,,,Rio,,,Igarapé Piramanha,PARÁ,BARCARENA,,,hid_trecho_massa_dagua_a_bc250k_2015,,,,,,,,,,,,,,,614,614
670.0,53890.0,,,,,,,,Natural,Estadual,Corpo Hídrico Estadual,,,,,,,,2.54503328563537,0.22151158116154,22.151158116154,1.52491050571925,,,,,,,,PARÁ,OURILÂNDIA DO NORTE,,,hid_trecho_massa_dagua_a_bc250k_2015,,,,,,,,,,,,,,,,
36832.0,6704.0,,,,,,,,Natural,Estadual,Corpo Hídrico Estadual,,,,,,,,23.5349803555791,7.41307418133553,741.307418133553,2.43760748869636,,,,,,,,PARÁ,PRAINHA,,166-102_20051028,bho_massa_dagua,,,,,,,,,,,,,,,,
334.0,57234.0,,,,,,,,Natural,Federal,Terra da União (Terra Indígena),,,,,,,,80.9806237972234,4.79739824011428,479.739824011428,10.4262309432654,,,,Rio,,,Rio Cururu,PARÁ,JACAREACANGA,,,hid_trecho_massa_dagua_a_bc250k_2015,,,,,,,,,,,,,,,4438,4438
773.0,15446.0,,,Lago Maracanã,,Lago,,Maracanã,Natural,Estadual,Corpo Hídrico Estadual,,,,,,,,54.5513321961046,9.74073288821619,974.073288821619,4.92899811595683,,,,,,,,PARÁ,"FARO, TERRA SANTA",Carta 1:100000,170-102_20050825,bho_massa_dagua,Tipo de Reservatório alterado para Natural,,,,,,,,,,,,,,,
59527.0,35612.0,,,,,,,,Natural,Estadual,Corpo Hídrico Estadual,,,,,,,,1.65959094701819,0.128076659238985,12.8076659238985,1.30772121705931,,,,Meandro abandonado,,Permanente,,PARÁ,PARAGOMINAS,,,hid_massa_dagua_a_bc250k_2015,,,,,,,,,,,,,,,,
13548.0,35582.0,,,,,,,,Natural,Federal,Terra da União (Terra Indígena),,,,,,,,2.71258486552606,0.186254667575255,18.6254667575255,1.77246986483819,,,,Lago/Lagoa,,Permanente,,PARÁ,SÃO FÉLIX DO XINGU,,,hid_massa_dagua_a_bc250k_2015,,,,,,,,,,,,,,,,
56173.0,62268.0,,,Rio Mutuacazinho,,Rio,,Mutuacazinho,Natural,Federal,Corpo Hídrico Federal,,,,,,,,23.3994776406307,2.01577655313898,201.577655313898,4.64765707301366,,,,Rio,,,Rio Mutucazinho,PARÁ,CAMETÁ,,,hid_trecho_massa_dagua_a_bc250k_2015,Atualizada geometria em 09/2016,,,,,,,,,,,,,,6,6
53609.0,57203.0,,,Furo do Paga Conta,,Furo,do,Paga Conta,Natural,Federal,Terra da União (Unidade de Conservação),,,,,,,,11.8472912431907,1.02721062223793,102.721062223793,3.29638874279873,,,,Rio,,,Furado do Paga Conta,PARÁ,ALTAMIRA,,,hid_trecho_massa_dagua_a_bc250k_2015,,,,,,,,,,,,,,,422,422
45722.0,15435.0,,,,,,,,Natural,Estadual,Corpo Hídrico Estadual,,,,,,,,10.7505573736574,0.929816557283144,92.9816557283144,3.14399214187454,,,,,,,,PARÁ,JURUTI,,169-102_20050923,bho_massa_dagua,,,,,,,,,,,,,,,,
32455.0,15225.0,,,Lagoa Chata,,Lagoa,,Chata,Natural,Estadual,Corpo Hídrico Estadual,,,,,,,,2.50454452066455,0.285915016558676,28.5915016558676,1.32086788672707,,,,,,,,PARÁ,ORIXIMINÁ,Carta 1:100000,169-102_20050923,bho_massa_dagua,,,,,,,,,,,,,,,,
40272.0,54097.0,,,Rio Curuá,,Rio,,Curuá,Natural,Federal,Terra da União (Terra Indígena),,,,,,,,414.112785911749,39.7228491397778,3972.28491397778,18.5288110516844,,,,Rio,,,Rio Curuá,PARÁ,ALTAMIRA,,,hid_trecho_massa_dagua_a_bc250k_2015,,,,,,,,,,,,,,,4226,4226
30437.0,63097.0,602.0,,Dique Provisório 2,,Dique,,Provisório 2,Artificial,Estadual,Corpo Hídrico Estadual,ANM,Vale S.A. - Filial: Vale Minas MOP,ANM,,,,,0.369056578264085,0.005556543649911,0.555654364991144,1.39617447517849,Contenção de rejeitos de mineração,ANM,,,,,,PARÁ,SÃO FÉLIX DO XINGU,DNPM,Bing Aerial,bho_massa_dagua_2019,Reservatório incluído na atualização de 09/2016,,,,,,,,,,,,,,,
241065.0,242970.0,,,Rio Pará,,Rio,,Pará,Natural,Federal,Corpo Hídrico Federal,,,,,,,,20.2529901172278,5.45510305681822,545.510305681823,2.44532607752825,,,,Rio,,,Rio Atuá,PARÁ,MUANÁ,,,hid_trecho_massa_dagua_a_bc250k_2015,,,,,,,,,,,,,,,6194,6194
14259.0,49462.0,,,,,,,,Natural,Estadual,Corpo Hídrico Estadual,,,,,,,,2.02613488782103,0.094149821641165,9.41498216411649,1.86212020389119,,,,Lago/Lagoa,,Permanente,,PARÁ,PARAGOMINAS,,,hid_massa_dagua_a_bc250k_2015,,,,,,,,,,,,,,,,
50411.0,15606.0,,,,,,,,Natural,Estadual,Corpo Hídrico Estadual,,,,,,,,2.66222725995046,0.253199973663335,25.3199973663335,1.49197795548876,,,,,,,,PARÁ,SANTARÉM,,167-103_20041217,bho_massa_dagua,,,,,,,,,,,,,,,,
539.0,53908.0,,,Rio Anabiju,,Rio,,Anabiju,Natural,Estadual,Corpo Hídrico Estadual,,,,,,,,56.7083357678792,4.14709470582498,414.709470582498,7.85279090645971,,,,Rio,,,Rio Anabiju,PARÁ,"MUANÁ, PONTA DE PEDRAS",,,hid_trecho_massa_dagua_a_bc250k_2015,,,,,,,,,,,,,,,61942,61942
11633.0,62874.0,,,Rio Tocantins,,Rio,,Tocantins,Natural,Federal,Corpo Hídrico Federal,,,,,,,,1189.68297604071,475.953723217934,47595.3723217934,15.3779339452207,,,,Rio,,,Rio Tocantins,"MARANHÃO, PARÁ, TOCANTINS","AGUIARNÓPOLIS, AUGUSTINÓPOLIS, BOM JESUS DO TOCANTINS, BURITI DO TOCANTINS, CAMPESTRE DO MARANHÃO, CARRASCO BONITO, CIDELÂNDIA, ESPERANTINA, ESTREITO, GOVERNADOR EDISON LOBÃO, IMPERATRIZ, ITAGUATINS, ITUPIRANGA, MARABÁ, MAURILÂNDIA DO TOCANTINS, N",,,bho_massa_dagua_2019,Atualizada geometria em 09/2016,,,,,,,,,,,,,,6,6
45730.0,39553.0,,,,,,,,Natural,Federal,Terra da União (Terra Indígena),,,,,,,,1.2804861482017,0.066703531350659,6.67035313506591,1.39813652009111,,,,Lago/Lagoa,,Permanente,,PARÁ,ALTAMIRA,,,hid_massa_dagua_a_bc250k_2015,,,,,,,,,,,,,,,,
42049.0,53881.0,,,Rio Charapucu,,Rio,,Charapucu,Natural,Estadual,Corpo Hídrico Estadual,,,,,,,,28.71323733948,1.97582485448706,197.582485448706,5.76045843082574,,,,Rio,,,,PARÁ,"AFUÁ, ANAJÁS",,,hid_trecho_massa_dagua_a_bc250k_2015,,,,,,,,,,,,,,,56,54
15534.0,62882.0,,,Rio Jamanxim,,Rio,,Jamanxim,Natural,Estadual,Corpo Hídrico Estadual,,,,,,,,739.689770088081,78.6942047031795,7869.42047031795,23.5140450235479,,,,Rio,,,Rio Jamanxim,PARÁ,"ITAITUBA, NOVO PROGRESSO",,,bho_massa_dagua_2019,,,,,,,,,,,,,,,442,442
832.0,62881.0,,,Rio Jari,,Rio,,Jari,Natural,Federal,Corpo Hídrico Federal,,,,,,,,411.652669225359,107.205686180924,10720.5686180924,11.2116913558988,,,,Rio,,,Rio Jari,"AMAPÁ, PARÁ","ALMEIRIM, LARANJAL DO JARI, VITÓRIA DO JARI",,,bho_massa_dagua_2019,Atualizada geometria em 09/2016,,,,,,,,,,,,,,418,418
24565.0,38166.0,,,,,,,,Natural,Federal,Corpo Hídrico Federal,,,,,,,,10.545970373718,0.911930607645526,91.1930607645526,3.11425922127071,,,,Lago/Lagoa,,Permanente,,PARÁ,AVEIRO,,,hid_massa_dagua_a_bc250k_2015,,,,,,,,,,,,,,,,
16928.0,16440.0,,,,,,,,Natural,Estadual,Corpo Hídrico Estadual,,,,,,,,3.75967868950313,0.276923930639154,27.6923930639155,2.01474272099287,,,,,,,,PARÁ,AVEIRO,,168-104_20050831,bho_massa_dagua,,,,,,,,,,,,,,,,
4695.0,54146.0,,,,,,,,Artificial,Estadual,Corpo Hídrico Estadual,ESTADO,,,,,,,0.728888826963907,0.012549473688927,1.25494736889269,1.8348376588993,,,,Represa/Açude,,,,PARÁ,CAPITÃO POÇO,,,hid_trecho_massa_dagua_a_bc250k_2015,,,,,,,,,,,,,,,,
26944.0,49329.0,,,,,,,,Natural,Estadual,Corpo Hídrico Estadual,,,,,,,,1.68629837166088,0.087901119064442,8.79011190644418,1.60393338438988,,,,Lago/Lagoa,,Permanente,,PARÁ,PEIXE-BOI,,,hid_massa_dagua_a_bc250k_2015,,,,,,,,,,,,,,,,
25813.0,56435.0,,,Rio Jacundá,,Rio,,Jacundá,Natural,Estadual,Corpo Hídrico Estadual,,,,,,,,106.832661349872,18.5949092474329,1859.49092474329,6.98644306467389,,,,Rio,,,Rio Jacundá,PARÁ,BAGRE,,,hid_trecho_massa_dagua_a_bc250k_2015,,,,,,,,,,,,,,,624,624
5889.0,53730.0,,,Igarapé Urucuriana,,Igarapé,,Urucuriana,Natural,Estadual,Corpo Hídrico Estadual,,,,,,,,12.2357690823613,0.843834340456097,84.3834340456097,3.75622659166252,,,,Rio,,,Igarapé Urucuriana,PARÁ,ÓBIDOS,,,hid_trecho_massa_dagua_a_bc250k_2015,,,,,,,,,,,,,,,45426,45426
7325.0,57144.0,,,Rio Cupijó,,Rio,,Cupijó,Natural,Estadual,Corpo Hídrico Estadual,,,,,,,,137.229862880843,42.7379164127343,4273.79164127343,5.91958232878516,,,,Rio,,,Rio Cupijó,PARÁ,"CAMETÁ, LIMOEIRO DO AJURU",,,hid_trecho_massa_dagua_a_bc250k_2015,,,,,,,,,,,,,,,6216,6216
240876.0,242618.0,,,Rio Jamanxim,,Rio,,Jamanxim,Natural,Federal,Terra da União (Unidade de Conservação),,,,,,,,355.460848539629,47.172867328132,4717.2867328132,14.5946856104066,,,,Rio,,,Rio Jamanxim,PARÁ,"ITAITUBA, TRAIRÃO",,,bho_massa_dagua_2019,,,,,,,,,,,,,,,442,442
14174.0,38591.0,,,,,,,,Natural,Estadual,Corpo Hídrico Estadual,,,,,,,,1.21692017661254,0.084892589688453,8.48925896884529,1.17781290656334,,,,Lago/Lagoa,,Permanente,,PARÁ,ALENQUER,,,hid_massa_dagua_a_bc250k_2015,,,,,,,,,,,,,,,,
45470.0,62861.0,,,,,,,,Natural,Estadual,Corpo Hídrico Estadual,,,,,,,,156.458758395436,35.9039061523097,3590.39061523097,7.36339567003546,,,,,,,,PARÁ,"BRAGANÇA, TRACUATEUA",,,bho_massa_dagua_2019,Atualizada geometria em 09/2016,,,,,,,,,,,,,,,
44087.0,46363.0,,,,,,,,Natural,Estadual,Corpo Hídrico Estadual,,,,,,,,1.41605616869787,0.098517358639832,9.85173586398323,1.27225219508589,,,,Lago/Lagoa,Doce,Permanente,,PARÁ,SANTA MARIA DAS BARREIRAS,,,hid_massa_dagua_a_bc250k_2015,,,,,,,,,,,,,,,,
776.0,57239.0,,,,,,,,Natural,Estadual,Corpo Hídrico Estadual,,,,,,,,46.0310414992885,5.14385616171565,514.385616171565,5.72341848411102,,,,Rio,,,,PARÁ,SALVATERRA,,,hid_trecho_massa_dagua_a_bc250k_2015,,,,,,,,,,,,,,,611222,611422
21348.0,15279.0,,,,,,,,Natural,Estadual,Corpo Hídrico Estadual,,,,,,,,3.19225665526117,0.246802324636649,24.6802324636649,1.8120588011078,,,,,,,,PARÁ,ORIXIMINÁ,,169-102_20050923,bho_massa_dagua,,,,,,,,,,,,,,,,
54481.0,57112.0,,,Furo Santa Maria,,Furo,,Santa Maria,Natural,Estadual,Corpo Hídrico Estadual,,,,,,,,16.5883346457262,2.59722821637672,259.722821637672,2.90266449118935,,,,Rio,,,Furo Santa Maria,PARÁ,CURRALINHO,,,hid_trecho_massa_dagua_a_bc250k_2015,,,,,,,,,,,,,,,6232,6232
52.0,53729.0,,,Rio Camauá,,Rio,,Camauá,Natural,Estadual,Corpo Hídrico Estadual,,,,,,,,18.0619727116924,1.02667258030205,102.667258030205,5.02687757439626,,,,Rio,,,Rio Camauá,PARÁ,CURRALINHO,,,hid_trecho_massa_dagua_a_bc250k_2015,,,,,,,,,,,,,,,623222,623222
50516.0,38980.0,,,,,,,,Natural,Estadual,Corpo Hídrico Estadual,,,,,,,,1.64704061502174,0.158977138736411,15.8977138736411,1.16489311632409,,,,Lago/Lagoa,,Permanente,,PARÁ,ORIXIMINÁ,,,hid_massa_dagua_a_bc250k_2015,,,,,,,,,,,,,,,,
15171.0,55567.0,,,Rio Anauera,,Rio,,Anauera,Natural,Estadual,Corpo Hídrico Estadual,,,,,,,,53.2349888127795,8.79875103842397,879.875103842397,5.06099328083308,,,,Rio,,,Rio Anavera,PARÁ,"CAMETÁ, OEIRAS DO PARÁ",,,hid_trecho_massa_dagua_a_bc250k_2015,,,,,,,,,,,,,,,6224,6224
43674.0,57266.0,,,Rio Marajó-Açu,,Rio,,Marajó-Açu,Natural,Estadual,Corpo Hídrico Estadual,,,,,,,,37.2720235197159,12.2919972444093,1229.19972444093,2.99792561386818,,,,Rio,,,Rio Marajó-açu,PARÁ,PONTA DE PEDRAS,,,hid_trecho_massa_dagua_a_bc250k_2015,,,,,,,,,,,,,,,6174,6174
18298.0,38967.0,,,,,,,,Natural,Federal,Terra da União (Unidade de Conservação),,,,,,,,1.68769496367962,0.119635406595602,11.9635406595602,1.37598341011141,,,,Lago/Lagoa,,Permanente,,PARÁ,ALTAMIRA,,,hid_massa_dagua_a_bc250k_2015,,,,,,,,,,,,,,,,
54928.0,35568.0,,,,,,,,Natural,Estadual,Corpo Hídrico Estadual,,,,,,,,1.47065287132565,0.08892834886954,8.89283488695403,1.39071829893412,,,,Meandro abandonado,,Permanente,,PARÁ,IPIXUNA DO PARÁ,,,hid_massa_dagua_a_bc250k_2015,,,,,,,,,,,,,,,,
6632.0,39593.0,,,,,,,,Natural,Estadual,Corpo Hídrico Estadual,,,,,,,,3.11079700619647,0.293286804362597,29.3286804362597,1.6198489506042,,,,Lago/Lagoa,,Permanente,,PARÁ,ORIXIMINÁ,,,hid_massa_dagua_a_bc250k_2015,,,,,,,,,,,,,,,,
31564.0,45017.0,,,,,,,,Natural,Estadual,Corpo Hídrico Estadual,,,,,,,,3.2890511015907,0.19523014188153,19.523014188153,2.09916363622838,,,,Lago/Lagoa,Doce,Permanente,,PARÁ,CONCEIÇÃO DO ARAGUAIA,,,hid_massa_dagua_a_bc250k_2015,,,,,,,,,,,,,,,,
51811.0,53907.0,,,Rio Piriá,,Rio,,Piriá,Natural,Estadual,Corpo Hídrico Estadual,,,,,,,,59.0108358933524,11.7729005655954,1177.29005655954,4.84997094477092,,,,Rio,,,Rio Piriá,PARÁ,CURRALINHO,,,hid_trecho_massa_dagua_a_bc250k_2015,,,,,,,,,,,,,,,6232,6232
56025.0,15072.0,,,,,,,,Natural,Federal,Corpo Hídrico Federal,,,,,,,,3.70719500175877,0.556631433927423,55.6631433927423,1.40123402764675,,,,,,,,PARÁ,SANTARÉM,,167-102_20050903,bho_massa_dagua,,,,,,,,,,,,,,,,
38846.0,15284.0,,,Lagoa de Sapucuá,,Lagoa,de,Sapucuá,Natural,Estadual,Corpo Hídrico Estadual,,,,,,,,322.199069477618,136.770652687385,13677.0652687385,7.76921125116141,,,,,,,,PARÁ,ORIXIMINÁ,Carta 1:100000,169-102_20050923,bho_massa_dagua,,,,,,,,,,,,,,,,
49740.0,48201.0,,,,,,,,Natural,Estadual,Corpo Hídrico Estadual,,,,,,,,1.16834363038626,0.081863194490047,8.18631944900465,1.15153027257349,,,,Lago/Lagoa,Doce,Permanente,,PARÁ,CONCEIÇÃO DO ARAGUAIA,,,hid_massa_dagua_a_bc250k_2015,,,,,,,,,,,,,,,,
20823.0,56998.0,,,,,,,,Natural,Estadual,Corpo Hídrico Estadual,,,,,,,,25.9600835511667,3.19980346337808,319.980346337808,4.0925457415913,,,,Rio,,,Rio Mucuruçá ou Barcarena,PARÁ,BARCARENA,,,hid_trecho_massa_dagua_a_bc250k_2015,,,,,,,,,,,,,,,61412,61412
517.0,63752.0,,,Rio Catete,,Rio,,Catete,Natural,Federal,Terra da União (Unidade de Conservação),,,,,,,,67.6314803280544,4.31307298927633,431.307298927633,9.1834231899123,,,,Rio,,,Rio Catete,PARÁ,ALTAMIRA,,,hid_trecho_massa_dagua_a_bc250k_2015,,,,,,,,,,,,,,,42274,42274
38725.0,37209.0,,,,,,,,Natural,Estadual,Corpo Hídrico Estadual,,,,,,,,1.4860260164996,0.1112008483149,11.12008483149,1.2566706468843,,,,Lago/Lagoa,,Permanente,,PARÁ,PRAINHA,,,hid_massa_dagua_a_bc250k_2015,,,,,,,,,,,,,,,,
42532.0,57029.0,,,,,,,,Natural,Estadual,Corpo Hídrico Estadual,,,,,,,,12.5556612395863,0.933585942883587,93.3585942883587,3.66447316765358,,,,Rio,,,Rio Maicuru,PARÁ,MONTE ALEGRE,,,hid_trecho_massa_dagua_a_bc250k_2015,,,,,,,,,,,,,,,438,438
51227.0,39267.0,,,,,,,,Natural,Estadual,Corpo Hídrico Estadual,,,,,,,,1.995270930239,0.155016623830097,15.5016623830097,1.42909745742069,,,,Lago/Lagoa,,Permanente,,PARÁ,IPIXUNA DO PARÁ,,,hid_massa_dagua_a_bc250k_2015,,,,,,,,,,,,,,,,
38255.0,36143.0,,,,,,,,Natural,Estadual,Corpo Hídrico Estadual,,,,,,,,2.14042569123016,0.254433676796505,25.4433676796505,1.19663573081274,,,,Lago/Lagoa,,Permanente,,PARÁ,MOJU,,,hid_massa_dagua_a_bc250k_2015,,,,,,,,,,,,,,,,
7394.0,38556.0,,,,,,,,Natural,Estadual,Corpo Hídrico Estadual,,,,,,,,2.35598813020986,0.084300650969568,8.43006509695678,2.28826723587605,,,,Lago/Lagoa,,Permanente,,PARÁ,MONTE ALEGRE,,,hid_massa_dagua_a_bc250k_2015,,,,,,,,,,,,,,,,
6877.0,63765.0,,,Rio Fresco,,Rio,,Fresco,Natural,Estadual,Corpo Hídrico Estadual,,,,,,,,202.158628457303,26.2457389857758,2624.57389857758,11.1278685812675,,,,Rio,,,Rio Fresco,PARÁ,"OURILÂNDIA DO NORTE, SÃO FÉLIX DO XINGU, TUCUMÃ",,,hid_trecho_massa_dagua_a_bc250k_2015,,,,,,,,,,,,,,,424,424
11099.0,9555.0,,,,,,,,Natural,Estadual,Corpo Hídrico Estadual,,,,,,,,1.91049325004165,0.207657932975729,20.7657932975729,1.18228002627999,,,,,,,,PARÁ,NOVA IPIXUNA,,161-106_20040801,bho_massa_dagua,,,,,,,,,,,,,,,,
54810.0,15268.0,,,,,,,,Natural,Estadual,Corpo Hídrico Estadual,,,,,,,,2.62219138808089,0.243786440250088,24.3786440250088,1.49764445237247,,,,,,,,PARÁ,ÓBIDOS,,169-102_20050923,bho_massa_dagua,,,,,,,,,,,,,,,,
5166.0,15347.0,,,,,,,,Natural,Estadual,Corpo Hídrico Estadual,,,,,,,,2.3901328653855,0.385927117922383,38.5927117922383,1.08497193367199,,,,,,,,PARÁ,TERRA SANTA,,169-102_20050923,bho_massa_dagua,,,,,,,,,,,,,,,,
21828.0,59063.0,,,,,,,,Natural,Federal,Terra da União (Unidade de Conservação),,,,,,,,2.3794386539695,0.141419658586448,14.1419658586448,1.7843035046959,,,,,,,,PARÁ,VISEU,,,hid_trecho_massa_dagua_a_bc250k_2015,,,,,,,,,,,,,,,,
20197.0,56415.0,,,,,,,,Natural,Estadual,Corpo Hídrico Estadual,,,,,,,,8.39425569923516,0.694531015515023,69.4531015515023,2.84043908624476,,,,Rio,,,,PARÁ,PLACAS,,,hid_trecho_massa_dagua_a_bc250k_2015,,,,,,,,,,,,,,,43658,43658
45647.0,16449.0,,,Rio Mamuru,,Rio,,Mamuru,Natural,Federal,Corpo Hídrico Federal,,,,,,,,48.9513004557204,12.0293843804381,1202.93843804381,3.9800785294164,,,,Rio,,,Rio Mamuru,PARÁ,JURUTI,Carta 1:100000,169-104_20050923,bho_massa_dagua,,,,,,,,,,,,,,,4562,4562
50046.0,38381.0,,,,,,,,Natural,Estadual,Corpo Hídrico Estadual,,,,,,,,4.72541972914609,0.495554372398188,49.5554372398188,1.89297048403784,,,,Lago/Lagoa,,Permanente,,PARÁ,MOJU,,,hid_massa_dagua_a_bc250k_2015,,,,,,,,,,,,,,,,
36259.0,15396.0,,,,,,,,Natural,Estadual,Corpo Hídrico Estadual,,,,,,,,3.56410481533826,0.310796889215263,31.0796889215262,1.80285684951438,,,,,,,,PARÁ,JURUTI,,169-102_20050923,bho_massa_dagua,,,,,,,,,,,,,,,,
58189.0,37937.0,,,,,,,,Natural,Federal,Terra da União (Unidade de Conservação),,,,,,,,1.96185627644221,0.141598976593213,14.1598976593213,1.4702332466844,,,,Lago/Lagoa,,Permanente,,PARÁ,PRAINHA,,,hid_massa_dagua_a_bc250k_2015,,,,,,,,,,,,,,,,
47823.0,35450.0,,,,,,,,Natural,Federal,Corpo Hídrico Federal,,,,,,,,2.55223342026223,0.231450251194269,23.1450251194269,1.49603127035133,,,,Lago/Lagoa,,Permanente,,PARÁ,SÃO FÉLIX DO XINGU,,,hid_massa_dagua_a_bc250k_2015,,,,,,,,,,,,,,,,
32852.0,39230.0,,,,,,,,Natural,Federal,Corpo Hídrico Federal,,,,,,,,1.39498163834498,0.097698296368042,9.76982963680415,1.25856051995785,,,,Lago/Lagoa,,Permanente,,PARÁ,ALTAMIRA,,,hid_massa_dagua_a_bc250k_2015,,,,,,,,,,,,,,,,
7300.0,57033.0,,,Igarapé Caxipacoro,,Igarapé,,Caxipacoro,Natural,Estadual,Corpo Hídrico Estadual,,,,,,,,169.05582775507,10.2422280775957,1024.22280775957,14.8964242845893,,,,Rio,,,Igarapé Caxipacoro,PARÁ,ORIXIMINÁ,,,hid_trecho_massa_dagua_a_bc250k_2015,,,,,,,,,,,,,,,45474,45474
10619.0,38285.0,,,,,,,,Natural,Estadual,Corpo Hídrico Estadual,,,,,,,,2.16905033249441,0.149194093795403,14.9194093795403,1.58359062762116,,,,Lago/Lagoa,,Permanente,,PARÁ,ORIXIMINÁ,,,hid_massa_dagua_a_bc250k_2015,,,,,,,,,,,,,,,,
147.0,63724.0,,,Rio Bacajá,,Rio,,Bacajá,Natural,Estadual,Corpo Hídrico Estadual,,,,,,,,205.117829377508,14.0334693839765,1403.34693839765,15.4408069993438,,,,Rio,,,Rio Bacajá,PARÁ,"ANAPU, SENADOR JOSÉ PORFÍRIO",,,hid_trecho_massa_dagua_a_bc250k_2015,,,,,,,,,,,,,,,4216,4216
48725.0,56670.0,,,Ribeirão Gameleira,Chicão,Ribeirão,,Gameleira,Natural,Estadual,Corpo Hídrico Estadual,,,,,,,,2.46365325165335,0.156593900493371,15.6593900493371,1.75566345905067,,,,,Doce,,,PARÁ,CONCEIÇÃO DO ARAGUAIA,,,hid_trecho_massa_dagua_a_bc250k_2015,,,,,,,,,,,,,,,,
46642.0,57276.0,,,Rio Aramá-Mrim,,Rio,,Aramá-Mrim,Natural,Estadual,Corpo Hídrico Estadual,,,,,,,,20.2859098987385,1.28508801731356,128.508801731356,5.04634761652928,,,,Rio,,,Rio Aramá-mirim,PARÁ,ANAJÁS,,,hid_trecho_massa_dagua_a_bc250k_2015,,,,,,,,,,,,,,,52754,52754
8734.0,56061.0,,,Rio Japim,,Rio,,Japim,Natural,Estadual,Corpo Hídrico Estadual,,,,,,,,29.951138855937,6.44651109759192,644.651109759192,3.32659615771606,,,,Rio,,,Rio Japiim,PARÁ,LIMOEIRO DO AJURU,,,hid_trecho_massa_dagua_a_bc250k_2015,,,,,,,,,,,,,,,62134,62134
35150.0,62934.0,,,,,,,,Natural,Estadual,Corpo Hídrico Estadual,,,,,,,,448.734363013277,33.4026936822345,3340.26936822345,21.8951382081445,,,,,,,,PARÁ,"ALENQUER, CURUÁ",,,bho_massa_dagua_2019,Atualizada geometria em 09/2016,,,,,,,,,,,,,,,
6834.0,60523.0,,,Rio Tauari,,Rio,,Tauari,Natural,Federal,Corpo Hídrico Federal,,,,,,,,62.6289920894064,6.01544636590818,601.544636590818,7.20096336332457,,,,Rio,,,Rio Tauari,PARÁ,GURUPÁ,,,hid_trecho_massa_dagua_a_bc250k_2015,,,,,,,,,,,,,,,4,4
55878.0,15094.0,,,Lago Cuipeua,,Lago,,Cuipeua,Natural,Estadual,Corpo Hídrico Estadual,,,,,,,,44.3022003010993,9.88048648411419,988.048648411419,3.97452506734513,,,,,,,,PARÁ,"ALENQUER, CURUÁ",Carta 1:100000,168-102_20050805,bho_massa_dagua,,,,,,,,,,,,,,,,
55189.0,37298.0,,,,,,,,Natural,Estadual,Corpo Hídrico Estadual,,,,,,,,1.41983880962452,0.144181753472614,14.4181753472614,1.05446701684682,,,,Lago/Lagoa,,Permanente,,PARÁ,MOJU,,,hid_massa_dagua_a_bc250k_2015,,,,,,,,,,,,,,,,
44486.0,39236.0,,,,,,,,Natural,Estadual,Corpo Hídrico Estadual,,,,,,,,3.37144884935307,0.41441154298942,41.441154298942,1.47689548063817,,,,Lago/Lagoa,,Permanente,,PARÁ,PRAINHA,,,hid_massa_dagua_a_bc250k_2015,,,,,,,,,,,,,,,,
57300.0,39468.0,,,,,,,,Natural,Estadual,Corpo Hídrico Estadual,,,,,,,,1.88750146432107,0.145162122152596,14.5162122152596,1.39704292808279,,,,Lago/Lagoa,,Permanente,,PARÁ,VITÓRIA DO XINGU,,,hid_massa_dagua_a_bc250k_2015,,,,,,,,,,,,,,,,
26966.0,36608.0,,,,,,,,Natural,Estadual,Corpo Hídrico Estadual,,,,,,,,2.5097821468729,0.195421351679794,19.5421351679794,1.60102873835504,,,,Lago/Lagoa,,Permanente,,PARÁ,MUANÁ,,,hid_massa_dagua_a_bc250k_2015,,,,,,,,,,,,,,,,
708.0,53875.0,,,,,,,,Natural,Estadual,Corpo Hídrico Estadual,,,,,,,,1.50935382706928,0.07555826880222,7.55582688022198,1.54845706960698,,,,,,,,PARÁ,ALTAMIRA,,,hid_trecho_massa_dagua_a_bc250k_2015,,,,,,,,,,,,,,,,
6687.0,57003.0,,,Rio Pará,,Rio,,Pará,Natural,Estadual,Corpo Hídrico Estadual,,,,,,,,826.253146880412,1157.00105720408,115700.105720408,6.85007548057079,,,,Rio,,,Rio Pará,PARÁ,"BAGRE, BREVES, CURRALINHO, LIMOEIRO DO AJURU, MELGAÇO, MUANÁ, OEIRAS DO PARÁ, SÃO SEBASTIÃO DA BOA VISTA",,,hid_trecho_massa_dagua_a_bc250k_2015,,,,,,,,,,,,,,,62,62
26833.0,38760.0,,,,,,,,Natural,Federal,Terra da União (Terra Indígena),,,,,,,,1.52633368670321,0.11017942041817,11.017942041817,1.29672640956174,,,,Lago/Lagoa,,Permanente,,PARÁ,ALTAMIRA,,,hid_massa_dagua_a_bc250k_2015,,,,,,,,,,,,,,,,
48285.0,55483.0,,,Rio Maiauatá,,Rio,,Maiauatá,Natural,Estadual,Corpo Hídrico Estadual,,,,,,,,28.2614843264665,4.28670837585199,428.670837585199,3.84930307230384,,,,Rio,,,Rio Maiauatá,PARÁ,IGARAPÉ-MIRI,,,hid_trecho_massa_dagua_a_bc250k_2015,,,,,,,,,,,,,,,618,618
58753.0,35788.0,,,,,,,,Natural,Estadual,Corpo Hídrico Estadual,,,,,,,,2.3317562563976,0.224284798740188,22.4284798740188,1.38845669589184,,,,Lago/Lagoa,,Permanente,,PARÁ,JACAREACANGA,,,hid_massa_dagua_a_bc250k_2015,,,,,,,,,,,,,,,,
50247.0,15285.0,,,Lagoa Mariapixi,,Lagoa,,Mariapixi,Natural,Estadual,Corpo Hídrico Estadual,,,,,,,,43.6902091214608,5.61361913189507,561.361913189507,5.20010077314079,,,,,,,,PARÁ,"ORIXIMINÁ, TERRA SANTA",Carta 1:100000,169-102_20050923,bho_massa_dagua,,,,,,,,,,,,,,,,
9934.0,57267.0,,,Rio Atuá,,Rio,,Atuá,Natural,Estadual,Corpo Hídrico Estadual,,,,,,,,116.902151705402,22.005574427379,2200.5574427379,7.02757126399004,,,,Rio,,,Rio Atuá,PARÁ,"MUANÁ, PONTA DE PEDRAS",,,hid_trecho_massa_dagua_a_bc250k_2015,,,,,,,,,,,,,,,6194,6194
31237.0,56402.0,,,Rio Anapu,,Rio,,Anapu,Natural,Estadual,Corpo Hídrico Estadual,,,,,,,,24.7536457555317,4.10648690570549,410.648690570549,3.44471311631401,,,,Rio,,,Rio Anapu,PARÁ,IGARAPÉ-MIRI,,,hid_trecho_massa_dagua_a_bc250k_2015,,,,,,,,,,,,,,,6,6
241225.0,63738.0,,,Rio Nhamundá,,Rio,,Nhamundá,Natural,Federal,Corpo Hídrico Federal,,,,,,,,278.630499228152,153.368824540568,15336.8824540568,6.34467260715213,,,,Rio,,,Rio Nhamundá,"AMAZONAS, PARÁ","FARO, NHAMUNDÁ",Carta 1:250000,170-102_20050825,bho_massa_dagua,,,,,,,,,,,,,,,4556,4556
698.0,57147.0,,,Rio Timbuí,,Rio,,Timbuí,Natural,Estadual,Corpo Hídrico Estadual,,,,,,,,10.9750945271817,1.12304150615917,112.304150615917,2.92051522099949,,,,Rio,,,Rio Timbuí,PARÁ,IGARAPÉ-MIRI,,,hid_trecho_massa_dagua_a_bc250k_2015,,,,,,,,,,,,,,,6,6
53169.0,48475.0,,,,,,,,Natural,Federal,Corpo Hídrico Federal,,,,,,,,2.86749997166776,0.157081066982864,15.7081066982864,2.04028393182963,,,,Lago/Lagoa,Doce,Permanente,,PARÁ,SANTA MARIA DAS BARREIRAS,,,hid_massa_dagua_a_bc250k_2015,,,,,,,,,,,,,,,,
582.0,53887.0,,,Furo Mojurucá,,Furo,,Mojurucá,Natural,Estadual,Corpo Hídrico Estadual,,,,,,,,23.0928959332252,3.1685121383647,316.85121383647,3.65847270448286,,,,Rio,,,,PARÁ,LIMOEIRO DO AJURU,,,hid_trecho_massa_dagua_a_bc250k_2015,,,,,,,,,,,,,,,62,62
51141.0,36103.0,,,,,,,,Natural,Estadual,Corpo Hídrico Estadual,,,,,,,,2.21230378663149,0.247658130641108,24.7658130641108,1.25362480210694,,,,Lago/Lagoa,,Permanente,,PARÁ,TERRA SANTA,,,hid_massa_dagua_a_bc250k_2015,,,,,,,,,,,,,,,,
28110.0,39603.0,,,,,,,,Natural,Estadual,Corpo Hídrico Estadual,,,,,,,,2.63967313872271,0.259005780877227,25.9005780877227,1.46266386622641,,,,Lago/Lagoa,,Permanente,,PARÁ,MOJU,,,hid_massa_dagua_a_bc250k_2015,,,,,,,,,,,,,,,,
46415.0,6533.0,,,,,,,,Natural,Estadual,Corpo Hídrico Estadual,,,,,,,,55.6824833571237,8.70526723392391,870.526723392391,5.32202181561821,,,,,,,,PARÁ,CACHOEIRA DO ARARI,,Geocover S-22-00_2000,bho_massa_dagua,,,,,,,,,,,,,,,,
55952.0,36136.0,,,,,,,,Natural,Estadual,Corpo Hídrico Estadual,,,,,,,,1.88822166387489,0.116489545942064,11.6489545942064,1.56012216907367,,,,Lago/Lagoa,,Permanente,,PARÁ,ORIXIMINÁ,,,hid_massa_dagua_a_bc250k_2015,,,,,,,,,,,,,,,,
59513.0,15621.0,,,,,,,,Natural,Estadual,Corpo Hídrico Estadual,,,,,,,,7.18202074198141,0.592375297345099,59.2375297345099,2.63146315495558,,,,,,,,PARÁ,SANTARÉM,,168-103_20050805,bho_massa_dagua,,,,,,,,,,,,,,,,
863.0,56419.0,,,Rio Caracará,,Rio,,Caracará,Natural,Estadual,Corpo Hídrico Estadual,,,,,,,,12.4907727080592,0.973813493140582,97.3813493140582,3.56944356642165,,,,Rio,,,Rio Caracará,PARÁ,CACHOEIRA DO ARARI,,,hid_trecho_massa_dagua_a_bc250k_2015,,,,,,,,,,,,,,,61192,61192
42653.0,57274.0,,,Rio Fresco,,Rio,,Fresco,Natural,Federal,Terra da União (Terra Indígena),,,,,,,,444.697013622702,35.9835382519321,3598.35382519321,20.9055399330738,,,,Rio,,,Rio Fresco,PARÁ,"CUMARU DO NORTE, OURILÂNDIA DO NORTE, SÃO FÉLIX DO XINGU",,,hid_trecho_massa_dagua_a_bc250k_2015,,,,,,,,,,,,,,,424,424
53249.0,39199.0,,,,,,,,Natural,Estadual,Corpo Hídrico Estadual,,,,,,,,2.24984501656398,0.11145974997433,11.145974997433,1.90038974538842,,,,Lago/Lagoa,,Permanente,,PARÁ,CACHOEIRA DO ARARI,,,hid_massa_dagua_a_bc250k_2015,,,,,,,,,,,,,,,,
39996.0,16731.0,,,Rio Tapajós,,Rio,,Tapajós,Natural,Federal,Corpo Hídrico Federal,,,,,,,,3585.9635690886,3917.8476134087,391784.76134087,16.155902050924,,,,Rio,,,Rio Tapajós,"AMAZONAS, MATO GROSSO, PARÁ","APIACÁS, APUÍ, AVEIRO, BELTERRA, ITAITUBA, JACAREACANGA, MAUÉS, RURÓPOLIS, SANTARÉM, TRAIRÃO",,,bho_massa_dagua_2019,,,,,,,,,,,,,,,44,44
420.0,63758.0,,,Rio Curuaés,,Rio,,Curuaés,Natural,Federal,Terra da União (Terra Indígena),,,,,,,,189.026290877102,12.0731680195346,1207.31680195346,15.3412482813473,,,,Rio,,,Rio Curuaés,PARÁ,ALTAMIRA,,,hid_trecho_massa_dagua_a_bc250k_2015,,,,,,,,,,,,,,,42268,42268
57123.0,62378.0,,,,,,,,Natural,Estadual,Corpo Hídrico Estadual,,,,,,,,2.38659852689728,0.245346562229287,24.5346562229287,1.35874665522265,,,,,,,,PARÁ,ÁGUA AZUL DO NORTE,,,hid_trecho_massa_dagua_a_bc250k_2015,,,,,,,,,,,,,,,,
26482.0,57166.0,,,Baía do Capim,,Baía,do,Capim,Natural,Estadual,Corpo Hídrico Estadual,,,,,,,,90.0535400471944,123.548639189382,12354.8639189382,2.28470911839935,,,,Rio,,,Baía do Capim,PARÁ,"ABAETETUBA, BARCARENA",,,hid_trecho_massa_dagua_a_bc250k_2015,,,,,,,,,,,,,,,618,618
150.0,62167.0,,,Rio Humaitá,,Rio,,Humaitá,Natural,Estadual,Corpo Hídrico Estadual,,,,,,,,20.4050200915484,2.20986788898895,220.986788898895,3.87082002727953,,,,Rio,,,Rio Tijucaquara,PARÁ,PONTA DE PEDRAS,,,hid_trecho_massa_dagua_a_bc250k_2015,,,,,,,,,,,,,,,6174,6174
1963.0,56804.0,,,,,,,,Artificial,Estadual,Corpo Hídrico Estadual,ESTADO,,,,,,,1.2166188023754,0.079619467424833,7.96194674248333,1.2158891924869,,,,Represa/Açude,Doce,,,PARÁ,CONCEIÇÃO DO ARAGUAIA,,,hid_trecho_massa_dagua_a_bc250k_2015,,,,,,,,,,,,,,,,
35967.0,35615.0,,,,,,,,Natural,Estadual,Corpo Hídrico Estadual,,,,,,,,1.20683708398457,0.075743983713047,7.57439837130471,1.23658417306952,,,,Meandro abandonado,,Permanente,,PARÁ,IPIXUNA DO PARÁ,,,hid_massa_dagua_a_bc250k_2015,,,,,,,,,,,,,,,,
60788.0,57503.0,,,,,,,,Artificial,Estadual,Corpo Hídrico Estadual,ESTADO,,,,,,,2.09137154247888,0.13136761519634,13.136761519634,1.62718204933284,,,,Represa/Açude,,,,PARÁ,SANTA MARIA DO PARÁ,,,hid_trecho_massa_dagua_a_bc250k_2015,,,,,,,,,,,,,,,,
46534.0,38687.0,,,,,,,,Natural,Estadual,Corpo Hídrico Estadual,,,,,,,,2.61901716286548,0.193404602054895,19.3404602054895,1.67939962090167,,,,Lago/Lagoa,,Permanente,,PARÁ,DOM ELISEU,,,hid_massa_dagua_a_bc250k_2015,,,,,,,,,,,,,,,,
1539.0,36777.0,,,,,,,,Natural,Estadual,Corpo Hídrico Estadual,,,,,,,,2.19604860672795,0.133809478643551,13.3809478643551,1.69296358798606,,,,Lago/Lagoa,,Permanente,,PARÁ,PARAGOMINAS,,,hid_massa_dagua_a_bc250k_2015,,,,,,,,,,,,,,,,
45313.0,15592.0,,,,,,,,Natural,Federal,Corpo Hídrico Federal,,,,,,,,5.14334711761824,0.312918005804742,31.2918005804742,2.59286357459221,,,,,,,,PARÁ,SANTARÉM,,167-103_20041217,bho_massa_dagua,,,,,,,,,,,,,,,,
7771.0,58968.0,,,,,,,,Natural,Estadual,Corpo Hídrico Estadual,,,,,,,,2.9420601141917,0.271998673334824,27.1998673334824,1.59080613692173,,,,,,,,PARÁ,QUATIPURU,,,hid_trecho_massa_dagua_a_bc250k_2015,,,,,,,,,,,,,,,,
48332.0,58933.0,,,,,,,,Natural,Federal,Terra da União (Unidade de Conservação),,,,,,,,2.97076447388923,0.224988174266437,22.4988174266437,1.7661902553716,,,,,,,,PARÁ,AUGUSTO CORRÊA,,,hid_trecho_massa_dagua_a_bc250k_2015,,,,,,,,,,,,,,,,
48675.0,15092.0,,,,,,,,Natural,Estadual,Corpo Hídrico Estadual,,,,,,,,2.6225435595045,0.277274834961122,27.7274834961122,1.40448333685033,,,,,,,,PARÁ,CURUÁ,,168-102_20050805,bho_massa_dagua,,,,,,,,,,,,,,,,
22481.0,15608.0,,,,,,,,Natural,Estadual,Corpo Hídrico Estadual,,,,,,,,2.29006717543592,0.229230025061455,22.9230025061455,1.34884354905898,,,,,,,,PARÁ,PRAINHA,,167-103_20041217,bho_massa_dagua,,,,,,,,,,,,,,,,
2760.0,49424.0,,,,,,,,Natural,Estadual,Corpo Hídrico Estadual,,,,,,,,3.02852849755255,0.350673062594775,35.0673062594775,1.44221354409741,,,,Lago/Lagoa,,Permanente,,PARÁ,PARAGOMINAS,,,hid_massa_dagua_a_bc250k_2015,,,,,,,,,,,,,,,,
40878.0,38382.0,,,,,,,,Natural,Estadual,Corpo Hídrico Estadual,,,,,,,,2.52030815860449,0.119561989058677,11.9561989058677,2.05544655032697,,,,Lago/Lagoa,,Permanente,,PARÁ,BELÉM,,,hid_massa_dagua_a_bc250k_2015,,,,,,,,,,,,,,,,
15706.0,15266.0,,,,,,,,Natural,Estadual,Corpo Hídrico Estadual,,,,,,,,3.86350146757093,0.472084982745936,47.2084982745936,1.5856966077088,,,,,,,,PARÁ,ÓBIDOS,,169-102_20050923,bho_massa_dagua,,,,,,,,,,,,,,,,
3240.0,38793.0,,,,,,,,Natural,Estadual,Corpo Hídrico Estadual,,,,,,,,3.03119945470298,0.159397403191218,15.9397403191218,2.14103122698807,,,,Lago/Lagoa,,Permanente,,PARÁ,JURUTI,,,hid_massa_dagua_a_bc250k_2015,,,,,,,,,,,,,,,,
20457.0,36606.0,,,,,,,,Natural,Estadual,Corpo Hídrico Estadual,,,,,,,,1.18024947168331,0.07622045648457,7.62204564845701,1.20555533780364,,,,Lago/Lagoa,,Permanente,,PARÁ,PRAINHA,,,hid_massa_dagua_a_bc250k_2015,,,,,,,,,,,,,,,,
45625.0,37562.0,,,,,,,,Natural,Federal,Corpo Hídrico Federal,,,,,,,,3.12100121461113,0.439717459176126,43.9717459176126,1.32726056524283,,,,Lago/Lagoa,,Permanente,,PARÁ,JURUTI,,,hid_massa_dagua_a_bc250k_2015,,,,,,,,,,,,,,,,
18996.0,39050.0,,,,,,,,Natural,Estadual,Corpo Hídrico Estadual,,,,,,,,1.02482265444624,0.06473661313203,6.47366131320297,1.13585485416047,,,,Lago/Lagoa,,Permanente,,PARÁ,VITÓRIA DO XINGU,,,hid_massa_dagua_a_bc250k_2015,,,,,,,,,,,,,,,,
11680.0,38046.0,,,,,,,,Natural,Estadual,Corpo Hídrico Estadual,,,,,,,,2.74991276040581,0.240003427406172,24.0003427406172,1.58292122584111,,,,Lago/Lagoa,,Permanente,,PARÁ,ORIXIMINÁ,,,hid_massa_dagua_a_bc250k_2015,,,,,,,,,,,,,,,,
38460.0,56897.0,,,,,,,,Natural,Federal,Terra da União (Unidade de Conservação),,,,,,,,3.99978249687596,0.298335967960541,29.8335967960541,2.06506000674521,,,,,,,,PARÁ,BRAGANÇA,,,hid_trecho_massa_dagua_a_bc250k_2015,,,,,,,,,,,,,,,,
52269.0,38472.0,,,,,,,,Natural,Estadual,Corpo Hídrico Estadual,,,,,,,,1.67666028899661,0.098699031534399,9.86990315343992,1.50500430101758,,,,Lago/Lagoa,,Permanente,,PARÁ,MOCAJUBA,,,hid_massa_dagua_a_bc250k_2015,,,,,,,,,,,,,,,,
58552.0,58523.0,,,,,,,,Artificial,Estadual,Corpo Hídrico Estadual,ESTADO,,,,,,,2.2431206950243,0.082831321174517,8.28313211745169,2.19788242495466,,,,Represa/Açude,,,,PARÁ,ULIANÓPOLIS,,,hid_trecho_massa_dagua_a_bc250k_2015,,,,,,,,,,,,,,,,
14793.0,54027.0,,,,,,,,Natural,Federal,Terra da União (Terra Indígena),,,,,,,,1.81472307976411,0.149017496539924,14.9017496539924,1.3256865174623,,,,,Doce,,,PARÁ,SÃO FÉLIX DO XINGU,,,hid_trecho_massa_dagua_a_bc250k_2015,,,,,,,,,,,,,,,,
34365.0,61342.0,,,,,,,,Natural,Federal,Corpo Hídrico Federal,,,,,,,,3.17282085024107,0.448012719733216,44.8012719733216,1.33674782749419,,,,,,,,PARÁ,ALMEIRIM,,,hid_trecho_massa_dagua_a_bc250k_2015,,,,,,,,,,,,,,,,
46296.0,37846.0,,,,,,,,Natural,Federal,Terra da União (Terra Indígena),,,,,,,,4.34376744554899,0.188891567369456,18.8891567369456,2.81844386469902,,,,Meandro abandonado,,Permanente,,PARÁ,JACAREACANGA,,,hid_massa_dagua_a_bc250k_2015,,,,,,,,,,,,,,,,
43649.0,6667.0,,,,,,,,Natural,Estadual,Corpo Hídrico Estadual,,,,,,,,14.8323103968371,3.65208985919441,365.208985919441,2.1887047797993,,,,,,,,PARÁ,"PORTO DE MOZ, PRAINHA",,166-102_20051028,bho_massa_dagua,,,,,,,,,,,,,,,,
51941.0,35875.0,,,,,,,,Natural,Estadual,Corpo Hídrico Estadual,,,,,,,,2.58350404129128,0.205826211332193,20.5826211332193,1.60586086174782,,,,Lago/Lagoa,,Permanente,,PARÁ,OEIRAS DO PARÁ,,,hid_massa_dagua_a_bc250k_2015,,,,,,,,,,,,,,,,
59224.0,35536.0,,,,,,,,Natural,Estadual,Corpo Hídrico Estadual,,,,,,,,1.22962397293652,0.102273487427435,10.2273487427435,1.084276130827,,,,Lago/Lagoa,,Permanente,,PARÁ,MONTE ALEGRE,,,hid_massa_dagua_a_bc250k_2015,,,,,,,,,,,,,,,,
35119.0,15181.0,,,,,,,,Natural,Federal,Corpo Hídrico Federal,,,,,,,,11.0833399715054,4.84109119214451,484.109119214451,1.42052254761937,,,,,,,,PARÁ,SANTARÉM,,167-102_20050903,bho_massa_dagua,,,,,,,,,,,,,,,,
6353.0,62469.0,,,,,,,,Natural,Estadual,Corpo Hídrico Estadual,,,,,,,,1.05708766475066,0.052956420661747,5.29564206617473,1.29539078018687,,,,,,,,PARÁ,NOVO PROGRESSO,,,hid_trecho_massa_dagua_a_bc250k_2015,,,,,,,,,,,,,,,,
4138.0,20982.0,,,,,,,,Natural,Estadual,Corpo Hídrico Estadual,,,,,,,,4.42676104833313,1.14271590406354,114.271590406354,1.16779349639937,,,,,,,,PARÁ,"AFUÁ, CHAVES",,163-100_20040126,bho_massa_dagua,,,,,,,,,,,,,,,,
46404.0,37449.0,,,,,,,,Natural,Federal,Terra da União (Terra Indígena),,,,,,,,1.68226183139842,0.161479753647794,16.1479753647794,1.18054802944001,,,,Lago/Lagoa,,Permanente,,PARÁ,JACAREACANGA,,,hid_massa_dagua_a_bc250k_2015,,,,,,,,,,,,,,,,
9285.0,38671.0,,,,,,,,Natural,Estadual,Corpo Hídrico Estadual,,,,,,,,6.58325902207139,0.603887851742029,60.3887851742029,2.38897664894472,,,,Lago/Lagoa,,Permanente,,PARÁ,ÓBIDOS,,,hid_massa_dagua_a_bc250k_2015,,,,,,,,,,,,,,,,
50403.0,38742.0,,,,,,,,Natural,Estadual,Corpo Hídrico Estadual,,,,,,,,6.29115522232738,0.644378919842652,64.4378919842652,2.21008433731391,,,,Lago/Lagoa,,Permanente,,PARÁ,PRAINHA,,,hid_massa_dagua_a_bc250k_2015,,,,,,,,,,,,,,,,
45068.0,6567.0,,,,,,,,Natural,Estadual,Corpo Hídrico Estadual,,,,,,,,12.8036807557678,1.56815321104845,156.815321104845,2.88329912039816,,,,,,,,PARÁ,CACHOEIRA DO ARARI,,162-101_20060414,bho_massa_dagua,,,,,,,,,,,,,,,,
10201.0,6492.0,,,,,,,,Natural,Federal,Terra da União (Unidade de Conservação),,,,,,,,4.16343143256266,0.218620618362247,21.8620618362247,2.51104771813599,,,,,,,,PARÁ,PORTO DE MOZ,,165-102_20051031,bho_massa_dagua,,,,,,,,,,,,,,,,
58088.0,63604.0,,,Rio Jamanxim,,Rio,,Jamanxim,Natural,Federal,Terra da União (Terra Indígena),,,,,,,,178.786596161619,22.787031862391,2278.7031862391,10.5618546042107,,,,Rio,,,Rio Jamanxim,PARÁ,"ITAITUBA, TRAIRÃO",,,bho_massa_dagua_2019,,,,,,,,,,,,,,,442,442
15438.0,49451.0,,,,,,,,Natural,Estadual,Corpo Hídrico Estadual,,,,,,,,4.72321567555771,0.224069834531918,22.4069834531918,2.8138127212799,,,,Lago/Lagoa,,Permanente,,PARÁ,IPIXUNA DO PARÁ,,,hid_massa_dagua_a_bc250k_2015,,,,,,,,,,,,,,,,
51397.0,38035.0,,,,,,,,Natural,Estadual,Corpo Hídrico Estadual,,,,,,,,2.73147239805891,0.485119154415451,48.5119154415451,1.10591490997297,,,,Lago/Lagoa,,Permanente,,PARÁ,SÃO FÉLIX DO XINGU,,,hid_massa_dagua_a_bc250k_2015,,,,,,,,,,,,,,,,
26256.0,39385.0,,,,,,,,Natural,Estadual,Corpo Hídrico Estadual,,,,,,,,2.12751367915225,0.151858439179728,15.1858439179728,1.53957908820551,,,,Lago/Lagoa,,Permanente,,PARÁ,CURIONÓPOLIS,,,hid_massa_dagua_a_bc250k_2015,,,,,,,,,,,,,,,,
24293.0,59166.0,,,,,,,,Natural,Federal,Terra da União (Unidade de Conservação),,,,,,,,2.57160905349606,0.164868400238178,16.4868400238178,1.78601598863612,,,,,,,,PARÁ,VISEU,,,hid_trecho_massa_dagua_a_bc250k_2015,,,,,,,,,,,,,,,,
13459.0,39203.0,,,,,,,,Natural,Estadual,Corpo Hídrico Estadual,,,,,,,,1.56602591895635,0.136839792257138,13.6839792257138,1.19382824827093,,,,Lago/Lagoa,,Permanente,,PARÁ,JURUTI,,,hid_massa_dagua_a_bc250k_2015,,,,,,,,,,,,,,,,
51020.0,55806.0,,,Rio Carnajuba,,Rio,,Carnajuba,Natural,Estadual,Corpo Hídrico Estadual,,,,,,,,35.4086816129926,3.94381847118069,394.381847118069,5.02805948185954,,,,Rio,,,Rio Carutá Grande,PARÁ,MELGAÇO,,,hid_trecho_massa_dagua_a_bc250k_2015,,,,,,,,,,,,,,,62,62
54649.0,15474.0,,,Lagoa do Farias,,Lagoa,do,Farias,Natural,Estadual,Corpo Hídrico Estadual,,,,,,,,34.9944086678187,3.4374741286477,343.74741286477,5.32265170498144,,,,,,,,PARÁ,ORIXIMINÁ,Carta 1:100000,170-102_20050825,bho_massa_dagua,,,,,,,,,,,,,,,,
42580.0,39726.0,,,,,,,,Natural,Estadual,Corpo Hídrico Estadual,,,,,,,,1.35588811732137,0.106753367375954,10.6753367375954,1.1702594895428,,,,Lago/Lagoa,,Permanente,,PARÁ,PARAGOMINAS,,,hid_massa_dagua_a_bc250k_2015,,,,,,,,,,,,,,,,
241788.0,243598.0,,,,,,,,Artificial,Estadual,Corpo Hídrico Estadual,ESTADO,,,,,,,0.808590474071316,0.032779126143013,3.27791261430127,1.25944452611855,,,,,,,,PARÁ,ABEL FIGUEIREDO,,,bho_massa_dagua_2019,,,,,,,,,,,,,,,,
47738.0,39541.0,,,,,,,,Natural,Estadual,Corpo Hídrico Estadual,,,,,,,,1.43141662311855,0.075646450392698,7.56464503926984,1.46764455488063,,,,Lago/Lagoa,,Permanente,,PARÁ,IPIXUNA DO PARÁ,,,hid_massa_dagua_a_bc250k_2015,,,,,,,,,,,,,,,,
6761.0,37832.0,,,,,,,,Natural,Federal,Corpo Hídrico Federal,,,,,,,,1.96056197027193,0.158949934894677,15.8949934894677,1.38675424940557,,,,Lago/Lagoa,,Permanente,,PARÁ,ÓBIDOS,,,hid_massa_dagua_a_bc250k_2015,,,,,,,,,,,,,,,,
46878.0,36044.0,,,,,,,,Natural,Federal,Terra da União (Unidade de Conservação),,,,,,,,1.29365975921623,0.097250951032915,9.7250951032915,1.16982863802999,,,,Lago/Lagoa,,Permanente,,PARÁ,ORIXIMINÁ,,,hid_massa_dagua_a_bc250k_2015,,,,,,,,,,,,,,,,
4192.0,15010.0,,,,,,,,Natural,Estadual,Corpo Hídrico Estadual,,,,,,,,5.41370948902762,0.423368639824121,42.3368639824121,2.34630633140776,,,,,,,,PARÁ,PRAINHA,,167-102_20050903,bho_massa_dagua,,,,,,,,,,,,,,,,
18614.0,15579.0,,,,,,,,Natural,Estadual,Corpo Hídrico Estadual,,,,,,,,1.83184442172074,0.228802437813381,22.8802437813381,1.07995925582607,,,,,,,,PARÁ,"MONTE ALEGRE, SANTARÉM",,167-103_20041217,bho_massa_dagua,,,,,,,,,,,,,,,,
45554.0,35455.0,,,,,,,,Natural,Estadual,Corpo Hídrico Estadual,,,,,,,,1.08557763279775,0.066148970429241,6.61489704292406,1.19027812000451,,,,Lago/Lagoa,,Permanente,,PARÁ,SÃO FÉLIX DO XINGU,,,hid_massa_dagua_a_bc250k_2015,,,,,,,,,,,,,,,,
241909.0,243717.0,,,,,,,,Natural,Federal,Terra da União (Terra Indígena),,,,,,,,0.672672849378173,0.012168440839424,1.21684408394235,1.71963208548938,,,,,,,,MARANHÃO,CENTRO NOVO DO MARANHÃO,,,bho_massa_dagua_2019,,,,,,,,,,,,,,,,
1731.0,37553.0,,,,,,,,Natural,Estadual,Corpo Hídrico Estadual,,,,,,,,1.21015218177231,0.085302792372325,8.53027923723249,1.16844284220957,,,,Lago/Lagoa,,Permanente,,PARÁ,GOIANÉSIA DO PARÁ,,,hid_massa_dagua_a_bc250k_2015,,,,,,,,,,,,,,,,
19842.0,38685.0,,,,,,,,Natural,Federal,Corpo Hídrico Federal,,,,,,,,2.08404888679914,0.262273774692521,26.2273774692521,1.14757103289065,,,,Lago/Lagoa,,Permanente,,PARÁ,ALENQUER,,,hid_massa_dagua_a_bc250k_2015,,,,,,,,,,,,,,,,
242666.0,244337.0,6888.0,,,,,,,Artificial,Estadual,Corpo Hídrico Estadual,ESTADO,,,,,,,0.916833428615316,0.044393250146597,4.43932501465969,1.22710316709884,,,,,,,,PARÁ,OURÉM,,,bho_massa_dagua_2020,,,,,,,,,,,,,,,,
5496.0,55753.0,,,,,,,,Artificial,Estadual,Corpo Hídrico Estadual,ESTADO,,,,,,,1.39548605052225,0.11763258986173,11.763258986173,1.14738925498125,,,,Represa/Açude,Doce,,,PARÁ,REDENÇÃO,,,hid_trecho_massa_dagua_a_bc250k_2015,,,,,,,,,,,,,,,,
44280.0,35963.0,,,,,,,,Natural,Estadual,Corpo Hídrico Estadual,,,,,,,,2.95404903179974,0.263686078460527,26.3686078460527,1.6222702618787,,,,Lago/Lagoa,,Permanente,,PARÁ,ÓBIDOS,,,hid_massa_dagua_a_bc250k_2015,,,,,,,,,,,,,,,,
42901.0,56400.0,,,Rio Jacaré Grande,,Rio,,Jacaré Grande,Natural,Estadual,Corpo Hídrico Estadual,,,,,,,,330.175242162137,251.444624748028,25144.4624748028,5.87181596456792,,,,Rio,,,Rio Jacaré Grande,PARÁ,BREVES,,,hid_trecho_massa_dagua_a_bc250k_2015,,,,,,,,,,,,,,,52,52
2638.0,35613.0,,,,,,,,Natural,Estadual,Corpo Hídrico Estadual,,,,,,,,2.52722237103869,0.112536372589299,11.25363725893,2.12444802006481,,,,Meandro abandonado,,Permanente,,PARÁ,PARAGOMINAS,,,hid_massa_dagua_a_bc250k_2015,,,,,,,,,,,,,,,,
29082.0,57268.0,,,Furo Charapucu,,Furo,,Charapucu,Natural,Estadual,Corpo Hídrico Estadual,,,,,,,,196.713608207323,32.6333543618273,3263.33543618273,9.71074733536981,,,,Rio,,,,PARÁ,"AFUÁ, ANAJÁS",,,hid_trecho_massa_dagua_a_bc250k_2015,,,,,,,,,,,,,,,554,522
54269.0,36034.0,,,,,,,,Natural,Federal,Terra da União (Unidade de Conservação),,,,,,,,1.18769869368582,0.101598453151554,10.1598453151554,1.05078009958673,,,,Lago/Lagoa,,Permanente,,PARÁ,ORIXIMINÁ,,,hid_massa_dagua_a_bc250k_2015,,,,,,,,,,,,,,,,
37951.0,6730.0,,,,,,,,Natural,Federal,Terra da União (Unidade de Conservação),,,,,,,,39.0228203149644,18.2773005428597,1827.73005428597,2.57401892633567,,,,,,,,PARÁ,PRAINHA,,,bho_massa_dagua_2019,Atualizada geometria em 09/2016,,,,,,,,,,,,,,,
29010.0,61661.0,,,,,,,,Natural,Federal,Terra da União (Unidade de Conservação),,,,,,,,1.31312689714569,0.076655721089361,7.66557210893614,1.3374683660915,,,,,,,,PARÁ,ALTAMIRA,,,hid_trecho_massa_dagua_a_bc250k_2015,,,,,,,,,,,,,,,,
35490.0,61159.0,,,,,,,,Natural,Estadual,Corpo Hídrico Estadual,,,,,,,,1.08033199339509,0.047556958296203,4.75569582962033,1.39700934458568,,,,,,,,PARÁ,VITÓRIA DO XINGU,,,hid_trecho_massa_dagua_a_bc250k_2015,,,,,,,,,,,,,,,,
35594.0,9379.0,,,Lagoa dos Porcos,,Lagoa,dos,Porcos,Natural,Federal,Corpo Hídrico Federal,,,,,,,,5.34051395748361,0.420005694151582,42.0005694151582,2.3238311749069,,,,,,,,PARÁ,BOM JESUS DO TOCANTINS,Carta 1:50000,161-106_20040801,bho_massa_dagua,,,,,,,,,,,,,,,,
56797.0,15201.0,,,Lago dos Botos,,Lago,dos,Botos,Natural,Estadual,Corpo Hídrico Estadual,,,,,,,,8.45474503120945,2.24434593487175,224.434593487175,1.59149296921764,,,,,,,,PARÁ,SANTARÉM,Carta 1:100000,168-102_20050805,bho_massa_dagua,,,,,,,,,,,,,,,,
50030.0,15289.0,,,Lagoa do Berto,,Lagoa,do,Berto,Natural,Estadual,Corpo Hídrico Estadual,,,,,,,,4.03619902833174,0.605563117874588,60.5563117874588,1.46265524767705,,,,,,,,PARÁ,TERRA SANTA,Carta 1:100000,169-102_20050923,bho_massa_dagua,,,,,,,,,,,,,,,,
40842.0,9544.0,,,Lagoa do Bacabal,,Lagoa,do,Bacabal,Natural,Federal,Terra da União (Unidade de Conservação),,,,,,,,4.23453050856995,0.279007425808051,27.9007425808051,2.2607185267179,,,,,,,,PARÁ,ALTAMIRA,Carta 1:250000,165-106_20050719,bho_massa_dagua,,,,,,,,,,,,,,,,
32023.0,37932.0,668.0,,Barragem da Pêra Montante,,Barragem,da,Pêra Montante,Artificial,Federal,Terra da União (Unidade de Conservação),ANM,Vale S/A - Filial: Vale Carajas,ANM,,,,,1.30059643709029,0.05461695732867,5.46169573286695,1.5693792896917,Contenção de rejeitos de mineração,ANM,,Lago/Lagoa,,Permanente,,PARÁ,PARAUAPEBAS,,,hid_massa_dagua_a_bc250k_2015,,,,,,,,,,,,,,,,
26645.0,63735.0,,,Baía de Caxiuanã/Baía de Pacajaí,,Baía,de,Caxiuanã/Baía de Pacajaí,Natural,Federal,Terra da União (Unidade de Conservação),,,,,,,,35.803787998037,11.6735373882353,1167.35373882353,2.95513173587313,,,,,,,,PARÁ,"MELGAÇO, PORTEL",Carta 1:250000,164-102_20040627,bho_massa_dagua,,,,,,,,,,,,,,,,
45362.0,14977.0,,,,,,,,Natural,Estadual,Corpo Hídrico Estadual,,,,,,,,2.50431617654034,0.23281798724196,23.281798724196,1.46362561660273,,,,,,,,PARÁ,PRAINHA,,167-102_20050903,bho_massa_dagua,,,,,,,,,,,,,,,,
241055.0,242965.0,,,Rio Maratauíra,,Rio,,Maratauíra,Natural,Estadual,Corpo Hídrico Estadual,,,,,,,,13.970638478904,4.37935810629687,437.935810629687,1.88260901077443,,,,Rio,,,Rio Maiauatá,PARÁ,IGARAPÉ-MIRI,,,hid_trecho_massa_dagua_a_bc250k_2015,,,,,,,,,,,,,,,618,618
42571.0,15336.0,,,Lago Tomás,,Lago,,Tomás,Natural,Estadual,Corpo Hídrico Estadual,,,,,,,,3.95312976915217,0.535135677942529,53.5135677942529,1.52390616531393,,,,,,,,PARÁ,JURUTI,Carta 1:100000,169-102_20050923,bho_massa_dagua,,,,,,,,,,,,,,,,
46268.0,6183.0,,,Rio Gurupi,,Rio,,Gurupi,Natural,Federal,Corpo Hídrico Federal,,,,,,,,2.12066240227406,0.260141278556383,26.0141278556383,1.17250852720278,,,,,,,,"MARANHÃO, PARÁ","DOM ELISEU, ITINGA DO MARANHÃO",,159-105_20050711,bho_massa_dagua,,,,,,,,,,,,,,,,
4569.0,22506.0,,,Igarapé Cataueré,,Igarapé,,Cataueré,Natural,Estadual,Corpo Hídrico Estadual,,,,,,,,3.28545445691072,0.241918611298901,24.1918611298901,1.8836921124656,,,,,,,,PARÁ,AVEIRO,Carta 1:100000,169-104_20050923,bho_massa_dagua,,,,,,,,,,,,,,,,
16987.0,15478.0,,,Igarapé Matapi,,Igarapé,,Matapi,Natural,Federal,Terra da União (Unidade de Conservação),,,,,,,,4.13531284509356,0.302164416130438,30.2164416130438,2.12146474620534,,,,,,,,PARÁ,ORIXIMINÁ,Carta 1:100000,170-102_20050825,bho_massa_dagua,,,,,,,,,,,,,,,,
8782.0,61880.0,,,Igarapé Curuari,Croari,Igarapé,,Curuari,Natural,Estadual,Corpo Hídrico Estadual,,,,,,,,4.33759070640681,0.267794760575825,26.7794760575825,2.36372332159932,,,,,,,,PARÁ,CURRALINHO,,,hid_trecho_massa_dagua_a_bc250k_2015,,,,,,,,,,,,,,,,
9539.0,14952.0,,,Igarapé Cabeceira Grande,,Igarapé,,Cabeceira Grande,Natural,Estadual,Corpo Hídrico Estadual,,,,,,,,4.71715015751101,0.249798378810243,24.9798378810243,2.66154615351722,,,,,,,,PARÁ,ORIXIMINÁ,Carta 1:100000,169-101_20050923,bho_massa_dagua,,,,,,,,,,,,,,,,
730.0,56374.0,,,Rio Jacaré Puru Grande,,Rio,,Jacaré Puru Grande,Natural,Estadual,Corpo Hídrico Estadual,,,,,,,,33.8842543244191,3.20217965964123,320.217965964123,5.33979019807156,,,,Rio,,,Rio Jacaré Purú Grande,PARÁ,PORTEL,,,hid_trecho_massa_dagua_a_bc250k_2015,,,,,,,,,,,,,,,62738,62738
46274.0,22897.0,,,Represa Fazenda Reicon,,Represa,,Fazenda Reicon,Artificial,Estadual,Corpo Hídrico Estadual,ESTADO,,,,,,,8.35774258222411,0.323189370943341,32.3189370943341,4.14581162011462,,,,,,,,PARÁ,PORTEL,Carta 1:100000,164-103_20050722,bho_massa_dagua,,,,,,,,,,,,,,,,
43526.0,22843.0,,,Meandro abandonado Rio Capim,,Meandro,,abandonado Rio Capim,Natural,Estadual,Corpo Hídrico Estadual,,,,,,,,4.69161687721397,0.199837938197589,19.9837938197589,2.95959767918112,,,,,,,,PARÁ,IPIXUNA DO PARÁ,Carta 1:100000,161-104_20040801,bho_massa_dagua,,,,,,,,,,,,,,,,
45785.0,15090.0,,,Lago Macupixi,,Lago,,Macupixi,Natural,Estadual,Corpo Hídrico Estadual,,,,,,,,7.85536546094859,1.42993386415772,142.993386415772,1.85249706029399,,,,,,,,PARÁ,ALENQUER,Carta 1:100000,168-102_20050805,bho_massa_dagua,,,,,,,,,,,,,,,,
6433.0,22533.0,,,Lagoa Lagoinha,,Lagoa,,Lagoinha,Natural,Estadual,Corpo Hídrico Estadual,,,,,,,,4.69316640645927,0.214656433016875,21.4656433016875,2.85655840139461,,,,,,,,PARÁ,ORIXIMINÁ,Carta 1:100000,169-102_20050923,bho_massa_dagua,,,,,,,,,,,,,,,,
48277.0,6184.0,,,Rio Gurupi,,Rio,,Gurupi,Natural,Federal,Corpo Hídrico Federal,,,,,,,,2.29765646301015,0.232949439952028,23.2949439952028,1.34246622492617,,,,,,,,"MARANHÃO, PARÁ","ITINGA DO MARANHÃO, ULIANÓPOLIS",,159-105_20050711,bho_massa_dagua,,,,,,,,,,,,,,,,
29130.0,6627.0,,,Lagoa Urubuqua,,Lagoa,,Urubuqua,Natural,Federal,Terra da União (Unidade de Conservação),,,,,,,,13.4269063817066,12.8843465210503,1288.43465210503,1.05485768421481,,,,,,,,PARÁ,PORTO DE MOZ,Carta 1:250000,165-102_20051031,bho_massa_dagua,,,,,,,,,,,,,,,,
48830.0,37662.0,,,,,,,,Natural,Federal,Corpo Hídrico Federal,,,,,,,,4.17170517659391,0.844534529732842,84.4534529732842,1.28012981060873,,,,Lago/Lagoa,,Permanente,,PARÁ,ALENQUER,,,hid_massa_dagua_a_bc250k_2015,,,,,,,,,,,,,,,,
877.0,57209.0,,,,,,,,Natural,Federal,Terra da União (Unidade de Conservação),,,,,,,,4.22005775550141,0.150723660394705,15.0723660394705,3.06532683180054,,,,,,,,PARÁ,PLACAS,,,hid_trecho_massa_dagua_a_bc250k_2015,,,,,,,,,,,,,,,,
55201.0,15265.0,,,,,,,,Natural,Estadual,Corpo Hídrico Estadual,,,,,,,,5.40444697921719,0.531483965978103,53.1483965978103,2.09052461380251,,,,,,,,PARÁ,ÓBIDOS,,169-102_20050923,bho_massa_dagua,,,,,,,,,,,,,,,,
42525.0,57026.0,,,,,,,,Natural,Estadual,Corpo Hídrico Estadual,,,,,,,,23.5251373599692,1.79050126632116,179.050126632116,4.95785658617588,,,,Rio,,,Rio Jabotinema,PARÁ,PORTEL,,,hid_trecho_massa_dagua_a_bc250k_2015,,,,,,,,,,,,,,,627366,627366
2465.0,35683.0,,,,,,,,Natural,Estadual,Corpo Hídrico Estadual,,,,,,,,1.95544718524463,0.15190560706498,15.190560706498,1.41484315027337,,,,Lago/Lagoa,,Permanente,,PARÁ,ÓBIDOS,,,hid_massa_dagua_a_bc250k_2015,,,,,,,,,,,,,,,,
56410.0,6534.0,,,,,,,,Natural,Estadual,Corpo Hídrico Estadual,,,,,,,,75.392190740952,9.22426165693446,922.426165693446,7.00018736946662,,,,,,,,PARÁ,CACHOEIRA DO ARARI,,Geocover S-22-00_2000,bho_massa_dagua,,,,,,,,,,,,,,,,
495.0,53721.0,,,Açude Bolônia,,Açude,,Bolônia,Artificial,Estadual,Corpo Hídrico Estadual,ESTADO,,,,,,,5.04809501155515,0.648650173725562,64.8650173725562,1.76754858115105,,,,Represa/Açude,,,,PARÁ,BELÉM,,,hid_trecho_massa_dagua_a_bc250k_2015,,,,,,,,,,,,,,,,
31.0,53533.0,,,,,,,,Natural,Estadual,Corpo Hídrico Estadual,,,,,,,,26.7193753433213,2.1969881827074,219.69881827074,5.08348502642061,,,,Rio,,,Rio Itanimbuca,PARÁ,"ABAETETUBA, IGARAPÉ-MIRI",,,hid_trecho_massa_dagua_a_bc250k_2015,,,,,,,,,,,,,,,61856,61856
11124.0,36029.0,,,Lagoa da Biluca,,Lagoa,da,Biluca,Natural,Federal,Terra da União (Unidade de Conservação),,,,,,,,5.71831594274147,0.322497955176835,32.2497955176835,2.8395778025441,,,,Lago/Lagoa,,Permanente,,PARÁ,ALTAMIRA,,,hid_massa_dagua_a_bc250k_2015,,,,,,,,,,,,,,,,
9008.0,55849.0,,,Rio Marituba,,Rio,,Marituba,Natural,Estadual,Corpo Hídrico Estadual,,,,,,,,9.49503991922272,0.831421567173846,83.1421567173846,2.93653553280922,,,,Rio,,,Rio Umarituba,PARÁ,LIMOEIRO DO AJURU,,,hid_trecho_massa_dagua_a_bc250k_2015,,,,,,,,,,,,,,,621384,621384
241229.0,243093.0,,,Rio Iriri,,Rio,,Iriri,Natural,Federal,Terra da União (Terra Indígena),,,,,,,,116.216527506858,7.12659779339571,712.659779339571,12.276537042803,,,,Rio,,,Rio Iriri,PARÁ,ALTAMIRA,,,hid_trecho_massa_dagua_a_bc250k_2015,,,,,,,,,,,,,,,4228,4228
16535.0,62545.0,,,Rio Companhia,,Rio,,Companhia,Natural,Estadual,Corpo Hídrico Estadual,,,,,,,,115.430055535527,31.2035915793439,3120.35915793439,5.82727777437304,,,,Rio,,,Rio Companhia,PARÁ,BREVES,,,hid_trecho_massa_dagua_a_bc250k_2015,,,,,,,,,,,,,,,5232,52552
647.0,56203.0,,,Rio Arari,,Rio,,Arari,Natural,Estadual,Corpo Hídrico Estadual,,,,,,,,44.7226087524382,12.9704660433235,1297.04660433234,3.50185731547153,,,,Rio,,,Rio Arari,PARÁ,"CACHOEIRA DO ARARI, PONTA DE PEDRAS",,,hid_trecho_massa_dagua_a_bc250k_2015,,,,,,,,,,,,,,,616,616
24317.0,57064.0,,,Rio São Benedito,,Rio,,São Benedito,Natural,Estadual,Corpo Hídrico Estadual,,,,,,,,462.026027923136,29.9340775854871,2993.40775854871,23.814014310396,,,,Rio,,,Rio São Benedito,PARÁ,"JACAREACANGA, NOVO PROGRESSO",,,hid_trecho_massa_dagua_a_bc250k_2015,,,,,,,,,,,,,,,4442,4442
14813.0,49337.0,,,,,,,,Natural,Estadual,Corpo Hídrico Estadual,,,,,,,,1.59763846212799,0.100078550441553,10.0078550441553,1.42415451978931,,,,Lago/Lagoa,,Permanente,,PARÁ,PARAGOMINAS,,,hid_massa_dagua_a_bc250k_2015,,,,,,,,,,,,,,,,
44594.0,9541.0,,,,,,,,Natural,Federal,Corpo Hídrico Federal,,,,,,,,3.20764322395545,0.24497731404025,24.497731404025,1.82756247030887,,,,,,,,PARÁ,PIÇARRA,,160-107_20050708,bho_massa_dagua,,,,,,,,,,,,,,,,
48047.0,38420.0,,,,,,,,Natural,Federal,Terra da União (Terra Indígena),,,,,,,,2.69584781669816,0.301446527929389,30.1446527929388,1.38464785584949,,,,Lago/Lagoa,,Permanente,,PARÁ,JACAREACANGA,,,hid_massa_dagua_a_bc250k_2015,,,,,,,,,,,,,,,,
42425.0,38777.0,,,,,,,,Natural,Federal,Terra da União (Unidade de Conservação),,,,,,,,1.52895113282473,0.092542979274322,9.25429792743219,1.41732998438767,,,,Lago/Lagoa,,Permanente,,PARÁ,ALTAMIRA,,,hid_massa_dagua_a_bc250k_2015,,,,,,,,,,,,,,,,
43939.0,35777.0,,,,,,,,Natural,Estadual,Corpo Hídrico Estadual,,,,,,,,2.41420553245598,0.252167396048922,25.2167396048922,1.35574771842771,,,,Lago/Lagoa,,Permanente,,PARÁ,OEIRAS DO PARÁ,,,hid_massa_dagua_a_bc250k_2015,,,,,,,,,,,,,,,,
11.0,55226.0,,,,,,,,Natural,Estadual,Corpo Hídrico Estadual,,,,,,,,18.2115020787125,1.35934841574197,135.934841574197,4.40483336176734,,,,Rio,,,,PARÁ,ANAJÁS,,,hid_trecho_massa_dagua_a_bc250k_2015,,,,,,,,,,,,,,,568,548
6339.0,39555.0,,,,,,,,Natural,Estadual,Corpo Hídrico Estadual,,,,,,,,1.43141214686057,0.101058338798689,10.1058338798689,1.2697777977428,,,,Lago/Lagoa,,Permanente,,PARÁ,FARO,,,hid_massa_dagua_a_bc250k_2015,,,,,,,,,,,,,,,,
55824.0,39450.0,,,,,,,,Natural,Estadual,Corpo Hídrico Estadual,,,,,,,,2.82970092228694,0.278962280037675,27.8962280037675,1.51083453221959,,,,Lago/Lagoa,,Permanente,,PARÁ,OEIRAS DO PARÁ,,,hid_massa_dagua_a_bc250k_2015,,,,,,,,,,,,,,,,
6186.0,39533.0,,,,,,,,Natural,Estadual,Corpo Hídrico Estadual,,,,,,,,1.58264797184903,0.119629481594465,11.9629481594465,1.29037019599854,,,,Lago/Lagoa,,Permanente,,PARÁ,MONTE ALEGRE,,,hid_massa_dagua_a_bc250k_2015,,,,,,,,,,,,,,,,
37919.0,37197.0,,,,,,,,Natural,Estadual,Corpo Hídrico Estadual,,,,,,,,1.75782867369918,0.155582695114122,15.5582695114122,1.25673875379259,,,,Lago/Lagoa,,Permanente,,PARÁ,JURUTI,,,hid_massa_dagua_a_bc250k_2015,,,,,,,,,,,,,,,,
10600.0,55581.0,,,,,,,,Artificial,Estadual,Corpo Hídrico Estadual,ESTADO,,,,,,,3.37429093847289,0.318192690808783,31.8192690808783,1.68688910908198,,,,Represa/Açude,,,,PARÁ,CUMARU DO NORTE,,,hid_trecho_massa_dagua_a_bc250k_2015,,,,,,,,,,,,,,,,
862.0,56366.0,,,Rio Marapanim,,Rio,,Marapanim,Natural,Federal,Terra da União (Unidade de Conservação),,,,,,,,111.591828701482,30.5456267351901,3054.56267351901,5.69386259797552,,,,Rio,,,Rio Marapanim,PARÁ,"MAGALHÃES BARATA, MARAPANIM",,,hid_trecho_massa_dagua_a_bc250k_2015,,,,,,,,,,,,,,,7112,7112
5404.0,53696.0,,,Rio Mapuá,,Rio,,Mapuá,Natural,Estadual,Corpo Hídrico Estadual,,,,,,,,82.3377937677905,5.96567532679004,596.567532679004,9.5064534808626,,,,Rio,,,Rio Mapuã,PARÁ,BREVES,,,hid_trecho_massa_dagua_a_bc250k_2015,,,,,,,,,,,,,,,526,526
17643.0,57162.0,,,,,,,,Natural,Estadual,Corpo Hídrico Estadual,,,,,,,,36.433352409606,8.14416854548201,814.416854548201,3.60018540107832,,,,Rio,,,Rio Inamaru,PARÁ,MUANÁ,,,hid_trecho_massa_dagua_a_bc250k_2015,,,,,,,,,,,,,,,62,62
49174.0,37350.0,,,,,,,,Natural,Estadual,Corpo Hídrico Estadual,,,,,,,,1.02622896141345,0.076745931310751,7.67459313107509,1.04463769939532,,,,Lago/Lagoa,,Permanente,,PARÁ,CACHOEIRA DO ARARI,,,hid_massa_dagua_a_bc250k_2015,,,,,,,,,,,,,,,,
55794.0,15134.0,,,,,,,,Natural,Federal,Corpo Hídrico Federal,,,,,,,,4.706773175644,0.566177235736223,56.6177235736223,1.7639902329795,,,,,,,,PARÁ,ALENQUER,,168-102_20050805,bho_massa_dagua,,,,,,,,,,,,,,,,
11679.0,15280.0,,,,,,,,Natural,Estadual,Corpo Hídrico Estadual,,,,,,,,2.26771009134917,0.214902517646265,21.4902517646265,1.37948152762186,,,,,,,,PARÁ,ORIXIMINÁ,,169-102_20050923,bho_massa_dagua,,,,,,,,,,,,,,,,
36752.0,38857.0,,,,,,,,Natural,Federal,Terra da União (Terra Indígena),,,,,,,,0.983825076874539,0.062359718625285,6.23597186252847,1.11100221046427,,,,Lago/Lagoa,,Permanente,,PARÁ,OURILÂNDIA DO NORTE,,,hid_massa_dagua_a_bc250k_2015,,,,,,,,,,,,,,,,
54886.0,38449.0,,,,,,,,Natural,Federal,Terra da União (Unidade de Conservação),,,,,,,,1.2741952806489,0.085180128565388,8.5180128565388,1.23116413308867,,,,Lago/Lagoa,,Permanente,,PARÁ,ORIXIMINÁ,,,hid_massa_dagua_a_bc250k_2015,,,,,,,,,,,,,,,,
43646.0,39370.0,,,,,,,,Natural,Estadual,Corpo Hídrico Estadual,,,,,,,,5.0118897908315,0.583690232085271,58.3690232085271,1.84994751863644,,,,Lago/Lagoa,,Permanente,,PARÁ,PRAINHA,,,hid_massa_dagua_a_bc250k_2015,,,,,,,,,,,,,,,,
44330.0,38302.0,,,,,,,,Natural,Estadual,Corpo Hídrico Estadual,,,,,,,,3.91106219617077,0.44006734890735,44.006734890735,1.6625865286921,,,,Lago/Lagoa,,Permanente,,PARÁ,JURUTI,,,hid_massa_dagua_a_bc250k_2015,,,,,,,,,,,,,,,,
12056.0,15589.0,,,,,,,,Natural,Federal,Corpo Hídrico Federal,,,,,,,,3.70980077192068,0.669402652240212,66.9402652240212,1.27866265490483,,,,,,,,PARÁ,SANTARÉM,,167-103_20041217,bho_massa_dagua,,,,,,,,,,,,,,,,
48112.0,38799.0,,,,,,,,Natural,Federal,Corpo Hídrico Federal,,,,,,,,2.7722450986189,0.204032323760647,20.4032323760647,1.73073766352691,,,,Lago/Lagoa,,Permanente,,PARÁ,ALENQUER,,,hid_massa_dagua_a_bc250k_2015,,,,,,,,,,,,,,,,
16062.0,38912.0,,,,,,,,Natural,Federal,Terra da União (Unidade de Conservação),,,,,,,,1.82972120584427,0.092326800788694,9.23268007886939,1.69812687854348,,,,Lago/Lagoa,,Permanente,,PARÁ,ALTAMIRA,,,hid_massa_dagua_a_bc250k_2015,,,,,,,,,,,,,,,,
45984.0,37430.0,,,,,,,,Natural,Federal,Terra da União (Terra Indígena),,,,,,,,2.80999194127022,0.109409198804321,10.9409198804321,2.39567148627669,,,,Meandro abandonado,,Permanente,,PARÁ,JACAREACANGA,,,hid_massa_dagua_a_bc250k_2015,,,,,,,,,,,,,,,,
6728.0,57510.0,,,,,,,,Artificial,Estadual,Corpo Hídrico Estadual,ESTADO,,,,,,,1.94673982699242,0.077791386037172,7.77913860371722,1.96829988655942,,,,Represa/Açude,,,,PARÁ,AURORA DO PARÁ,,,hid_trecho_massa_dagua_a_bc250k_2015,,,,,,,,,,,,,,,,
43157.0,15254.0,,,,,,,,Natural,Estadual,Corpo Hídrico Estadual,,,,,,,,2.56728254594645,0.323678645693619,32.3678645693619,1.27252332732488,,,,,,,,PARÁ,ORIXIMINÁ,,169-102_20050923,bho_massa_dagua,,,,,,,,,,,,,,,,
5834.0,58974.0,,,,,,,,Natural,Estadual,Corpo Hídrico Estadual,,,,,,,,9.42107158317628,1.97917009679532,197.917009679532,1.88846026670955,,,,Rio,,,,PARÁ,PRIMAVERA,,,hid_trecho_massa_dagua_a_bc250k_2015,,,,,,,,,,,,,,,,711662
36135.0,39338.0,,,,,,,,Natural,Estadual,Corpo Hídrico Estadual,,,,,,,,1.45526400780216,0.121331789573387,12.1331789573387,1.17815815858505,,,,Lago/Lagoa,,Permanente,,PARÁ,ÓBIDOS,,,hid_massa_dagua_a_bc250k_2015,,,,,,,,,,,,,,,,
31753.0,38034.0,,,,,,,,Natural,Federal,Terra da União (Terra Indígena),,,,,,,,2.21829390432596,0.079244203283125,7.9244203283125,2.22220664760414,,,,Meandro abandonado,,Permanente,,PARÁ,ALTAMIRA,,,hid_massa_dagua_a_bc250k_2015,,,,,,,,,,,,,,,,
40521.0,15062.0,,,,,,,,Natural,Estadual,Corpo Hídrico Estadual,,,,,,,,3.04995732446004,0.425548203965817,42.5548203965817,1.31846464947213,,,,,,,,PARÁ,MONTE ALEGRE,,167-102_20050903,bho_massa_dagua,,,,,,,,,,,,,,,,
44356.0,38474.0,,,,,,,,Natural,Estadual,Corpo Hídrico Estadual,,,,,,,,1.527750784735,0.113471483229151,11.3471483229151,1.27896381652976,,,,Lago/Lagoa,,Permanente,,PARÁ,MONTE ALEGRE,,,hid_massa_dagua_a_bc250k_2015,,,,,,,,,,,,,,,,
58378.0,53687.0,,,Rio do Oeiras,,Rio,do,Oeiras,Natural,Estadual,Corpo Hídrico Estadual,,,,,,,,65.5682132628189,9.99749017678142,999.749017678142,5.84785996850066,,,,Rio,,,Rio das Oeiras,PARÁ,OEIRAS DO PARÁ,,,hid_trecho_massa_dagua_a_bc250k_2015,,,,,,,,,,,,,,,622,622
10174.0,15281.0,,,Lagoa Matapi,,Lagoa,,Matapi,Natural,Estadual,Corpo Hídrico Estadual,,,,,,,,38.994927524651,5.39170877422783,539.170877422783,4.73580719121073,,,,,,,,PARÁ,ORIXIMINÁ,Carta 1:100000,169-102_20050923,bho_massa_dagua,,,,,,,,,,,,,,,,
18.0,55597.0,,,,,,,,Natural,Estadual,Corpo Hídrico Estadual,,,,,,,,14.8653837864665,2.66997542674392,266.997542674392,2.56549753801628,,,,Rio,,,Igarapé Mapaú,PARÁ,ALMEIRIM,,,hid_trecho_massa_dagua_a_bc250k_2015,,,,,,,,,,,,,,,43211792,43211792
53458.0,6573.0,,,,,,,,Natural,Estadual,Corpo Hídrico Estadual,,,,,,,,2.49129930484981,0.209405514380417,20.9405514380417,1.53525654729568,,,,,,,,PARÁ,CACHOEIRA DO ARARI,,161-101_20040801,bho_massa_dagua,,,,,,,,,,,,,,,,
46962.0,36082.0,,,,,,,,Natural,Federal,Terra da União (Terra Indígena),,,,,,,,1.53475154446848,0.080106975971892,8.01069759718923,1.52915679418149,,,,Lago/Lagoa,,Permanente,,PARÁ,JACAREACANGA,,,hid_massa_dagua_a_bc250k_2015,,,,,,,,,,,,,,,,
48727.0,57357.0,,,,,,,,Natural,Federal,Terra da União (Unidade de Conservação),,,,,,,,3.87404874217973,0.289439654874413,28.9439654874413,2.03065045639476,,,,,,,,PARÁ,BRAGANÇA,,,hid_trecho_massa_dagua_a_bc250k_2015,,,,,,,,,,,,,,,,
252.0,39725.0,,,,,,,,Natural,Estadual,Corpo Hídrico Estadual,,,,,,,,0.929186291782077,0.063778656149045,6.37786561490447,1.03756238860757,,,,Lago/Lagoa,,Permanente,,PARÁ,ORIXIMINÁ,,,hid_massa_dagua_a_bc250k_2015,,,,,,,,,,,,,,,,
37064.0,39633.0,,,,,,,,Natural,Federal,Terra da União (Terra Indígena),,,,,,,,1.82620807739516,0.129715931884276,12.9715931884276,1.4298902593266,,,,Lago/Lagoa,,Permanente,,PARÁ,JACAREACANGA,,,hid_massa_dagua_a_bc250k_2015,,,,,,,,,,,,,,,,
49141.0,6590.0,,,,,,,,Natural,Estadual,Corpo Hídrico Estadual,,,,,,,,1.99669715506744,0.227222497342952,22.7222497342952,1.18123319523602,,,,,,,,PARÁ,SANTA IZABEL DO PARÁ,,161-101_20040801,bho_massa_dagua,,,,,,,,,,,,,,,,
22964.0,36530.0,,,,,,,,Natural,Federal,Terra da União (Terra Indígena),,,,,,,,1.96347389697238,0.232409191019026,23.2409191019026,1.14854387684657,,,,Lago/Lagoa,,Permanente,,"AMAZONAS, PARÁ","ITAITUBA, MAUÉS",,,hid_massa_dagua_a_bc250k_2015,,,,,,,,,,,,,,,,
24664.0,6562.0,,,,,,,,Natural,Estadual,Corpo Hídrico Estadual,,,,,,,,4.36822244284934,0.601391085792936,60.1391085792936,1.58845662726215,,,,,,,,PARÁ,"CACHOEIRA DO ARARI, SALVATERRA, SOURE",,162-101_20060414,bho_massa_dagua,,,,,,,,,,,,,,,,
50509.0,15343.0,,,,,,,,Natural,Estadual,Corpo Hídrico Estadual,,,,,,,,4.28807207193954,0.552586908222761,55.2586908222761,1.62671281782773,,,,,,,,PARÁ,TERRA SANTA,,169-102_20050923,bho_massa_dagua,,,,,,,,,,,,,,,,
54537.0,61920.0,,,Rio Anamu,,Rio,,Anamu,Natural,Estadual,Corpo Hídrico Estadual,,,,,,,,260.992001149105,17.9606399166296,1796.06399166296,17.3666240421276,,,,Rio,,,Rio Anamu,PARÁ,ORIXIMINÁ,,,hid_trecho_massa_dagua_a_bc250k_2015,,,,,,,,,,,,,,,454,454
242202.0,244339.0,6891.0,,,,,,,Artificial,Estadual,Corpo Hídrico Estadual,ESTADO,,,,,,,1.05842578595337,0.046126766525085,4.61267665250849,1.38973826100647,,,,,,,,PARÁ,CAPITÃO POÇO,,,bho_massa_dagua_2020,,,,,,,,,,,,,,,,
52435.0,35617.0,,,,,,,,Natural,Federal,Terra da União (Unidade de Conservação),,,,,,,,1.84305764045374,0.121420334292885,12.1420334292885,1.49156544631943,,,,Lago/Lagoa,,Permanente,,PARÁ,BRAGANÇA,,,hid_massa_dagua_a_bc250k_2015,,,,,,,,,,,,,,,,
925.0,53897.0,,,Igarapé do Bom Jardim,,Igarapé,do,Bom Jardim,Natural,Estadual,Corpo Hídrico Estadual,,,,,,,,26.7260552730536,1.98205561149995,198.205561149995,5.35335510916266,,,,Rio,,,Igarapé Bom Jardim,"AMAZONAS, PARÁ","NHAMUNDÁ, TERRA SANTA",,,hid_trecho_massa_dagua_a_bc250k_2015,,,,,,,,,,,,,,,4,4
44691.0,15078.0,,,Lago Pacoval,,Lago,,Pacoval,Natural,Federal,Corpo Hídrico Federal,,,,,,,,75.8556383631379,93.3074422705905,9330.74422705905,2.21451605612128,,,,,,,,PARÁ,SANTARÉM,Carta 1:100000,167-103_20041217,bho_massa_dagua,,,,,,,,,,,,,,,,
8576.0,37656.0,,,Lagoa do Mato,,Lagoa,do,Mato,Natural,Estadual,Corpo Hídrico Estadual,,,,,,,,1.80404886299013,0.122526555920788,12.2526555920788,1.45339041438796,,,,Lago/Lagoa,,Permanente,,PARÁ,ORIXIMINÁ,,,hid_massa_dagua_a_bc250k_2015,,,,,,,,,,,,,,,,
26993.0,15714.0,,,Lago do Amoatá,,Lago,do,Amoatá,Natural,Estadual,Corpo Hídrico Estadual,,,,,,,,4.95964335046814,0.859576898700441,85.957689870044,1.50854124275531,,,,,,,,PARÁ,JURUTI,Carta 1:100000,169-103_20050923,bho_massa_dagua,,,,,,,,,,,,,,,,
40892.0,9546.0,,,Lagoa da Pedra,,Lagoa,da,Pedra,Natural,Federal,Terra da União (Unidade de Conservação),,,,,,,,3.50044358446311,0.300959024762067,30.0959024762067,1.79936183831034,,,,,,,,PARÁ,ALTAMIRA,Carta 1:250000,165-106_20050719,bho_massa_dagua,,,,,,,,,,,,,,,,
43781.0,15616.0,,,Lago do Macaco,,Lago,do,Macaco,Natural,Estadual,Corpo Hídrico Estadual,,,,,,,,2.46446644026942,0.209320678251535,20.9320678251535,1.51902859812764,,,,,,,,PARÁ,SANTARÉM,Carta 1:100000,168-103_20050805,bho_massa_dagua,,,,,,,,,,,,,,,,
11241.0,14947.0,,,Lagoa Japim,,Lagoa,,Japim,Natural,Estadual,Corpo Hídrico Estadual,,,,,,,,6.87623683981813,0.304688215069156,30.4688215069156,3.51295111858646,,,,,,,,PARÁ,ORIXIMINÁ,Carta 1:100000,169-101_20050923,bho_massa_dagua,,,,,,,,,,,,,,,,
60896.0,23125.0,1038.0,,Barragem Kalunga,,Barragem,,Kalunga,Artificial,Federal,Terra da União (Unidade de Conservação),ANM,Vale S.A. - Filial: Vale Manganês do Azul,ANM,,,,,1.50641449739001,0.089968833774322,8.99688337743222,1.41627487068119,Contenção de rejeitos de mineração,ANM,,,,,,PARÁ,PARAUAPEBAS,ANA,Ikonos_20060817,bho_massa_dagua,,,,,,,,,,,,,,,,
23299.0,36003.0,8169.0,,Lagoa Facel 3,,Lagoa,,Facel 3,Artificial,Estadual,Corpo Hídrico Estadual,ANM,Cadam S.A.,ANM,,,,,1.40613045107432,0.133346690112152,13.3346690112152,1.08588441892567,Contenção de rejeitos de mineração,ANM,,Lago/Lagoa,,Permanente,,PARÁ,ALMEIRIM,,,hid_massa_dagua_a_bc250k_2015,,,,,,,,,,,,,,,,
10391.0,15241.0,,,Lagoa Flechal,,Lagoa,,Flechal,Natural,Estadual,Corpo Hídrico Estadual,,,,,,,,16.9356637994701,3.09645174860952,309.645174860952,2.71405830707507,,,,,,,,PARÁ,ORIXIMINÁ,Carta 1:100000,169-102_20050923,bho_massa_dagua,,,,,,,,,,,,,,,,
57986.0,9484.0,,,Represa Fazenda Campo Alegre,,Represa,,Fazenda Campo Alegre,Artificial,Estadual,Corpo Hídrico Estadual,ESTADO,,,,,,,3.44774076663268,0.246144308126266,24.6144308126266,1.95969648480835,,,,,,,,PARÁ,SANTANA DO ARAGUAIA,Carta 1:100000,161-110_20050731,bho_massa_dagua,,,,,,,,,,,,,,,,
50114.0,15302.0,,,Lagoa Ouricuri,,Lagoa,,Ouricuri,Natural,Estadual,Corpo Hídrico Estadual,,,,,,,,7.03044565436254,1.10868927220601,110.868927220601,1.88289907098456,,,,,,,,PARÁ,TERRA SANTA,Carta 1:100000,169-102_20050923,bho_massa_dagua,,,,,,,,,,,,,,,,
56071.0,56407.0,,,Furo Guajarazinho,,Furo,,Guajarazinho,Natural,Estadual,Corpo Hídrico Estadual,,,,,,,,26.30061747259,4.47670176784295,447.670176784295,3.5053869980582,,,,Rio,,,Furo Guajarazinho,PARÁ,CURRALINHO,,,hid_trecho_massa_dagua_a_bc250k_2015,,,,,,,,,,,,,,,62,62
35895.0,60474.0,,,Rio Paru,,Rio,,Paru,Natural,Estadual,Corpo Hídrico Estadual,,,,,,,,2.18683721430493,0.121430615040121,12.1430615040121,1.76970739971605,,,,,,,,PARÁ,ALMEIRIM,,,hid_trecho_massa_dagua_a_bc250k_2015,,,,,,,,,,,,,,,,
240530.0,242604.0,,,Rio Arapiuns,,Rio,,Arapiuns,Natural,Estadual,Corpo Hídrico Estadual,,,,,,,,8.33474190947077,1.15885421547712,115.885421547712,2.1833676035967,,,,Rio,,,Rio Arapiuns,PARÁ,SANTARÉM,Carta 1:100000,168-103_20050805,bho_massa_dagua,,,,,,,,,,,,,,,4412,4412
23965.0,9525.0,,,Lagoa Santa Rosa,,Lagoa,,Santa Rosa,Natural,Estadual,Corpo Hídrico Estadual,,,,,,,,6.74733348045897,0.565041625063816,56.5041625063816,2.53128509835816,,,,,,,,PARÁ,SÃO FÉLIX DO XINGU,Carta 1:250000,164-107_20050531,bho_massa_dagua,,,,,,,,,,,,,,,,
22844.0,62150.0,,,Lagoa Paru,,Lagoa,,Paru,Natural,Estadual,Corpo Hídrico Estadual,,,,,,,,1.102324535529,0.077277006764933,7.72770067649325,1.11823591453721,,,,,,,,PARÁ,ORIXIMINÁ,,,hid_trecho_massa_dagua_a_bc250k_2015,,,,,,,,,,,,,,,,
24305.0,15432.0,,,Lagoa Jutaí,,Lagoa,,Jutaí,Natural,Estadual,Corpo Hídrico Estadual,,,,,,,,6.35259423935767,0.408106566272675,40.8106566272675,2.80422872405934,,,,,,,,PARÁ,JURUTI,Carta 1:100000,169-102_20050923,bho_massa_dagua,,,,,,,,,,,,,,,,
9813.0,15172.0,,,,,,,,Natural,Federal,Corpo Hídrico Federal,,,,,,,,2.61476763275988,0.371085082439383,37.1085082439383,1.21044611426277,,,,,,,,PARÁ,CURUÁ,,168-102_20050805,bho_massa_dagua,,,,,,,,,,,,,,,,
46384.0,14963.0,,,Lagoa Grande,,Lagoa,,Grande,Natural,Federal,Terra da União (Unidade de Conservação),,,,,,,,5.75024816167786,1.6346733673966,163.46733673966,1.26829477302422,,,,,,,,PARÁ,ORIXIMINÁ,Carta 1:100000,170-101_20050825,bho_massa_dagua,,,,,,,,,,,,,,,,
25224.0,9502.0,,,Córrego Grota Seca,,Córrego,,Grota Seca,Natural,Estadual,Corpo Hídrico Estadual,,,,,,,,8.26634587421217,0.660721706540637,66.0721706540637,2.86782993478235,,,,,,,,PARÁ,CONCEIÇÃO DO ARAGUAIA,Carta 1:100000,161-110_20050731,bho_massa_dagua,,,,,,,,,,,,,,,,
5165.0,37102.0,,,Lagoa Barreirinha,,Lagoa,,Barreirinha,Natural,Estadual,Corpo Hídrico Estadual,,,,,,,,2.6873491878699,0.21698997821679,21.698997821679,1.62687195099105,,,,Lago/Lagoa,,Permanente,,PARÁ,SÃO FÉLIX DO XINGU,,,hid_massa_dagua_a_bc250k_2015,,,,,,,,,,,,,,,,
60030.0,15618.0,,,Rio Arapiuns,,Rio,,Arapiuns,Natural,Estadual,Corpo Hídrico Estadual,,,,,,,,4.18578983404405,0.207750945560816,20.7750945560816,2.58973318948037,,,,,,,,PARÁ,SANTARÉM,Carta 1:100000,168-103_20050805,bho_massa_dagua,,,,,,,,,,,,,,,,
24094.0,14946.0,,,,,,,,Natural,Estadual,Corpo Hídrico Estadual,,,,,,,,3.91099372897951,0.250698556382376,25.0698556382376,2.20272515449175,,,,,,,,PARÁ,"ÓBIDOS, ORIXIMINÁ",,169-101_20050923,bho_massa_dagua,,,,,,,,,,,,,,,,
1902.0,6600.0,,,Represa Fazenda Iramar,,Represa,,Fazenda Iramar,Artificial,Estadual,Corpo Hídrico Estadual,ESTADO,,,,,,,8.72205640360303,0.491983292431312,49.1983292431312,3.50665323722423,,,,,,,,PARÁ,RONDON DO PARÁ,Carta 1:100000,160-105_20050803,bho_massa_dagua,Tipo de Reservatório alterado para Artificial por constituir represa,,,,,,,,,,,,,,,
14573.0,15476.0,,,Lagoa Tapagem Grande,,Lagoa,,Tapagem Grande,Natural,Federal,Terra da União (Unidade de Conservação),,,,,,,,3.93756102010562,0.431810648803545,43.1810648803545,1.68977831039144,,,,,,,,PARÁ,ORIXIMINÁ,Carta 1:100000,170-102_20050825,bho_massa_dagua,,,,,,,,,,,,,,,,
59286.0,56197.0,,,Canal do Vieira,,Canal,do,Vieira,Natural,Federal,Corpo Hídrico Federal,,,,,,,,304.954083288744,365.1532786805,36515.32786805,4.50034655991244,,,,Rio,,,Canal do Vieira,PARÁ,"AFUÁ, BREVES, GURUPÁ, MELGAÇO",,,hid_trecho_massa_dagua_a_bc250k_2015,,,,,,,,,,,,,,,414,414
11023.0,20792.0,,,,,,,,Natural,Estadual,Corpo Hídrico Estadual,,,,,,,,3.49890404474965,0.47976413022461,47.976413022461,1.42451574365881,,,,,,,,PARÁ,SOURE,,162-100_20060414,bho_massa_dagua,,,,,,,,,,,,,,,,
48076.0,38596.0,,,,,,,,Natural,Federal,Terra da União (Unidade de Conservação),,,,,,,,2.66743831239122,0.445969071671248,44.5969071671247,1.12639605933229,,,,Lago/Lagoa,,Permanente,,PARÁ,BAIÃO,,,hid_massa_dagua_a_bc250k_2015,,,,,,,,,,,,,,,,
15495.0,56614.0,,,,,,,,Artificial,Estadual,Corpo Hídrico Estadual,ESTADO,,,,,,,3.28409618082312,0.261928622060977,26.1928622060977,1.80956212194423,,,,Represa/Açude,Doce,,,PARÁ,SANTANA DO ARAGUAIA,,,hid_trecho_massa_dagua_a_bc250k_2015,,,,,,,,,,,,,,,,
44803.0,38503.0,,,,,,,,Natural,Estadual,Corpo Hídrico Estadual,,,,,,,,1.20622120797172,0.063154375416518,6.31543754165183,1.3535501338638,,,,Lago/Lagoa,,Permanente,,PARÁ,ÓBIDOS,,,hid_massa_dagua_a_bc250k_2015,,,,,,,,,,,,,,,,
801.0,56573.0,,,,,,,,Natural,Estadual,Corpo Hídrico Estadual,,,,,,,,14.55297424016,1.49434462200442,149.434462200441,3.35718664236674,,,,,,,,PARÁ,JURUTI,,,hid_trecho_massa_dagua_a_bc250k_2015,,,,,,,,,,,,,,,,
38978.0,36808.0,,,,,,,,Natural,Federal,Terra da União (Unidade de Conservação),,,,,,,,1.36408233324369,0.082917173583467,8.29171735834671,1.33587999930598,,,,Lago/Lagoa,,Permanente,,PARÁ,PARAUAPEBAS,,,hid_massa_dagua_a_bc250k_2015,,,,,,,,,,,,,,,,
14371.0,49360.0,,,,,,,,Natural,Estadual,Corpo Hídrico Estadual,,,,,,,,7.84662596306697,0.739957345374526,73.9957345374526,2.57234204542966,,,,Lago/Lagoa,,Permanente,,PARÁ,PARAGOMINAS,,,hid_massa_dagua_a_bc250k_2015,,,,,,,,,,,,,,,,
45041.0,37780.0,,,,,,,,Natural,Federal,Terra da União (Terra Indígena),,,,,,,,1.99642950667024,0.13074353857587,13.074353857587,1.55701562497078,,,,Lago/Lagoa,,Permanente,,PARÁ,ALTAMIRA,,,hid_massa_dagua_a_bc250k_2015,,,,,,,,,,,,,,,,
9548.0,53532.0,,,Rio Canaticu,,Rio,,Canaticu,Natural,Estadual,Corpo Hídrico Estadual,,,,,,,,77.4245836599627,24.2308193610659,2423.08193610659,4.43551382269497,,,,Rio,,,Rio Canaticu,PARÁ,CURRALINHO,,,hid_trecho_massa_dagua_a_bc250k_2015,,,,,,,,,,,,,,,6218,6218
42730.0,53783.0,,,,,,,,Natural,Estadual,Corpo Hídrico Estadual,,,,,,,,7.72638031964581,0.984736529641616,98.4736529641616,2.19566038275671,,,,Rio,,,,PARÁ,PONTA DE PEDRAS,,,hid_trecho_massa_dagua_a_bc250k_2015,,,,,,,,,,,,,,,61676,61676
5523.0,57130.0,,,,,,,,Natural,Estadual,Corpo Hídrico Estadual,,,,,,,,2.08164726788304,0.075987581575976,7.59875815759761,2.1295357625935,,,,,,,,PARÁ,NOVO PROGRESSO,,,hid_trecho_massa_dagua_a_bc250k_2015,,,,,,,,,,,,,,,,
54423.0,38735.0,,,,,,,,Natural,Estadual,Corpo Hídrico Estadual,,,,,,,,1.37822996768821,0.092738525459082,9.27385254590817,1.27626454318023,,,,Lago/Lagoa,,Permanente,,PARÁ,MONTE ALEGRE,,,hid_massa_dagua_a_bc250k_2015,,,,,,,,,,,,,,,,
31142.0,37697.0,,,,,,,,Natural,Estadual,Corpo Hídrico Estadual,,,,,,,,1.02823558501895,0.065288473466461,6.52884734664614,1.13481085387449,,,,Lago/Lagoa,,Permanente,,PARÁ,ORIXIMINÁ,,,hid_massa_dagua_a_bc250k_2015,,,,,,,,,,,,,,,,
48475.0,15428.0,,,,,,,,Natural,Estadual,Corpo Hídrico Estadual,,,,,,,,2.11527425079052,0.267915591146948,26.7915591146948,1.15243594906578,,,,,,,,PARÁ,JURUTI,,169-102_20050923,bho_massa_dagua,,,,,,,,,,,,,,,,
14850.0,15194.0,,,,,,,,Natural,Federal,Corpo Hídrico Federal,,,,,,,,4.43119442890853,0.588932505105632,58.8932505105632,1.62831023191976,,,,,,,,PARÁ,CURUÁ,,168-102_20050805,bho_massa_dagua,,,,,,,,,,,,,,,,
20771.0,6564.0,,,,,,,,Natural,Estadual,Corpo Hídrico Estadual,,,,,,,,6.58701528542282,1.04294638124423,104.294638124423,1.81889148055614,,,,,,,,PARÁ,SANTA CRUZ DO ARARI,,162-100_20060414,bho_massa_dagua,,,,,,,,,,,,,,,,
3144.0,6506.0,,,,,,,,Natural,Estadual,Corpo Hídrico Estadual,,,,,,,,47.5595674017941,8.27651276188078,827.651276188078,4.66190382138266,,,,,,,,PARÁ,CACHOEIRA DO ARARI,,Geocover S-22-00_2000,bho_massa_dagua,,,,,,,,,,,,,,,,
2018.0,46150.0,,,,,,,,Natural,Estadual,Corpo Hídrico Estadual,,,,,,,,2.04465030706211,0.103293244458553,10.3293244458553,1.79404028534978,,,,Lago/Lagoa,Doce,Permanente,,PARÁ,CONCEIÇÃO DO ARAGUAIA,,,hid_massa_dagua_a_bc250k_2015,,,,,,,,,,,,,,,,
61571.0,63919.0,1479.0,,Barragem UD Serabi Mineração S.A.,,Barragem,,UD Serabi Mineração S.A.,Artificial,Estadual,Corpo Hídrico Estadual,ANM,Serabi Mineração S.A.,COSER/ANA (RSB2015),,,,,0.587732553524091,0.013834540447944,1.38345404479441,1.40911515523148,Contenção de resíduos industriais,SNISB,,,,,,PARÁ,ITAITUBA,,Google Satellite,bho_massa_dagua_2019,Reservatório incluído na atualização de 11/2016.,,,,,,,,,,,,,,,
20122.0,57111.0,,,Rio Marajó-Eté,,Rio,,Marajó-Eté,Natural,Estadual,Corpo Hídrico Estadual,,,,,,,,13.3966193957394,1.30033831503641,130.033831503641,3.3129596591469,,,,Rio,,,Rio Marajó-eté,PARÁ,PONTA DE PEDRAS,,,hid_trecho_massa_dagua_a_bc250k_2015,,,,,,,,,,,,,,,617422,6174222
241052.0,57031.0,,,Furo Grande,,Furo,,Grande,Natural,Estadual,Corpo Hídrico Estadual,,,,,,,,19.7240896902759,2.22061374267018,222.061374267018,3.73258378800064,,,,Rio,,,Furo Grande,PARÁ,MUANÁ,,,hid_trecho_massa_dagua_a_bc250k_2015,,,,,,,,,,,,,,,62122,62122
658.0,57061.0,,,Igarapé Camarapizinho,,Igarapé,,Camarapizinho,Natural,Estadual,Corpo Hídrico Estadual,,,,,,,,11.0970209745012,0.776049605856771,77.6049605856771,3.55230930860019,,,,Rio,,,Igarapé Camarapizinho,PARÁ,PORTEL,,,hid_trecho_massa_dagua_a_bc250k_2015,,,,,,,,,,,,,,,627382,627382
17631.0,15293.0,,,Lagoa Mirixiaçu,,Lagoa,,Mirixiaçu,Natural,Estadual,Corpo Hídrico Estadual,,,,,,,,3.9210629985371,0.836586565144466,83.6586565144466,1.20891978545134,,,,,,,,PARÁ,TERRA SANTA,Carta 1:100000,169-102_20050923,bho_massa_dagua,,,,,,,,,,,,,,,,
732.0,53846.0,,,Rio Mucuta,,Rio,,Mucuta,Natural,Estadual,Corpo Hídrico Estadual,,,,,,,,37.1667892466251,3.08631316304234,308.631316304234,5.96601248384379,,,,Rio,,,Rio Mucuta,PARÁ,CURRALINHO,,,hid_trecho_massa_dagua_a_bc250k_2015,,,,,,,,,,,,,,,62326,62326
240579.0,242610.0,,,Rio Trombetas,,Rio,,Trombetas,Natural,Estadual,Corpo Hídrico Estadual,,,,,,,,77.883981306461,11.1123293481801,1111.23293481801,6.58862363567687,,,,Rio,,,Rio Trombetas,PARÁ,ORIXIMINÁ,Carta 1:250000,170-101_20050825,bho_massa_dagua,,,,,,,,,,,,,,,454,454
18052.0,36732.0,,,Lagoa Grande,,Lagoa,,Grande,Natural,Estadual,Corpo Hídrico Estadual,,,,,,,,1.7046703569807,0.128344766323292,12.8344766323292,1.34183907832935,,,,Lago/Lagoa,,Permanente,,PARÁ,SÃO FÉLIX DO XINGU,,,hid_massa_dagua_a_bc250k_2015,,,,,,,,,,,,,,,,
39934.0,63711.0,,,Rio Catete,,Rio,,Catete,Natural,Estadual,Corpo Hídrico Estadual,,,,,,,,172.353297868023,10.3736950710982,1037.36950710982,15.0904422296003,,,,Rio,,,Rio Catete,PARÁ,ALTAMIRA,,,hid_trecho_massa_dagua_a_bc250k_2015,,,,,,,,,,,,,,,42274,42274
78.0,57054.0,,,Paraná Cachoeira,,Paraná,,Cachoeira,Natural,Estadual,Corpo Hídrico Estadual,,,,,,,,59.5416478473921,9.23841977459316,923.841977459316,5.52422186177738,,,,Rio,,,Paraná Cachoeiri,PARÁ,ORIXIMINÁ,,,hid_trecho_massa_dagua_a_bc250k_2015,,,,,,,,,,,,,,,4,4
28183.0,55537.0,1176.0,,Barragem Igarapé Jambu-açu,,Barragem,,Igarapé Jambu-açu,Artificial,Estadual,Corpo Hídrico Estadual,ESTADO,José Clovis Rogrigues,COSER/ANA (RSB2018),,,0.147,SNISB,1.46148884513427,0.074363191077817,7.43631910778175,1.51135192764586,Regularização de vazão,SNISB,,Represa/Açude,,,,PARÁ,SÃO FRANCISCO DO PARÁ,,,hid_trecho_massa_dagua_a_bc250k_2015,,,,,,,,,,,,,,,,
24992.0,22851.0,,,,,,,,Natural,Estadual,Corpo Hídrico Estadual,,,,,,,,11.3987276239065,1.57679851121859,157.679851121859,2.55986689462048,,,,,,,,PARÁ,PONTA DE PEDRAS,,162-101_20060414,bho_massa_dagua,,,,,,,,,,,,,,,,
6103.0,6640.0,,,,,,,,Natural,Estadual,Corpo Hídrico Estadual,,,,,,,,5.00970462993054,0.388425874643951,38.8425874643951,2.26676841693601,,,,,,,,PARÁ,PRAINHA,,166-102_20051028,bho_massa_dagua,,,,,,,,,,,,,,,,
17396.0,15569.0,,,,,,,,Natural,Estadual,Corpo Hídrico Estadual,,,,,,,,9.89919790728266,5.04229289951812,504.229289951812,1.24318305058992,,,,,,,,PARÁ,PRAINHA,,167-103_20041217,bho_massa_dagua,,,,,,,,,,,,,,,,
242204.0,244344.0,6920.0,,,,,,,Artificial,Estadual,Corpo Hídrico Estadual,ESTADO,,,,,,,2.38510516751221,0.064150288304997,6.41502883049971,2.6555674417559,,,,,,,,PARÁ,VISEU,,,bho_massa_dagua_2020,,,,,,,,,,,,,,,,
47603.0,63050.0,,,,,,,,Natural,Federal,Terra da União (Unidade de Conservação),,,,,,,,3.14514095526056,0.642687639120067,64.2687639120067,1.10634161497785,,,,,,,,PARÁ,PRAINHA,,,bho_massa_dagua_2019,Atualizada geometria em 09/2016,,,,,,,,,,,,,,,
2126.0,9510.0,6619.0,,,,,,,Artificial,Estadual,Corpo Hídrico Estadual,ESTADO,,,,,,,3.34681822077627,0.200626271193866,20.0626271193866,2.10711060201108,,,,,,,,PARÁ,CUMARU DO NORTE,,162-109_20040729,bho_massa_dagua,,,,,,,,,,,,,,,,
371.0,15093.0,,,,,,,,Natural,Estadual,Corpo Hídrico Estadual,,,,,,,,3.21103763146156,0.268964770350972,26.8964770350972,1.74601031141857,,,,,,,,PARÁ,ALENQUER,,168-102_20050805,bho_massa_dagua,,,,,,,,,,,,,,,,
30663.0,22857.0,,,,,,,,Natural,Estadual,Corpo Hídrico Estadual,,,,,,,,5.63425788585926,0.603196967863748,60.3196967863748,2.04576740449931,,,,,,,,PARÁ,PONTA DE PEDRAS,,162-101_20060414,bho_massa_dagua,,,,,,,,,,,,,,,,
18877.0,6509.0,,,,,,,,Natural,Estadual,Corpo Hídrico Estadual,,,,,,,,11.0727103379977,0.79375709860075,79.375709860075,3.50476768713257,,,,,,,,PARÁ,"CACHOEIRA DO ARARI, SALVATERRA",,Geocover S-22-00_2000,bho_massa_dagua,,,,,,,,,,,,,,,,
18949.0,15362.0,,,,,,,,Natural,Estadual,Corpo Hídrico Estadual,,,,,,,,22.5123437493796,2.36055572933923,236.055572933923,4.13202262538686,,,,,,,,PARÁ,TERRA SANTA,,169-102_20050923,bho_massa_dagua,,,,,,,,,,,,,,,,
18595.0,6637.0,,,,,,,,Natural,Federal,Terra da União (Unidade de Conservação),,,,,,,,20.5829271994682,8.22150541765402,822.150541765402,2.02432655706536,,,,,,,,PARÁ,PRAINHA,,166-102_20051028,bho_massa_dagua,,,,,,,,,,,,,,,,
31891.0,14976.0,,,,,,,,Natural,Estadual,Corpo Hídrico Estadual,,,,,,,,4.27391545924305,0.710059218190268,71.0059218190268,1.43030201557661,,,,,,,,PARÁ,PRAINHA,,167-102_20050903,bho_massa_dagua,,,,,,,,,,,,,,,,
2994.0,15053.0,,,,,,,,Natural,Estadual,Corpo Hídrico Estadual,,,,,,,,15.7644632978303,4.02295253768709,402.295253768709,2.21643930793337,,,,,,,,PARÁ,PRAINHA,,167-102_20050903,bho_massa_dagua,,,,,,,,,,,,,,,,
22160.0,14983.0,,,,,,,,Natural,Estadual,Corpo Hídrico Estadual,,,,,,,,7.3092057692706,0.826541210658808,82.6541210658808,2.26718542335642,,,,,,,,PARÁ,MONTE ALEGRE,,167-102_20050903,bho_massa_dagua,,,,,,,,,,,,,,,,
17584.0,15138.0,,,,,,,,Natural,Estadual,Corpo Hídrico Estadual,,,,,,,,23.4571787515955,7.51549687980318,751.549687980318,2.4129372960603,,,,,,,,PARÁ,CURUÁ,,168-102_20050805,bho_massa_dagua,,,,,,,,,,,,,,,,
25804.0,6594.0,,,,,,,,Natural,Estadual,Corpo Hídrico Estadual,,,,,,,,4.25556083971137,0.461091571688794,46.1091571688793,1.76730831272847,,,,,,,,PARÁ,SOURE,,161-101_20040801,bho_massa_dagua,,,,,,,,,,,,,,,,
54477.0,6626.0,,,,,,,,Natural,Estadual,Corpo Hídrico Estadual,,,,,,,,2.41522868265096,0.207713543100086,20.7713543100086,1.49442787269548,,,,,,,,PARÁ,ALTAMIRA,,165-104_20050719,bho_massa_dagua,,,,,,,,,,,,,,,,
36246.0,9396.0,,,,,,,,Natural,Federal,Terra da União (Terra Indígena),,,,,,,,5.60635665487538,0.683515529997166,68.3515529997166,1.9122982936376,,,,,,,,PARÁ,SÃO FÉLIX DO XINGU,,163-111_20050603,bho_massa_dagua,,,,,,,,,,,,,,,,
44685.0,15206.0,,,,,,,,Natural,Estadual,Corpo Hídrico Estadual,,,,,,,,5.18776089194384,0.83423480285949,83.423480285949,1.60171376267033,,,,,,,,PARÁ,ÓBIDOS,,168-102_20050805,bho_massa_dagua,,,,,,,,,,,,,,,,
45877.0,6529.0,,,,,,,,Natural,Estadual,Corpo Hídrico Estadual,,,,,,,,3.51398386886455,0.338330617999221,33.8330617999221,1.70364153942276,,,,,,,,PARÁ,SOURE,,162-101_20060414,bho_massa_dagua,,,,,,,,,,,,,,,,
11972.0,6684.0,,,,,,,,Natural,Federal,Terra da União (Unidade de Conservação),,,,,,,,6.11115619640792,1.42921584700243,142.921584700243,1.44152965449477,,,,,,,,PARÁ,PORTO DE MOZ,,166-102_20051028,bho_massa_dagua,,,,,,,,,,,,,,,,
29908.0,15106.0,,,,,,,,Natural,Estadual,Corpo Hídrico Estadual,,,,,,,,7.91699071828661,1.64096162951185,164.096162951185,1.74285008143579,,,,,,,,PARÁ,ÓBIDOS,,168-102_20050805,bho_massa_dagua,,,,,,,,,,,,,,,,
34719.0,6740.0,,,,,,,,Natural,Estadual,Corpo Hídrico Estadual,,,,,,,,3.83421854988699,0.573708999556547,57.3708999556547,1.42751322702154,,,,,,,,PARÁ,PRAINHA,,166-102_20051028,bho_massa_dagua,,,,,,,,,,,,,,,,
22287.0,15439.0,,,Lagoa Muritubinha,,Lagoa,,Muritubinha,Natural,Estadual,Corpo Hídrico Estadual,,,,,,,,5.48745838981865,0.657125369307825,65.7125369307825,1.90895737590875,,,,,,,,PARÁ,JURUTI,Carta 1:100000,169-102_20050923,bho_massa_dagua,,,,,,,,,,,,,,,,
23231.0,53708.0,,,Rio Mutuaca,,Rio,,Mutuaca,Natural,Estadual,Corpo Hídrico Estadual,,,,,,,,46.8849404612432,10.6869592483642,1068.69592483642,4.04441209493034,,,,Rio,,,Rio Mutuacá,PARÁ,CURRALINHO,,,hid_trecho_massa_dagua_a_bc250k_2015,,,,,,,,,,,,,,,62322,62322
58700.0,6691.0,,,,,,,,Natural,Estadual,Corpo Hídrico Estadual,,,,,,,,4.60143438273287,0.549689173442929,54.9689173442929,1.75018416410278,,,,,,,,PARÁ,PRAINHA,,166-102_20051028,bho_massa_dagua,,,,,,,,,,,,,,,,
46063.0,15602.0,,,,,,,,Natural,Estadual,Corpo Hídrico Estadual,,,,,,,,5.29664775592863,1.31418461666649,131.418461666649,1.30293278049612,,,,,,,,PARÁ,SANTARÉM,,167-103_20041217,bho_massa_dagua,,,,,,,,,,,,,,,,
57258.0,9486.0,,,,,,,,Natural,Estadual,Corpo Hídrico Estadual,,,,,,,,3.39628723527249,0.316910928396098,31.6910928396098,1.70131571391586,,,,,,,,PARÁ,SANTA MARIA DAS BARREIRAS,,161-110_20050731,bho_massa_dagua,,,,,,,,,,,,,,,,
1399.0,22576.0,,,,,,,,Natural,Estadual,Corpo Hídrico Estadual,,,,,,,,2.56801367459534,0.225838372481812,22.5838372481812,1.52386878359456,,,,,,,,PARÁ,MONTE ALEGRE,,167-102_20050903,bho_massa_dagua,,,,,,,,,,,,,,,,
11290.0,15570.0,,,,,,,,Natural,Estadual,Corpo Hídrico Estadual,,,,,,,,3.01059573232999,0.209933347257996,20.9933347257996,1.85293777336759,,,,,,,,PARÁ,PRAINHA,,167-103_20041217,bho_massa_dagua,,,,,,,,,,,,,,,,
34042.0,37260.0,,,,,,,,Natural,Federal,Corpo Hídrico Federal,,,,,,,,1.53447602367954,0.083278970662513,8.3278970662513,1.49948298109904,,,,Lago/Lagoa,,Permanente,,PARÁ,ALTAMIRA,,,hid_massa_dagua_a_bc250k_2015,,,,,,,,,,,,,,,,
59208.0,6725.0,,,,,,,,Natural,Federal,Terra da União (Unidade de Conservação),,,,,,,,2.84907628616376,0.254793401944088,25.4793401944088,1.59169223484524,,,,,,,,PARÁ,PRAINHA,,166-102_20051028,bho_massa_dagua,,,,,,,,,,,,,,,,
54527.0,49385.0,,,,,,,,Natural,Estadual,Corpo Hídrico Estadual,,,,,,,,1.19485736806051,0.086722927306938,8.67229273069384,1.1441901634686,,,,Lago/Lagoa,,Permanente,,PARÁ,PEIXE-BOI,,,hid_massa_dagua_a_bc250k_2015,,,,,,,,,,,,,,,,
43847.0,62963.0,,,,,,,,Natural,Estadual,Corpo Hídrico Estadual,,,,,,,,10.1261915913597,0.488117835646925,48.8117835646925,4.08726606979023,,,,,,,,PARÁ,"SÃO CAETANO DE ODIVELAS, SÃO JOÃO DA PONTA",,,bho_massa_dagua_2019,Atualizada geometria em 09/2016,,,,,,,,,,,,,,,
10673.0,15418.0,,,,,,,,Natural,Estadual,Corpo Hídrico Estadual,,,,,,,,2.23975721079612,0.263835995103097,26.3835995103097,1.22965428858392,,,,,,,,PARÁ,JURUTI,,169-102_20050923,bho_massa_dagua,,,,,,,,,,,,,,,,
42729.0,53779.0,,,,,,,,Natural,Estadual,Corpo Hídrico Estadual,,,,,,,,0.96811765802993,0.060909199226306,6.0909199226306,1.10620547831931,,,,,,,,PARÁ,NOVO PROGRESSO,,,hid_trecho_massa_dagua_a_bc250k_2015,,,,,,,,,,,,,,,,
13231.0,15197.0,,,,,,,,Natural,Federal,Corpo Hídrico Federal,,,,,,,,6.04022228869952,0.588980510350262,58.8980510350262,2.21948169659484,,,,,,,,PARÁ,"CURUÁ, ÓBIDOS",,168-102_20050805,bho_massa_dagua,,,,,,,,,,,,,,,,
26069.0,14996.0,,,,,,,,Natural,Estadual,Corpo Hídrico Estadual,,,,,,,,3.46212973075045,0.375637616214008,37.5637616214008,1.59297114044599,,,,,,,,PARÁ,PRAINHA,,167-102_20050903,bho_massa_dagua,,,,,,,,,,,,,,,,
23741.0,22874.0,,,,,,,,Natural,Estadual,Corpo Hídrico Estadual,,,,,,,,3.09402518109467,0.282477765308247,28.2477765308247,1.64165093298767,,,,,,,,PARÁ,CHAVES,,162-101_20060414,bho_massa_dagua,,,,,,,,,,,,,,,,
4834.0,15588.0,,,,,,,,Natural,Federal,Corpo Hídrico Federal,,,,,,,,3.25167832546163,0.581013265425416,58.1013265425416,1.20299455164154,,,,,,,,PARÁ,SANTARÉM,,167-103_20041217,bho_massa_dagua,,,,,,,,,,,,,,,,
13079.0,53757.0,,,Rio Novo,,Rio,,Novo,Natural,Federal,Terra da União (Unidade de Conservação),,,,,,,,234.14268274564,18.7602615687727,1876.02615687727,15.2443971206785,,,,Rio,,,Rio Novo,PARÁ,"ITAITUBA, NOVO PROGRESSO",,,hid_trecho_massa_dagua_a_bc250k_2015,,,,,,,,,,,,,,,4426,4426
418.0,56431.0,,,,,,,,Natural,Estadual,Corpo Hídrico Estadual,,,,,,,,9.07422842921518,0.5141360058737,51.41360058737,3.56878024644995,,,,Rio,,,,PARÁ,MOJUÍ DOS CAMPOS,,,hid_trecho_massa_dagua_a_bc250k_2015,,,,,,,,,,,,,,,436472,436472
21871.0,6601.0,,,,,,,,Natural,Estadual,Corpo Hídrico Estadual,,,,,,,,2.45602098734192,0.194984585760424,19.4984585760423,1.56848742750814,,,,,,,,PARÁ,DOM ELISEU,,160-105_20050803,bho_massa_dagua,,,,,,,,,,,,,,,,
14729.0,6507.0,,,,,,,,Natural,Estadual,Corpo Hídrico Estadual,,,,,,,,19.7030138889601,4.15485576679885,415.485576679885,2.72586156290022,,,,,,,,PARÁ,SOURE,,161-101_20040801,bho_massa_dagua,,,,,,,,,,,,,,,,
55561.0,14982.0,,,,,,,,Natural,Estadual,Corpo Hídrico Estadual,,,,,,,,2.10708392521921,0.278873396342849,27.8873396342849,1.12519397830349,,,,,,,,PARÁ,MONTE ALEGRE,,167-102_20050903,bho_massa_dagua,,,,,,,,,,,,,,,,
1773.0,6068.0,,,,,,,,Natural,Estadual,Corpo Hídrico Estadual,,,,,,,,2.95189897253284,0.314629949858024,31.4629949858024,1.48405695183324,,,,,,,,PARÁ,IPIXUNA DO PARÁ,,160-103_20050803,bho_massa_dagua,,,,,,,,,,,,,,,,
241064.0,57042.0,,,,,,,,Natural,Estadual,Corpo Hídrico Estadual,,,,,,,,12.6898707454457,1.55888501695443,155.888501695443,2.86615230954056,,,,Rio,,,Furo Maracapucu,PARÁ,ABAETETUBA,,,hid_trecho_massa_dagua_a_bc250k_2015,,,,,,,,,,,,,,,6,6
57485.0,14971.0,,,Lagoa do Erepecu,,Lagoa,do,Erepecu,Natural,Federal,Terra da União (Unidade de Conservação),,,,,,,,408.572127929549,113.713716674178,11371.3716674178,10.8046677745065,,,,,,,,PARÁ,ORIXIMINÁ,Carta 1:100000,170-101_20050825,bho_massa_dagua,Agrupada geometria de dois polígonos,,,,,,,,,,,,,,,
34935.0,53909.0,,,Baía do Marapatá,,Baía,do,Marapatá,Natural,Federal,Corpo Hídrico Federal,,,,,,,,47.1706820030194,80.1451626501325,8014.51626501325,1.4858761314543,,,,Rio,,,Baía do Marapatá,PARÁ,"ABAETETUBA, IGARAPÉ-MIRI",,,hid_trecho_massa_dagua_a_bc250k_2015,,,,,,,,,,,,,,,6,6
50848.0,15027.0,,,Lago Macucaua,,Lago,,Macucaua,Natural,Estadual,Corpo Hídrico Estadual,,,,,,,,10.0094840835687,4.96158038813115,496.158038813115,1.26721640206002,,,,,,,,PARÁ,ALENQUER,Carta 1:100000,167-102_20050903,bho_massa_dagua,,,,,,,,,,,,,,,,
62176.0,63296.0,4553.0,,PCH Salto Três de Maio,,PCH,,Salto Três de Maio,Artificial,Estadual,Corpo Hídrico Estadual,ANEEL,Eletricidade Paraense S.A.,ANEEL,13/01/2010,ANEEL,0.2,SNISB,2.23826079994842,0.042523367115917,4.25233671159169,3.06087767727609,Hidrelétrica,SNISB,PCH,,,,,PARÁ,ALTAMIRA,,Google Satellite,bho_massa_dagua_2019,Reservatório incluído na atualização de 09/2016,,,,,,,,,,,,,,,
55827.0,57199.0,,,Rio Ganhoão,,Rio,,Ganhoão,Natural,Estadual,Corpo Hídrico Estadual,,,,,,,,7.82282362023587,0.826724358995922,82.6724358995922,2.42623173891093,,,,Rio,,,Rio Ganhoão,PARÁ,CHAVES,,,hid_trecho_massa_dagua_a_bc250k_2015,,,,,,,,,,,,,,,5792,574
29488.0,15121.0,,,Lago Arapapá,,Lago,,Arapapá,Natural,Estadual,Corpo Hídrico Estadual,,,,,,,,5.30514059474679,1.57003467500728,157.003467500728,1.19396441748519,,,,,,,,PARÁ,ALENQUER,Carta 1:100000,168-102_20050805,bho_massa_dagua,,,,,,,,,,,,,,,,
4560.0,6185.0,,,Rio Gurupi,,Rio,,Gurupi,Natural,Federal,Corpo Hídrico Federal,,,,,,,,3.86194966035601,0.456744318140878,45.6744318140878,1.61145855400745,,,,,,,,"MARANHÃO, PARÁ","DOM ELISEU, ITINGA DO MARANHÃO",,159-105_20050711,bho_massa_dagua,,,,,,,,,,,,,,,,
41742.0,14940.0,,,Lagoa Garrafa,,Lagoa,,Garrafa,Natural,Estadual,Corpo Hídrico Estadual,,,,,,,,5.17763414822454,0.364736418199733,36.4736418199733,2.41763594347853,,,,,,,,PARÁ,ORIXIMINÁ,Carta 1:100000,169-101_20050923,bho_massa_dagua,,,,,,,,,,,,,,,,
7395.0,15431.0,,,Lago Murituba,,Lago,,Murituba,Natural,Estadual,Corpo Hídrico Estadual,,,,,,,,5.34598353260731,0.507916953575629,50.7916953575629,2.11534091860463,,,,,,,,PARÁ,JURUTI,Carta 1:100000,169-102_20050923,bho_massa_dagua,,,,,,,,,,,,,,,,
42777.0,9539.0,,,Barragem Córrego Verde,,Barragem,,Córrego Verde,Artificial,Estadual,Corpo Hídrico Estadual,ESTADO,,,,,,,4.19310943399461,0.36621286338099,36.621286338099,1.95397277265942,,,,,,,,PARÁ,CANAÃ DOS CARAJÁS,ANA,161-107_20050731,bho_massa_dagua,,,,,,,,,,,,,,,,
242053.0,243881.0,627.0,,Barragem SP15,,Barragem,,SP15,Artificial,Federal,Terra da União (Unidade de Conservação),ANM,Mineração Rio do Norte S.A.,ANM,,,,,3.03317169091136,0.583728841358067,58.3728841358067,1.11954234923054,Contenção de rejeitos de mineração,ANM,,,,,,PARÁ,ORIXIMINÁ,,,bho_massa_dagua_2019,,,,,,,,,,,,,,,,
35197.0,14939.0,,,Lagoa Grande,,Lagoa,,Grande,Natural,Estadual,Corpo Hídrico Estadual,,,,,,,,7.02915111387078,0.882382020959838,88.2382020959838,2.11020021529844,,,,,,,,PARÁ,ORIXIMINÁ,Carta 1:100000,169-101_20050923,bho_massa_dagua,,,,,,,,,,,,,,,,
23787.0,15295.0,,,Lagoa Mungubal,,Lagoa,,Mungubal,Natural,Estadual,Corpo Hídrico Estadual,,,,,,,,4.80544382904543,0.271335071482933,27.1335071482933,2.60153484573295,,,,,,,,PARÁ,ORIXIMINÁ,Carta 1:100000,169-102_20050923,bho_massa_dagua,,,,,,,,,,,,,,,,
29036.0,15250.0,,,Represa Mineração Rio do Norte,,Represa,,Mineração Rio do Norte,Artificial,Federal,Terra da União (Unidade de Conservação),ANA,,,,,,,4.21509201621939,0.380834941042368,38.0834941042368,1.92613966340725,,,,,,,,PARÁ,ORIXIMINÁ,Carta 1:100000,169-102_20050923,bho_massa_dagua,Revisado. Tipo de Reservatório alterado para Artificial por constituir represa,,,,,,,,,,,,,,,
22562.0,15377.0,,,Lago Xixia Mirim,,Lago,,Xixia Mirim,Natural,Estadual,Corpo Hídrico Estadual,,,,,,,,2.13310363367347,0.317567414669045,31.7567414669045,1.06743907607751,,,,,,,,PARÁ,TERRA SANTA,Carta 1:100000,169-102_20050923,bho_massa_dagua,,,,,,,,,,,,,,,,
60077.0,16448.0,,,Rio Mamuru,,Rio,,Mamuru,Natural,Federal,Corpo Hídrico Federal,,,,,,,,5.42087995166656,1.08923431893252,108.923431893252,1.46473223655738,,,,Rio,,,Rio Mamuru,PARÁ,JURUTI,Carta 1:100000,169-104_20050923,bho_massa_dagua,alterado para Federal,,,,,,,,,,,,,,4562,4562
48801.0,9469.0,,,,,,,,Natural,Federal,Terra da União (Terra Indígena),,,,,,,,2.15954779482201,0.200739749353225,20.0739749353225,1.35923716200835,,,,,,,,PARÁ,SÃO FÉLIX DO XINGU,,163-110_20060123,bho_massa_dagua,,,,,,,,,,,,,,,,
26020.0,37876.0,,,,,,,,Natural,Estadual,Corpo Hídrico Estadual,,,,,,,,3.50776740123794,0.291562549036895,29.1562549036895,1.83195173230589,,,,Lago/Lagoa,,Permanente,,PARÁ,PRAINHA,,,hid_massa_dagua_a_bc250k_2015,,,,,,,,,,,,,,,,
240889.0,15458.0,,,,,,,,Natural,Federal,Corpo Hídrico Federal,,,,,,,,516.873461339236,68.1914723980231,6819.14723980231,17.6509590927772,,,,,,,,"AMAZONAS, PARÁ","FARO, NHAMUNDÁ",,170-102_20050825,bho_massa_dagua,alterado para Federal,,,,,,,,,,,,,,,
31378.0,43204.0,,,,,,,,Natural,Estadual,Corpo Hídrico Estadual,,,,,,,,1.88189112023563,0.114356181722127,11.4356181722127,1.56932819793477,,,,Lago/Lagoa,Doce,Permanente,,PARÁ,SANTA MARIA DAS BARREIRAS,,,hid_massa_dagua_a_bc250k_2015,,,,,,,,,,,,,,,,
22472.0,59104.0,,,,,,,,Natural,Estadual,Corpo Hídrico Estadual,,,,,,,,1.72104907439006,0.11682867414477,11.682867414477,1.4199322997921,,,,,,,,PARÁ,"IPIXUNA DO PARÁ, PARAGOMINAS",,,hid_trecho_massa_dagua_a_bc250k_2015,,,,,,,,,,,,,,,,
26847.0,36988.0,,,,,,,,Natural,Estadual,Corpo Hídrico Estadual,,,,,,,,1.56007127815923,0.168254301732693,16.8254301732693,1.07253250058963,,,,Lago/Lagoa,,Permanente,,PARÁ,MOJU,,,hid_massa_dagua_a_bc250k_2015,,,,,,,,,,,,,,,,
242545.0,244304.0,6860.0,,,,,,,Artificial,Estadual,Corpo Hídrico Estadual,ESTADO,,,,,,,1.07378453476425,0.033196523292666,3.31965232926657,1.66195764680363,,,,,,,,PARÁ,MÃE DO RIO,,,bho_massa_dagua_2020,,,,,,,,,,,,,,,,
31414.0,14975.0,,,,,,,,Natural,Estadual,Corpo Hídrico Estadual,,,,,,,,2.3458963727768,0.235036586825318,23.5036586825318,1.36455233276793,,,,,,,,PARÁ,PRAINHA,,167-102_20050903,bho_massa_dagua,,,,,,,,,,,,,,,,
10962.0,15368.0,,,,,,,,Natural,Estadual,Corpo Hídrico Estadual,,,,,,,,7.56874663308096,0.841415618897852,84.1415618897852,2.32684680377591,,,,,,,,PARÁ,TERRA SANTA,,169-102_20050923,bho_massa_dagua,,,,,,,,,,,,,,,,
33161.0,37342.0,,,,,,,,Natural,Estadual,Corpo Hídrico Estadual,,,,,,,,1.77437545547371,0.106750898294139,10.6750898294139,1.53147129321027,,,,Lago/Lagoa,,Permanente,,PARÁ,MONTE ALEGRE,,,hid_massa_dagua_a_bc250k_2015,,,,,,,,,,,,,,,,
14859.0,9487.0,,,,,,,,Natural,Estadual,Corpo Hídrico Estadual,,,,,,,,4.41437359510394,0.336246702985932,33.6246702985932,2.14678808581229,,,,,,,,PARÁ,SANTANA DO ARAGUAIA,,161-110_20050731,bho_massa_dagua,,,,,,,,,,,,,,,,
51968.0,21680.0,,,,,,,,Natural,Estadual,Corpo Hídrico Estadual,,,,,,,,5.87348574267956,0.380434402673784,38.0434402673784,2.68537620022094,,,,,,,,PARÁ,BARCARENA,,161-101_20040801,bho_massa_dagua,,,,,,,,,,,,,,,,
48243.0,55425.0,,,,,,,,Natural,Federal,Corpo Hídrico Federal,,,,,,,,3.34963240187276,0.158513216928811,15.8513216928811,2.37253985898685,,,,,Doce,,,PARÁ,BOM JESUS DO TOCANTINS,,,hid_trecho_massa_dagua_a_bc250k_2015,,,,,,,,,,,,,,,,
27492.0,22871.0,,,,,,,,Natural,Estadual,Corpo Hídrico Estadual,,,,,,,,2.34217676965464,0.218552812616812,21.8552812616812,1.41283217780208,,,,,,,,PARÁ,SOURE,,Geocover S-22-00_2000,bho_massa_dagua,,,,,,,,,,,,,,,,
53334.0,15527.0,5150.0,19139.0,UHE Curuá-Una,,UHE,,Curuá-Una,Artificial,Estadual,Corpo Hídrico Estadual,ANEEL,Centrais Elétricas do Norte do Brasil S/A,COSER/ANA (RSB2015),31/01/1977,ANEEL,602.0,SNISB,249.688623525935,69.3548201389927,6935.48201389927,8.45492069963937,Hidrelétrica,SNISB,UHE,,,,,PARÁ,"MOJUÍ DOS CAMPOS, SANTARÉM",ANEEL,Rapideye,bho_massa_dagua,Atualizada geometria em 02/2016. Domínio alterado para Estadual em 09/2016 segundo a Nota Técnica Conjunta nº 1/2015/SPR/SRE (Documento nº 00000.035764/2015-19),,,35.0,2.0,Regulariza_ONS,Calculado na DispHidrica. Vz da barragem,Q100 calculado séries mensais ONS(1931a2011),Sem Informação,3011.0,299193.0,0.0,0.0,,,
19550.0,45068.0,,,,,,,,Natural,Estadual,Corpo Hídrico Estadual,,,,,,,,2.76096425639276,0.202979894261277,20.2979894261277,1.72815774334775,,,,Lago/Lagoa,Doce,Permanente,,PARÁ,SANTA MARIA DAS BARREIRAS,,,hid_massa_dagua_a_bc250k_2015,,,,,,,,,,,,,,,,
47528.0,62863.0,,,,,,,,Natural,Estadual,Corpo Hídrico Estadual,,,,,,,,106.571090389746,22.2356720942782,2223.56720942782,6.37328569713855,,,,,,,,PARÁ,"MELGAÇO, PORTEL",,,bho_massa_dagua_2019,Atualizada geometria em 09/2016,,,,,,,,,,,,,,,
241926.0,243724.0,,,,,,,,Artificial,Federal,Corpo Hídrico Federal,ANA,,,,,,,0.303720043991239,0.00175109695263,0.175109695262955,2.04676257027688,,,,,,,,PARÁ,DOM ELISEU,,,bho_massa_dagua_2019,,,,,,,,,,,,,,,,
25365.0,55254.0,,,,,,,,Artificial,Estadual,Corpo Hídrico Estadual,ESTADO,,,,,,,1.51480461156418,0.092473812737109,9.24738127371085,1.4047412798596,,,,Represa/Açude,Doce,,,PARÁ,REDENÇÃO,,,hid_trecho_massa_dagua_a_bc250k_2015,,,,,,,,,,,,,,,,
38841.0,35268.0,,,,,,,,Natural,Estadual,Corpo Hídrico Estadual,,,,,,,,13.2069616917322,3.33061773067753,333.061773067753,2.04074918433807,,,,Lago/Lagoa,,Permanente,,PARÁ,"BAIÃO, OEIRAS DO PARÁ",,,hid_massa_dagua_a_bc250k_2015,,,,,,,,,,,,,,,,
21887.0,20980.0,,,,,,,,Natural,Estadual,Corpo Hídrico Estadual,,,,,,,,2.83865009237524,0.317640416152157,31.7640416152157,1.42034253300728,,,,,,,,PARÁ,CHAVES,,163-100_20040126,bho_massa_dagua,,,,,,,,,,,,,,,,
56710.0,53993.0,,,,,,,,Natural,Estadual,Corpo Hídrico Estadual,,,,,,,,11.023131306584,1.28429798582429,128.429798582429,2.74297082478755,,,,Rio,,,Lagoa Sumba,PARÁ,ORIXIMINÁ,,,hid_trecho_massa_dagua_a_bc250k_2015,,,,,,,,,,,,,,,45422,45422
45310.0,37841.0,,,,,,,,Natural,Federal,Terra da União (Terra Indígena),,,,,,,,2.57614847907934,0.159480188444406,15.9480188444406,1.81914211642001,,,,Lago/Lagoa,,Permanente,,PARÁ,ALTAMIRA,,,hid_massa_dagua_a_bc250k_2015,,,,,,,,,,,,,,,,
56015.0,22570.0,,,,,,,,Natural,Estadual,Corpo Hídrico Estadual,,,,,,,,3.52975515836363,0.214841239710481,21.4841239710481,2.14750836918557,,,,,,,,PARÁ,MONTE ALEGRE,,167-102_20050903,bho_massa_dagua,,,,,,,,,,,,,,,,
47529.0,62864.0,,,,,,,,Natural,Estadual,Corpo Hídrico Estadual,,,,,,,,68.0484923607122,13.2374748731634,1323.74748731634,5.2743025865842,,,,,,,,PARÁ,MELGAÇO,,,bho_massa_dagua_2019,Atualizada geometria em 09/2016,,,,,,,,,,,,,,,
36777.0,53791.0,,,,,,,,Natural,Federal,Terra da União (Terra Indígena),,,,,,,,0.972402884388018,0.057770104511107,5.77701045111067,1.14088999104049,,,,,,,,PARÁ,ALTAMIRA,,,hid_trecho_massa_dagua_a_bc250k_2015,,,,,,,,,,,,,,,,
242536.0,244295.0,6833.0,,,,,,,Artificial,Estadual,Corpo Hídrico Estadual,ESTADO,,,,,,,1.07504320222632,0.016672162865377,1.66721628653771,2.34789706877935,,,,,,,,PARÁ,BUJARU,,,bho_massa_dagua_2020,,,,,,,,,,,,,,,,
15843.0,22559.0,,,,,,,,Natural,Federal,Corpo Hídrico Federal,,,,,,,,3.82537344876778,0.280930179444968,28.0930179444968,2.03527805160811,,,,,,,,PARÁ,SANTARÉM,,168-102_20050805,bho_massa_dagua,,,,,,,,,,,,,,,,
32409.0,59072.0,,,,,,,,Natural,Federal,Terra da União (Unidade de Conservação),,,,,,,,3.80477808290882,0.363132368600283,36.3132368600283,1.78051631842191,,,,,,,,PARÁ,TRACUATEUA,,,hid_trecho_massa_dagua_a_bc250k_2015,,,,,,,,,,,,,,,,
11312.0,15011.0,,,,,,,,Natural,Estadual,Corpo Hídrico Estadual,,,,,,,,3.04675135418524,0.214283298864175,21.4283298864175,1.8560597776577,,,,,,,,PARÁ,PRAINHA,,167-102_20050903,bho_massa_dagua,,,,,,,,,,,,,,,,
47964.0,54145.0,,,,,,,,Natural,Estadual,Corpo Hídrico Estadual,,,,,,,,1.59651905824483,0.076214176179382,7.62141761793818,1.63081739723461,,,,,,,,PARÁ,VISEU,,,hid_trecho_massa_dagua_a_bc250k_2015,,,,,,,,,,,,,,,,
5342.0,15137.0,,,,,,,,Natural,Federal,Corpo Hídrico Federal,,,,,,,,3.97070045289598,0.349719905097914,34.9719905097914,1.89345966366816,,,,,,,,PARÁ,CURUÁ,,168-102_20050805,bho_massa_dagua,,,,,,,,,,,,,,,,
38759.0,9536.0,624.0,,Barragem do Igarapé Gelado,,Barragem,do,Igarapé Gelado,Artificial,Federal,Corpo Hídrico Federal,ANM,Vale S/A - Filial: Vale Carajas,ANM,,,,,59.6023888085173,9.19531650275625,919.531650275625,5.54280287305121,Contenção de rejeitos de mineração,ANM,,,,,,PARÁ,PARAUAPEBAS,GESER/ANA,162-107_20040729,bho_massa_dagua,Domínio alterado para Federal segundo o Parecer 09/2019 GAB/PF/PFEANA/PGF/AGU,,,,,,,,,,,,,,,
242577.0,244279.0,6593.0,,,,,,,Artificial,Estadual,Corpo Hídrico Estadual,ESTADO,,,,,,,0.417957250424547,0.007211267343148,0.721126734314767,1.38795432189921,,,,,,,,PARÁ,TUCUMÃ,,,bho_massa_dagua_2020,,,,,,,,,,,,,,,,
54333.0,58880.0,,,,,,,,Natural,Estadual,Corpo Hídrico Estadual,,,,,,,,3.29339456668887,0.382724003392664,38.2724003392664,1.50123963729642,,,,,,,,PARÁ,QUATIPURU,,,hid_trecho_massa_dagua_a_bc250k_2015,,,,,,,,,,,,,,,,
10661.0,15154.0,,,,,,,,Natural,Federal,Corpo Hídrico Federal,,,,,,,,2.21700213517885,0.240311457668329,24.0311457668329,1.2753458720639,,,,,,,,PARÁ,ÓBIDOS,,168-102_20050805,bho_massa_dagua,,,,,,,,,,,,,,,,
510.0,53892.0,,,,,,,,Natural,Federal,Terra da União (Unidade de Conservação),,,,,,,,5.07834622404125,0.22069510772117,22.069510772117,3.04842181997192,,,,,,,,PARÁ,NOVO PROGRESSO,,,hid_trecho_massa_dagua_a_bc250k_2015,,,,,,,,,,,,,,,,
14751.0,15318.0,,,,,,,,Natural,Estadual,Corpo Hídrico Estadual,,,,,,,,3.87031695623446,0.83235475480051,83.235475480051,1.19630359705648,,,,,,,,PARÁ,ÓBIDOS,,169-102_20050923,bho_massa_dagua,,,,,,,,,,,,,,,,
41220.0,15006.0,,,,,,,,Natural,Estadual,Corpo Hídrico Estadual,,,,,,,,3.82584840151876,0.461964982460002,46.1964982460002,1.58734868723637,,,,,,,,PARÁ,PRAINHA,,167-102_20050903,bho_massa_dagua,,,,,,,,,,,,,,,,
54182.0,39658.0,,,,,,,,Natural,Federal,Terra da União (Unidade de Conservação),,,,,,,,2.10414980054194,0.22243860178295,22.243860178295,1.25811599954541,,,,Lago/Lagoa,,Permanente,,PARÁ,BAIÃO,,,hid_massa_dagua_a_bc250k_2015,,,,,,,,,,,,,,,,
14841.0,57066.0,,,,,,,,Natural,Federal,Corpo Hídrico Federal,,,,,,,,142.862409257215,45.5282435050912,4552.82435050912,5.9707189729078,,,,Rio,,,Rio Maracujá,PARÁ,AFUÁ,,,hid_trecho_massa_dagua_a_bc250k_2015,,,,,,,,,,,,,,,4,4
900.0,15081.0,,,Lago do Aramanaí,,Lago,do,Aramanaí,Natural,Federal,Corpo Hídrico Federal,,,,,,,,78.9598055508712,144.715542834817,14471.5542834817,1.85096236922636,,,,,,,,PARÁ,SANTARÉM,Carta 1:100000,167-102_20050903,bho_massa_dagua,,,,,,,,,,,,,,,,
23719.0,15407.0,,,Lago do Salé,,Lago,do,Salé,Natural,Estadual,Corpo Hídrico Estadual,,,,,,,,2.21482820052252,0.229693644439676,22.9693644439676,1.30321077961176,,,,,,,,PARÁ,JURUTI,Carta 1:100000,169-102_20050923,bho_massa_dagua,,,,,,,,,,,,,,,,
22263.0,56977.0,,,Rio Gurupi,,Rio,,Gurupi,Natural,Federal,Corpo Hídrico Federal,,,,,,,,383.83649586431,24.4197210250076,2441.97210250076,21.9040804100043,,,,Rio,,,Rio Gurupi,"MARANHÃO, PARÁ","BOA VISTA DO GURUPI, CACHOEIRA DO PIRIÁ, CENTRO NOVO DO MARANHÃO, JUNCO DO MARANHÃO, NOVA ESPERANÇA DO PIRIÁ, PARAGOMINAS, VISEU",,,hid_trecho_massa_dagua_a_bc250k_2015,,,,,,,,,,,,,,,714,714
118.0,62889.0,,,Rio Juruena,,Rio,,Juruena,Natural,Federal,Corpo Hídrico Federal,,,,,,,,2639.74762962967,579.487037246504,57948.7037246504,30.923572027042,,,,Rio,,,Rio Juruena,"AMAZONAS, MATO GROSSO, PARÁ","APIACÁS, APUÍ, BRASNORTE, CASTANHEIRA, COTRIGUAÇU, JACAREACANGA, JUARA, JUÍNA, JURUENA, NOVA BANDEIRANTES, SAPEZAL",,,bho_massa_dagua_2019,Atualizada geometria em 09/2016,,,,,,,,,,,,,,44,44
2792.0,15415.0,,,Lago Mole,,Lago,,Mole,Natural,Estadual,Corpo Hídrico Estadual,,,,,,,,6.39857607485801,2.55094583924881,255.094583924881,1.1297486398719,,,,,,,,PARÁ,JURUTI,Carta 1:100000,169-102_20050923,bho_massa_dagua,,,,,,,,,,,,,,,,
56572.0,242966.0,,,Rio São José,,Rio,,São José,Natural,Estadual,Corpo Hídrico Estadual,,,,,,,,15.0311276029962,2.55602816928225,255.602816928225,2.65129377474141,,,,Rio,,,Rio Marajó-eté,PARÁ,PONTA DE PEDRAS,,,hid_trecho_massa_dagua_a_bc250k_2015,,,,,,,,,,,,,,,6174222,6174222
4944.0,55551.0,,,Rio Guajará,,Rio,,Guajará,Natural,Estadual,Corpo Hídrico Estadual,,,,,,,,102.038215113711,24.7294028622935,2472.94028622935,5.78635596000038,,,,Rio,,,Rio Guajará,PARÁ,"BREVES, CURRALINHO",,,hid_trecho_massa_dagua_a_bc250k_2015,,,,,,,,,,,,,,,6236,6236
17.0,53789.0,,,Rio Aramá,,Rio,,Aramá,Natural,Estadual,Corpo Hídrico Estadual,,,,,,,,168.416062218055,33.1862648005851,3318.62648005851,8.24429322601335,,,,Rio,,,,PARÁ,"ANAJÁS, BREVES",,,hid_trecho_massa_dagua_a_bc250k_2015,,,,,,,,,,,,,,,52,52
42143.0,63768.0,,,Rio Mutuaca,,Rio,,Mutuaca,Natural,Federal,Terra da União (Unidade de Conservação),,,,,,,,38.3814286158325,3.67723735535721,367.723735535721,5.64429120956642,,,,Rio,,,Rio Mutuacá,PARÁ,CURRALINHO,,,hid_trecho_massa_dagua_a_bc250k_2015,,,,,,,,,,,,,,,62322,62322
42191.0,55584.0,,,Rio Anajás-Miri,,Rio,,Anajás-Miri,Natural,Estadual,Corpo Hídrico Estadual,,,,,,,,7.75336148420968,0.607636700487533,60.7636700487533,2.80489844978035,,,,Rio,,,Rio Anajás Miri,PARÁ,LIMOEIRO DO AJURU,,,hid_trecho_massa_dagua_a_bc250k_2015,,,,,,,,,,,,,,,621342,621342
5676.0,57277.0,,,Lagoa Apé,,Lagoa,,Apé,Natural,Estadual,Corpo Hídrico Estadual,,,,,,,,10.6715363466696,1.06498737009084,106.498737009084,2.91610949858917,,,,Rio,,,Lagoa Apé,PARÁ,ORIXIMINÁ,,,hid_trecho_massa_dagua_a_bc250k_2015,,,,,,,,,,,,,,,454,454
43175.0,15207.0,,,Lago Grande do Curuai,,Lago,,Grande do Curuai,Natural,Estadual,Corpo Hídrico Estadual,,,,,,,,1069.05767166092,1204.00443601968,120400.443601968,8.68832782502136,,,,,,,,PARÁ,"JURUTI, ÓBIDOS, SANTARÉM",Carta 1:100000,168-102_20050805,bho_massa_dagua,,,,,,,,,,,,,,,,
291.0,57057.0,,,Rio Cururu,Curururi,Rio,,Cururu,Natural,Federal,Terra da União (Terra Indígena),,,,,,,,269.174925339338,19.1527319615371,1915.27319615371,17.3447619684507,,,,Rio,,,Rio Cururu,PARÁ,JACAREACANGA,,,hid_trecho_massa_dagua_a_bc250k_2015,,,,,,,,,,,,,,,4438,4438
242630.0,244285.0,6752.0,,,,,,,Artificial,Estadual,Corpo Hídrico Estadual,ESTADO,,,,,,,1.5750469623309,0.103990570515422,10.3990570515422,1.37735419263835,,,,,,,,PARÁ,XINGUARA,,,bho_massa_dagua_2020,,,,,,,,,,,,,,,,
34587.0,6554.0,,,,,,,,Artificial,Estadual,Corpo Hídrico Estadual,ESTADO,,,,,,,6.47624604570994,0.252706008010364,25.2706008010364,3.63299386779662,,,,,,,,PARÁ,PARAGOMINAS,,161-104_20040801,bho_massa_dagua,,,,,,,,,,,,,,,,
14583.0,15272.0,,,,,,,,Natural,Estadual,Corpo Hídrico Estadual,,,,,,,,36.834609311564,5.37802986484767,537.802986484767,4.4791290099222,,,,,,,,PARÁ,ORIXIMINÁ,,169-102_20050923,bho_massa_dagua,,,,,,,,,,,,,,,,
13498.0,22866.0,,,,,,,,Natural,Estadual,Corpo Hídrico Estadual,,,,,,,,4.4706510015555,0.381019192333603,38.1019192333603,2.04242656513157,,,,,,,,PARÁ,PONTA DE PEDRAS,,162-101_20060414,bho_massa_dagua,,,,,,,,,,,,,,,,
242529.0,244432.0,6764.0,,,,,,,Artificial,Estadual,Corpo Hídrico Estadual,ESTADO,,,,,,,1.00732946391789,0.01814211513743,1.814211513743,2.10900051578588,,,,,,,,PARÁ,TUCURUÍ,,,bho_massa_dagua_2020,,,,,,,,,,,,,,,,
50410.0,9365.0,,,,,,,,Artificial,Estadual,Corpo Hídrico Estadual,ESTADO,,,,,,,3.40835007828388,0.341528865204385,34.1528865204385,1.64467312709922,,,,,,,,PARÁ,SANTANA DO ARAGUAIA,,161-110_20050731,bho_massa_dagua,,,,,,,,,,,,,,,,
58355.0,6571.0,,,,,,,,Natural,Estadual,Corpo Hídrico Estadual,,,,,,,,3.8535409732672,0.236267595180041,23.6267595180041,2.23566644676942,,,,,,,,PARÁ,CACHOEIRA DO ARARI,,161-101_20040801,bho_massa_dagua,,,,,,,,,,,,,,,,
38118.0,16441.0,,,,,,,,Natural,Estadual,Corpo Hídrico Estadual,,,,,,,,5.13893484003616,0.405511668130038,40.5511668130038,2.27572898937959,,,,,,,,PARÁ,AVEIRO,,168-104_20050831,bho_massa_dagua,,,,,,,,,,,,,,,,
48153.0,39179.0,,,,,,,,Natural,Federal,Terra da União (Terra Indígena),,,,,,,,1.0998860459122,0.070611334831392,7.06113348313916,1.16723846246174,,,,Lago/Lagoa,,Permanente,,PARÁ,SÃO FÉLIX DO XINGU,,,hid_massa_dagua_a_bc250k_2015,,,,,,,,,,,,,,,,
11654.0,15599.0,,,,,,,,Natural,Estadual,Corpo Hídrico Estadual,,,,,,,,6.49816046740018,1.09316673970649,109.316673970649,1.752654592938,,,,,,,,PARÁ,SANTARÉM,,167-103_20041217,bho_massa_dagua,,,,,,,,,,,,,,,,
6611.0,15058.0,,,,,,,,Natural,Estadual,Corpo Hídrico Estadual,,,,,,,,9.28674225923673,1.95919032298207,195.919032298207,1.87100172231452,,,,,,,,PARÁ,MONTE ALEGRE,,167-102_20050903,bho_massa_dagua,,,,,,,,,,,,,,,,
58431.0,6570.0,,,,,,,,Natural,Estadual,Corpo Hídrico Estadual,,,,,,,,5.29304195782124,0.483152631223479,48.3152631223479,2.14739664599976,,,,,,,,PARÁ,CACHOEIRA DO ARARI,,161-101_20040801,bho_massa_dagua,,,,,,,,,,,,,,,,
35107.0,15613.0,,,,,,,,Natural,Federal,Corpo Hídrico Federal,,,,,,,,5.05350997975707,0.542761181246666,54.2761181246666,1.93436242096453,,,,,,,,PARÁ,SANTARÉM,,167-103_20041217,bho_massa_dagua,,,,,,,,,,,,,,,,
10100.0,6075.0,,,,,,,,Natural,Estadual,Corpo Hídrico Estadual,,,,,,,,5.57937034714204,1.49467398656693,149.467398656693,1.28694818052384,,,,,,,,PARÁ,IPIXUNA DO PARÁ,,160-103_20050803,bho_massa_dagua,,,,,,,,,,,,,,,,
27317.0,38393.0,,,,,,,,Natural,Estadual,Corpo Hídrico Estadual,,,,,,,,2.55627261541696,0.167443950301065,16.7443950301065,1.7616577765633,,,,Lago/Lagoa,,Permanente,,PARÁ,MONTE ALEGRE,,,hid_massa_dagua_a_bc250k_2015,,,,,,,,,,,,,,,,
50713.0,6666.0,,,,,,,,Natural,Estadual,Corpo Hídrico Estadual,,,,,,,,6.15469175886375,0.77249525742562,77.249525742562,1.97472900303576,,,,,,,,PARÁ,PRAINHA,,166-102_20051028,bho_massa_dagua,,,,,,,,,,,,,,,,
54756.0,22860.0,,,,,,,,Natural,Estadual,Corpo Hídrico Estadual,,,,,,,,5.65598508541953,0.601946515074789,60.1946515074789,2.05578840225169,,,,,,,,PARÁ,CACHOEIRA DO ARARI,,162-101_20060414,bho_massa_dagua,,,,,,,,,,,,,,,,
45075.0,15348.0,,,,,,,,Natural,Estadual,Corpo Hídrico Estadual,,,,,,,,10.6248222269829,1.01652492341402,101.652492341402,2.97174653449722,,,,,,,,PARÁ,TERRA SANTA,,169-102_20050923,bho_massa_dagua,,,,,,,,,,,,,,,,
31732.0,15355.0,,,,,,,,Natural,Estadual,Corpo Hídrico Estadual,,,,,,,,11.6063061060403,4.17602061682739,417.602061682739,1.60162858694674,,,,,,,,PARÁ,TERRA SANTA,,169-102_20050923,bho_massa_dagua,,,,,,,,,,,,,,,,
12989.0,15171.0,,,,,,,,Natural,Federal,Corpo Hídrico Federal,,,,,,,,25.7244682308386,4.35950479523333,435.950479523333,3.474376943984,,,,,,,,PARÁ,CURUÁ,,168-102_20050805,bho_massa_dagua,,,,,,,,,,,,,,,,
16015.0,9511.0,,,,,,,,Artificial,Estadual,Corpo Hídrico Estadual,ESTADO,,,,,,,8.58685900507838,0.764177532652982,76.4177532652982,2.77004170501127,,,,,,,,PARÁ,SANTA MARIA DAS BARREIRAS,,162-109_20040729,bho_massa_dagua,,,,,,,,,,,,,,,,
2138.0,6709.0,,,,,,,,Natural,Estadual,Corpo Hídrico Estadual,,,,,,,,8.72955342299204,1.46363865909208,146.363865909208,2.03481157494968,,,,,,,,PARÁ,PRAINHA,,166-102_20051028,bho_massa_dagua,,,,,,,,,,,,,,,,
18597.0,22557.0,,,,,,,,Natural,Federal,Corpo Hídrico Federal,,,,,,,,9.51566276759402,0.875520285448788,87.5520285448788,2.86784083404921,,,,,,,,PARÁ,ÓBIDOS,,168-102_20050805,bho_massa_dagua,,,,,,,,,,,,,,,,
49663.0,15135.0,,,,,,,,Natural,Federal,Corpo Hídrico Federal,,,,,,,,3.50610803309108,0.250308650145584,25.0308650145584,1.97622538245699,,,,,,,,PARÁ,ALENQUER,,168-102_20050805,bho_massa_dagua,,,,,,,,,,,,,,,,
43716.0,60952.0,,,,,,,,Natural,Federal,Terra da União (Unidade de Conservação),,,,,,,,1.71179093800885,0.105776870138889,10.5776870138889,1.48424117392307,,,,,Doce,,,PARÁ,ORIXIMINÁ,,,hid_trecho_massa_dagua_a_bc250k_2015,,,,,,,,,,,,,,,,
19286.0,15107.0,,,,,,,,Natural,Estadual,Corpo Hídrico Estadual,,,,,,,,25.2125625431316,9.36367787201762,936.367787201762,2.3235010041065,,,,,,,,PARÁ,ÓBIDOS,,168-102_20050805,bho_massa_dagua,,,,,,,,,,,,,,,,
40236.0,15113.0,,,,,,,,Natural,Estadual,Corpo Hídrico Estadual,,,,,,,,2.38902093772864,0.211118923232035,21.1118923232035,1.46624141810966,,,,,,,,PARÁ,ÓBIDOS,,168-102_20050805,bho_massa_dagua,,,,,,,,,,,,,,,,
43206.0,15297.0,,,,,,,,Natural,Estadual,Corpo Hídrico Estadual,,,,,,,,4.91918787297438,0.270525086221997,27.0525086221997,2.66709659933848,,,,,,,,PARÁ,TERRA SANTA,,169-102_20050923,bho_massa_dagua,,,,,,,,,,,,,,,,
28040.0,15327.0,,,,,,,,Natural,Estadual,Corpo Hídrico Estadual,,,,,,,,4.68757199083104,0.767911948720684,76.7911948720684,1.50848621662216,,,,,,,,PARÁ,ÓBIDOS,,169-102_20050923,bho_massa_dagua,,,,,,,,,,,,,,,,
43769.0,22574.0,,,,,,,,Natural,Estadual,Corpo Hídrico Estadual,,,,,,,,9.13788440772749,0.471118425521298,47.1118425521298,3.75430648305974,,,,,,,,PARÁ,PRAINHA,,167-102_20050903,bho_massa_dagua,,,,,,,,,,,,,,,,
16958.0,15160.0,,,,,,,,Natural,Estadual,Corpo Hídrico Estadual,,,,,,,,8.0134658840428,0.586388493069042,58.6388493069042,2.95105144798028,,,,,,,,PARÁ,ÓBIDOS,,168-102_20050805,bho_massa_dagua,,,,,,,,,,,,,,,,
18680.0,6723.0,,,,,,,,Natural,Estadual,Corpo Hídrico Estadual,,,,,,,,19.4096095885339,7.55322509877148,755.322509877148,1.99158888787563,,,,,,,,PARÁ,PRAINHA,,166-102_20051028,bho_massa_dagua,,,,,,,,,,,,,,,,
7097.0,22885.0,,,,,,,,Natural,Estadual,Corpo Hídrico Estadual,,,,,,,,7.34067852454176,0.391583140883686,39.1583140883686,3.30805956355897,,,,,,,,PARÁ,MARABÁ,,161-106_20040801,bho_massa_dagua,,,,,,,,,,,,,,,,
10801.0,6566.0,,,,,,,,Natural,Estadual,Corpo Hídrico Estadual,,,,,,,,3.9073020718909,0.285760560509031,28.5760560509031,2.06122286510467,,,,,,,,PARÁ,CACHOEIRA DO ARARI,,162-101_20060414,bho_massa_dagua,,,,,,,,,,,,,,,,
50109.0,6493.0,,,,,,,,Natural,Federal,Terra da União (Unidade de Conservação),,,,,,,,2.35835364443145,0.289631225687462,28.9631225687462,1.23576345299548,,,,,,,,PARÁ,PORTO DE MOZ,,165-102_20051031,bho_massa_dagua,,,,,,,,,,,,,,,,
8025.0,14984.0,,,,,,,,Natural,Estadual,Corpo Hídrico Estadual,,,,,,,,2.83088960537589,0.251483835598569,25.1483835598569,1.59190447764748,,,,,,,,PARÁ,MONTE ALEGRE,,167-102_20050903,bho_massa_dagua,,,,,,,,,,,,,,,,
31275.0,49345.0,,,,,,,,Natural,Estadual,Corpo Hídrico Estadual,,,,,,,,10.6542442353066,0.61558089460504,61.558089460504,3.8293863978627,,,,Lago/Lagoa,,Permanente,,PARÁ,TRACUATEUA,,,hid_massa_dagua_a_bc250k_2015,,,,,,,,,,,,,,,,
14388.0,9537.0,,,,,,,,Artificial,Estadual,Corpo Hídrico Estadual,ESTADO,,,,,,,3.48947402523679,0.245295399475385,24.5295399475385,1.98684677926071,,,,,,,,PARÁ,CANAÃ DOS CARAJÁS,,161-107_20050731,bho_massa_dagua,,,,,,,,,,,,,,,,
17154.0,9556.0,,,,,,,,Natural,Estadual,Corpo Hídrico Estadual,,,,,,,,3.43055622467391,0.2601829994755,26.01829994755,1.89659321180219,,,,,,,,PARÁ,NOVA IPIXUNA,,161-106_20040801,bho_massa_dagua,,,,,,,,,,,,,,,,
43510.0,15529.0,,,,,,,,Natural,Estadual,Corpo Hídrico Estadual,,,,,,,,8.07315884714335,0.900271847561788,90.0271847561789,2.39941721967485,,,,,,,,PARÁ,MOJUÍ DOS CAMPOS,,167-103_20041217,bho_massa_dagua,,,,,,,,,,,,,,,,
28939.0,15203.0,,,,,,,,Natural,Federal,Corpo Hídrico Federal,,,,,,,,5.30245888290205,0.689509930334622,68.9509930334622,1.80076132697523,,,,,,,,PARÁ,SANTARÉM,,168-102_20050805,bho_massa_dagua,,,,,,,,,,,,,,,,
47725.0,36359.0,,,,,,,,Natural,Estadual,Corpo Hídrico Estadual,,,,,,,,1.70134253399032,0.162029064233567,16.2029064233567,1.19191258678682,,,,Lago/Lagoa,,Permanente,,PARÁ,MONTE ALEGRE,,,hid_massa_dagua_a_bc250k_2015,,,,,,,,,,,,,,,,
30441.0,15193.0,,,,,,,,Natural,Federal,Corpo Hídrico Federal,,,,,,,,10.3310342035163,1.0039935142239,100.39935142239,2.90755175546166,,,,,,,,PARÁ,CURUÁ,,168-102_20050805,bho_massa_dagua,,,,,,,,,,,,,,,,
37732.0,54719.0,,,,,,,,Artificial,Estadual,Corpo Hídrico Estadual,ESTADO,,,,,,,2.92195250269727,0.1472045140946,14.72045140946,2.14764104939783,,,,Represa/Açude,,,,PARÁ,IGARAPÉ-AÇU,,,hid_trecho_massa_dagua_a_bc250k_2015,,,,,,,,,,,,,,,,
55596.0,6598.0,,,,,,,,Natural,Estadual,Corpo Hídrico Estadual,,,,,,,,6.38447748600111,0.783815813833847,78.3815813833847,2.03360901051516,,,,,,,,PARÁ,CACHOEIRA DO ARARI,,161-101_20040801,bho_massa_dagua,,,,,,,,,,,,,,,,
43061.0,9540.0,,,,,,,,Artificial,Estadual,Corpo Hídrico Estadual,ESTADO,,,,,,,3.72034071042604,0.235341092752329,23.5341092752329,2.16263356959647,,,,,,,,PARÁ,ELDORADO DO CARAJÁS,,161-107_20050731,bho_massa_dagua,,,,,,,,,,,,,,,,
22491.0,15356.0,,,,,,,,Natural,Estadual,Corpo Hídrico Estadual,,,,,,,,3.92064969675553,0.975170637682335,97.5170637682335,1.11961018558396,,,,,,,,PARÁ,TERRA SANTA,,169-102_20050923,bho_massa_dagua,,,,,,,,,,,,,,,,
58975.0,22859.0,,,,,,,,Natural,Estadual,Corpo Hídrico Estadual,,,,,,,,10.5054322852998,1.77020441468615,177.020441468615,2.22664676645353,,,,,,,,PARÁ,CACHOEIRA DO ARARI,,162-101_20060414,bho_massa_dagua,,,,,,,,,,,,,,,,
30219.0,6086.0,,,,,,,,Artificial,Estadual,Corpo Hídrico Estadual,ESTADO,,,,,,,7.83417307829087,0.334178885874765,33.4178885874765,3.82166633800003,,,,,,,,PARÁ,PARAGOMINAS,,160-104_20050803,bho_massa_dagua,,,,,,,,,,,,,,,,
60914.0,6148.0,,,,,,,,Artificial,Estadual,Corpo Hídrico Estadual,ESTADO,,,,,,,6.32845779656022,0.260142799365338,26.0142799365338,3.49897703338371,,,,,,,,PARÁ,PARAGOMINAS,,159-104_20050711,bho_massa_dagua,,,,,,,,,,,,,,,,
242189.0,244305.0,6862.0,,,,,,,Artificial,Estadual,Corpo Hídrico Estadual,ESTADO,,,,,,,1.77848471398453,0.052226172862131,5.22261728621313,2.19459883427467,,,,,,,,PARÁ,PARAGOMINAS,,,bho_massa_dagua_2020,,,,,,,,,,,,,,,,
31266.0,15080.0,,,,,,,,Natural,Federal,Corpo Hídrico Federal,,,,,,,,4.81089705732477,0.485569950312938,48.5569950312938,1.94692522117027,,,,,,,,PARÁ,SANTARÉM,,168-102_20050805,bho_massa_dagua,,,,,,,,,,,,,,,,
17410.0,6707.0,,,,,,,,Natural,Estadual,Corpo Hídrico Estadual,,,,,,,,14.2374812419274,6.49260915707164,649.260915707164,1.57569676450292,,,,,,,,PARÁ,PRAINHA,,166-102_20051028,bho_massa_dagua,,,,,,,,,,,,,,,,
30824.0,15063.0,,,,,,,,Natural,Estadual,Corpo Hídrico Estadual,,,,,,,,2.42539363911685,0.218646049097771,21.8646049097771,1.46271772960716,,,,,,,,PARÁ,MONTE ALEGRE,,167-102_20050903,bho_massa_dagua,,,,,,,,,,,,,,,,
55040.0,21759.0,,,,,,,,Natural,Estadual,Corpo Hídrico Estadual,,,,,,,,10.3443787760811,1.73512113127249,173.512113127249,2.21456597690816,,,,,,,,PARÁ,CHAVES,,163-100_20040126,bho_massa_dagua,,,,,,,,,,,,,,,,
53465.0,9470.0,,,,,,,,Natural,Federal,Terra da União (Terra Indígena),,,,,,,,3.94774256385789,0.318858071917694,31.8858071917694,1.97151109120275,,,,,,,,PARÁ,SÃO FÉLIX DO XINGU,,163-110_20060123,bho_massa_dagua,,,,,,,,,,,,,,,,
10564.0,21755.0,,,,,,,,Natural,Federal,Corpo Hídrico Federal,,,,,,,,4.24980256628362,0.322556419492734,32.2556419492734,2.11015821009142,,,,,,,,PARÁ,CHAVES,,163-100_20040126,bho_massa_dagua,,,,,,,,,,,,,,,,
34382.0,6526.0,,,,,,,,Natural,Estadual,Corpo Hídrico Estadual,,,,,,,,5.98794725750105,0.356124318001643,35.6124318001643,2.82960790065738,,,,,,,,PARÁ,CHAVES,,Geocover S-22-00_2000,bho_massa_dagua,,,,,,,,,,,,,,,,
6253.0,6512.0,,,,,,,,Natural,Estadual,Corpo Hídrico Estadual,,,,,,,,5.00669984524534,0.375380916114365,37.5380916114365,2.30443556577317,,,,,,,,PARÁ,SALVATERRA,,Geocover S-22-00_2000,bho_massa_dagua,,,,,,,,,,,,,,,,
6232.0,6521.0,,,,,,,,Natural,Estadual,Corpo Hídrico Estadual,,,,,,,,9.83039810181472,1.02565914457162,102.565914457162,2.73727660699171,,,,,,,,PARÁ,CHAVES,,Geocover S-22-00_2000,bho_massa_dagua,,,,,,,,,,,,,,,,
52073.0,22554.0,,,,,,,,Natural,Federal,Corpo Hídrico Federal,,,,,,,,2.62419208977596,0.219252595226951,21.9252595226951,1.58041942517757,,,,,,,,PARÁ,CURUÁ,,168-102_20050805,bho_massa_dagua,,,,,,,,,,,,,,,,
57892.0,6719.0,,,,,,,,Natural,Federal,Terra da União (Unidade de Conservação),,,,,,,,8.72357763795669,1.33227075178017,133.227075178017,2.13131426665049,,,,,,,,PARÁ,PRAINHA,,166-102_20051028,bho_massa_dagua,,,,,,,,,,,,,,,,
39822.0,6584.0,,,,,,,,Artificial,Estadual,Corpo Hídrico Estadual,ESTADO,,,,,,,3.1770882252054,0.196856686142261,19.6856686142261,2.01931140580152,,,,,,,,PARÁ,SANTA IZABEL DO PARÁ,,161-101_20040801,bho_massa_dagua,,,,,,,,,,,,,,,,
12499.0,6696.0,,,,,,,,Natural,Estadual,Corpo Hídrico Estadual,,,,,,,,7.24264737642647,1.39080517154338,139.080517154338,1.73186207132254,,,,,,,,PARÁ,PRAINHA,,166-102_20051028,bho_massa_dagua,,,,,,,,,,,,,,,,
27081.0,6080.0,,,,,,,,Artificial,Estadual,Corpo Hídrico Estadual,ESTADO,,,,,,,8.42036792384059,0.385766932116162,38.5766932116162,3.82311778195726,,,,,,,,PARÁ,DOM ELISEU,,160-104_20050803,bho_massa_dagua,,,,,,,,,,,,,,,,
12899.0,6517.0,,,,,,,,Natural,Estadual,Corpo Hídrico Estadual,,,,,,,,3.04399994657483,0.210296071552314,21.0296071552314,1.87188070999607,,,,,,,,PARÁ,SANTA CRUZ DO ARARI,,Geocover S-22-00_2000,bho_massa_dagua,,,,,,,,,,,,,,,,
242183.0,244287.0,6760.0,,,,,,,Artificial,Estadual,Corpo Hídrico Estadual,ESTADO,,,,,,,3.91919283036835,0.184630465376138,18.4630465376138,2.572136771164,,,,,,,,PARÁ,"ITUPIRANGA, MARABÁ",,,bho_massa_dagua_2020,,,,,,,,,,,,,,,,
25946.0,22956.0,,,,,,,,Natural,Estadual,Corpo Hídrico Estadual,,,,,,,,6.25631832589608,0.235409934128082,23.5409934128082,3.63626522998821,,,,,,,,PARÁ,BAIÃO,,162-104_20040824,bho_massa_dagua,,,,,,,,,,,,,,,,
35268.0,6494.0,,,,,,,,Natural,Federal,Terra da União (Unidade de Conservação),,,,,,,,4.9226827808989,0.269632878574319,26.9632878574318,2.6734036386854,,,,,,,,PARÁ,PORTO DE MOZ,,165-102_20051031,bho_massa_dagua,,,,,,,,,,,,,,,,
27824.0,6717.0,,,,,,,,Natural,Estadual,Corpo Hídrico Estadual,,,,,,,,5.46213138862495,0.998683649303469,99.8683649303469,1.54133585492459,,,,,,,,PARÁ,PRAINHA,,166-102_20051028,bho_massa_dagua,,,,,,,,,,,,,,,,
37376.0,6142.0,,,,,,,,Natural,Estadual,Corpo Hídrico Estadual,,,,,,,,4.54561880571972,0.268750058923598,26.8750058923598,2.47267955160975,,,,,,,,PARÁ,ULIANÓPOLIS,,159-104_20050711,bho_massa_dagua,,,,,,,,,,,,,,,,
22580.0,36049.0,,,,,,,,Natural,Federal,Corpo Hídrico Federal,,,,,,,,2.24162994150817,0.117591267678779,11.7591267678779,1.84342507676511,,,,Lago/Lagoa,,Permanente,,PARÁ,MONTE ALEGRE,,,hid_massa_dagua_a_bc250k_2015,,,,,,,,,,,,,,,,
52875.0,6677.0,,,,,,,,Natural,Estadual,Corpo Hídrico Estadual,,,,,,,,10.964116327675,1.5571139139749,155.71139139749,2.47777889984305,,,,,,,,PARÁ,PRAINHA,,166-102_20051028,bho_massa_dagua,,,,,,,,,,,,,,,,
31236.0,9530.0,,,,,,,,Artificial,Estadual,Corpo Hídrico Estadual,ESTADO,,,,,,,5.02801679553337,0.227075972536499,22.7075972536499,2.9755019320946,,,,,,,,PARÁ,SÃO FÉLIX DO XINGU,,164-107_20050531,bho_massa_dagua,,,,,,,,,,,,,,,,
27193.0,6557.0,,,,,,,,Artificial,Estadual,Corpo Hídrico Estadual,ESTADO,,,,,,,8.73620277952917,0.41498369456167,41.4983694561669,3.82433825659493,,,,,,,,PARÁ,TAILÂNDIA,,161-104_20040801,bho_massa_dagua,,,,,,,,,,,,,,,,
19630.0,22886.0,,,,,,,,Natural,Estadual,Corpo Hídrico Estadual,,,,,,,,6.13394947377526,0.283124556538903,28.3124556538903,3.25087696414849,,,,,,,,PARÁ,NOVA IPIXUNA,,161-106_20040801,bho_massa_dagua,,,,,,,,,,,,,,,,
28177.0,6749.0,,,,,,,,Natural,Estadual,Corpo Hídrico Estadual,,,,,,,,9.96992724160395,4.69761008152778,469.761008152778,1.29718707952494,,,,,,,,PARÁ,PRAINHA,,166-102_20051028,bho_massa_dagua,,,,,,,,,,,,,,,,
53296.0,43027.0,,,,,,,,Natural,Estadual,Corpo Hídrico Estadual,,,,,,,,2.24529841392108,0.102804347165674,10.2804347165674,1.97477417044705,,,,Meandro abandonado,Doce,Permanente,,PARÁ,ITUPIRANGA,,,hid_massa_dagua_a_bc250k_2015,,,,,,,,,,,,,,,,
24997.0,21690.0,,,,,,,,Natural,Federal,Corpo Hídrico Federal,,,,,,,,12.8365454706073,1.27497079746621,127.497079746621,3.20587919470187,,,,,,,,PARÁ,CHAVES,,164-099_20050912,bho_massa_dagua,,,,,,,,,,,,,,,,
39662.0,6603.0,,,,,,,,Artificial,Estadual,Corpo Hídrico Estadual,ESTADO,,,,,,,6.88393155835378,0.244747672842773,24.4747672842773,3.92397621819662,,,,,,,,PARÁ,RONDON DO PARÁ,,160-105_20050803,bho_massa_dagua,,,,,,,,,,,,,,,,
28390.0,6689.0,,,,,,,,Natural,Estadual,Corpo Hídrico Estadual,,,,,,,,3.0493073200414,0.364050781572891,36.4050781572891,1.4251786926779,,,,,,,,PARÁ,PRAINHA,,166-102_20051028,bho_massa_dagua,,,,,,,,,,,,,,,,
21922.0,15169.0,,,,,,,,Natural,Federal,Corpo Hídrico Federal,,,,,,,,3.75685695188939,0.299777693203673,29.9777693203673,1.93496944095763,,,,,,,,PARÁ,CURUÁ,,168-102_20050805,bho_massa_dagua,,,,,,,,,,,,,,,,
23386.0,6544.0,,,,,,,,Natural,Estadual,Corpo Hídrico Estadual,,,,,,,,6.16881376603288,0.239964035896806,23.9964035896806,3.55122090654228,,,,,,,,PARÁ,BREU BRANCO,,162-104_20040824,bho_massa_dagua,,,,,,,,,,,,,,,,
43791.0,6614.0,,,,,,,,Natural,Estadual,Corpo Hídrico Estadual,,,,,,,,25.7676665965859,2.32382679765435,232.382679765435,4.76674942806349,,,,,,,,PARÁ,"GURUPÁ, MELGAÇO",,164-102_20040627,bho_massa_dagua,,,,,,,,,,,,,,,,
2394.0,6674.0,,,,,,,,Natural,Federal,Terra da União (Unidade de Conservação),,,,,,,,5.67624946949643,0.766958856610983,76.6958856610983,1.82778264435438,,,,,,,,PARÁ,PORTO DE MOZ,,166-102_20051028,bho_massa_dagua,,,,,,,,,,,,,,,,
34081.0,6528.0,,,,,,,,Natural,Estadual,Corpo Hídrico Estadual,,,,,,,,11.996679646283,0.85330718378874,85.330718378874,3.66232995514256,,,,,,,,PARÁ,SALVATERRA,,Geocover S-22-00_2000,bho_massa_dagua,,,,,,,,,,,,,,,,
43529.0,6722.0,,,,,,,,Natural,Estadual,Corpo Hídrico Estadual,,,,,,,,11.2087305593761,2.99943838143666,299.943838143666,1.82509537938603,,,,,,,,PARÁ,PRAINHA,,166-102_20051028,bho_massa_dagua,,,,,,,,,,,,,,,,
26642.0,15198.0,,,,,,,,Natural,Estadual,Corpo Hídrico Estadual,,,,,,,,6.74514691090974,0.968808028577906,96.8808028577906,1.93250958605988,,,,,,,,PARÁ,ÓBIDOS,,168-102_20050805,bho_massa_dagua,,,,,,,,,,,,,,,,
58788.0,22351.0,,,,,,,,Natural,Federal,Terra da União (Unidade de Conservação),,,,,,,,4.60765192058762,0.201724954726045,20.1724954726045,2.89300349554549,,,,,,,,PARÁ,ALTAMIRA,,166-110_20050716,bho_massa_dagua,,,,,,,,,,,,,,,,
19522.0,22550.0,,,,,,,,Natural,Estadual,Corpo Hídrico Estadual,,,,,,,,6.6517187147711,0.377027776301407,37.7027776301407,3.05489516178738,,,,,,,,PARÁ,SANTARÉM,,168-102_20050805,bho_massa_dagua,,,,,,,,,,,,,,,,
59844.0,6083.0,,,,,,,,Artificial,Estadual,Corpo Hídrico Estadual,ESTADO,,,,,,,5.84166495157033,0.251926185535785,25.1926185535785,3.28207950545374,,,,,,,,PARÁ,"PARAGOMINAS, ULIANÓPOLIS",,160-104_20050803,bho_massa_dagua,,,,,,,,,,,,,,,,
7113.0,16722.0,,,,,,,,Natural,Estadual,Corpo Hídrico Estadual,,,,,,,,12.4590501939428,1.46728206603126,146.728206603126,2.90052918122458,,,,,,,,PARÁ,ITAITUBA,,168-105_20050831,bho_massa_dagua,,,,,,,,,,,,,,,,
18882.0,6508.0,,,,,,,,Natural,Estadual,Corpo Hídrico Estadual,,,,,,,,8.77715225860155,0.68892184902471,68.892184902471,2.98206950246982,,,,,,,,PARÁ,SALVATERRA,,Geocover S-22-00_2000,bho_massa_dagua,,,,,,,,,,,,,,,,
24825.0,6746.0,,,,,,,,Natural,Estadual,Corpo Hídrico Estadual,,,,,,,,5.65316137816559,1.32912199589505,132.912199589505,1.38279585456347,,,,,,,,PARÁ,PRAINHA,,166-102_20051028,bho_massa_dagua,,,,,,,,,,,,,,,,
43780.0,6650.0,,,,,,,,Natural,Estadual,Corpo Hídrico Estadual,,,,,,,,19.1351584078762,9.03048575919047,903.048575919047,1.79566622538001,,,,,,,,PARÁ,PRAINHA,,166-102_20051028,bho_massa_dagua,,,,,,,,,,,,,,,,
13948.0,6572.0,,,,,,,,Natural,Estadual,Corpo Hídrico Estadual,,,,,,,,3.55088454226015,0.34621209189515,34.621209189515,1.7018236066648,,,,,,,,PARÁ,CACHOEIRA DO ARARI,,161-101_20040801,bho_massa_dagua,,,,,,,,,,,,,,,,
8289.0,5934.0,,,,,,,,Natural,Estadual,Corpo Hídrico Estadual,,,,,,,,4.85365171757352,0.495807263285637,49.5807263285637,1.94384340533647,,,,,,,,PARÁ,VISEU,,Geocover S-23-00_2000,bho_massa_dagua,,,,,,,,,,,,,,,,
12097.0,21689.0,,,,,,,,Natural,Federal,Corpo Hídrico Federal,,,,,,,,4.68605857188817,0.47963978371735,47.963978371735,1.90809160904235,,,,,,,,PARÁ,CHAVES,,164-099_20050912,bho_massa_dagua,,,,,,,,,,,,,,,,
33458.0,15142.0,,,,,,,,Natural,Estadual,Corpo Hídrico Estadual,,,,,,,,3.66520922676499,0.625292830345732,62.5292830345732,1.30709199515938,,,,,,,,PARÁ,CURUÁ,,168-102_20050805,bho_massa_dagua,,,,,,,,,,,,,,,,
11959.0,15371.0,,,,,,,,Natural,Estadual,Corpo Hídrico Estadual,,,,,,,,7.01166496454956,1.55459853629788,155.459853629788,1.58584646077861,,,,,,,,PARÁ,TERRA SANTA,,169-102_20050923,bho_massa_dagua,,,,,,,,,,,,,,,,
2621.0,6710.0,,,,,,,,Natural,Estadual,Corpo Hídrico Estadual,,,,,,,,4.79547609841679,0.508823112235148,50.8823112235148,1.89582141208649,,,,,,,,PARÁ,PRAINHA,,166-102_20051028,bho_massa_dagua,,,,,,,,,,,,,,,,
55290.0,15370.0,,,,,,,,Natural,Estadual,Corpo Hídrico Estadual,,,,,,,,2.25349295918454,0.232747911177777,23.2747911177777,1.31723244025201,,,,,,,,"AMAZONAS, PARÁ","NHAMUNDÁ, TERRA SANTA",,169-102_20050923,bho_massa_dagua,,,,,,,,,,,,,,,,
20005.0,6703.0,,,,,,,,Natural,Estadual,Corpo Hídrico Estadual,,,,,,,,7.20819889625267,1.45761010203886,145.761010203886,1.68366306671294,,,,,,,,PARÁ,"PORTO DE MOZ, PRAINHA",,166-102_20051028,bho_massa_dagua,,,,,,,,,,,,,,,,
28733.0,6487.0,,,,,,,,Natural,Estadual,Corpo Hídrico Estadual,,,,,,,,20.5240902970087,2.56616034423143,256.616034423143,3.61302636168868,,,,,,,,PARÁ,SALVATERRA,,162-101_20060414,bho_massa_dagua,,,,,,,,,,,,,,,,
41770.0,6555.0,,,,,,,,Natural,Estadual,Corpo Hídrico Estadual,,,,,,,,7.0702030292941,0.319935146615746,31.9935146615746,3.5249261078899,,,,,,,,PARÁ,IPIXUNA DO PARÁ,,161-104_20040801,bho_massa_dagua,,,,,,,,,,,,,,,,
33867.0,22551.0,,,,,,,,Natural,Federal,Corpo Hídrico Federal,,,,,,,,2.75036063886585,0.212099060575872,21.2099060575872,1.6841058324712,,,,,,,,PARÁ,SANTARÉM,,168-102_20050805,bho_massa_dagua,,,,,,,,,,,,,,,,
59200.0,46711.0,,,,,,,,Natural,Estadual,Corpo Hídrico Estadual,,,,,,,,1.45139341341597,0.122614538408808,12.2614538408808,1.16886208769248,,,,Lago/Lagoa,Doce,Permanente,,PARÁ,CONCEIÇÃO DO ARAGUAIA,,,hid_massa_dagua_a_bc250k_2015,,,,,,,,,,,,,,,,
34008.0,6539.0,,,,,,,,Natural,Federal,Corpo Hídrico Federal,,,,,,,,19.4156281526684,2.99549393951503,299.549393951503,3.16348902054599,,,,,,,,PARÁ,BAIÃO,,162-104_20040824,bho_massa_dagua,alterado para Federal,,,,,,,,,,,,,,,
4076.0,6646.0,,,,,,,,Natural,Estadual,Corpo Hídrico Estadual,,,,,,,,18.4285605867602,3.67792046673795,367.792046673795,2.70981321455701,,,,,,,,PARÁ,PRAINHA,,166-102_20051028,bho_massa_dagua,,,,,,,,,,,,,,,,
56541.0,15044.0,,,,,,,,Natural,Estadual,Corpo Hídrico Estadual,,,,,,,,3.49981750632477,0.36182860405971,36.182860405971,1.64075244149288,,,,,,,,PARÁ,PRAINHA,,167-102_20050903,bho_massa_dagua,,,,,,,,,,,,,,,,
4243.0,15001.0,,,,,,,,Natural,Estadual,Corpo Hídrico Estadual,,,,,,,,5.70315235341075,1.10433915732562,110.433915732562,1.53042780002741,,,,,,,,PARÁ,PRAINHA,,167-102_20050903,bho_massa_dagua,,,,,,,,,,,,,,,,
30898.0,22867.0,,,,,,,,Natural,Estadual,Corpo Hídrico Estadual,,,,,,,,6.77912476179742,0.807231564989714,80.7231564989714,2.12776503095668,,,,,,,,PARÁ,PONTA DE PEDRAS,,162-101_20060414,bho_massa_dagua,,,,,,,,,,,,,,,,
24740.0,15365.0,,,,,,,,Natural,Estadual,Corpo Hídrico Estadual,,,,,,,,3.11833024598659,0.219530896814871,21.9530896814871,1.87682331418847,,,,,,,,PARÁ,TERRA SANTA,,169-102_20050923,bho_massa_dagua,,,,,,,,,,,,,,,,
37842.0,22889.0,,,,,,,,Natural,Estadual,Corpo Hídrico Estadual,,,,,,,,3.66789694487652,0.26562189678807,26.562189678807,2.00693957303201,,,,,,,,PARÁ,SOURE,,161-101_20040801,bho_massa_dagua,,,,,,,,,,,,,,,,
34549.0,22856.0,,,,,,,,Natural,Estadual,Corpo Hídrico Estadual,,,,,,,,4.18271795120733,0.292297231814313,29.2297231814313,2.18170153584312,,,,,,,,PARÁ,MUANÁ,,162-101_20060414,bho_massa_dagua,,,,,,,,,,,,,,,,
19784.0,22544.0,,,,,,,,Natural,Estadual,Corpo Hídrico Estadual,,,,,,,,6.10156363944386,0.230445472606881,23.0445472606881,3.58431494871275,,,,,,,,PARÁ,BELTERRA,,168-103_20050805,bho_massa_dagua,,,,,,,,,,,,,,,,
16981.0,16438.0,,,,,,,,Natural,Estadual,Corpo Hídrico Estadual,,,,,,,,3.1988273635436,0.30072092036161,30.072092036161,1.64497040851737,,,,,,,,PARÁ,AVEIRO,,168-104_20050831,bho_massa_dagua,,,,,,,,,,,,,,,,
39527.0,6064.0,,,,,,,,Natural,Estadual,Corpo Hídrico Estadual,,,,,,,,2.00505086799244,0.207688683698592,20.7688683698592,1.24070372610915,,,,,,,,PARÁ,IPIXUNA DO PARÁ,,160-103_20050803,bho_massa_dagua,,,,,,,,,,,,,,,,
36166.0,16990.0,,,,,,,,Natural,Estadual,Corpo Hídrico Estadual,,,,,,,,6.40895677210062,0.775803760161466,77.5803760161466,2.05192040622322,,,,,,,,PARÁ,MOJUÍ DOS CAMPOS,,Geocover S-21-00_2000,bho_massa_dagua,,,,,,,,,,,,,,,,
34286.0,6687.0,,,,,,,,Natural,Estadual,Corpo Hídrico Estadual,,,,,,,,3.4720047739792,0.398520752999483,39.8520752999483,1.55097197633765,,,,,,,,PARÁ,PRAINHA,,166-102_20051028,bho_massa_dagua,,,,,,,,,,,,,,,,
52348.0,14851.0,,,,,,,,Natural,Federal,Terra da União (Terra Indígena),,,,,,,,7.31413560834561,0.381419259755488,38.1419259755488,3.33972576464054,,,,,,,,PARÁ,JACAREACANGA,,170-107_20050704,bho_massa_dagua,,,,,,,,,,,,,,,,
14291.0,38948.0,,,,,,,,Natural,Federal,Terra da União (Terra Indígena),,,,,,,,1.7077891434416,0.089367966105617,8.93679661056169,1.61098842368509,,,,Lago/Lagoa,,Permanente,,PARÁ,FARO,,,hid_massa_dagua_a_bc250k_2015,,,,,,,,,,,,,,,,
24749.0,61213.0,,,,,,,,Natural,Estadual,Corpo Hídrico Estadual,,,,,,,,2.42158993689958,0.139786618283955,13.9786618283955,1.82648837428732,,,,,Doce,,,PARÁ,TOMÉ-AÇU,,,hid_trecho_massa_dagua_a_bc250k_2015,,,,,,,,,,,,,,,,
54983.0,38613.0,,,,,,,,Natural,Federal,Terra da União (Unidade de Conservação),,,,,,,,1.56317530448416,0.106040788431113,10.6040788431113,1.35369342517361,,,,Lago/Lagoa,,Permanente,,PARÁ,ALTAMIRA,,,hid_massa_dagua_a_bc250k_2015,,,,,,,,,,,,,,,,
13014.0,22872.0,,,,,,,,Natural,Estadual,Corpo Hídrico Estadual,,,,,,,,6.73438324659137,0.645795646165438,64.5795646165438,2.3631940250844,,,,,,,,PARÁ,CACHOEIRA DO ARARI,,162-101_20060414,bho_massa_dagua,,,,,,,,,,,,,,,,
25081.0,47112.0,,,,,,,,Natural,Estadual,Corpo Hídrico Estadual,,,,,,,,3.37815358705965,0.168383814480501,16.8383814480501,2.32155152709257,,,,Meandro abandonado,Doce,Permanente,,PARÁ,NOVA IPIXUNA,,,hid_massa_dagua_a_bc250k_2015,,,,,,,,,,,,,,,,
24982.0,9508.0,,,,,,,,Natural,Federal,Corpo Hídrico Federal,,,,,,,,3.91811320126711,0.296962305253428,29.6962305253428,2.02756798312419,,,,,,,,PARÁ,SÃO FÉLIX DO XINGU,,164-109_20050626,bho_massa_dagua,,,,,,,,,,,,,,,,
46339.0,55312.0,6731.0,,,,,,,Artificial,Estadual,Corpo Hídrico Estadual,ESTADO,,,,,,,7.7278392880914,0.811183384985483,81.1183384985483,2.41962279160776,,,,Represa/Açude,Doce,,,PARÁ,SANTA MARIA DAS BARREIRAS,,,hid_trecho_massa_dagua_a_bc250k_2015,,,,,,,,,,,,,,,,
30191.0,15159.0,,,,,,,,Natural,Estadual,Corpo Hídrico Estadual,,,,,,,,4.76583332529662,0.247856139663442,24.7856139663442,2.69952974676076,,,,,,,,PARÁ,ÓBIDOS,,168-102_20050805,bho_massa_dagua,,,,,,,,,,,,,,,,
19901.0,14788.0,,,,,,,,Natural,Federal,Terra da União (Terra Indígena),,,,,,,,6.17851913059705,0.233843552808286,23.3843552808286,3.60305427076563,,,,,,,,PARÁ,JACAREACANGA,,170-108_20050730,bho_massa_dagua,,,,,,,,,,,,,,,,
5655.0,22873.0,,,,,,,,Natural,Estadual,Corpo Hídrico Estadual,,,,,,,,4.8912981374241,0.939869417295847,93.9869417295847,1.42278567598382,,,,,,,,PARÁ,SOURE,,162-101_20060414,bho_massa_dagua,,,,,,,,,,,,,,,,
35481.0,15114.0,,,,,,,,Natural,Estadual,Corpo Hídrico Estadual,,,,,,,,4.03955639024632,0.354425082314365,35.4425082314365,1.91346515928511,,,,,,,,PARÁ,ÓBIDOS,,168-102_20050805,bho_massa_dagua,,,,,,,,,,,,,,,,
14499.0,15204.0,,,,,,,,Natural,Estadual,Corpo Hídrico Estadual,,,,,,,,8.47646333314185,1.8494930808737,184.94930808737,1.75767040612923,,,,,,,,PARÁ,SANTARÉM,,168-102_20050805,bho_massa_dagua,,,,,,,,,,,,,,,,
33897.0,22854.0,,,,,,,,Natural,Estadual,Corpo Hídrico Estadual,,,,,,,,2.68202072697688,0.374663247331822,37.4663247331822,1.23563639475221,,,,,,,,PARÁ,PONTA DE PEDRAS,,162-101_20060414,bho_massa_dagua,,,,,,,,,,,,,,,,
58663.0,35490.0,,,,,,,,Natural,Estadual,Corpo Hídrico Estadual,,,,,,,,3.01455845380938,0.211286499454446,21.1286499454446,1.8494259362189,,,,Lago/Lagoa,,Permanente,,PARÁ,JURUTI,,,hid_massa_dagua_a_bc250k_2015,,,,,,,,,,,,,,,,
1762.0,6685.0,,,,,,,,Natural,Federal,Terra da União (Unidade de Conservação),,,,,,,,5.42900766030573,1.00982610246753,100.982610246753,1.5235133585712,,,,,,,,PARÁ,PORTO DE MOZ,,166-102_20051028,bho_massa_dagua,,,,,,,,,,,,,,,,
42879.0,15098.0,,,,,,,,Natural,Estadual,Corpo Hídrico Estadual,,,,,,,,2.4148909705193,0.214782535432934,21.4782535432934,1.46942408361925,,,,,,,,PARÁ,CURUÁ,,168-102_20050805,bho_massa_dagua,,,,,,,,,,,,,,,,
34994.0,39551.0,,,,,,,,Natural,Federal,Terra da União (Unidade de Conservação),,,,,,,,1.50111030097649,0.1207191619782,12.07191619782,1.21835432000427,,,,Lago/Lagoa,,Permanente,,PARÁ,ALTAMIRA,,,hid_massa_dagua_a_bc250k_2015,,,,,,,,,,,,,,,,
51502.0,6759.0,,,,,,,,Artificial,Estadual,Corpo Hídrico Estadual,ESTADO,,,,,,,8.4644402801155,1.34626893255453,134.626893255453,2.05722333389917,,,,,,,,PARÁ,PRAINHA,,166-102_20051028,bho_massa_dagua,,,,,,,,,,,,,,,,
17795.0,6583.0,,,,,,,,Artificial,Estadual,Corpo Hídrico Estadual,ESTADO,,,,,,,3.39384377752348,0.212510328044246,21.2510328044246,2.07611274648797,,,,,,,,PARÁ,VIGIA,,161-101_20040801,bho_massa_dagua,,,,,,,,,,,,,,,,
13285.0,54852.0,,,,,,,,Artificial,Estadual,Corpo Hídrico Estadual,ESTADO,,,,,,,1.235481439757,0.070036814807667,7.00368148076665,1.31650387125333,,,,Represa/Açude,Doce,,,PARÁ,REDENÇÃO,,,hid_trecho_massa_dagua_a_bc250k_2015,,,,,,,,,,,,,,,,
51270.0,15330.0,,,,,,,,Natural,Estadual,Corpo Hídrico Estadual,,,,,,,,2.91608415555591,0.380183607472267,38.0183607472267,1.33368254687274,,,,,,,,PARÁ,ÓBIDOS,,168-102_20050805,bho_massa_dagua,,,,,,,,,,,,,,,,
242132.0,244311.0,6886.0,,,,,,,Artificial,Estadual,Corpo Hídrico Estadual,ESTADO,,,,,,,0.735677111883724,0.02661291104479,2.66129110447899,1.27171607741972,,,,,,,,PARÁ,CAPANEMA,,,bho_massa_dagua_2020,,,,,,,,,,,,,,,,
26709.0,15023.0,,,,,,,,Natural,Estadual,Corpo Hídrico Estadual,,,,,,,,3.99138591960792,0.865021416033924,86.5021416033924,1.21020627197565,,,,,,,,PARÁ,ALENQUER,,167-102_20050903,bho_massa_dagua,,,,,,,,,,,,,,,,
13240.0,38560.0,,,,,,,,Natural,Federal,Corpo Hídrico Federal,,,,,,,,2.20840124261289,0.080465314272019,8.04653142720193,2.19544587731099,,,,Lago/Lagoa,,Permanente,,PARÁ,ITAITUBA,,,hid_massa_dagua_a_bc250k_2015,,,,,,,,,,,,,,,,
45940.0,48108.0,,,,,,,,Natural,Federal,Corpo Hídrico Federal,,,,,,,,1.28760316840972,0.078958212862342,7.89582128623417,1.29220819224771,,,,Lago/Lagoa,Doce,Permanente,,PARÁ,SANTA MARIA DAS BARREIRAS,,,hid_massa_dagua_a_bc250k_2015,,,,,,,,,,,,,,,,
52028.0,37437.0,,,,,,,,Natural,Estadual,Corpo Hídrico Estadual,,,,,,,,1.70068996712322,0.08770181106876,8.77018110687598,1.61945907349705,,,,Lago/Lagoa,,Permanente,,PARÁ,TOMÉ-AÇU,,,hid_massa_dagua_a_bc250k_2015,,,,,,,,,,,,,,,,
790.0,15089.0,,,Lagoa Maracu,,Lagoa,,Maracu,Natural,Estadual,Corpo Hídrico Estadual,,,,,,,,144.465197324873,163.376818785257,16337.6818785257,3.18725730923184,,,,,,,,PARÁ,PRAINHA,Carta 1:250000,167-102_20050903,bho_massa_dagua,,,,,,,,,,,,,,,,
26690.0,35486.0,,,,,,,,Artificial,Estadual,Corpo Hídrico Estadual,ESTADO,,,,,,,1.46652071384424,0.091335220859335,9.1335220859335,1.36841607799708,,,,Represa/Açude,,Permanente,,PARÁ,INHANGAPI,,,hid_massa_dagua_a_bc250k_2015,,,,,,,,,,,,,,,,
240794.0,59256.0,,,,,,,,Natural,Federal,Corpo Hídrico Federal,,,,,,,,6166.75668557459,1446.21678980587,144621.678980587,45.7287386285592,,,,Rio,Doce,,Rio Araguaia,"GOIÁS, MATO GROSSO, PARÁ, TOCANTINS","ANANÁS, ARAGARÇAS, ARAGOMINAS, ARAGUACEMA, ARAGUAIANA, ARAGUAÍNA, ARAGUANÃ, ARAGUATINS, ARAPOEMA, ARUANÃ, BALIZA, BARRA DO GARÇAS, BERNARDO SAYÃO, BREJO GRANDE DO ARAGUAIA, BRITÂNIA, CASEARA, COCALINHO, CONCEIÇÃO DO ARAGUAIA, COUTO MAGALHÃES,",,,hid_trecho_massa_dagua_a_bc250k_2015,,,,,,,,,,,,,,,6,6
53332.0,14974.0,,,,,,,,Natural,Estadual,Corpo Hídrico Estadual,,,,,,,,2.31274118633048,0.218174111156828,21.8174111156828,1.39628648767079,,,,,,,,PARÁ,PRAINHA,,167-102_20050903,bho_massa_dagua,,,,,,,,,,,,,,,,
18006.0,47161.0,,,,,,,,Natural,Federal,Corpo Hídrico Federal,,,,,,,,2.13909826323719,0.157742811756913,15.7742811756913,1.51881561857992,,,,Lago/Lagoa,Doce,Permanente,,PARÁ,FLORESTA DO ARAGUAIA,,,hid_massa_dagua_a_bc250k_2015,,,,,,,,,,,,,,,,
36729.0,15153.0,,,,,,,,Natural,Federal,Corpo Hídrico Federal,,,,,,,,5.39057050455385,0.468634398752181,46.8634398752181,2.22058170386842,,,,,,,,PARÁ,ÓBIDOS,,168-102_20050805,bho_massa_dagua,,,,,,,,,,,,,,,,
32792.0,57301.0,,,,,,,,Artificial,Estadual,Corpo Hídrico Estadual,ESTADO,,,,,,,2.6400185029012,0.181757942200634,18.1757942200634,1.74626190718102,,,,Represa/Açude,Doce,,,PARÁ,REDENÇÃO,,,hid_trecho_massa_dagua_a_bc250k_2015,,,,,,,,,,,,,,,,
52233.0,15596.0,,,,,,,,Natural,Federal,Corpo Hídrico Federal,,,,,,,,4.67401858320546,0.32091861192564,32.091861192564,2.32670911133521,,,,,,,,PARÁ,SANTARÉM,,167-103_20041217,bho_massa_dagua,,,,,,,,,,,,,,,,
242365.0,244336.0,6887.0,,,,,,,Artificial,Estadual,Corpo Hídrico Estadual,ESTADO,,,,,,,1.4136558939022,0.043623646287735,4.36236462877347,1.90867433971117,,,,,,,,PARÁ,CAPITÃO POÇO,,,bho_massa_dagua_2020,,,,,,,,,,,,,,,,
242541.0,244338.0,6890.0,,,,,,,Artificial,Estadual,Corpo Hídrico Estadual,ESTADO,,,,,,,1.34007934999884,0.053214450175987,5.32144501759866,1.63819212407237,,,,,,,,PARÁ,GARRAFÃO DO NORTE,,,bho_massa_dagua_2020,,,,,,,,,,,,,,,,
14851.0,9463.0,,,,,,,,Natural,Federal,Terra da União (Terra Indígena),,,,,,,,2.95750425637883,0.34429514072899,34.429514072899,1.4213762027003,,,,,,,,PARÁ,ALTAMIRA,,164-110_20050626,bho_massa_dagua,,,,,,,,,,,,,,,,
49035.0,15333.0,,,,,,,,Natural,Estadual,Corpo Hídrico Estadual,,,,,,,,2.003070350675,0.227972367848176,22.7972367848176,1.18305301282606,,,,,,,,PARÁ,JURUTI,,169-102_20050923,bho_massa_dagua,,,,,,,,,,,,,,,,
7894.0,22865.0,,,,,,,,Natural,Estadual,Corpo Hídrico Estadual,,,,,,,,3.14519471096004,0.547978237638755,54.7978237638755,1.19816047608342,,,,,,,,PARÁ,PONTA DE PEDRAS,,162-101_20060414,bho_massa_dagua,,,,,,,,,,,,,,,,
34265.0,22558.0,,,,,,,,Natural,Estadual,Corpo Hídrico Estadual,,,,,,,,4.18506156184092,0.267656749518311,26.7656749518311,2.28119210246492,,,,,,,,PARÁ,CURUÁ,,168-102_20050805,bho_massa_dagua,,,,,,,,,,,,,,,,
44050.0,36042.0,,,,,,,,Natural,Estadual,Corpo Hídrico Estadual,,,,,,,,1.15906361609059,0.086670261520682,8.66702615206824,1.11025139624859,,,,Lago/Lagoa,,Permanente,,PARÁ,PRAINHA,,,hid_massa_dagua_a_bc250k_2015,,,,,,,,,,,,,,,,
11954.0,15069.0,,,,,,,,Natural,Federal,Corpo Hídrico Federal,,,,,,,,3.36881398512757,0.280934031730108,28.0934031730108,1.79235471938347,,,,,,,,PARÁ,SANTARÉM,,167-102_20050903,bho_massa_dagua,,,,,,,,,,,,,,,,
36661.0,22898.0,,,,,,,,Natural,Estadual,Corpo Hídrico Estadual,,,,,,,,6.65758445123015,0.255685021367189,25.5685021367189,3.71289911611332,,,,,,,,PARÁ,MELGAÇO,,164-102_20040627,bho_massa_dagua,,,,,,,,,,,,,,,,
50586.0,39129.0,,,,,,,,Natural,Estadual,Corpo Hídrico Estadual,,,,,,,,5.87892716947478,0.708175049473206,70.8175049473206,1.9700483162486,,,,Lago/Lagoa,,Permanente,,PARÁ,PRAINHA,,,hid_massa_dagua_a_bc250k_2015,,,,,,,,,,,,,,,,
56578.0,53691.0,,,,,,,,Artificial,Estadual,Corpo Hídrico Estadual,ESTADO,,,,,,,5.93156603416613,0.489472818628264,48.9472818628264,2.39086023108367,,,,Represa/Açude,,,,PARÁ,NOVO PROGRESSO,,,hid_trecho_massa_dagua_a_bc250k_2015,,,,,,,,,,,,,,,,
242353.0,244433.0,5737.0,,,,,,,Artificial,Estadual,Corpo Hídrico Estadual,ESTADO,,,,,,,0.279474891572712,0.002313009913372,0.231300991337182,1.6387139757043,,,,,,,,PARÁ,ITAITUBA,,,bho_massa_dagua_2020,,,,,,,,,,,,,,,,
57033.0,6695.0,,,,,,,,Natural,Estadual,Corpo Hídrico Estadual,,,,,,,,3.66168829223826,0.423519107328104,42.3519107328104,1.58669690817649,,,,,,,,PARÁ,PRAINHA,,166-102_20051028,bho_massa_dagua,,,,,,,,,,,,,,,,
14566.0,55525.0,,,,,,,,Natural,Estadual,Corpo Hídrico Estadual,,,,,,,,2.54562291435845,0.168688121907281,16.8688121907281,1.74783699886185,,,,,Doce,,,PARÁ,CONCEIÇÃO DO ARAGUAIA,,,hid_trecho_massa_dagua_a_bc250k_2015,,,,,,,,,,,,,,,,
242489.0,244306.0,6863.0,,,,,,,Artificial,Estadual,Corpo Hídrico Estadual,ESTADO,,,,,,,1.0748000865776,0.019480464804388,1.94804648043878,2.1715865522937,,,,,,,,PARÁ,PARAGOMINAS,,,bho_massa_dagua_2020,,,,,,,,,,,,,,,,
242047.0,243885.0,5537.0,,Barragem SP7B,,Barragem,,SP7B,Artificial,Federal,Terra da União (Unidade de Conservação),ANM,Mineracao Rio do Norte S.A.,ANM,,,,,3.07080275361858,0.526488180639474,52.6488180639474,1.19345683682053,Contenção de rejeitos de mineração,ANM,,,,,,PARÁ,ORIXIMINÁ,,,bho_massa_dagua_2019,,,,,,,,,,,,,,,,
11173.0,48096.0,,,,,,,,Natural,Estadual,Corpo Hídrico Estadual,,,,,,,,2.10410082190551,0.133660310019499,13.3660310019499,1.62298468711054,,,,Lago/Lagoa,Doce,Permanente,,PARÁ,SANTANA DO ARAGUAIA,,,hid_massa_dagua_a_bc250k_2015,,,,,,,,,,,,,,,,
36665.0,15528.0,,,,,,,,Natural,Estadual,Corpo Hídrico Estadual,,,,,,,,5.572967680396,0.347101811458359,34.7101811458359,2.66751698045045,,,,,,,,PARÁ,MOJUÍ DOS CAMPOS,,167-103_20041217,bho_massa_dagua,,,,,,,,,,,,,,,,
42969.0,15425.0,,,,,,,,Natural,Estadual,Corpo Hídrico Estadual,,,,,,,,4.12653823565792,0.314011287133808,31.4011287133808,2.07664543790554,,,,,,,,PARÁ,JURUTI,,169-102_20050923,bho_massa_dagua,,,,,,,,,,,,,,,,
48550.0,21692.0,,,,,,,,Natural,Federal,Corpo Hídrico Federal,,,,,,,,4.37932608169819,0.802670556183395,80.2670556183395,1.37843955154119,,,,,,,,PARÁ,CHAVES,,163-100_20040126,bho_massa_dagua,,,,,,,,,,,,,,,,
56579.0,15191.0,,,,,,,,Natural,Federal,Corpo Hídrico Federal,,,,,,,,5.76500282448709,1.13527475808508,113.527475808508,1.52580186653865,,,,,,,,PARÁ,SANTARÉM,,168-102_20050805,bho_massa_dagua,,,,,,,,,,,,,,,,
14010.0,22719.0,,,,,,,,Natural,Federal,Corpo Hídrico Federal,,,,,,,,6.14776482888783,0.600390091984322,60.0390091984322,2.2374307167677,,,,,,,,PARÁ,PRAINHA,,166-102_20051028,bho_massa_dagua,,,,,,,,,,,,,,,,
747.0,63027.0,,,,,,,,Natural,Federal,Terra da União (Unidade de Conservação),,,,,,,,35.4829230752995,7.39343939809974,739.343939809974,3.6799781438499,,,,,,,,PARÁ,"SÃO CAETANO DE ODIVELAS, SÃO JOÃO DA PONTA",,,bho_massa_dagua_2019,Atualizada geometria em 09/2016,,,,,,,,,,,,,,,
242288.0,244310.0,6875.0,,,,,,,Artificial,Estadual,Corpo Hídrico Estadual,ESTADO,,,,,,,1.02772671643654,0.039133312656085,3.91333126560853,1.46505337891228,,,,,,,,PARÁ,PEIXE-BOI,,,bho_massa_dagua_2020,,,,,,,,,,,,,,,,
25487.0,56598.0,,,,,,,,Natural,Estadual,Corpo Hídrico Estadual,,,,,,,,2.89090243461972,0.244143200638829,24.4143200638829,1.64990989187954,,,,,Doce,,,PARÁ,SANTANA DO ARAGUAIA,,,hid_trecho_massa_dagua_a_bc250k_2015,,,,,,,,,,,,,,,,
40505.0,53516.0,,,Igarapé Miri,,Igarapé,,Miri,Natural,Estadual,Corpo Hídrico Estadual,,,,,,,,28.2525577013833,2.5104507905548,251.04507905548,5.02841394914971,,,,Rio,,,Igarapé Miri,PARÁ,IGARAPÉ-MIRI,,,hid_trecho_massa_dagua_a_bc250k_2015,,,,,,,,,,,,,,,61858,61858
44230.0,37463.0,,,,,,,,Natural,Estadual,Corpo Hídrico Estadual,,,,,,,,3.0308485612431,0.324040603441171,32.4040603441171,1.50145952450996,,,,Lago/Lagoa,,Permanente,,PARÁ,MONTE ALEGRE,,,hid_massa_dagua_a_bc250k_2015,,,,,,,,,,,,,,,,
28888.0,14987.0,,,,,,,,Natural,Estadual,Corpo Hídrico Estadual,,,,,,,,8.29033669271674,0.576039763252938,57.6039763252938,3.08031439544977,,,,,,,,PARÁ,MONTE ALEGRE,,167-102_20050903,bho_massa_dagua,,,,,,,,,,,,,,,,
49765.0,15032.0,,,,,,,,Natural,Estadual,Corpo Hídrico Estadual,,,,,,,,3.47790000265841,0.27596841229792,27.596841229792,1.86696644196312,,,,,,,,PARÁ,MONTE ALEGRE,,167-102_20050903,bho_massa_dagua,,,,,,,,,,,,,,,,
44123.0,22543.0,,,,,,,,Natural,Estadual,Corpo Hídrico Estadual,,,,,,,,2.3869818386129,0.211244355646521,21.1244355646521,1.4645549337053,,,,,,,,PARÁ,AVEIRO,,168-104_20050831,bho_massa_dagua,,,,,,,,,,,,,,,,
57625.0,46559.0,,,,,,,,Natural,Estadual,Corpo Hídrico Estadual,,,,,,,,1.00690412906806,0.068397076423539,6.83970764235394,1.08572155701613,,,,Lago/Lagoa,Doce,Permanente,,PARÁ,SANTA MARIA DAS BARREIRAS,,,hid_massa_dagua_a_bc250k_2015,,,,,,,,,,,,,,,,
1992.0,15043.0,,,,,,,,Natural,Estadual,Corpo Hídrico Estadual,,,,,,,,3.47176087392443,0.382629970756784,38.2629970756784,1.58273942492992,,,,,,,,PARÁ,PRAINHA,,167-102_20050903,bho_massa_dagua,,,,,,,,,,,,,,,,
41814.0,56610.0,,,,,,,,Artificial,Estadual,Corpo Hídrico Estadual,ESTADO,,,,,,,7.85583846449538,1.51649407991752,151.649407991752,1.79895911565995,,,,Represa/Açude,Doce,,,PARÁ,REDENÇÃO,,,hid_trecho_massa_dagua_a_bc250k_2015,,,,,,,,,,,,,,,,
23460.0,15369.0,,,,,,,,Natural,Estadual,Corpo Hídrico Estadual,,,,,,,,10.2622399968928,1.43178755375267,143.178755375266,2.41853281265358,,,,,,,,PARÁ,TERRA SANTA,,169-102_20050923,bho_massa_dagua,,,,,,,,,,,,,,,,
12111.0,22976.0,,,,,,,,Natural,Estadual,Corpo Hídrico Estadual,,,,,,,,5.52484373285312,0.368555448820839,36.8555448820839,2.56636065767268,,,,,,,,PARÁ,PARAGOMINAS,,160-103_20050803,bho_massa_dagua,,,,,,,,,,,,,,,,
13655.0,38991.0,,,,,,,,Natural,Estadual,Corpo Hídrico Estadual,,,,,,,,2.16416831557918,0.129473163870019,12.9473163870019,1.6960953457766,,,,Lago/Lagoa,,Permanente,,PARÁ,ITAITUBA,,,hid_massa_dagua_a_bc250k_2015,,,,,,,,,,,,,,,,
49513.0,6588.0,,,,,,,,Artificial,Estadual,Corpo Hídrico Estadual,ESTADO,,,,,,,3.16632289547557,0.194050901928338,19.4050901928338,2.02696605986859,,,,,,,,PARÁ,CASTANHAL,,160-101_20050803,bho_massa_dagua,,,,,,,,,,,,,,,,
9666.0,46773.0,,,,,,,,Natural,Estadual,Corpo Hídrico Estadual,,,,,,,,2.24572071489712,0.148615710017857,14.8615710017857,1.6427538473672,,,,Meandro abandonado,Doce,Permanente,,PARÁ,NOVA IPIXUNA,,,hid_massa_dagua_a_bc250k_2015,,,,,,,,,,,,,,,,
37655.0,6747.0,,,,,,,,Natural,Estadual,Corpo Hídrico Estadual,,,,,,,,4.32029537917947,0.740965240834305,74.0965240834305,1.41534928945629,,,,,,,,PARÁ,PRAINHA,,166-102_20051028,bho_massa_dagua,,,,,,,,,,,,,,,,
25549.0,15437.0,,,,,,,,Natural,Estadual,Corpo Hídrico Estadual,,,,,,,,5.16464510691447,0.450205377576018,45.0205377576018,2.17062226362903,,,,,,,,PARÁ,JURUTI,,169-102_20050923,bho_massa_dagua,,,,,,,,,,,,,,,,
23380.0,15324.0,,,,,,,,Natural,Estadual,Corpo Hídrico Estadual,,,,,,,,5.24586043401045,1.09315657929952,109.315657929952,1.41489643992808,,,,,,,,PARÁ,ÓBIDOS,,169-102_20050923,bho_massa_dagua,,,,,,,,,,,,,,,,
54922.0,6576.0,,,,,,,,Natural,Estadual,Corpo Hídrico Estadual,,,,,,,,3.60956741768065,0.331012803302422,33.1012803302422,1.76922012131791,,,,,,,,PARÁ,SALVATERRA,,161-101_20040801,bho_massa_dagua,,,,,,,,,,,,,,,,
16761.0,36090.0,,,,,,,,Natural,Estadual,Corpo Hídrico Estadual,,,,,,,,2.23607581218413,0.098325643757709,9.83256437577094,2.01095444709229,,,,Lago/Lagoa,,Permanente,,PARÁ,TAILÂNDIA,,,hid_massa_dagua_a_bc250k_2015,,,,,,,,,,,,,,,,
6912.0,9364.0,,,,,,,,Natural,Estadual,Corpo Hídrico Estadual,,,,,,,,2.78981970231682,0.210413567649993,21.0413567649993,1.71509576800331,,,,,,,,PARÁ,SANTANA DO ARAGUAIA,,161-110_20050731,bho_massa_dagua,,,,,,,,,,,,,,,,
56023.0,21691.0,,,,,,,,Natural,Federal,Corpo Hídrico Federal,,,,,,,,4.08554314581024,0.527243944863959,52.7243944863959,1.58669374323157,,,,,,,,PARÁ,CHAVES,,163-100_20040126,bho_massa_dagua,,,,,,,,,,,,,,,,
242118.0,244330.0,6068.0,,,,,,,Artificial,Estadual,Corpo Hídrico Estadual,ESTADO,,,,,,,0.879626364759702,0.023760021808873,2.37600218088733,1.60925152257063,,,,,,,,PARÁ,SANTARÉM,,,bho_massa_dagua_2020,,,,,,,,,,,,,,,,
3857.0,15345.0,,,,,,,,Natural,Estadual,Corpo Hídrico Estadual,,,,,,,,1.85350384747013,0.212230675561547,21.2230675561547,1.13458887783118,,,,,,,,PARÁ,TERRA SANTA,,169-102_20050923,bho_massa_dagua,,,,,,,,,,,,,,,,
3936.0,15139.0,,,,,,,,Natural,Estadual,Corpo Hídrico Estadual,,,,,,,,5.56032955905063,0.52954957270568,52.954957270568,2.15474722559707,,,,,,,,PARÁ,CURUÁ,,168-102_20050805,bho_massa_dagua,,,,,,,,,,,,,,,,
17379.0,6059.0,,,,,,,,Natural,Estadual,Corpo Hídrico Estadual,,,,,,,,4.52488141619828,0.19097541383938,19.097541383938,2.91989732703303,,,,,,,,PARÁ,IPIXUNA DO PARÁ,,160-103_20050803,bho_massa_dagua,,,,,,,,,,,,,,,,
13269.0,6501.0,,,,,,,,Natural,Estadual,Corpo Hídrico Estadual,,,,,,,,4.1877719819022,0.501902231781768,50.1902231781768,1.66694999402365,,,,,,,,PARÁ,CACHOEIRA DO ARARI,,162-101_20060414,bho_massa_dagua,,,,,,,,,,,,,,,,
54501.0,15329.0,,,,,,,,Natural,Estadual,Corpo Hídrico Estadual,,,,,,,,2.90175150891989,0.355835739651478,35.5835739651478,1.37178024510372,,,,,,,,PARÁ,ÓBIDOS,,169-102_20050923,bho_massa_dagua,,,,,,,,,,,,,,,,
51199.0,5996.0,,,,,,,,Natural,Estadual,Corpo Hídrico Estadual,,,,,,,,2.12700707121613,0.230587746212146,23.0587746212146,1.24910782728287,,,,,,,,PARÁ,CAPANEMA,,160-101_20050803,bho_massa_dagua,,,,,,,,,,,,,,,,
30131.0,57220.0,,,,,,,,Artificial,Estadual,Corpo Hídrico Estadual,ESTADO,,,,,,,1.38676356722674,0.10084933207715,10.084933207715,1.23144499692292,,,,Represa/Açude,Doce,,,PARÁ,CUMARU DO NORTE,,,hid_trecho_massa_dagua_a_bc250k_2015,,,,,,,,,,,,,,,,
58009.0,15605.0,,,,,,,,Natural,Estadual,Corpo Hídrico Estadual,,,,,,,,7.6103127257971,1.04719026152362,104.719026152362,2.09719500303475,,,,,,,,PARÁ,SANTARÉM,,167-103_20041217,bho_massa_dagua,,,,,,,,,,,,,,,,
30210.0,15183.0,,,,,,,,Natural,Federal,Corpo Hídrico Federal,,,,,,,,10.1084119989228,1.29407443857809,129.407443857809,2.5058346687922,,,,,,,,PARÁ,SANTARÉM,,168-102_20050805,bho_massa_dagua,,,,,,,,,,,,,,,,
59837.0,9512.0,,,,,,,,Artificial,Estadual,Corpo Hídrico Estadual,ESTADO,,,,,,,2.2714845922094,0.200973013018708,20.0973013018708,1.42886116206795,,,,,,,,PARÁ,REDENÇÃO,,162-109_20040729,bho_massa_dagua,,,,,,,,,,,,,,,,
24379.0,6761.0,,,,,,,,Natural,Estadual,Corpo Hídrico Estadual,,,,,,,,5.60197126090617,0.54771898996741,54.771898996741,2.1345733623386,,,,,,,,PARÁ,ALMEIRIM,,166-102_20051028,bho_massa_dagua,,,,,,,,,,,,,,,,
33823.0,15156.0,,,,,,,,Natural,Federal,Corpo Hídrico Federal,,,,,,,,4.84408912611024,0.591878170893091,59.1878170893091,1.77559973654127,,,,,,,,PARÁ,ÓBIDOS,,168-102_20050805,bho_massa_dagua,,,,,,,,,,,,,,,,
29639.0,6694.0,,,,,,,,Natural,Estadual,Corpo Hídrico Estadual,,,,,,,,3.37279112003123,0.519183037971901,51.9183037971901,1.32001329813876,,,,,,,,PARÁ,PRAINHA,,166-102_20051028,bho_massa_dagua,,,,,,,,,,,,,,,,
19459.0,6724.0,,,,,,,,Natural,Estadual,Corpo Hídrico Estadual,,,,,,,,3.36225425712988,0.252509315744502,25.2509315744502,1.88686556151188,,,,,,,,PARÁ,PRAINHA,,166-102_20051028,bho_massa_dagua,,,,,,,,,,,,,,,,
46001.0,59148.0,,,,,,,,Natural,Federal,Terra da União (Unidade de Conservação),,,,,,,,6.47312917716909,0.891034227005627,89.1034227005627,1.93382062913361,,,,Rio,,,,PARÁ,TRACUATEUA,,,hid_trecho_massa_dagua_a_bc250k_2015,,,,,,,,,,,,,,,,711732
31024.0,22561.0,,,,,,,,Natural,Federal,Corpo Hídrico Federal,,,,,,,,2.11446549668851,0.216562554868607,21.6562554868607,1.28132124779219,,,,,,,,PARÁ,ALENQUER,,168-102_20050805,bho_massa_dagua,,,,,,,,,,,,,,,,
31892.0,6497.0,,,,,,,,Natural,Federal,Terra da União (Unidade de Conservação),,,,,,,,10.258794238349,0.655155786468978,65.5155786468978,3.57415297859128,,,,,,,,PARÁ,PORTO DE MOZ,,166-103_20050716,bho_massa_dagua,,,,,,,,,,,,,,,,
30152.0,15611.0,,,,,,,,Natural,Federal,Corpo Hídrico Federal,,,,,,,,10.2183899254782,4.42776926900933,442.776926900933,1.36942763746575,,,,,,,,PARÁ,SANTARÉM,,167-102_20050903,bho_massa_dagua,,,,,,,,,,,,,,,,
23490.0,15359.0,,,Lago Piraruacá,,Lago,,Piraruacá,Natural,Estadual,Corpo Hídrico Estadual,,,,,,,,6.27462139582195,0.704559597145264,70.4559597145264,2.10803475547451,,,,,,,,PARÁ,TERRA SANTA,Carta 1:100000,169-102_20050923,bho_massa_dagua,,,,,,,,,,,,,,,,
46806.0,15149.0,,,,,,,,Natural,Federal,Corpo Hídrico Federal,,,,,,,,4.8613607919025,0.31250233126498,31.250233126498,2.45233802126917,,,,,,,,PARÁ,ÓBIDOS,,168-102_20050805,bho_massa_dagua,,,,,,,,,,,,,,,,
8884.0,49368.0,,,,,,,,Natural,Estadual,Corpo Hídrico Estadual,,,,,,,,1.89141265042955,0.130455102618107,13.0455102618107,1.47674280093533,,,,Lago/Lagoa,,Permanente,,PARÁ,VISEU,,,hid_massa_dagua_a_bc250k_2015,,,,,,,,,,,,,,,,
28914.0,9465.0,,,,,,,,Natural,Federal,Terra da União (Terra Indígena),,,,,,,,3.17355310124972,0.200264546165188,20.0264546165188,1.99982891042166,,,,,,,,PARÁ,SÃO FÉLIX DO XINGU,,163-110_20060123,bho_massa_dagua,,,,,,,,,,,,,,,,
42079.0,6753.0,,,,,,,,Natural,Estadual,Corpo Hídrico Estadual,,,,,,,,4.62525122096028,0.548635770659535,54.8635770659535,1.76093114538504,,,,,,,,PARÁ,PRAINHA,,166-102_20051028,bho_massa_dagua,,,,,,,,,,,,,,,,
26653.0,6538.0,,,,,,,,Natural,Federal,Corpo Hídrico Federal,,,,,,,,3.66391455134802,0.232433164365483,23.2433164365483,2.14311461296255,,,,,,,,PARÁ,BAIÃO,,162-104_20040824,bho_massa_dagua,,,,,,,,,,,,,,,,
50808.0,35945.0,,,,,,,,Natural,Estadual,Corpo Hídrico Estadual,,,,,,,,2.01749108909283,0.129721791573665,12.9721791573665,1.57962596749333,,,,Lago/Lagoa,Doce,Permanente,,PARÁ,SANTA MARIA DAS BARREIRAS,,,hid_massa_dagua_a_bc250k_2015,,,,,,,,,,,,,,,,
242185.0,244296.0,6834.0,,,,,,,Artificial,Estadual,Corpo Hídrico Estadual,ESTADO,,,,,,,2.54809544181155,0.136023926819532,13.6023926819532,1.94830589779834,,,,,,,,PARÁ,CONCÓRDIA DO PARÁ,,,bho_massa_dagua_2020,,,,,,,,,,,,,,,,
53001.0,15564.0,,,,,,,,Natural,Estadual,Corpo Hídrico Estadual,,,,,,,,3.0374600015599,0.28840214524292,28.840214524292,1.59499906480937,,,,,,,,PARÁ,PRAINHA,,167-103_20041217,bho_massa_dagua,,,,,,,,,,,,,,,,
11668.0,22850.0,,,,,,,,Natural,Estadual,Corpo Hídrico Estadual,,,,,,,,2.46519032032878,0.290652495565711,29.0652495565711,1.28947383443806,,,,,,,,PARÁ,MUANÁ,,162-101_20060414,bho_massa_dagua,,,,,,,,,,,,,,,,
48879.0,6596.0,,,,,,,,Natural,Estadual,Corpo Hídrico Estadual,,,,,,,,3.85947434036081,0.281552410964472,28.1552410964472,2.05115103685764,,,,,,,,PARÁ,CACHOEIRA DO ARARI,,161-101_20040801,bho_massa_dagua,,,,,,,,,,,,,,,,
58875.0,6757.0,,,,,,,,Natural,Estadual,Corpo Hídrico Estadual,,,,,,,,5.15908458006137,0.716117921446476,71.6117921446477,1.71921220260208,,,,,,,,PARÁ,PRAINHA,,166-102_20051028,bho_massa_dagua,,,,,,,,,,,,,,,,
242066.0,243805.0,,,,,,,,Artificial,Federal,Corpo Hídrico Federal,ANA,,,,,,,1.15028840584785,0.04015235656337,4.01523565633698,1.61882659666275,,,,,,,,PARÁ,JACAREACANGA,,,bho_massa_dagua_2019,,,,,,,,,,,,,,,,
22427.0,37689.0,,,,,,,,Natural,Federal,Terra da União (Terra Indígena),,,,,,,,2.28767335824136,0.170500763312109,17.0500763312109,1.56235585403917,,,,Lago/Lagoa,,Permanente,,PARÁ,JACAREACANGA,,,hid_massa_dagua_a_bc250k_2015,,,,,,,,,,,,,,,,
54173.0,55391.0,,,,,,,,Natural,Estadual,Corpo Hídrico Estadual,,,,,,,,2.10577985551511,0.132896144366669,13.2896144366669,1.62894298787188,,,,,,,,PARÁ,VISEU,,,hid_trecho_massa_dagua_a_bc250k_2015,,,,,,,,,,,,,,,,
34988.0,22516.0,,,,,,,,Natural,Estadual,Corpo Hídrico Estadual,,,,,,,,2.30519738632084,0.211516993666863,21.1516993666863,1.41346348732663,,,,,,,,PARÁ,ÓBIDOS,,169-102_20050923,bho_massa_dagua,,,,,,,,,,,,,,,,
17018.0,14950.0,,,,,,,,Natural,Estadual,Corpo Hídrico Estadual,,,,,,,,10.5356605275503,0.757136004142614,75.7136004142614,3.41447492418869,,,,,,,,PARÁ,ORIXIMINÁ,,169-101_20050923,bho_massa_dagua,,,,,,,,,,,,,,,,
41184.0,43369.0,,,,,,,,Natural,Estadual,Corpo Hídrico Estadual,,,,,,,,3.65681324421991,0.251236813321427,25.1236813321427,2.05735980849817,,,,Lago/Lagoa,Doce,Permanente,,PARÁ,SANTA MARIA DAS BARREIRAS,,,hid_massa_dagua_a_bc250k_2015,,,,,,,,,,,,,,,,
53605.0,9373.0,,,,,,,,Natural,Federal,Corpo Hídrico Federal,,,,,,,,2.6451839755173,0.201059729592285,20.1059729592285,1.66357522648551,,,,,,,,PARÁ,PIÇARRA,,160-108_20050517,bho_massa_dagua,,,,,,,,,,,,,,,,
242488.0,244290.0,6801.0,,,,,,,Artificial,Estadual,Corpo Hídrico Estadual,ESTADO,,,,,,,0.394843194704039,0.005962349786256,0.596234978625612,1.44199926868508,,,,,,,,PARÁ,JACUNDÁ,,,bho_massa_dagua_2020,,,,,,,,,,,,,,,,
52429.0,37773.0,,,,,,,,Natural,Estadual,Corpo Hídrico Estadual,,,,,,,,1.21137068163049,0.072798485863742,7.27984858637422,1.2660912093894,,,,Lago/Lagoa,,Permanente,,PARÁ,ALTAMIRA,,,hid_massa_dagua_a_bc250k_2015,,,,,,,,,,,,,,,,
52643.0,38006.0,,,,,,,,Natural,Estadual,Corpo Hídrico Estadual,,,,,,,,2.2594141350212,0.226146070416415,22.6146070416415,1.33983224918304,,,,Lago/Lagoa,,Permanente,,PARÁ,PRAINHA,,,hid_massa_dagua_a_bc250k_2015,,,,,,,,,,,,,,,,
37161.0,57665.0,,,,,,,,Artificial,Estadual,Corpo Hídrico Estadual,ESTADO,,,,,,,4.20958566850693,0.149305009105964,14.9305009105964,3.07221263794417,,,,Represa/Açude,Doce,,,PARÁ,SÃO FÉLIX DO XINGU,,,hid_trecho_massa_dagua_a_bc250k_2015,,,,,,,,,,,,,,,,
48184.0,39476.0,,,,,,,,Natural,Federal,Corpo Hídrico Federal,,,,,,,,5.40348463383852,0.575663227417477,57.5663227417477,2.00834715314607,,,,Lago/Lagoa,,Permanente,,PARÁ,PRAINHA,,,hid_massa_dagua_a_bc250k_2015,,,,,,,,,,,,,,,,
45704.0,39215.0,,,,,,,,Natural,Estadual,Corpo Hídrico Estadual,,,,,,,,1.06694112423795,0.072544368004936,7.25443680049361,1.11708883831003,,,,Lago/Lagoa,,Permanente,,PARÁ,ORIXIMINÁ,,,hid_massa_dagua_a_bc250k_2015,,,,,,,,,,,,,,,,
40072.0,9501.0,,,,,,,,Artificial,Estadual,Corpo Hídrico Estadual,ESTADO,,,,,,,11.0661320788724,1.60018089814054,160.018089814054,2.46695039473871,,,,,,,,PARÁ,SANTA MARIA DAS BARREIRAS,,161-110_20050731,bho_massa_dagua,,,,,,,,,,,,,,,,
49520.0,47381.0,,,,,,,,Natural,Estadual,Corpo Hídrico Estadual,,,,,,,,1.82150886224083,0.075585407058389,7.55854070583892,1.86836369079504,,,,Meandro abandonado,Doce,Permanente,,PARÁ,SANTA MARIA DAS BARREIRAS,,,hid_massa_dagua_a_bc250k_2015,,,,,,,,,,,,,,,,
53379.0,38325.0,,,,,,,,Natural,Federal,Terra da União (Terra Indígena),,,,,,,,1.94800475242401,0.135029221997178,13.5029221997178,1.49494507820423,,,,Lago/Lagoa,,Permanente,,PARÁ,JACAREACANGA,,,hid_massa_dagua_a_bc250k_2015,,,,,,,,,,,,,,,,
53111.0,6692.0,,,,,,,,Natural,Estadual,Corpo Hídrico Estadual,,,,,,,,2.92233787682774,0.415188298129298,41.5188298129298,1.27896006213114,,,,,,,,PARÁ,PRAINHA,,166-102_20051028,bho_massa_dagua,,,,,,,,,,,,,,,,
28656.0,15127.0,,,,,,,,Natural,Federal,Corpo Hídrico Federal,,,,,,,,3.75865253246883,0.355911391389149,35.5911391389149,1.77668462254313,,,,,,,,PARÁ,ALENQUER,,168-102_20050805,bho_massa_dagua,,,,,,,,,,,,,,,,
50585.0,39109.0,,,,,,,,Natural,Estadual,Corpo Hídrico Estadual,,,,,,,,2.23834906548743,0.154536576669728,15.4536576669728,1.60568843484244,,,,Lago/Lagoa,,Permanente,,PARÁ,MONTE ALEGRE,,,hid_massa_dagua_a_bc250k_2015,,,,,,,,,,,,,,,,
43329.0,36660.0,,,,,,,,Natural,Estadual,Corpo Hídrico Estadual,,,,,,,,1.09833010924422,0.072657406496416,7.26574064964164,1.1490582674882,,,,Lago/Lagoa,,Permanente,,PARÁ,ACARÁ,,,hid_massa_dagua_a_bc250k_2015,,,,,,,,,,,,,,,,
38839.0,15186.0,,,,,,,,Natural,Federal,Corpo Hídrico Federal,,,,,,,,2.19801926023447,0.258736993894822,25.8736993894822,1.21857240156714,,,,,,,,PARÁ,SANTARÉM,,168-102_20050805,bho_massa_dagua,,,,,,,,,,,,,,,,
32564.0,21758.0,,,,,,,,Natural,Federal,Corpo Hídrico Federal,,,,,,,,2.59312030093831,0.392197661276203,39.2197661276203,1.16766771821252,,,,,,,,PARÁ,CHAVES,,163-100_20040126,bho_massa_dagua,,,,,,,,,,,,,,,,
56322.0,15581.0,,,,,,,,Natural,Estadual,Corpo Hídrico Estadual,,,,,,,,5.97722040038592,0.331529899847356,33.1529899847356,2.92743342437811,,,,,,,,PARÁ,SANTARÉM,,167-103_20041217,bho_massa_dagua,,,,,,,,,,,,,,,,
5402.0,6678.0,,,,,,,,Natural,Federal,Terra da União (Unidade de Conservação),,,,,,,,2.84947484114959,0.299105252853746,29.9105252853746,1.46927102825362,,,,,,,,PARÁ,PORTO DE MOZ,,166-102_20051028,bho_massa_dagua,,,,,,,,,,,,,,,,
31354.0,39322.0,,,,,,,,Natural,Estadual,Corpo Hídrico Estadual,,,,,,,,2.98617158100133,0.155365937656594,15.5365937656594,2.1364166853442,,,,Lago/Lagoa,,Permanente,,PARÁ,ALMEIRIM,,,hid_massa_dagua_a_bc250k_2015,,,,,,,,,,,,,,,,
26598.0,15165.0,,,,,,,,Natural,Estadual,Corpo Hídrico Estadual,,,,,,,,3.08864191837379,0.642905398070924,64.2905398070924,1.08628337636325,,,,,,,,PARÁ,ÓBIDOS,,168-102_20050805,bho_massa_dagua,,,,,,,,,,,,,,,,
22578.0,6073.0,,,,,,,,Natural,Estadual,Corpo Hídrico Estadual,,,,,,,,5.15347235325362,0.392899645600318,39.2899645600318,2.31850608641024,,,,,,,,PARÁ,PARAGOMINAS,,160-103_20050803,bho_massa_dagua,,,,,,,,,,,,,,,,
48682.0,44972.0,,,,,,,,Natural,Estadual,Corpo Hídrico Estadual,,,,,,,,3.59975044171432,0.200979128008095,20.0979128008095,2.26436286102899,,,,Meandro abandonado,Doce,Permanente,,PARÁ,NOVA IPIXUNA,,,hid_massa_dagua_a_bc250k_2015,,,,,,,,,,,,,,,,
43361.0,14883.0,,,,,,,,Natural,Federal,Terra da União (Unidade de Conservação),,,,,,,,3.53776801828438,0.264914864111215,26.4914864111215,1.9383191945961,,,,,,,,PARÁ,ALTAMIRA,,166-106_20050716,bho_massa_dagua,,,,,,,,,,,,,,,,
7134.0,9547.0,6766.0,,,,,,,Artificial,Estadual,Corpo Hídrico Estadual,ESTADO,,,,,,,3.55614242564421,0.269244311911537,26.9244311911537,1.93265789934307,,,,,,,,PARÁ,"CURIONÓPOLIS, MARABÁ",,162-106_20040729,bho_massa_dagua,,,,,,,,,,,,,,,,
15634.0,6711.0,,,,,,,,Natural,Estadual,Corpo Hídrico Estadual,,,,,,,,2.9794338030137,0.423135997167628,42.3135997167628,1.29164409362755,,,,,,,,PARÁ,PRAINHA,,166-102_20051028,bho_massa_dagua,,,,,,,,,,,,,,,,
29808.0,6697.0,,,,,,,,Natural,Estadual,Corpo Hídrico Estadual,,,,,,,,3.66778396710662,0.300497327127358,30.0497327127358,1.88682902947441,,,,,,,,PARÁ,PRAINHA,,166-102_20051028,bho_massa_dagua,,,,,,,,,,,,,,,,
47525.0,15291.0,,,,,,,,Natural,Estadual,Corpo Hídrico Estadual,,,,,,,,2.4175209992995,0.319375705966337,31.9375705966337,1.20633637872848,,,,,,,,PARÁ,TERRA SANTA,,169-102_20050923,bho_massa_dagua,,,,,,,,,,,,,,,,
56456.0,39750.0,,,,,,,,Natural,Estadual,Corpo Hídrico Estadual,,,,,,,,2.94261816478058,0.349141306312036,34.9141306312036,1.40437278121327,,,,Lago/Lagoa,,Permanente,,PARÁ,MOCAJUBA,,,hid_massa_dagua_a_bc250k_2015,,,,,,,,,,,,,,,,
34560.0,22853.0,,,,,,,,Natural,Estadual,Corpo Hídrico Estadual,,,,,,,,5.42447814596573,1.14282493132017,114.282493132017,1.43092614559604,,,,,,,,PARÁ,PONTA DE PEDRAS,,162-101_20060414,bho_massa_dagua,,,,,,,,,,,,,,,,
46525.0,14847.0,,,,,,,,Artificial,Estadual,Corpo Hídrico Estadual,ESTADO,,,,,,,3.87222481100204,0.339788092857999,33.9788092857999,1.87329249722577,,,,,,,,PARÁ,ALTAMIRA,,166-109_20050716,bho_massa_dagua,,,,,,,,,,,,,,,,
27287.0,21007.0,,,,,,,,Natural,Estadual,Corpo Hídrico Estadual,,,,,,,,3.14596542987597,0.27710996414431,27.710996414431,1.68529907811766,,,,,,,,PARÁ,MONTE ALEGRE,,168-100_20041118,bho_massa_dagua,,,,,,,,,,,,,,,,
40733.0,35928.0,,,,,,,,Natural,Federal,Terra da União (Terra Indígena),,,,,,,,1.82093577728537,0.097261523891637,9.7261523891637,1.64654347536765,,,,Lago/Lagoa,,Permanente,,"AMAZONAS, PARÁ","FARO, NHAMUNDÁ",,,hid_massa_dagua_a_bc250k_2015,,,,,,,,,,,,,,,,
45134.0,6644.0,,,,,,,,Natural,Estadual,Corpo Hídrico Estadual,,,,,,,,5.29966298730107,0.428923856555077,42.8923856555077,2.28195596907104,,,,,,,,PARÁ,PRAINHA,,166-102_20051028,bho_massa_dagua,,,,,,,,,,,,,,,,
31747.0,15416.0,,,,,,,,Natural,Estadual,Corpo Hídrico Estadual,,,,,,,,12.4815386148272,2.3865293192226,238.65293192226,2.27842032362074,,,,,,,,PARÁ,JURUTI,,169-102_20050923,bho_massa_dagua,,,,,,,,,,,,,,,,
44844.0,6082.0,,,,,,,,Natural,Estadual,Corpo Hídrico Estadual,,,,,,,,4.71468953823723,0.229386647110743,22.9386647110743,2.77599155990143,,,,,,,,PARÁ,ULIANÓPOLIS,,160-104_20050803,bho_massa_dagua,,,,,,,,,,,,,,,,
14831.0,6581.0,,,,,,,,Natural,Federal,Terra da União (Unidade de Conservação),,,,,,,,3.95711670193178,0.487036996520766,48.7036996520766,1.59899457601747,,,,,,,,PARÁ,SÃO CAETANO DE ODIVELAS,,161-101_20040801,bho_massa_dagua,,,,,,,,,,,,,,,,
42221.0,54164.0,,,,,,,,Natural,Estadual,Corpo Hídrico Estadual,,,,,,,,2.17139756625211,0.178886161457462,17.8886161457462,1.44777169804222,,,,,,,,PARÁ,QUATIPURU,,,hid_trecho_massa_dagua_a_bc250k_2015,,,,,,,,,,,,,,,,
54773.0,15411.0,,,,,,,,Natural,Estadual,Corpo Hídrico Estadual,,,,,,,,4.206900607851,0.41596802857223,41.596802857223,1.83942203138199,,,,,,,,PARÁ,JURUTI,,169-102_20050923,bho_massa_dagua,,,,,,,,,,,,,,,,
20241.0,6549.0,,,,,,,,Natural,Federal,Corpo Hídrico Federal,,,,,,,,4.16675617099701,0.256323468872698,25.6323468872698,2.32088172955489,,,,,,,,PARÁ,BAIÃO,,162-104_20040824,bho_massa_dagua,,,,,,,,,,,,,,,,
29063.0,22863.0,,,,,,,,Natural,Estadual,Corpo Hídrico Estadual,,,,,,,,3.64219987188124,0.494141483133778,49.4141483133778,1.46112450958959,,,,,,,,PARÁ,MUANÁ,,162-101_20060414,bho_massa_dagua,,,,,,,,,,,,,,,,
20166.0,6503.0,,,,,,,,Natural,Estadual,Corpo Hídrico Estadual,,,,,,,,12.2117911003512,2.64812594279943,264.812594279943,2.11621192246327,,,,,,,,PARÁ,CACHOEIRA DO ARARI,,162-101_20060414,bho_massa_dagua,,,,,,,,,,,,,,,,
42731.0,49404.0,,,,,,,,Natural,Estadual,Corpo Hídrico Estadual,,,,,,,,1.30996758622974,0.0812553804055,8.12553804054997,1.29593611835378,,,,Lago/Lagoa,,Permanente,,PARÁ,PARAGOMINAS,,,hid_massa_dagua_a_bc250k_2015,,,,,,,,,,,,,,,,
20389.0,37419.0,,,,,,,,Natural,Estadual,Corpo Hídrico Estadual,,,,,,,,2.38152012959036,0.240693897555497,24.0693897555497,1.36889716878083,,,,Lago/Lagoa,,Permanente,,PARÁ,MOJU,,,hid_massa_dagua_a_bc250k_2015,,,,,,,,,,,,,,,,
2580.0,46803.0,,,,,,,,Natural,Estadual,Corpo Hídrico Estadual,,,,,,,,3.36573648680256,0.196133205130209,19.6133205130209,2.1431553682191,,,,Lago/Lagoa,Doce,Permanente,,PARÁ,CONCEIÇÃO DO ARAGUAIA,,,hid_massa_dagua_a_bc250k_2015,,,,,,,,,,,,,,,,
45469.0,37339.0,,,,,,,,Natural,Federal,Corpo Hídrico Federal,,,,,,,,2.78378873788628,0.216445891046461,21.6445891046461,1.68737149794345,,,,Lago/Lagoa,,Permanente,,PARÁ,ALMEIRIM,,,hid_massa_dagua_a_bc250k_2015,,,,,,,,,,,,,,,,
1176.0,6537.0,,,,,,,,Natural,Federal,Corpo Hídrico Federal,,,,,,,,4.11195478589425,0.310397930869366,31.0397930869366,2.08131603496412,,,,,,,,PARÁ,BAIÃO,,162-104_20040824,bho_massa_dagua,,,,,,,,,,,,,,,,
37061.0,15095.0,,,,,,,,Natural,Estadual,Corpo Hídrico Estadual,,,,,,,,2.27128221933143,0.21584322680205,21.584322680205,1.37864038691534,,,,,,,,PARÁ,ALENQUER,,168-102_20050805,bho_massa_dagua,,,,,,,,,,,,,,,,
31221.0,22861.0,,,,,,,,Natural,Estadual,Corpo Hídrico Estadual,,,,,,,,18.242617855807,6.36897437006446,636.897437006446,2.03845682954689,,,,,,,,PARÁ,CACHOEIRA DO ARARI,,162-101_20060414,bho_massa_dagua,,,,,,,,,,,,,,,,
34753.0,15597.0,,,,,,,,Natural,Federal,Corpo Hídrico Federal,,,,,,,,4.43491004631051,0.868071151320833,86.8071151320833,1.34232062107608,,,,,,,,PARÁ,SANTARÉM,,167-103_20041217,bho_massa_dagua,,,,,,,,,,,,,,,,
11215.0,15148.0,,,,,,,,Natural,Estadual,Corpo Hídrico Estadual,,,,,,,,11.1903617662001,4.05305485361177,405.305485361177,1.56747994997852,,,,,,,,PARÁ,ÓBIDOS,,168-102_20050805,bho_massa_dagua,,,,,,,,,,,,,,,,
13323.0,9397.0,,,,,,,,Natural,Federal,Terra da União (Terra Indígena),,,,,,,,3.04499642440978,0.326511365400011,32.6511365400011,1.50275002474372,,,,,,,,PARÁ,SÃO FÉLIX DO XINGU,,163-111_20050603,bho_massa_dagua,,,,,,,,,,,,,,,,
23536.0,35890.0,,,,,,,,Natural,Estadual,Corpo Hídrico Estadual,,,,,,,,1.8401991086085,0.10014751555487,10.014751555487,1.63981114731961,,,,Meandro abandonado,Doce,Permanente,,PARÁ,NOVA IPIXUNA,,,hid_massa_dagua_a_bc250k_2015,,,,,,,,,,,,,,,,
8099.0,15189.0,,,,,,,,Natural,Federal,Corpo Hídrico Federal,,,,,,,,4.41634224984865,0.274924392784618,27.4924392784618,2.3752273931338,,,,,,,,PARÁ,SANTARÉM,,168-102_20050805,bho_massa_dagua,,,,,,,,,,,,,,,,
6119.0,15026.0,,,,,,,,Natural,Estadual,Corpo Hídrico Estadual,,,,,,,,4.02920807753167,0.385016249465348,38.5016249465347,1.83117257198485,,,,,,,,PARÁ,ALENQUER,,167-102_20050903,bho_massa_dagua,,,,,,,,,,,,,,,,
33259.0,39715.0,,,,,,,,Natural,Federal,Corpo Hídrico Federal,,,,,,,,1.93313358908878,0.108254484190128,10.8254484190128,1.65686844829382,,,,Lago/Lagoa,,Permanente,,PARÁ,JACAREACANGA,,,hid_massa_dagua_a_bc250k_2015,,,,,,,,,,,,,,,,
242535.0,244289.0,6785.0,,,,,,,Artificial,Estadual,Corpo Hídrico Estadual,ESTADO,,,,,,,0.988929840230819,0.042671849630032,4.26718496300318,1.35003135711335,,,,,,,,PARÁ,MARABÁ,,,bho_massa_dagua_2020,,,,,,,,,,,,,,,,
13511.0,22862.0,,,,,,,,Natural,Estadual,Corpo Hídrico Estadual,,,,,,,,18.2690477419134,4.17489603644743,417.489603644743,2.52140254282063,,,,,,,,PARÁ,CACHOEIRA DO ARARI,,162-101_20060414,bho_massa_dagua,,,,,,,,,,,,,,,,
62184.0,23110.0,,,PCH Salto Curuá,,PCH,,Salto Curuá,Artificial,Federal,Terra da União (Unidade de Conservação),ANEEL,Curuá Energia S.A.,ANEEL,31/10/2008,ANEEL,,,2.73056004865461,0.154986114487151,15.4986114487151,1.95593511966178,Hidrelétrica,ANEEL,PCH,,,,,PARÁ,ALTAMIRA,ANEEL,Spot5_20090115,bho_massa_dagua,Reservatório incluído na atualização de 01/2015,,,,,,,,,,,,,,,
22669.0,15583.0,,,,,,,,Natural,Federal,Corpo Hídrico Federal,,,,,,,,7.19823573260579,0.813220961250246,81.3220961250246,2.25097613849455,,,,,,,,PARÁ,SANTARÉM,,167-103_20041217,bho_massa_dagua,,,,,,,,,,,,,,,,
37395.0,15205.0,,,,,,,,Natural,Estadual,Corpo Hídrico Estadual,,,,,,,,2.10050402877041,0.218869155368215,21.8869155368215,1.26613596780124,,,,,,,,PARÁ,ÓBIDOS,,168-102_20050805,bho_massa_dagua,,,,,,,,,,,,,,,,
242304.0,244458.0,6876.0,,,,,,,Artificial,Estadual,Corpo Hídrico Estadual,ESTADO,,,,,,,0.389249431612241,0.005948369454668,0.594836945466768,1.42323995720165,,,,,,,,PARÁ,BONITO,,,bho_massa_dagua_2020,,,,,,,,,,,,,,,,
37551.0,47043.0,,,,,,,,Natural,Estadual,Corpo Hídrico Estadual,,,,,,,,3.56075887651779,0.196094243222776,19.6094243222776,2.26756242497477,,,,Meandro abandonado,Doce,Permanente,,PARÁ,SÃO FÉLIX DO XINGU,,,hid_massa_dagua_a_bc250k_2015,,,,,,,,,,,,,,,,
11595.0,35903.0,,,,,,,,Natural,Estadual,Corpo Hídrico Estadual,,,,,,,,2.55108635808852,0.269836223413147,26.9836223413147,1.38491826737693,,,,Lago/Lagoa,,Permanente,,PARÁ,SÃO FÉLIX DO XINGU,,,hid_massa_dagua_a_bc250k_2015,,,,,,,,,,,,,,,,
20768.0,6514.0,,,,,,,,Natural,Estadual,Corpo Hídrico Estadual,,,,,,,,5.17729743539503,0.470365550037297,47.0365550037297,2.12879808631775,,,,,,,,PARÁ,"CACHOEIRA DO ARARI, CHAVES",,Geocover S-22-00_2000,bho_massa_dagua,,,,,,,,,,,,,,,,
40169.0,43163.0,,,,,,,,Natural,Estadual,Corpo Hídrico Estadual,,,,,,,,2.69037179240724,0.102939215457873,10.2939215457873,2.36467239909078,,,,Lago/Lagoa,Doce,Permanente,,PARÁ,NOVA IPIXUNA,,,hid_massa_dagua_a_bc250k_2015,,,,,,,,,,,,,,,,
48128.0,23135.0,,,,,,,,Natural,Estadual,Corpo Hídrico Estadual,,,,,,,,6.6746960272999,0.800403943358097,80.0403943358097,2.10390434617895,,,,,,,,PARÁ,PRAINHA,,166-102_20051028,bho_massa_dagua,,,,,,,,,,,,,,,,
18715.0,15299.0,,,,,,,,Natural,Estadual,Corpo Hídrico Estadual,,,,,,,,7.47174421785725,0.750520511280687,75.0520511280687,2.43214700709912,,,,,,,,PARÁ,TERRA SANTA,,169-102_20050923,bho_massa_dagua,,,,,,,,,,,,,,,,
48307.0,15400.0,,,,,,,,Natural,Estadual,Corpo Hídrico Estadual,,,,,,,,2.48809315251673,0.289949585048337,28.9949585048337,1.3030302515798,,,,,,,,PARÁ,JURUTI,,169-102_20050923,bho_massa_dagua,,,,,,,,,,,,,,,,
31076.0,9399.0,,,Lagoa do Luís Rogério,,Lagoa,do,Luís Rogério,Natural,Federal,Terra da União (Terra Indígena),,,,,,,,5.00948115129371,0.450730141382491,45.0730141382491,2.10418322755778,,,,,,,,PARÁ,SÃO FÉLIX DO XINGU,Carta 1:250000,163-111_20050603,bho_massa_dagua,,,,,,,,,,,,,,,,
2655.0,15401.0,,,Lago do Salé,,Lago,do,Salé,Natural,Estadual,Corpo Hídrico Estadual,,,,,,,,8.22349385337675,0.649548871590881,64.9548871590881,2.877395526991,,,,,,,,PARÁ,JURUTI,Carta 1:100000,169-102_20050923,bho_massa_dagua,,,,,,,,,,,,,,,,
9598.0,15452.0,,,Lagoa do Cabeçudo,,Lagoa,do,Cabeçudo,Natural,Federal,Terra da União (Unidade de Conservação),,,,,,,,14.1631694965735,1.06996368293709,106.996368293709,3.8612244041239,,,,,,,,PARÁ,ORIXIMINÁ,Carta 1:100000,170-101_20050825,bho_massa_dagua,,,,,,,,,,,,,,,,
22345.0,9554.0,,,Lago do Deserto,,Lago,do,Deserto,Natural,Estadual,Corpo Hídrico Estadual,,,,,,,,4.95782476556755,0.808950144905828,80.8950144905828,1.55445946749242,,,,,,,,PARÁ,NOVA IPIXUNA,Carta 1:100000,161-106_20040801,bho_massa_dagua,,,,,,,,,,,,,,,,
9495.0,6624.0,,,Açude do Vinte e Três,,Açude,do,Vinte e Três,Artificial,Estadual,Corpo Hídrico Estadual,ESTADO,,,,,,,13.2094003166509,1.26123177567336,126.123177567336,3.31691817641329,,,,,,,,PARÁ,ALTAMIRA,WIKIMAPIA,165-104_20050719,bho_massa_dagua,Tipo de Reservatório alterado para Artificial por constituir açude,,,,,,,,,,,,,,,
45019.0,9553.0,,,Lago do Carrapato,,Lago,do,Carrapato,Natural,Estadual,Corpo Hídrico Estadual,,,,,,,,2.51813578768551,0.203196616404132,20.3196616404132,1.57532446472664,,,,,,,,PARÁ,MARABÁ,Carta 1:100000,161-106_20040801,bho_massa_dagua,,,,,,,,,,,,,,,,
48341.0,63840.0,,,Lago da Eclusa de Tucuruí,,Lago,da,Eclusa de Tucuruí,Artificial,Federal,Corpo Hídrico Federal,ANA,,,,,,,18.2323619115344,2.67166712484372,267.166712484373,3.14558096488369,,,,,,,,PARÁ,TUCURUÍ,,Google Satellite,bho_massa_dagua_2019,Revisado. Reservatório incluído na atualização de 09/2016,,,,,,,,,,,,,,,
8574.0,15210.0,,,Lagoa do Mateus,,Lagoa,do,Mateus,Natural,Federal,Terra da União (Unidade de Conservação),,,,,,,,6.55632779103068,0.490340827611003,49.0340827611003,2.64034537318804,,,,,,,,PARÁ,ORIXIMINÁ,Carta 1:100000,169-102_20050923,bho_massa_dagua,,,,,,,,,,,,,,,,
24883.0,15294.0,,,Lagoa da Josefa,,Lagoa,da,Josefa,Natural,Estadual,Corpo Hídrico Estadual,,,,,,,,9.16672725872157,0.662872124942717,66.2872124942717,3.17503516659126,,,,,,,,PARÁ,ORIXIMINÁ,Carta 1:100000,169-102_20050923,bho_massa_dagua,,,,,,,,,,,,,,,,
52819.0,15217.0,,,Igarapé do Mato,,Igarapé,do,Mato,Natural,Estadual,Corpo Hídrico Estadual,,,,,,,,11.7030370658135,0.616988662675533,61.6988662675533,4.20154575057348,,,,,,,,PARÁ,ORIXIMINÁ,Carta 1:100000,169-102_20050923,bho_massa_dagua,,,,,,,,,,,,,,,,
43641.0,9380.0,,,Lagoa das Pedras,,Lagoa,das,Pedras,Natural,Federal,Corpo Hídrico Federal,,,,,,,,10.6451663006244,0.77888824816202,77.888824816202,3.40144915219425,,,,,,,,PARÁ,BOM JESUS DO TOCANTINS,Carta 1:50000,161-106_20040801,bho_massa_dagua,,,,,,,,,,,,,,,,
22923.0,22499.0,,,Lagoa do Clarindo,,Lagoa,do,Clarindo,Natural,Federal,Corpo Hídrico Federal,,,,,,,,3.43011133430602,0.241556970269054,24.1556970269054,1.96810170679316,,,,,,,,PARÁ,FARO,Carta 1:250000,170-102_20050825,bho_massa_dagua,alterado para Federal,,,,,,,,,,,,,,,
62502.0,64279.0,659.0,,Barragem Água Fria,,Barragem,,Água Fria,Artificial,Estadual,Corpo Hídrico Estadual,ANM,Mineração Rio do Norte S.A.,ANM,,,,,2.51226657378975,0.093362204677749,9.33622046777487,2.31861840525404,Contenção de rejeitos de mineração,ANM,,,,,,PARÁ,ORIXIMINÁ,,Google Satellite,bho_massa_dagua_2019,Reservatório incluído na atualização de 01/2017.,,,,,,,,,,,,,,,
40923.0,15486.0,,,Lagoa da Esperança,,Lagoa,da,Esperança,Natural,Federal,Corpo Hídrico Federal,,,,,,,,3.19858208440085,0.371925200885891,37.1925200885891,1.47903620653795,,,,,,,,"AMAZONAS, PARÁ","FARO, NHAMUNDÁ",Carta 1:250000,170-102_20050825,bho_massa_dagua,,,,,,,,,,,,,,,,
24834.0,15475.0,,,Lagoa da Avó,,Lagoa,da,Avó,Natural,Federal,Terra da União (Unidade de Conservação),,,,,,,,5.85423229913533,0.419683799657761,41.9683799657761,2.54834343863522,,,,,,,,PARÁ,ORIXIMINÁ,Carta 1:100000,170-102_20050825,bho_massa_dagua,,,,,,,,,,,,,,,,
12440.0,15221.0,,,Lagoa do Campo Alegre,,Lagoa,do,Campo Alegre,Natural,Estadual,Corpo Hídrico Estadual,,,,,,,,22.1531543108397,1.61251924714835,161.251924714835,4.91962757844843,,,,,,,,PARÁ,ORIXIMINÁ,Carta 1:100000,169-102_20050923,bho_massa_dagua,,,,,,,,,,,,,,,,
9607.0,15455.0,,,Lagoa do Juquiri-Mirim,,Lagoa,do,Juquiri-Mirim,Natural,Federal,Terra da União (Unidade de Conservação),,,,,,,,19.4636679162431,2.75221529449299,275.221529449299,3.30851107315961,,,,,,,,PARÁ,ORIXIMINÁ,Carta 1:100000,170-102_20050825,bho_massa_dagua,,,,,,,,,,,,,,,,
12835.0,14967.0,,,Lagoa do Jacaré,,Lagoa,do,Jacaré,Natural,Federal,Terra da União (Unidade de Conservação),,,,,,,,38.2975696572673,3.38843179585262,338.843179585262,5.86706566458126,,,,,,,,PARÁ,ORIXIMINÁ,Carta 1:100000,170-101_20050825,bho_massa_dagua,,,,,,,,,,,,,,,,
12882.0,15468.0,,,Lagoa do Caruara/Lagoa Coecer,,Lagoa,do,Caruara/Lagoa Coecer,Natural,Federal,Terra da União (Unidade de Conservação),,,,,,,,17.8203575535299,1.78116770913601,178.116770913601,3.76541731495782,,,,,,,,PARÁ,ORIXIMINÁ,Carta 1:100000,170-102_20050825,bho_massa_dagua,,,,,,,,,,,,,,,,
12908.0,15453.0,,,Lagoa de Curucá-Grande,,Lagoa,de,Curucá-Grande,Natural,Federal,Terra da União (Unidade de Conservação),,,,,,,,17.8898151252077,2.24529819412695,224.529819412695,3.3668048749999,,,,,,,,PARÁ,ORIXIMINÁ,Carta 1:100000,170-102_20050825,bho_massa_dagua,,,,,,,,,,,,,,,,
35453.0,15120.0,,,Lago da Helena,,Lago,da,Helena,Natural,Estadual,Corpo Hídrico Estadual,,,,,,,,3.55800487951397,0.588215365249098,58.8215365249098,1.30824012498067,,,,,,,,PARÁ,ALENQUER,Carta 1:100000,168-102_20050805,bho_massa_dagua,,,,,,,,,,,,,,,,
12859.0,15454.0,,,Lagoa do Curucá-Mirim,,Lagoa,do,Curucá-Mirim,Natural,Federal,Terra da União (Unidade de Conservação),,,,,,,,18.1244495251131,2.82746010663687,282.746010663687,3.03959478243612,,,,,,,,PARÁ,ORIXIMINÁ,Carta 1:100000,170-102_20050825,bho_massa_dagua,,,,,,,,,,,,,,,,
19789.0,15424.0,,,Lago da Porta,,Lago,da,Porta,Natural,Estadual,Corpo Hídrico Estadual,,,,,,,,23.6405320688661,10.2411307082204,1024.11307082204,2.08320687713717,,,,,,,,PARÁ,JURUTI,Carta 1:100000,169-102_20050923,bho_massa_dagua,,,,,,,,,,,,,,,,
15728.0,6613.0,,,Lagoa do Biriba,,Lagoa,do,Biriba,Natural,Estadual,Corpo Hídrico Estadual,,,,,,,,28.0646979993759,4.55109445823404,455.109445823404,3.70980905404172,,,,,,,,PARÁ,MELGAÇO,Carta 1:250000,164-102_20040627,bho_massa_dagua,Tipo de Reservatório alterado para Natural,,,,,,,,,,,,,,,
15422.0,15216.0,,,Lagoa do Maruim,,Lagoa,do,Maruim,Natural,Estadual,Corpo Hídrico Estadual,,,,,,,,10.4520636643862,1.50286205746794,150.286205746794,2.40431626659142,,,,,,,,PARÁ,ORIXIMINÁ,Carta 1:100000,169-102_20050923,bho_massa_dagua,,,,,,,,,,,,,,,,
16660.0,14944.0,,,Lagoa do Apé,,Lagoa,do,Apé,Natural,Estadual,Corpo Hídrico Estadual,,,,,,,,6.94262336886523,0.560577396139657,56.0577396139657,2.61489902508994,,,,,,,,PARÁ,ORIXIMINÁ,Carta 1:100000,169-101_20050923,bho_massa_dagua,,,,,,,,,,,,,,,,
37261.0,22541.0,,,Lagoa do Aningal,,Lagoa,do,Aningal,Natural,Estadual,Corpo Hídrico Estadual,,,,,,,,2.53101469426125,0.201888196077675,20.1888196077675,1.5885039939315,,,,,,,,PARÁ,ORIXIMINÁ,Carta 1:100000,169-101_20050923,bho_massa_dagua,,,,,,,,,,,,,,,,
40211.0,9518.0,,,Lagoa do Manduca,,Lagoa,do,Manduca,Natural,Estadual,Corpo Hídrico Estadual,,,,,,,,2.71148488494257,0.200866094860776,20.0866094860776,1.70609408775978,,,,,,,,PARÁ,SÃO FÉLIX DO XINGU,Carta 1:250000,164-108_20050626,bho_massa_dagua,,,,,,,,,,,,,,,,
45005.0,14852.0,,,Lagoa do Bahia,,Lagoa,do,Bahia,Natural,Federal,Terra da União (Unidade de Conservação),,,,,,,,5.27365637760497,0.294483665786667,29.4483665786667,2.74050331339791,,,,,,,,PARÁ,ALTAMIRA,Carta 1:100000,166-107_20050716,bho_massa_dagua,,,,,,,,,,,,,,,,
25703.0,6502.0,,,Lagoa do Peruaçu,,Lagoa,do,Peruaçu,Natural,Estadual,Corpo Hídrico Estadual,,,,,,,,5.66375131887165,0.659986633929958,65.9986633929958,1.96600996368592,,,,,,,,PARÁ,CACHOEIRA DO ARARI,Carta 1:100000,162-101_20060414,bho_massa_dagua,,,,,,,,,,,,,,,,
11483.0,15322.0,,,Lagoa dos Currais,,Lagoa,dos,Currais,Natural,Estadual,Corpo Hídrico Estadual,,,,,,,,17.5321496931751,7.72148203294598,772.148203294598,1.77923759184885,,,,,,,,PARÁ,ÓBIDOS,Carta 1:250000,169-102_20050923,bho_massa_dagua,,,,,,,,,,,,,,,,
21042.0,9500.0,,,Lagoa do Araguaia,,Lagoa,do,Araguaia,Natural,Estadual,Corpo Hídrico Estadual,,,,,,,,2.81365669980405,0.398135223002014,39.8135223002014,1.25749108504208,,,,,,,,PARÁ,SANTA MARIA DAS BARREIRAS,Carta 1:100000,161-110_20050731,bho_massa_dagua,,,,,,,,,,,,,,,,
23100.0,9526.0,,,Lagoa do Cocal,,Lagoa,do,Cocal,Natural,Estadual,Corpo Hídrico Estadual,,,,,,,,5.25454216010273,0.436719024449848,43.6719024449848,2.24224432601823,,,,,,,,PARÁ,SÃO FÉLIX DO XINGU,Carta 1:250000,164-107_20050531,bho_massa_dagua,,,,,,,,,,,,,,,,
31635.0,37323.0,,,Lagoa do Paraná,,Lagoa,do,Paraná,Natural,Federal,Terra da União (Unidade de Conservação),,,,,,,,1.14553835452864,0.039591258913714,3.95912589137136,1.62352539875929,,,,Lago/Lagoa,,Permanente,,PARÁ,ALTAMIRA,,,hid_massa_dagua_a_bc250k_2015,,,,,,,,,,,,,,,,
31070.0,15421.0,,,Lago do Poção Grande,,Lago,do,Poção Grande,Natural,Estadual,Corpo Hídrico Estadual,,,,,,,,6.40124371288467,2.50346937054784,250.346937054784,1.14088620652213,,,,,,,,PARÁ,JURUTI,Carta 1:100000,169-102_20050923,bho_massa_dagua,,,,,,,,,,,,,,,,
14903.0,14840.0,,,Lagoa de São Benedito,,Lagoa,de,São Benedito,Natural,Federal,Terra da União (Terra Indígena),,,,,,,,6.23372854059128,0.482983682440619,48.2983682440619,2.5294771775783,,,,,,,,PARÁ,JACAREACANGA,Carta 1:250000,168-110_20050614,bho_massa_dagua,,,,,,,,,,,,,,,,
44668.0,63467.0,956.0,,Represa de Rejeito Igarapé Bandeira,Barragem do Bandeira,Represa,de,Rejeito Igarapé Bandeira,Artificial,Estadual,Corpo Hídrico Estadual,ANM,Mineração Buritirama S/A,ANM,,,,,4.40055102521322,0.192693357196379,19.2693357196379,2.8269804019935,Contenção de rejeitos de mineração,ANM,,,,,,PARÁ,MARABÁ,DNPM,Bing Aerial,bho_massa_dagua_2019,Reservatório incluído na atualização de 09/2016,,,,,,,,,,,,,,,
41980.0,15410.0,,,Lago do Salé,,Lago,do,Salé,Natural,Estadual,Corpo Hídrico Estadual,,,,,,,,3.03669474991992,0.305245255663019,30.5245255663019,1.54997889832937,,,,,,,,PARÁ,JURUTI,Carta 1:100000,169-102_20050923,bho_massa_dagua,,,,,,,,,,,,,,,,
7574.0,15405.0,,,Lago do Salé,,Lago,do,Salé,Natural,Estadual,Corpo Hídrico Estadual,,,,,,,,1.99323461426325,0.257573366052345,25.7573366052345,1.10753396072947,,,,,,,,PARÁ,JURUTI,Carta 1:100000,169-102_20050923,bho_massa_dagua,,,,,,,,,,,,,,,,
27580.0,6593.0,,,Banhado de Araruna-Barra Velha,,Banhado,de,Araruna-Barra Velha,Natural,Federal,Terra da União (Unidade de Conservação),,,,,,,,6.3006907041748,0.576732287596631,57.6732287596631,2.33964591953794,,,,,,,,PARÁ,SOURE,Internet,161-101_20040801,bho_massa_dagua,,,,,,,,,,,,,,,,
11460.0,15310.0,,,Lagoa do Ferreira,,Lagoa,do,Ferreira,Natural,Estadual,Corpo Hídrico Estadual,,,,,,,,6.30652425082112,0.674430911762591,67.4430911762591,2.16556111536389,,,,,,,,PARÁ,"ORIXIMINÁ, TERRA SANTA",Carta 1:100000,169-102_20050923,bho_massa_dagua,,,,,,,,,,,,,,,,
8225.0,15209.0,,,Lagoa do Pedro,,Lagoa,do,Pedro,Natural,Estadual,Corpo Hídrico Estadual,,,,,,,,3.94537269016013,0.372166952639879,37.2166952639879,1.82376232210817,,,,,,,,PARÁ,ORIXIMINÁ,Carta 1:100000,169-102_20050923,bho_massa_dagua,,,,,,,,,,,,,,,,
27614.0,9377.0,,,Lagoa do Jatobá,,Lagoa,do,Jatobá,Natural,Estadual,Corpo Hídrico Estadual,,,,,,,,4.47648042081622,0.241525724303773,24.1525724303773,2.56864508503863,,,,,,,,PARÁ,BOM JESUS DO TOCANTINS,Carta 1:50000,161-106_20040801,bho_massa_dagua,,,,,,,,,,,,,,,,
11507.0,15020.0,,,Lago do Centro,,Lago,do,Centro,Natural,Estadual,Corpo Hídrico Estadual,,,,,,,,5.73808236239762,1.01150209196742,101.150209196742,1.60891275007616,,,,,,,,PARÁ,MONTE ALEGRE,Carta 1:100000,167-102_20050903,bho_massa_dagua,,,,,,,,,,,,,,,,
36278.0,15644.0,,,Lago da Serra,,Lago,da,Serra,Natural,Estadual,Corpo Hídrico Estadual,,,,,,,,6.45286915798701,0.964283605042428,96.4283605042428,1.85310307231631,,,,,,,,PARÁ,JURUTI,Carta 1:100000,169-103_20050923,bho_massa_dagua,,,,,,,,,,,,,,,,
48593.0,15408.0,,,Lago do Salé,,Lago,do,Salé,Natural,Estadual,Corpo Hídrico Estadual,,,,,,,,4.42284620189581,0.951859365981896,95.1859365981896,1.27839349527923,,,,,,,,PARÁ,JURUTI,Carta 1:100000,169-102_20050923,bho_massa_dagua,,,,,,,,,,,,,,,,
11450.0,9548.0,,,Lago do Barreiro,,Lago,do,Barreiro,Natural,Estadual,Corpo Hídrico Estadual,,,,,,,,5.65430098366153,0.512176336537456,51.2176336537456,2.22801585109804,,,,,,,,PARÁ,SÃO JOÃO DO ARAGUAIA,Carta 1:50000,161-106_20040801,bho_massa_dagua,,,,,,,,,,,,,,,,
62498.0,64275.0,596.0,,Diques de Finos II,,Diques,de,Finos II,Artificial,Federal,Terra da União (Unidade de Conservação),ANM,Salobo Metais S/A,ANM,,,,,15.5397989051191,0.930965060292849,93.0965060292849,4.54179796941271,Contenção de rejeitos de mineração,ANM,,,,,,PARÁ,MARABÁ,,Bing Aerial,bho_massa_dagua_2019,Revisado. Reservatório incluído na atualização de 01/2017.,,,,,,,,,,,,,,,
242537.0,244299.0,6840.0,,Bacia de Controle Ambiental,,Bacia,de,Controle Ambiental,Artificial,Estadual,Corpo Hídrico Estadual,ANM,Pará Pigmentos S/A,ANM,,,,,1.99326745022936,0.045421679847763,4.54216798477632,2.63744302874881,Contenção de rejeitos de mineração,ANM,,,,,,PARÁ,IPIXUNA DO PARÁ,,,bho_massa_dagua_2020,,,,,,,,,,,,,,,,
38868.0,39544.0,,,Lagoa da Ponta,,Lagoa,da,Ponta,Natural,Estadual,Corpo Hídrico Estadual,,,,,,,,1.14142270411334,0.063429941257036,6.34299412570359,1.27805181258362,,,,Lago/Lagoa,,Permanente,,PARÁ,ORIXIMINÁ,,,hid_massa_dagua_a_bc250k_2015,,,,,,,,,,,,,,,,
36328.0,15609.0,,,Lago Mucagepaua,,Lago,,Mucagepaua,Natural,Estadual,Corpo Hídrico Estadual,,,,,,,,17.4818971627139,3.281635141992,328.1635141992,2.72140089076082,,,,,,,,PARÁ,SANTARÉM,Carta 1:100000,167-102_20050903,bho_massa_dagua,Agrupada geometria de dois polígonos,,,,,,,,,,,,,,,
20930.0,16446.0,,,Rio Mamuru,,Rio,,Mamuru,Natural,Federal,Corpo Hídrico Federal,,,,,,,,4.54069969356629,0.456486496969489,45.6486496969489,1.89521253722065,,,,,,,,PARÁ,JURUTI,Carta 1:100000,169-104_20050923,bho_massa_dagua,alterado para Federal,,,,,,,,,,,,,,,
23388.0,6057.0,,,Represa Fazenda Guaciara,,Represa,,Fazenda Guaciara,Artificial,Estadual,Corpo Hídrico Estadual,ESTADO,,,,,,,3.62856719173697,0.210865283297902,21.0865283297902,2.22834143557937,,,,,,,,PARÁ,PARAGOMINAS,Carta 1:100000,160-103_20050803,bho_massa_dagua,,,,,,,,,,,,,,,,
62110.0,23119.0,5029.0,,PCH Salto Buriti,,PCH,,Salto Buriti,Artificial,Federal,Terra da União (Unidade de Conservação),ANEEL,Buriti Energia S/A,COSER/ANA (RSB2015),31/12/2008,ANEEL,9.2,COSER/ANA (RSB2015),19.2224928739239,3.00624578210496,300.624578210496,3.1264146327866,Hidrelétrica,COSER/ANA (RSB2015),PCH,,,,,PARÁ,ALTAMIRA,ANEEL,Spot5_20090115,bho_massa_dagua,Reservatório incluído na atualização de 01/2015,,,,,,,,,,,,,,,
242225.0,244402.0,7999.0,,Barragem Maney Mineração,,Barragem,,Maney Mineração,Artificial,Estadual,Corpo Hídrico Estadual,ANM,Valdinei Mauro de Souza,ANM,,,,,1.27561602104058,0.066511125564685,6.65111255646853,1.39483207186667,Contenção de rejeitos de mineração,ANM,,,,,,PARÁ,ITAITUBA,,,bho_massa_dagua_2020,,,,,,,,,,,,,,,,
29260.0,9368.0,,,Lago Porto Raso,,Lago,,Porto Raso,Natural,Estadual,Corpo Hídrico Estadual,,,,,,,,3.4187360697395,0.21565625570317,21.565625570317,2.0760301292588,,,,,,,,PARÁ,SANTA MARIA DAS BARREIRAS,Carta 1:100000,161-110_20050731,bho_massa_dagua,,,,,,,,,,,,,,,,
43431.0,15375.0,,,Lago Xixia Mirim,,Lago,,Xixia Mirim,Natural,Estadual,Corpo Hídrico Estadual,,,,,,,,18.722171555474,6.02026500873471,602.026500873471,2.15177830378297,,,,,,,,PARÁ,TERRA SANTA,Carta 1:100000,169-102_20050923,bho_massa_dagua,,,,,,,,,,,,,,,,
31763.0,14966.0,,,Lagoa Araçá,,Lagoa,,Araçá,Natural,Federal,Terra da União (Unidade de Conservação),,,,,,,,6.80709410147975,0.298791143065928,29.8791143065928,3.51177758750678,,,,,,,,PARÁ,ORIXIMINÁ,Carta 1:100000,170-101_20050825,bho_massa_dagua,,,,,,,,,,,,,,,,
59548.0,6565.0,,,Lago Arari,,Lago,,Arari,Natural,Estadual,Corpo Hídrico Estadual,,,,,,,,39.6739795204314,32.2399854263002,3223.99854263002,1.97041386465234,,,,,,,,PARÁ,"CACHOEIRA DO ARARI, SANTA CRUZ DO ARARI",Internet,162-101_20060414,bho_massa_dagua,,,,,,,,,,,,,,,,
7494.0,6087.0,,,Represa Fazenda Bom Sucesso,,Represa,,Fazenda Bom Sucesso,Artificial,Estadual,Corpo Hídrico Estadual,ESTADO,,,,,,,6.04861669565164,0.264874609059313,26.4874609059313,3.31424803790212,,,,,,,,PARÁ,PARAGOMINAS,Carta 1:100000,160-104_20050803,bho_massa_dagua,,,,,,,,,,,,,,,,
7122.0,15712.0,,,Lago Sambixuga,,Lago,,Sambixuga,Natural,Estadual,Corpo Hídrico Estadual,,,,,,,,4.62273547252478,0.498882528520043,49.8882528520043,1.84564853980788,,,,,,,,PARÁ,JURUTI,Carta 1:100000,169-103_20050923,bho_massa_dagua,,,,,,,,,,,,,,,,
43165.0,15220.0,,,Lagoa Ariúba,,Lagoa,,Ariúba,Natural,Estadual,Corpo Hídrico Estadual,,,,,,,,13.0399252366317,0.541986409022642,54.1986409022642,4.9949369619035,,,,,,,,PARÁ,ORIXIMINÁ,Carta 1:100000,169-102_20050923,bho_massa_dagua,,,,,,,,,,,,,,,,
18312.0,15237.0,,,Lagoa Araçá,,Lagoa,,Araçá,Natural,Federal,Terra da União (Unidade de Conservação),,,,,,,,32.1598034988082,6.32982238106295,632.982238106295,3.60468013334917,,,,,,,,PARÁ,ORIXIMINÁ,Carta 1:100000,169-102_20050923,bho_massa_dagua,,,,,,,,,,,,,,,,
52448.0,6604.0,,,Represa Fazenda Bela Vista,,Represa,,Fazenda Bela Vista,Artificial,Estadual,Corpo Hídrico Estadual,ESTADO,,,,,,,5.89801507347874,0.201422255993295,20.1422255993295,3.70596453140249,,,,,,,,PARÁ,DOM ELISEU,Carta 1:100000,160-105_20050803,bho_massa_dagua,,,,,,,,,,,,,,,,
16011.0,22537.0,,,Lagoa Baleeiro,,Lagoa,,Baleeiro,Natural,Estadual,Corpo Hídrico Estadual,,,,,,,,5.94905109863213,0.251628265442838,25.1628265442838,3.34439138190775,,,,,,,,PARÁ,ORIXIMINÁ,Carta 1:100000,169-101_20050923,bho_massa_dagua,,,,,,,,,,,,,,,,
3002.0,6143.0,,,Represa Fazenda Aroeira,,Represa,,Fazenda Aroeira,Artificial,Estadual,Corpo Hídrico Estadual,ESTADO,,,,,,,8.64958697345955,0.446343584141324,44.6343584141324,3.65098316202817,,,,,,,,PARÁ,ULIANÓPOLIS,Carta 1:100000,159-104_20050711,bho_massa_dagua,,,,,,,,,,,,,,,,
19383.0,15242.0,,,Lagoa Batata,,Lagoa,,Batata,Natural,Federal,Terra da União (Unidade de Conservação),,,,,,,,37.979686524068,12.7468694569583,1274.68694569583,2.9998443058189,,,,,,,,PARÁ,ORIXIMINÁ,Carta 1:100000,169-102_20050923,bho_massa_dagua,,,,,,,,,,,,,,,,
33018.0,14969.0,,,Igarapé Murta-Grande,,Igarapé,,Murta-Grande,Natural,Federal,Terra da União (Unidade de Conservação),,,,,,,,6.20429776834106,0.49594390356009,49.594390356009,2.48442255537162,,,,,,,,PARÁ,ORIXIMINÁ,Carta 1:100000,170-101_20050825,bho_massa_dagua,,,,,,,,,,,,,,,,
13167.0,15311.0,,,Lagoa Paru,,Lagoa,,Paru,Natural,Estadual,Corpo Hídrico Estadual,,,,,,,,49.0495429309108,23.5026999285618,2350.26999285618,2.85315387983932,,,,,,,,PARÁ,ORIXIMINÁ,Carta 1:250000,169-102_20050923,bho_massa_dagua,,,,,,,,,,,,,,,,
34306.0,15238.0,,,Lagoa Mucura,,Lagoa,,Mucura,Natural,Federal,Terra da União (Unidade de Conservação),,,,,,,,5.31795022592602,0.260508977444025,26.0508977444025,2.93820456668314,,,,,,,,PARÁ,ORIXIMINÁ,Carta 1:100000,169-102_20050923,bho_massa_dagua,,,,,,,,,,,,,,,,
26183.0,15367.0,,,Lago Xiacazinho,,Lago,,Xiacazinho,Natural,Estadual,Corpo Hídrico Estadual,,,,,,,,5.72384075256256,1.29123112747166,129.123112747166,1.42047847550412,,,,,,,,PARÁ,TERRA SANTA,Carta 1:100000,169-102_20050923,bho_massa_dagua,,,,,,,,,,,,,,,,
21850.0,14959.0,,,Lagoa Algibeira,,Lagoa,,Algibeira,Natural,Estadual,Corpo Hídrico Estadual,,,,,,,,6.28017177561118,0.431512810125842,43.1512810125842,2.69602419010646,,,,,,,,PARÁ,ORIXIMINÁ,Carta 1:100000,170-101_20050825,bho_massa_dagua,,,,,,,,,,,,,,,,
18683.0,15227.0,,,Paraná Água Preta,,Paraná,,Água Preta,Natural,Estadual,Corpo Hídrico Estadual,,,,,,,,25.5622880913801,2.35298693394828,235.298693394828,4.69936389234666,,,,,,,,PARÁ,ORIXIMINÁ,Carta 1:100000,169-102_20050923,bho_massa_dagua,,,,,,,,,,,,,,,,
18373.0,15718.0,,,Lago Juruti Miri,,Lago,,Juruti Miri,Natural,Estadual,Corpo Hídrico Estadual,,,,,,,,29.7247807669237,5.46891335890849,546.891335890849,3.58440642357461,,,,,,,,PARÁ,JURUTI,Carta 1:100000,169-103_20050923,bho_massa_dagua,,,,,,,,,,,,,,,,
8487.0,15301.0,,,Lagoa Açu,,Lagoa,,Açu,Natural,Estadual,Corpo Hídrico Estadual,,,,,,,,19.2989108020265,3.45984951742936,345.984951742936,2.9258583865559,,,,,,,,PARÁ,TERRA SANTA,Carta 1:100000,169-102_20050923,bho_massa_dagua,,,,,,,,,,,,,,,,
19512.0,6542.0,,,Lagoa Lucas,,Lagoa,,Lucas,Natural,Federal,Terra da União (Unidade de Conservação),,,,,,,,13.8165249967008,1.62593842388969,162.593842388969,3.05559568615126,,,,,,,,PARÁ,BAIÃO,Carta 1:250000,162-104_20040824,bho_massa_dagua,,,,,,,,,,,,,,,,
8798.0,15182.0,,,Lago Itarim,,Lago,,Itarim,Natural,Federal,Corpo Hídrico Federal,,,,,,,,56.9548677405352,65.8056573225324,6580.56573225324,1.97992318012996,,,,,,,,PARÁ,SANTARÉM,Carta 1:100000,167-102_20050903,bho_massa_dagua,,,,,,,,,,,,,,,,
45612.0,9520.0,,,Lagoa Califórnia,,Lagoa,,Califórnia,Natural,Estadual,Corpo Hídrico Estadual,,,,,,,,4.33302481999901,0.364253726465427,36.4253726465427,2.02459557497661,,,,,,,,PARÁ,XINGUARA,Carta 1:100000,161-108_20050731,bho_massa_dagua,,,,,,,,,,,,,,,,
14555.0,15598.0,,,,,,,,Natural,Estadual,Corpo Hídrico Estadual,,,,,,,,2.96339536719712,0.24543245826345,24.543245826345,1.68683540269611,,,,,,,,PARÁ,SANTARÉM,,167-103_20041217,bho_massa_dagua,,,,,,,,,,,,,,,,
62504.0,64282.0,611.0,,Barragem LD Serabi Mineração S.A.,,Barragem,,LD Serabi Mineração S.A.,Artificial,Estadual,Corpo Hídrico Estadual,ANM,Serabi Mineração S.A.,COSER/ANA (RSB2015),,,,,1.25250015090674,0.045660414586351,4.56604145863511,1.65293954529162,,,,,,,,PARÁ,ITAITUBA,,Google Satellite,bho_massa_dagua_2019,Reservatório incluído na atualização de 11/2016.,,,,,,,,,,,,,,,
9369.0,15239.0,,,Lagoa Mucura,,Lagoa,,Mucura,Natural,Federal,Terra da União (Unidade de Conservação),,,,,,,,26.7665425505761,3.80862360824418,380.862360824418,3.86774076209396,,,,,,,,PARÁ,ORIXIMINÁ,Carta 1:100000,169-102_20050923,bho_massa_dagua,,,,,,,,,,,,,,,,
27537.0,15469.0,,,Lagoa Grande,,Lagoa,,Grande,Natural,Federal,Terra da União (Unidade de Conservação),,,,,,,,3.76676124008805,0.356858073049329,35.6858073049329,1.77815427477948,,,,,,,,PARÁ,ORIXIMINÁ,Carta 1:100000,170-102_20050825,bho_massa_dagua,,,,,,,,,,,,,,,,
60091.0,243118.0,,,Rio Nhamundá,,Rio,,Nhamundá,Natural,Federal,Corpo Hídrico Federal,,,,,,,,11.6211297009581,1.46202787788096,146.202787788096,2.71031413274116,,,,Rio,,,Igarapé Ariju,PARÁ,FARO,Carta 1:250000,170-102_20050825,bho_massa_dagua,,,,,,,,,,,,,,,4556334,4556334
10288.0,15260.0,,,Lagoa Buiuçu,,Lagoa,,Buiuçu,Natural,Estadual,Corpo Hídrico Estadual,,,,,,,,12.7297044904988,1.60754306462458,160.754306462458,2.83130152096672,,,,,,,,PARÁ,ÓBIDOS,Carta 1:250000,169-102_20050923,bho_massa_dagua,,,,,,,,,,,,,,,,
241228.0,243092.0,,,Rio Arapiuns,,Rio,,Arapiuns,Natural,Estadual,Corpo Hídrico Estadual,,,,,,,,21.4482246382414,4.10929732226333,410.929732226333,2.98371044990863,,,,Rio,,,Rio Aruã,PARÁ,SANTARÉM,Carta 1:100000,168-103_20050805,bho_massa_dagua,,,,,,,,,,,,,,,44124,44124
11841.0,15236.0,,,Lagoa Acari,,Lagoa,,Acari,Natural,Estadual,Corpo Hídrico Estadual,,,,,,,,7.60623600590916,0.645818689646452,64.5818689646452,2.66909234862041,,,,,,,,PARÁ,ORIXIMINÁ,Carta 1:100000,169-102_20050923,bho_massa_dagua,,,,,,,,,,,,,,,,
2407.0,9529.0,,,Represa Taboca,,Represa,,Taboca,Artificial,Estadual,Corpo Hídrico Estadual,ESTADO,,,,,,,6.37114305282017,0.324282218062836,32.4282218062836,3.15504020143598,,,,,,,,PARÁ,SÃO FÉLIX DO XINGU,Internet,164-107_20050531,bho_massa_dagua,,,,,,,,,,,,,,,,
31346.0,15223.0,,,Lagoa Apacu,,Lagoa,,Apacu,Natural,Estadual,Corpo Hídrico Estadual,,,,,,,,4.22760485793582,0.505007127337766,50.5007127337766,1.67762443397918,,,,,,,,PARÁ,ORIXIMINÁ,Carta 1:100000,169-102_20050923,bho_massa_dagua,,,,,,,,,,,,,,,,
17842.0,15017.0,,,Lago Maripá,,Lago,,Maripá,Natural,Estadual,Corpo Hídrico Estadual,,,,,,,,6.8212925467892,0.523431366617004,52.3431366617004,2.65880148018367,,,,,,,,PARÁ,MONTE ALEGRE,Carta 1:100000,167-102_20050903,bho_massa_dagua,,,,,,,,,,,,,,,,
26023.0,15112.0,,,Lago Flechal,,Lago,,Flechal,Natural,Estadual,Corpo Hídrico Estadual,,,,,,,,15.1127143513831,5.05079375759156,505.079375759156,1.89632060723812,,,,,,,,PARÁ,ÓBIDOS,Carta 1:250000,168-102_20050805,bho_massa_dagua,,,,,,,,,,,,,,,,
45215.0,14937.0,,,Lagoa Cauixi,,Lagoa,,Cauixi,Natural,Estadual,Corpo Hídrico Estadual,,,,,,,,4.32954306182037,0.201353893622509,20.1353893622509,2.72089107319462,,,,,,,,PARÁ,ORIXIMINÁ,Carta 1:100000,169-101_20050923,bho_massa_dagua,,,,,,,,,,,,,,,,
8283.0,15208.0,,,Lagoa Barranquinho,,Lagoa,,Barranquinho,Natural,Estadual,Corpo Hídrico Estadual,,,,,,,,4.92357377801676,0.311436891421872,31.1436891421872,2.48796651190102,,,,,,,,PARÁ,ORIXIMINÁ,Carta 1:100000,169-102_20050923,bho_massa_dagua,,,,,,,,,,,,,,,,
57932.0,15709.0,,,Lago Redondo,,Lago,,Redondo,Natural,Estadual,Corpo Hídrico Estadual,,,,,,,,1.90925748303517,0.256987076876115,25.6987076876115,1.06208180180287,,,,,,,,PARÁ,JURUTI,Carta 1:100000,169-103_20050923,bho_massa_dagua,,,,,,,,,,,,,,,,
50308.0,14949.0,,,Lagoa Capituba Grande,,Lagoa,,Capituba Grande,Natural,Estadual,Corpo Hídrico Estadual,,,,,,,,4.86823786029866,0.277901117922692,27.7901117922692,2.60420849318788,,,,,,,,PARÁ,ORIXIMINÁ,Carta 1:100000,169-101_20050923,bho_massa_dagua,,,,,,,,,,,,,,,,
12524.0,6587.0,,,Açude Água Preta,,Açude,,Água Preta,Artificial,Estadual,Corpo Hídrico Estadual,ESTADO,,,,,,,18.387538305049,2.30673944199498,230.673944199498,3.41407791345482,,,,,,,,PARÁ,BELÉM,Carta 1:100000,161-102_20040801,bho_massa_dagua,,,,,,,,,,,,,,,,
53014.0,6589.0,,,Represa Fazenda Três Marias,,Represa,,Fazenda Três Marias,Artificial,Estadual,Corpo Hídrico Estadual,ESTADO,,,,,,,4.79367422708654,0.225791297893425,22.5791297893425,2.84488047634079,,,,,,,,PARÁ,CASTANHAL,Carta 1:100000,161-101_20040801,bho_massa_dagua,,,,,,,,,,,,,,,,
25145.0,14979.0,,,Lago Cujubim,,Lago,,Cujubim,Natural,Estadual,Corpo Hídrico Estadual,,,,,,,,6.32625687802254,0.99378955714911,99.378955714911,1.78957010580864,,,,,,,,PARÁ,"ALENQUER, MONTE ALEGRE",Carta 1:100000,167-102_20050903,bho_massa_dagua,,,,,,,,,,,,,,,,
62572.0,6599.0,6.0,,CGH Boas Novas,Açailândia,CGH,,Boas Novas,Artificial,Federal,Corpo Hídrico Federal,ANA,James Harley Davis,ANEEL,25/06/1995,ANEEL,1.08,SNISB,6.517432415878,0.223258484444869,22.3258484444869,3.88974972279111,Recreação,SNISB,CGH,,,,,"MARANHÃO, PARÁ","DOM ELISEU, AÇAILÂNDIA",ANEEL,160-105_20050803,bho_massa_dagua,Revisado,,,,,,,,,,,,,,,
14716.0,6146.0,,,Represa Fazenda Pequiá,,Represa,,Fazenda Pequiá,Artificial,Estadual,Corpo Hídrico Estadual,ESTADO,,,,,,,4.11732287452648,0.199147010576131,19.9147010576131,2.60181934024958,,,,,,,,PARÁ,PARAGOMINAS,Carta 1:100000,159-104_20050711,bho_massa_dagua,,,,,,,,,,,,,,,,
18334.0,14951.0,,,Lagoa Pederneiras,,Lagoa,,Pederneiras,Natural,Estadual,Corpo Hídrico Estadual,,,,,,,,32.1409455417245,2.20484098723196,220.484098723196,6.10406458973815,,,,,,,,PARÁ,ORIXIMINÁ,Carta 1:100000,169-101_20050923,bho_massa_dagua,,,,,,,,,,,,,,,,
16678.0,15303.0,,,Lagoa Flechal,,Lagoa,,Flechal,Natural,Estadual,Corpo Hídrico Estadual,,,,,,,,6.46565341638479,0.63469370214784,63.469370214784,2.28865028025433,,,,,,,,PARÁ,ORIXIMINÁ,Carta 1:100000,169-102_20050923,bho_massa_dagua,Agrupada geometria de dois polígonos,,,,,,,,,,,,,,,
4025.0,63474.0,628.0,,Barragem TP1,,Barragem,,TP1,Artificial,Federal,Terra da União (Unidade de Conservação),ANM,Mineracao Rio do Norte S.A.,ANM,,,,,3.0047017973476,0.525356225946526,52.5356225946526,1.16902431249952,Contenção de rejeitos de mineração,ANM,,,,,,PARÁ,ORIXIMINÁ,ANM,Bing Aerial,bho_massa_dagua_2019,Revisado. Reservatório incluído na atualização de 09/2016,,,,,,,,,,,,,,,
20896.0,63689.0,,,Rio Guamá,,Rio,,Guamá,Natural,Estadual,Corpo Hídrico Estadual,,,,,,,,70.5271231559118,6.54186324684263,654.186324684263,7.77596946940852,,,,Rio,,,Rio Guamá,PARÁ,"IRITUIA, SÃO DOMINGOS DO CAPIM, SÃO MIGUEL DO GUAMÁ",,,bho_massa_dagua_2019,,,,,,,,,,,,,,,6122,6122
19439.0,22540.0,,,Lagoa Cabeçuda,,Lagoa,,Cabeçuda,Natural,Estadual,Corpo Hídrico Estadual,,,,,,,,6.05586906020668,0.267448379221608,26.7448379221608,3.30221692848722,,,,,,,,PARÁ,ORIXIMINÁ,Carta 1:100000,169-101_20050923,bho_massa_dagua,,,,,,,,,,,,,,,,
42867.0,15021.0,,,Lago Turará,,Lago,,Turará,Natural,Estadual,Corpo Hídrico Estadual,,,,,,,,8.14319667175631,1.99539370917195,199.539370917195,1.62566004846765,,,,,,,,PARÁ,MONTE ALEGRE,Carta 1:100000,167-102_20050903,bho_massa_dagua,,,,,,,,,,,,,,,,
10862.0,9513.0,,,Lago Carreira Comprida,,Lago,,Carreira Comprida,Natural,Estadual,Corpo Hídrico Estadual,,,,,,,,9.49247658070285,0.769741999968609,76.9741999968609,3.05109725166796,,,,,,,,PARÁ,CONCEIÇÃO DO ARAGUAIA,Carta 1:100000,161-109_20050514,bho_massa_dagua,,,,,,,,,,,,,,,,
33965.0,15306.0,,,Lagoa Grande,,Lagoa,,Grande,Natural,Estadual,Corpo Hídrico Estadual,,,,,,,,13.9414667561247,5.80085853416236,580.085853416236,1.63234306544891,,,,,,,,PARÁ,"ORIXIMINÁ, TERRA SANTA",Carta 1:100000,169-102_20050923,bho_massa_dagua,,,,,,,,,,,,,,,,
3815.0,63124.0,,,Bacia B1,,Bacia,,B1,Artificial,Estadual,Corpo Hídrico Estadual,ANM,Pará Pigmentos S/A,ANM,,,,,2.29341745038149,0.096739525687722,9.67395256877219,2.07936267556959,Contenção de rejeitos de mineração,ANM,,,,,,PARÁ,IPIXUNA DO PARÁ,DNPM,Bing Aerial,bho_massa_dagua_2019,Reservatório incluído na atualização de 09/2016,,,,,,,,,,,,,,,
19301.0,14936.0,,,Lagoa Viana Grande,,Lagoa,,Viana Grande,Natural,Estadual,Corpo Hídrico Estadual,,,,,,,,21.2968931611221,1.85033846763474,185.033846763474,4.41509214236217,,,,,,,,PARÁ,ORIXIMINÁ,Carta 1:100000,169-101_20050923,bho_massa_dagua,,,,,,,,,,,,,,,,
3490.0,15274.0,,,Lagoa Urariá,,Lagoa,,Urariá,Natural,Estadual,Corpo Hídrico Estadual,,,,,,,,16.7119077246632,11.9151124081118,1191.51124081118,1.36529363450511,,,,,,,,PARÁ,ORIXIMINÁ,Carta 1:250000,169-102_20050923,bho_massa_dagua,,,,,,,,,,,,,,,,
34984.0,9531.0,657.0,,Barragem Sossego,,Barragem,,Sossego,Artificial,Estadual,Corpo Hídrico Estadual,ANM,Vale S.A. - Filial: Vale Mina Sossego,ANM,,,,,14.0283673499361,7.58855403232446,758.855403232446,1.4360736806532,Contenção de rejeitos de mineração,ANM,,,,,,PARÁ,CANAÃ DOS CARAJÁS,WIKIMAPIA,162-107_20040729,bho_massa_dagua,,,,,,,,,,,,,,,,
40855.0,15376.0,,,Lago Xixia Mirim,,Lago,,Xixia Mirim,Natural,Estadual,Corpo Hídrico Estadual,,,,,,,,2.14577404045529,0.27506859312624,27.506859312624,1.15375233272626,,,,,,,,PARÁ,TERRA SANTA,Carta 1:100000,169-102_20050923,bho_massa_dagua,,,,,,,,,,,,,,,,
60347.0,6558.0,,,Represa Fazenda Bernardino,,Represa,,Fazenda Bernardino,Artificial,Estadual,Corpo Hídrico Estadual,ESTADO,,,,,,,4.26836559398948,0.212674837418106,21.2674837418106,2.61007306015865,,,,,,,,PARÁ,TOMÉ-AÇU,Carta 1:100000,160-103_20050803,bho_massa_dagua,,,,,,,,,,,,,,,,
240528.0,242602.0,,,Rio Arapiuns,,Rio,,Arapiuns,Natural,Estadual,Corpo Hídrico Estadual,,,,,,,,21.390193580751,4.5640294495583,456.40294495583,2.82351178152842,,,,Rio,,,Lago Animum,PARÁ,SANTARÉM,Carta 1:100000,168-103_20050805,bho_massa_dagua,,,,,,,,,,,,,,,44121122,4412
10701.0,16434.0,,,Lago Pucu,,Lago,,Pucu,Natural,Estadual,Corpo Hídrico Estadual,,,,,,,,15.3375271338313,1.30165034453111,130.165034453111,3.79103054424074,,,,,,,,PARÁ,AVEIRO,Carta 1:100000,168-104_20050831,bho_massa_dagua,,,,,,,,,,,,,,,,
59504.0,6056.0,1462.0,,Represa Fazenda Uraim,,Represa,,Fazenda Uraim,Artificial,Estadual,Corpo Hídrico Estadual,ESTADO,,,,,,,5.84196314848654,0.217809902330518,21.7809902330518,3.52995453058023,,,,,,,,PARÁ,PARAGOMINAS,Carta 1:100000,160-104_20050803,bho_massa_dagua,,,,,,,,,,,,,,,,
241226.0,243090.0,,,Rio Arapiuns,,Rio,,Arapiuns,Natural,Estadual,Corpo Hídrico Estadual,,,,,,,,26.9272088730566,8.52408121217067,852.408121217067,2.60085809937661,,,,Rio,,,Igarapé Açu,PARÁ,SANTARÉM,Carta 1:100000,168-103_20050805,bho_massa_dagua,,,,,,,,,,,,,,,441212,441212
37186.0,36595.0,,,,,,,,Natural,Federal,Terra da União (Unidade de Conservação),,,,,,,,1.45640821081239,0.091195800856499,9.11958008564985,1.36001846941184,,,,Lago/Lagoa,,Permanente,,PARÁ,ALTAMIRA,,,hid_massa_dagua_a_bc250k_2015,,,,,,,,,,,,,,,,
31872.0,15319.0,,,,,,,,Natural,Estadual,Corpo Hídrico Estadual,,,,,,,,2.00102158951493,0.289925719218605,28.9925719218605,1.0479908988739,,,,,,,,PARÁ,ORIXIMINÁ,,169-102_20050923,bho_massa_dagua,,,,,,,,,,,,,,,,
55030.0,20796.0,,,,,,,,Natural,Estadual,Corpo Hídrico Estadual,,,,,,,,2.82427406877484,0.458298758567595,45.8298758567595,1.17647202982838,,,,,,,,PARÁ,CHAVES,,162-100_20060414,bho_massa_dagua,,,,,,,,,,,,,,,,
46035.0,15140.0,,,,,,,,Natural,Estadual,Corpo Hídrico Estadual,,,,,,,,4.13702978458924,0.325135500674996,32.5135500674996,2.04599967394139,,,,,,,,PARÁ,CURUÁ,,168-102_20050805,bho_massa_dagua,,,,,,,,,,,,,,,,
58876.0,14998.0,,,,,,,,Natural,Estadual,Corpo Hídrico Estadual,,,,,,,,4.4358682772319,0.694939107303135,69.4939107303135,1.50056348357697,,,,,,,,PARÁ,PRAINHA,,167-102_20050903,bho_massa_dagua,,,,,,,,,,,,,,,,
33206.0,22855.0,,,,,,,,Natural,Estadual,Corpo Hídrico Estadual,,,,,,,,2.13087415570698,0.225857686834957,22.5857686834957,1.26441451416893,,,,,,,,PARÁ,PONTA DE PEDRAS,,162-101_20060414,bho_massa_dagua,,,,,,,,,,,,,,,,
11646.0,6649.0,,,,,,,,Natural,Estadual,Corpo Hídrico Estadual,,,,,,,,3.45906605718258,0.257297051126568,25.7297051126568,1.92304992674983,,,,,,,,PARÁ,"PORTO DE MOZ, PRAINHA",,166-102_20051028,bho_massa_dagua,,,,,,,,,,,,,,,,
7768.0,14945.0,,,Lagoa do Tarumã,,Lagoa,do,Tarumã,Natural,Estadual,Corpo Hídrico Estadual,,,,,,,,3.20382826959816,0.367262148687001,36.7262148687001,1.49083730700714,,,,,,,,PARÁ,ÓBIDOS,Carta 1:100000,169-101_20050923,bho_massa_dagua,,,,,,,,,,,,,,,,
22973.0,15240.0,,,Lagoa São Lourenço,,Lagoa,,São Lourenço,Natural,Federal,Terra da União (Unidade de Conservação),,,,,,,,4.30152517203672,0.601594128331343,60.1594128331343,1.56393890205779,,,,,,,,PARÁ,ORIXIMINÁ,Carta 1:100000,169-102_20050923,bho_massa_dagua,,,,,,,,,,,,,,,,
33603.0,57181.0,,,Baía do Guajará,,Baía,do,Guajará,Natural,Federal,Corpo Hídrico Federal,,,,,,,,73.4589068596081,102.254469962182,10225.4469962182,2.04857759554765,,,,Rio,,,Baía do Guajará,PARÁ,"ACARÁ, BARCARENA, BELÉM",,,hid_trecho_massa_dagua_a_bc250k_2015,,,,,,,,,,,,,,,612,612
2024.0,22844.0,,,Baía de Caxiuanã/Baía de Pacajaí,,Baía,de,Caxiuanã/Baía de Pacajaí,Natural,Estadual,Corpo Hídrico Estadual,,,,,,,,349.107426305073,476.505621700594,47650.5621700594,4.50997548631451,,,,,,,,PARÁ,"MELGAÇO, PORTEL",Carta 1:250000,164-102_20040627,bho_massa_dagua,,,,,,,,,,,,,,,,
242515.0,244429.0,6712.0,,Barragem de Captação,,Barragem,de,Captação,Artificial,Federal,Terra da União (Unidade de Conservação),ANM,Salobo Metais S.A.,ANM,,,,,1.14367479340311,0.061827345182433,6.18273451824331,1.29706385874092,Contenção de rejeitos de mineração,ANM,,,,,,PARÁ,MARABÁ,,,bho_massa_dagua_2020,,,,,,,,,,,,,,,,
437.0,15625.0,,,Igarapé da Sabina,,Igarapé,da,Sabina,Natural,Estadual,Corpo Hídrico Estadual,,,,,,,,29.3246720293681,2.71245531008042,271.245531008042,5.02112434054877,,,,,,,,PARÁ,JURUTI,Carta 1:100000,169-103_20050923,bho_massa_dagua,Agrupada geometria de dois polígonos,,,,,,,,,,,,,,,
46791.0,16445.0,,,Igarapé Ipiranga,,Igarapé,,Ipiranga,Natural,Estadual,Corpo Hídrico Estadual,,,,,,,,4.74897720956348,0.260300366859255,26.0300366859255,2.62489420223355,,,,,,,,PARÁ,AVEIRO,Carta 1:100000,169-104_20050923,bho_massa_dagua,,,,,,,,,,,,,,,,
242048.0,243870.0,5540.0,,Barragem SP5 Leste,,Barragem,,SP5 Leste,Artificial,Federal,Terra da União (Unidade de Conservação),ANM,Mineracao Rio do Norte S.A.,ANM,,,,,3.34038450232547,0.538865907083259,53.8865907083259,1.28323209915964,Contenção de rejeitos de mineração,ANM,,,,,,PARÁ,ORIXIMINÁ,,,bho_massa_dagua_2019,,,,,,,,,,,,,,,,
46734.0,15212.0,,,Lagoa Comprida,,Lagoa,,Comprida,Natural,Estadual,Corpo Hídrico Estadual,,,,,,,,4.21585205159105,0.264375778903327,26.4375778903327,2.31219063487507,,,,,,,,PARÁ,ORIXIMINÁ,Carta 1:100000,169-102_20050923,bho_massa_dagua,,,,,,,,,,,,,,,,
52674.0,14965.0,,,Igarapé Candeeiro,,Igarapé,,Candeeiro,Natural,Federal,Terra da União (Unidade de Conservação),,,,,,,,7.48360069408569,0.62548206319144,62.548206319144,2.66840831261016,,,,,,,,PARÁ,ORIXIMINÁ,Carta 1:100000,170-101_20050825,bho_massa_dagua,Agrupada geometria de dois polígonos,,,,,,,,,,,,,,,
57834.0,53885.0,,,Rio Guajará,,Rio,,Guajará,Natural,Estadual,Corpo Hídrico Estadual,,,,,,,,35.0210776821504,3.27089563164738,327.089563164738,5.46066169096431,,,,Rio,,,,PARÁ,ANAJÁS,,,hid_trecho_massa_dagua_a_bc250k_2015,,,,,,,,,,,,,,,544,5244
51108.0,6585.0,,,Represa Fazenda Guamá,,Represa,,Fazenda Guamá,Artificial,Estadual,Corpo Hídrico Estadual,ESTADO,,,,,,,4.84062479660807,0.360275726575555,36.0275726575555,2.27422289930872,,,,,,,,PARÁ,MARITUBA,Carta 1:100000,161-101_20040801,bho_massa_dagua,,,,,,,,,,,,,,,,
241223.0,243089.0,,,Rio Nhamundá,,Rio,,Nhamundá,Natural,Federal,Corpo Hídrico Federal,,,,,,,,15.0316557691178,3.05368624435361,305.368624435361,2.42573706165136,,,,Rio,,,Igarapé Taquera,PARÁ,FARO,Carta 1:250000,170-102_20050825,bho_massa_dagua,,,,,,,,,,,,,,,455638,455638
8591.0,9366.0,,,Represa Fazenda Suçuapara,,Represa,,Fazenda Suçuapara,Artificial,Estadual,Corpo Hídrico Estadual,ESTADO,,,,,,,4.12354188909659,0.375054626787951,37.5054626787951,1.89876953631548,,,,,,,,PARÁ,SANTANA DO ARAGUAIA,Carta 1:100000,161-110_20050731,bho_massa_dagua,,,,,,,,,,,,,,,,
13037.0,15338.0,,,Lago Arapapá,,Lago,,Arapapá,Natural,Estadual,Corpo Hídrico Estadual,,,,,,,,2.83492244822049,0.473683403465319,47.3683403465319,1.16157219321052,,,,,,,,PARÁ,JURUTI,Carta 1:100000,169-102_20050923,bho_massa_dagua,,,,,,,,,,,,,,,,
62471.0,64242.0,1050.0,,Bacia R4,Depósito de Rejeito R4,Bacia,,R4,Artificial,Estadual,Corpo Hídrico Estadual,ANM,Pará Pigmentos S/A,ANM,,,,,2.33029201819831,0.283611440494025,28.3611440494025,1.2339500589841,Contenção de rejeitos de mineração,ANM,,,,,,PARÁ,IPIXUNA DO PARÁ,,Bing Aerial,bho_massa_dagua_2019,Reservatório incluído na atualização de 01/2017.,,,,,,,,,,,,,,,
33601.0,14957.0,,,Lagoa Tapaginha,,Lagoa,,Tapaginha,Natural,Federal,Terra da União (Unidade de Conservação),,,,,,,,11.921458199777,0.770862922459669,77.0862922459669,3.829040060607,,,,,,,,PARÁ,ORIXIMINÁ,Carta 1:100000,170-101_20050825,bho_massa_dagua,,,,,,,,,,,,,,,,
242045.0,243831.0,5521.0,,Barragem SP11,,Barragem,,SP11,Artificial,Federal,Terra da União (Unidade de Conservação),ANM,Mineracao Rio do Norte S.A.,ANM,,,,,3.28054647052353,0.580776753847351,58.0776753847351,1.21392174204197,Contenção de rejeitos de mineração,ANM,,,,,,PARÁ,ORIXIMINÁ,,,bho_massa_dagua_2019,,,,,,,,,,,,,,,,
13133.0,15282.0,,,Lagoa Miri,,Lagoa,,Miri,Natural,Estadual,Corpo Hídrico Estadual,,,,,,,,5.09061664552112,0.402219795763195,40.2219795763195,2.26353795421977,,,,,,,,PARÁ,ORIXIMINÁ,Carta 1:100000,169-102_20050923,bho_massa_dagua,,,,,,,,,,,,,,,,
50427.0,14808.0,,,Lago Bom Futuro,,Lago,,Bom Futuro,Natural,Federal,Terra da União (Terra Indígena),,,,,,,,2.90783052890711,0.50057392877468,50.057392877468,1.15900173696778,,,,,,,,PARÁ,JACAREACANGA,Carta 1:100000,169-109_20050802,bho_massa_dagua,,,,,,,,,,,,,,,,
58117.0,6742.0,,,,,,,,Natural,Estadual,Corpo Hídrico Estadual,,,,,,,,6.32231126549094,1.12113258743854,112.113258743854,1.68382321864578,,,,,,,,PARÁ,PRAINHA,,166-102_20051028,bho_massa_dagua,,,,,,,,,,,,,,,,
10216.0,15585.0,,,,,,,,Natural,Federal,Corpo Hídrico Federal,,,,,,,,7.28756632478072,1.12451759500897,112.451759500897,1.93797647604895,,,,,,,,PARÁ,SANTARÉM,,167-103_20041217,bho_massa_dagua,,,,,,,,,,,,,,,,
25947.0,22955.0,,,,,,,,Natural,Estadual,Corpo Hídrico Estadual,,,,,,,,3.89543331129904,0.373291102940736,37.3291102940736,1.7979642930992,,,,,,,,PARÁ,SOURE,,162-101_20060414,bho_massa_dagua,,,,,,,,,,,,,,,,
18301.0,6629.0,,,,,,,,Natural,Federal,Terra da União (Unidade de Conservação),,,,,,,,2.91123438764658,0.332199774288889,33.2199774288889,1.42438245092112,,,,,,,,PARÁ,PORTO DE MOZ,,166-103_20050716,bho_massa_dagua,,,,,,,,,,,,,,,,
10768.0,6061.0,,,,,,,,Natural,Estadual,Corpo Hídrico Estadual,,,,,,,,2.82778650635698,0.426068801014531,42.6068801014531,1.22167548490911,,,,,,,,PARÁ,PARAGOMINAS,,160-103_20050803,bho_massa_dagua,,,,,,,,,,,,,,,,
11661.0,6617.0,,,,,,,,Natural,Estadual,Corpo Hídrico Estadual,,,,,,,,10.7627805739979,1.61135503734485,161.135503734485,2.39099117944302,,,,,,,,PARÁ,MELGAÇO,,164-102_20040627,bho_massa_dagua,,,,,,,,,,,,,,,,
13616.0,6751.0,,,,,,,,Natural,Estadual,Corpo Hídrico Estadual,,,,,,,,2.60994315472237,0.216707568763529,21.6707568763529,1.58104094346649,,,,,,,,PARÁ,ALMEIRIM,,166-102_20051028,bho_massa_dagua,,,,,,,,,,,,,,,,
19747.0,38661.0,,,,,,,,Natural,Federal,Corpo Hídrico Federal,,,,,,,,1.81271361772305,0.083661742809132,8.36617428091318,1.76731861536406,,,,Lago/Lagoa,,Permanente,,PARÁ,ALTAMIRA,,,hid_massa_dagua_a_bc250k_2015,,,,,,,,,,,,,,,,
43623.0,6676.0,,,,,,,,Natural,Estadual,Corpo Hídrico Estadual,,,,,,,,10.0743819540623,0.754704347487633,75.4704347487633,3.27023599809329,,,,,,,,PARÁ,PRAINHA,,166-102_20051028,bho_massa_dagua,,,,,,,,,,,,,,,,
37727.0,6546.0,,,,,,,,Natural,Estadual,Corpo Hídrico Estadual,,,,,,,,7.64221560460347,0.914389145352885,91.4389145352885,2.25373507309972,,,,,,,,PARÁ,BREU BRANCO,,162-104_20040824,bho_massa_dagua,,,,,,,,,,,,,,,,
27853.0,9456.0,,,,,,,,Natural,Estadual,Corpo Hídrico Estadual,,,,,,,,6.50698334414438,0.39897867480497,39.8978674804969,2.90505234142891,,,,,,,,PARÁ,SANTANA DO ARAGUAIA,,161-111_20050731,bho_massa_dagua,,,,,,,,,,,,,,,,
20260.0,57168.0,,,,,,,,Natural,Estadual,Corpo Hídrico Estadual,,,,,,,,32.0759453700721,3.77171752501549,377.171752501549,4.6575657408142,,,,Rio,,,Rio Arauaia,PARÁ,BARCARENA,,,hid_trecho_massa_dagua_a_bc250k_2015,,,,,,,,,,,,,,,614,614
413.0,53685.0,,,Baía do Sol,,Baía,do,Sol,Natural,Federal,Corpo Hídrico Federal,,,,,,,,21.137047587647,21.5925525856165,2159.25525856165,1.2827482786018,,,,Rio,,,Baía do Sol,PARÁ,"BELÉM, COLARES, SANTO ANTÔNIO DO TAUÁ",,,hid_trecho_massa_dagua_a_bc250k_2015,,,,,,,,,,,,,,,61162,61162
41909.0,16238.0,,,,,,,,Natural,Estadual,Corpo Hídrico Estadual,,,,,,,,6.36941633180412,0.622748722640918,62.2748722640918,2.27610515685645,,,,,,,,PARÁ,MOJUÍ DOS CAMPOS,,167-104_20040714,bho_massa_dagua,,,,,,,,,,,,,,,,
58619.0,35460.0,,,,,,,,Natural,Estadual,Corpo Hídrico Estadual,,,,,,,,3.01541134381644,0.311955876745841,31.1955876745841,1.5224712030989,,,,Lago/Lagoa,,Permanente,,PARÁ,AVEIRO,,,hid_massa_dagua_a_bc250k_2015,,,,,,,,,,,,,,,,
24772.0,9533.0,,,,,,,,Natural,Federal,Terra da União (Unidade de Conservação),,,,,,,,3.5899707632679,0.3853991499382,38.53991499382,1.63073969878884,,,,,,,,PARÁ,CANAÃ DOS CARAJÁS,,162-107_20040729,bho_massa_dagua,,,,,,,,,,,,,,,,
20186.0,15298.0,,,,,,,,Natural,Estadual,Corpo Hídrico Estadual,,,,,,,,2.23922597969226,0.230272250759309,23.0272250759309,1.31591012814849,,,,,,,,PARÁ,TERRA SANTA,,169-102_20050923,bho_massa_dagua,,,,,,,,,,,,,,,,
856.0,22981.0,,,Baía do Portel/Rio Camaraipi,,Baía,do,Portel/Rio Camaraipi,Natural,Estadual,Corpo Hídrico Estadual,,,,,,,,302.003415335413,297.468146701508,29746.8146701508,4.93788224358667,,,,,,,,PARÁ,"MELGAÇO, PORTEL",Carta 1:100000,164-102_20040627,bho_massa_dagua,,,,,,,,,,,,,,,,
2992.0,15436.0,,,,,,,,Natural,Estadual,Corpo Hídrico Estadual,,,,,,,,2.59968496193418,0.352463022460337,35.2463022460337,1.23484671217745,,,,,,,,PARÁ,JURUTI,,169-102_20050923,bho_massa_dagua,,,,,,,,,,,,,,,,
31166.0,15064.0,,,,,,,,Natural,Estadual,Corpo Hídrico Estadual,,,,,,,,13.100515994215,1.94260823633038,194.260823633038,2.65060429366089,,,,,,,,PARÁ,MONTE ALEGRE,,167-102_20050903,bho_massa_dagua,,,,,,,,,,,,,,,,
25318.0,37326.0,,,,,,,,Natural,Estadual,Corpo Hídrico Estadual,,,,,,,,1.16206794420934,0.093074717189053,9.30747171890526,1.07414958988526,,,,Lago/Lagoa,,Permanente,,PARÁ,ÓBIDOS,,,hid_massa_dagua_a_bc250k_2015,,,,,,,,,,,,,,,,
21498.0,9557.0,,,,,,,,Natural,Estadual,Corpo Hídrico Estadual,,,,,,,,5.09319755947371,0.424027319635721,42.4027319635721,2.20568104655544,,,,,,,,PARÁ,NOVA IPIXUNA,,161-106_20040801,bho_massa_dagua,,,,,,,,,,,,,,,,
22912.0,15000.0,,,,,,,,Natural,Estadual,Corpo Hídrico Estadual,,,,,,,,8.345990793231,1.39000809869683,139.000809869683,1.99626569793096,,,,,,,,PARÁ,PRAINHA,,167-102_20050903,bho_massa_dagua,,,,,,,,,,,,,,,,
45083.0,38997.0,,,,,,,,Natural,Federal,Terra da União (Terra Indígena),,,,,,,,2.44738169735703,0.095905866786734,9.59058667867344,2.22858000041572,,,,Lago/Lagoa,,Permanente,,PARÁ,JACAREACANGA,,,hid_massa_dagua_a_bc250k_2015,,,,,,,,,,,,,,,,
30500.0,56657.0,6729.0,,,,,,,Artificial,Estadual,Corpo Hídrico Estadual,ESTADO,,,,,,,2.97049220852111,0.209078140122779,20.9078140122779,1.83199047713358,,,,Represa/Açude,Doce,,,PARÁ,SANTA MARIA DAS BARREIRAS,,,hid_trecho_massa_dagua_a_bc250k_2015,,,,,,,,,,,,,,,,
21134.0,6748.0,,,,,,,,Natural,Estadual,Corpo Hídrico Estadual,,,,,,,,6.53879517675005,1.12789254357958,112.789254357958,1.7362528800103,,,,,,,,PARÁ,PRAINHA,,166-102_20051028,bho_massa_dagua,,,,,,,,,,,,,,,,
1023.0,48007.0,,,,,,,,Natural,Estadual,Corpo Hídrico Estadual,,,,,,,,2.13828928139395,0.170503846069956,17.0503846069956,1.46032149354736,,,,Lago/Lagoa,Doce,Permanente,,PARÁ,SANTANA DO ARAGUAIA,,,hid_massa_dagua_a_bc250k_2015,,,,,,,,,,,,,,,,
46057.0,53688.0,,,Rio Mapuá Grande,,Rio,,Mapuá Grande,Natural,Estadual,Corpo Hídrico Estadual,,,,,,,,15.7668321813607,1.13725963540975,113.725963540975,4.16930571397572,,,,Rio,,,Rio Mapuá Grande Caiana,PARÁ,BREVES,,,hid_trecho_massa_dagua_a_bc250k_2015,,,,,,,,,,,,,,,623692,623692
56646.0,53877.0,,,,,,,,Natural,Estadual,Corpo Hídrico Estadual,,,,,,,,7.01631078674909,0.568143518384444,56.8143518384444,2.6249975228962,,,,Rio,,,,PARÁ,CACHOEIRA DO ARARI,,,hid_trecho_massa_dagua_a_bc250k_2015,,,,,,,,,,,,,,,616,616
39752.0,6682.0,,,,,,,,Natural,Federal,Terra da União (Unidade de Conservação),,,,,,,,2.41073100208094,0.24607348385982,24.607348385982,1.37045712246834,,,,,,,,PARÁ,PORTO DE MOZ,,166-102_20051028,bho_massa_dagua,,,,,,,,,,,,,,,,
58170.0,6615.0,,,,,,,,Natural,Estadual,Corpo Hídrico Estadual,,,,,,,,5.95286945977617,0.367833551782596,36.7833551782596,2.76789618448246,,,,,,,,PARÁ,MELGAÇO,,164-102_20040627,bho_massa_dagua,,,,,,,,,,,,,,,,
57928.0,45949.0,,,,,,,,Natural,Estadual,Corpo Hídrico Estadual,,,,,,,,1.40553001564018,0.07455643111825,7.45564311182504,1.45159905705182,,,,Lago/Lagoa,Doce,Permanente,,PARÁ,CONCEIÇÃO DO ARAGUAIA,,,hid_massa_dagua_a_bc250k_2015,,,,,,,,,,,,,,,,
43947.0,37538.0,,,,,,,,Natural,Estadual,Corpo Hídrico Estadual,,,,,,,,1.56387122321248,0.102085962874663,10.2085962874663,1.38027963992144,,,,Lago/Lagoa,,Permanente,,PARÁ,CACHOEIRA DO ARARI,,,hid_massa_dagua_a_bc250k_2015,,,,,,,,,,,,,,,,
241062.0,57113.0,,,Furo Maguari,,Furo,,Maguari,Natural,Estadual,Corpo Hídrico Estadual,,,,,,,,41.086189763898,11.7591294314244,1175.91294314244,3.37876036268193,,,,Rio,,,Furo do Maguari,PARÁ,"ANANINDEUA, BELÉM",,,hid_trecho_massa_dagua_a_bc250k_2015,,,,,,,,,,,,,,,611744,611744
929.0,62979.0,,,,,,,,Natural,Federal,Corpo Hídrico Federal,,,,,,,,67.4939905359645,38.3316018299151,3833.16018299151,3.07422556962752,,,,,,,,PARÁ,"ÓBIDOS, SANTARÉM",,,bho_massa_dagua_2019,Atualizada geometria em 09/2016,,,,,,,,,,,,,,,
60949.0,58885.0,,,,,,,,Artificial,Estadual,Corpo Hídrico Estadual,ESTADO,,,,,,,2.30465356530258,0.125610251367652,12.5610251367652,1.83375882795007,,,,Represa/Açude,,,,PARÁ,PEIXE-BOI,,,hid_trecho_massa_dagua_a_bc250k_2015,,,,,,,,,,,,,,,,
49235.0,53526.0,,,,,,,,Natural,Estadual,Corpo Hídrico Estadual,,,,,,,,4.8235544841331,0.263974633671533,26.3974633671533,2.6474953062567,,,,,,,,PARÁ,PARAGOMINAS,,,hid_trecho_massa_dagua_a_bc250k_2015,,,,,,,,,,,,,,,,
45743.0,15200.0,,,,,,,,Natural,Estadual,Corpo Hídrico Estadual,,,,,,,,3.19939590438185,0.336942996511603,33.6942996511603,1.55431441919967,,,,,,,,PARÁ,SANTARÉM,,168-102_20050805,bho_massa_dagua,,,,,,,,,,,,,,,,
10386.0,14985.0,,,,,,,,Natural,Estadual,Corpo Hídrico Estadual,,,,,,,,7.67304403273038,0.77701799214128,77.701799214128,2.45471604420234,,,,,,,,PARÁ,MONTE ALEGRE,,167-102_20050903,bho_massa_dagua,,,,,,,,,,,,,,,,
18890.0,63063.0,,,Rio Jari,,Rio,,Jari,Natural,Federal,Corpo Hídrico Federal,,,,,,,,1380.60135138003,133.566141129444,13356.6141129443,33.6875333920644,,,,Rio,,,Rio Jari,"AMAPÁ, PARÁ","ALMEIRIM, LARANJAL DO JARI",,,bho_massa_dagua_2019,Atualizada geometria em 09/2016,,,,,,,,,,,,,,418,418
27764.0,22527.0,,,,,,,,Natural,Estadual,Corpo Hídrico Estadual,,,,,,,,2.24619763490231,0.294324653239773,29.4324653239773,1.1675722203919,,,,,,,,PARÁ,"ÓBIDOS, ORIXIMINÁ",,169-102_20050923,bho_massa_dagua,,,,,,,,,,,,,,,,
49794.0,22869.0,,,,,,,,Natural,Estadual,Corpo Hídrico Estadual,,,,,,,,1.980550771263,0.235183004044338,23.5183004044338,1.15168078662022,,,,,,,,PARÁ,CACHOEIRA DO ARARI,,162-101_20060414,bho_massa_dagua,,,,,,,,,,,,,,,,
53659.0,35544.0,,,,,,,,Natural,Estadual,Corpo Hídrico Estadual,,,,,,,,1.42579308823861,0.101768460967727,10.1768460967727,1.26037276478894,,,,Lago/Lagoa,,Permanente,,PARÁ,JURUTI,,,hid_massa_dagua_a_bc250k_2015,,,,,,,,,,,,,,,,
38276.0,6693.0,,,,,,,,Natural,Estadual,Corpo Hídrico Estadual,,,,,,,,4.02456980360668,0.84575699444361,84.575699444361,1.23408698916171,,,,,,,,PARÁ,PRAINHA,,166-102_20051028,bho_massa_dagua,,,,,,,,,,,,,,,,
43344.0,6720.0,,,,,,,,Natural,Federal,Terra da União (Unidade de Conservação),,,,,,,,9.93702997628492,1.31085939044977,131.085939044977,2.44752791322952,,,,,,,,PARÁ,PRAINHA,,166-102_20051028,bho_massa_dagua,,,,,,,,,,,,,,,,
49323.0,39006.0,,,,,,,,Natural,Estadual,Corpo Hídrico Estadual,,,,,,,,1.48185134282443,0.142921164894905,14.2921164894905,1.10536439838859,,,,Lago/Lagoa,,Permanente,,PARÁ,JURUTI,,,hid_massa_dagua_a_bc250k_2015,,,,,,,,,,,,,,,,
31608.0,36489.0,,,,,,,,Natural,Estadual,Corpo Hídrico Estadual,,,,,,,,1.17125051431304,0.086839677873535,8.68396778735347,1.1208301401769,,,,Lago/Lagoa,,Permanente,,PARÁ,JURUTI,,,hid_massa_dagua_a_bc250k_2015,,,,,,,,,,,,,,,,
240863.0,61545.0,,,Baía de Marajó,,Baía,de,Marajó,Natural,Federal,Corpo Hídrico Federal,,,,,,,,500.807109137998,3299.73129306807,329973.129306807,2.45855713727639,,,,Rio,,,Baía de Marajó,PARÁ,"ABAETETUBA, BARCARENA, BELÉM, CACHOEIRA DO ARARI, COLARES, PONTA DE PEDRAS, SALVATERRA, SANTO ANTÔNIO DO TAUÁ, SÃO CAETANO DE ODIVELAS, SOURE, VIGIA",,,hid_trecho_massa_dagua_a_bc250k_2015,,,,,,,,,,,,,,,6,6
1594.0,14789.0,,,,,,,,Natural,Federal,Terra da União (Terra Indígena),,,,,,,,5.46333926256527,0.227402274707259,22.7402274707259,3.2307985268755,,,,,,,,PARÁ,JACAREACANGA,,170-108_20050730,bho_massa_dagua,,,,,,,,,,,,,,,,
384.0,22891.0,,,,,,,,Natural,Estadual,Corpo Hídrico Estadual,,,,,,,,2.05578810643512,0.261106739072484,26.1106739072484,1.13453635515464,,,,,,,,PARÁ,SOURE,,161-101_20040801,bho_massa_dagua,,,,,,,,,,,,,,,,
50087.0,6569.0,,,,,,,,Natural,Estadual,Corpo Hídrico Estadual,,,,,,,,2.79387586565851,0.212691071166171,21.2691071166171,1.70836861871445,,,,,,,,PARÁ,SALVATERRA,,161-101_20040801,bho_massa_dagua,,,,,,,,,,,,,,,,
242065.0,243804.0,,,,,,,,Artificial,Federal,Corpo Hídrico Federal,ANA,,,,,,,1.05727120697693,0.026110132728204,2.61101327282041,1.84514700933778,,,,,,,,PARÁ,JACAREACANGA,,,bho_massa_dagua_2019,,,,,,,,,,,,,,,,
48411.0,15150.0,,,,,,,,Natural,Federal,Corpo Hídrico Federal,,,,,,,,4.76202978126154,0.470555472268171,47.0555472268171,1.95765339213376,,,,,,,,PARÁ,ÓBIDOS,,168-102_20050805,bho_massa_dagua,,,,,,,,,,,,,,,,
31526.0,15136.0,,,,,,,,Natural,Estadual,Corpo Hídrico Estadual,,,,,,,,9.49736204116213,0.884311075879057,88.4311075879057,2.84806285549007,,,,,,,,PARÁ,CURUÁ,,168-102_20050805,bho_massa_dagua,,,,,,,,,,,,,,,,
4220.0,6531.0,,,,,,,,Natural,Estadual,Corpo Hídrico Estadual,,,,,,,,2.58723144782238,0.221155844669349,22.1155844669349,1.551440695383,,,,,,,,PARÁ,CACHOEIRA DO ARARI,,162-101_20060414,bho_massa_dagua,,,,,,,,,,,,,,,,
58101.0,22896.0,,,,,,,,Natural,Federal,Corpo Hídrico Federal,,,,,,,,2.21002925899056,0.221793472447207,22.1793472447207,1.32334399670487,,,,,,,,PARÁ,ALTAMIRA,,165-104_20050719,bho_massa_dagua,,,,,,,,,,,,,,,,
54646.0,55890.0,,,,,,,,Natural,Estadual,Corpo Hídrico Estadual,,,,,,,,9.02278993742901,0.387824051477133,38.7824051477133,4.08575748840296,,,,,,,,PARÁ,QUATIPURU,,,hid_trecho_massa_dagua_a_bc250k_2015,,,,,,,,,,,,,,,,
27332.0,22858.0,,,,,,,,Natural,Estadual,Corpo Hídrico Estadual,,,,,,,,4.03582324409364,0.367393703195232,36.7393703195232,1.87765324141262,,,,,,,,PARÁ,PONTA DE PEDRAS,,162-101_20060414,bho_massa_dagua,,,,,,,,,,,,,,,,
15562.0,22868.0,,,,,,,,Natural,Estadual,Corpo Hídrico Estadual,,,,,,,,2.18898791718041,0.240457717175905,24.0457717175905,1.25884747403145,,,,,,,,PARÁ,CACHOEIRA DO ARARI,,162-101_20060414,bho_massa_dagua,,,,,,,,,,,,,,,,
40088.0,6553.0,,,,,,,,Artificial,Estadual,Corpo Hídrico Estadual,ESTADO,,,,,,,8.41631398996576,0.474708003230621,47.4708003230621,3.44475041358805,,,,,,,,PARÁ,PARAGOMINAS,,161-104_20040801,bho_massa_dagua,,,,,,,,,,,,,,,,
36084.0,15623.0,,,,,,,,Natural,Federal,Terra da União (Unidade de Conservação),,,,,,,,3.71087433420325,0.30491297961841,30.491297961841,1.89512298906857,,,,,,,,PARÁ,SANTARÉM,,168-103_20050805,bho_massa_dagua,,,,,,,,,,,,,,,,
50378.0,38686.0,,,,,,,,Natural,Estadual,Corpo Hídrico Estadual,,,,,,,,1.68328928812984,0.126231885110754,12.6231885110754,1.3360519157607,,,,Lago/Lagoa,,Permanente,,PARÁ,NOVO REPARTIMENTO,,,hid_massa_dagua_a_bc250k_2015,,,,,,,,,,,,,,,,
26105.0,57169.0,,,Rio Arumanduba,,Rio,,Arumanduba,Natural,Estadual,Corpo Hídrico Estadual,,,,,,,,6.50949134293652,0.425490695111436,42.5490695111436,2.8141751808191,,,,,,,,PARÁ,ABAETETUBA,,,hid_trecho_massa_dagua_a_bc250k_2015,,,,,,,,,,,,,,,,
242709.0,62875.0,,,Rio Teles Pires,São Manoel,Rio,,Teles Pires,Natural,Federal,Corpo Hídrico Federal,,,,,,,,1057.57680403886,273.469555852303,27346.9555852302,18.0346007556953,,,,Rio,,,Rio São Manuel ou Teles Pires,"MATO GROSSO, PARÁ","APIACÁS, JACAREACANGA, PARANAÍTA",,,bho_massa_dagua_2019,Atualizada geometria em 09/2016,,,,,,,,,,,,,,444,444
793.0,38562.0,,,,,,,,Natural,Estadual,Corpo Hídrico Estadual,,,,,,,,1.37121850460197,0.121577288967469,12.1577288967469,1.10899489325833,,,,Lago/Lagoa,,Permanente,,PARÁ,MONTE ALEGRE,,,hid_massa_dagua_a_bc250k_2015,,,,,,,,,,,,,,,,
8492.0,55875.0,,,,,,,,Natural,Estadual,Corpo Hídrico Estadual,,,,,,,,0.948368964679434,0.037601962181689,3.76019621816885,1.37918075196716,,,,,,,,PARÁ,MARABÁ,,,hid_trecho_massa_dagua_a_bc250k_2015,,,,,,,,,,,,,,,,
50715.0,35583.0,,,,,,,,Natural,Estadual,Corpo Hídrico Estadual,,,,,,,,1.13992007414376,0.078468782076356,7.84687820763564,1.14755908110297,,,,Lago/Lagoa,Doce,Permanente,,PARÁ,CONCEIÇÃO DO ARAGUAIA,,,hid_massa_dagua_a_bc250k_2015,,,,,,,,,,,,,,,,
54956.0,15079.0,,,,,,,,Natural,Estadual,Corpo Hídrico Estadual,,,,,,,,4.06851722443413,0.485781088204601,48.5781088204601,1.64613316782419,,,,,,,,PARÁ,MONTE ALEGRE,,167-102_20050903,bho_massa_dagua,,,,,,,,,,,,,,,,
32760.0,39345.0,,,,,,,,Natural,Estadual,Corpo Hídrico Estadual,,,,,,,,1.65054124381352,0.127693146233695,12.7693146233695,1.30254187878338,,,,Lago/Lagoa,,Permanente,,PARÁ,PRAINHA,,,hid_massa_dagua_a_bc250k_2015,,,,,,,,,,,,,,,,
39015.0,53781.0,,,Lagoa do Tucunaré,,Lagoa,do,Tucunaré,Natural,Estadual,Corpo Hídrico Estadual,,,,,,,,4.81120704155452,0.301012242682421,30.1012242682421,2.47292573962477,,,,,,,,PARÁ,ORIXIMINÁ,,,hid_trecho_massa_dagua_a_bc250k_2015,,,,,,,,,,,,,,,,
61752.0,62835.0,5179.0,19160.0,UHE Teles Pires,,UHE,,Teles Pires,Artificial,Federal,Corpo Hídrico Federal,ANEEL,Companhia Hidrelétrica Teles Pires,COSER/ANA (RSB2017),31/11/2015,ANEEL,961.1,SNISB,525.307370019785,119.215877061793,11921.5877061793,13.5673663836243,Hidrelétrica,SNISB,UHE,,,,,"MATO GROSSO, PARÁ","JACAREACANGA, PARANAÍTA",ANEEL,228-066_20160417,bho_massa_dagua_2019,Reservatório incluído na atualização de 09/2016,,,,,,,,,,,,,,,
240888.0,15244.0,,,Lagoa da Jibóia,,Lagoa,da,Jibóia,Natural,Estadual,Corpo Hídrico Estadual,,,,,,,,298.268076313481,121.681577100205,12168.1577100205,7.62506353230903,,,,,,,,PARÁ,ORIXIMINÁ,Carta 1:100000,169-102_20050923,bho_massa_dagua,,,,,,,,,,,,,,,,
33919.0,53750.0,,,Canal do Norte,,Canal,do,Norte,Natural,Federal,Corpo Hídrico Federal,,,,,,,,1727.87526653485,3257.21703899369,325721.703899369,8.53764607549,,,,Rio,,,Rio Amazonas,"AMAPÁ, PARÁ","AFUÁ, ALMEIRIM, CHAVES, GURUPÁ, ITAUBAL, MACAPÁ, MAZAGÃO, SANTANA, VITÓRIA DO JARI",,,hid_trecho_massa_dagua_a_bc250k_2015,,,,,,,,,,,,,,,4,4
26879.0,15258.0,,,Lagoa Itapicuru,,Lagoa,,Itapicuru,Natural,Estadual,Corpo Hídrico Estadual,,,,,,,,4.18280191470201,0.242002978048452,24.2002978048452,2.39776187916919,,,,,,,,PARÁ,"ÓBIDOS, ORIXIMINÁ",Carta 1:250000,169-102_20050923,bho_massa_dagua,,,,,,,,,,,,,,,,
51787.0,53788.0,6809.0,,Barragem Altamiro Rodrigues de Oliveira,,Barragem,,Altamiro Rodrigues de Oliveira,Artificial,Estadual,Corpo Hídrico Estadual,ESTADO,Altamiro Rodrigues de Oliveira,COSER/ANA (RSB2018),,,8.163,SNISB,12.0713183299509,0.921113994971866,92.1113994971866,3.54688510627499,Irrigação,SNISB,,Rio,,,Igarapé da Pimenta,PARÁ,TAILÂNDIA,,,hid_trecho_massa_dagua_a_bc250k_2015,,,,,,,,,,,,,,,61428,61428
21682.0,63433.0,601.0,,Dique Provisório 1,,Dique,,Provisório 1,Artificial,Estadual,Corpo Hídrico Estadual,ANM,Vale S.A. - Filial: Vale Minas MOP,ANM,,,,,0.720582387541716,0.01544152437917,1.54415243791696,1.63526320759016,Contenção de rejeitos de mineração,ANM,,,,,,PARÁ,SÃO FÉLIX DO XINGU,DNPM,Bing Aerial,bho_massa_dagua_2019,Reservatório incluído na atualização de 09/2016,,,,,,,,,,,,,,,
242126.0,244457.0,6814.0,,Bacia 6A,,Bacia,,6A,Artificial,Estadual,Corpo Hídrico Estadual,ANM,Imerys Rio Capim Caulim S.A.,ANM,,,,,1.15689632953904,0.071669206263591,7.16692062635908,1.21864512127872,Contenção de rejeitos de mineração,ANM,,,,,,PARÁ,BARCARENA,,,bho_massa_dagua_2020,,,,,,,,,,,,,,,,
14928.0,62986.0,,,Rio Mapuera,,Rio,,Mapuera,Natural,Federal,Terra da União (Terra Indígena),,,,,,,,635.657204017072,61.3075535688467,6130.75535688467,22.8936526075349,,,,Rio,,,Rio Mapuera,PARÁ,ORIXIMINÁ,,,bho_massa_dagua_2019,Atualizada geometria em 09/2016,,,,,,,,,,,,,,4544,4544
6826.0,15234.0,,,Lagoa Turumã,,Lagoa,,Turumã,Natural,Estadual,Corpo Hídrico Estadual,,,,,,,,7.47207842055588,0.396340211556081,39.634021155608,3.34700577053136,,,,,,,,PARÁ,ORIXIMINÁ,Carta 1:100000,169-102_20050923,bho_massa_dagua,,,,,,,,,,,,,,,,
22920.0,36436.0,,,,,,,,Natural,Estadual,Corpo Hídrico Estadual,,,,,,,,1.81808497276678,0.165654425030447,16.5654425030447,1.25968443986435,,,,Lago/Lagoa,,Permanente,,PARÁ,PARAGOMINAS,,,hid_massa_dagua_a_bc250k_2015,,,,,,,,,,,,,,,,
32627.0,15232.0,,,Lagoa Sumaúma,,Lagoa,,Sumaúma,Natural,Estadual,Corpo Hídrico Estadual,,,,,,,,21.0416702003406,3.75161814722027,375.161814722027,3.0635149475235,,,,,,,,PARÁ,ORIXIMINÁ,Carta 1:100000,169-102_20050923,bho_massa_dagua,,,,,,,,,,,,,,,,
13111.0,15305.0,,,Lagoa Paquatéua,,Lagoa,,Paquatéua,Natural,Estadual,Corpo Hídrico Estadual,,,,,,,,9.9630835122484,1.25730853355156,125.730853355156,2.5056588885795,,,,,,,,PARÁ,ORIXIMINÁ,Carta 1:100000,169-102_20050923,bho_massa_dagua,,,,,,,,,,,,,,,,
33685.0,6698.0,,,,,,,,Natural,Estadual,Corpo Hídrico Estadual,,,,,,,,8.86950267515794,2.52908476057577,252.908476057577,1.57277531795474,,,,,,,,PARÁ,PRAINHA,,166-102_20051028,bho_massa_dagua,,,,,,,,,,,,,,,,
8991.0,57154.0,,,Igarapé Flechal,,Igarapé,,Flechal,Natural,Estadual,Corpo Hídrico Estadual,,,,,,,,6.01769959748879,0.377900902900732,37.7900902900732,2.76051840853389,,,,,,,,PARÁ,SÃO SEBASTIÃO DA BOA VISTA,,,hid_trecho_massa_dagua_a_bc250k_2015,,,,,,,,,,,,,,,,
31926.0,15110.0,,,,,,,,Natural,Estadual,Corpo Hídrico Estadual,,,,,,,,10.7571854046589,2.9277929704835,292.77929704835,1.77287281395404,,,,,,,,PARÁ,ÓBIDOS,,168-102_20050805,bho_massa_dagua,,,,,,,,,,,,,,,,
50422.0,38764.0,,,,,,,,Natural,Estadual,Corpo Hídrico Estadual,,,,,,,,3.3183149980802,0.165104659447036,16.5104659447036,2.30296349256354,,,,Lago/Lagoa,,Permanente,,PARÁ,MOJU,,,hid_massa_dagua_a_bc250k_2015,,,,,,,,,,,,,,,,
30483.0,47907.0,,,,,,,,Natural,Estadual,Corpo Hídrico Estadual,,,,,,,,2.12690679955188,0.176984225834492,17.6984225834492,1.42570701905425,,,,Lago/Lagoa,Doce,Permanente,,PARÁ,SANTA MARIA DAS BARREIRAS,,,hid_massa_dagua_a_bc250k_2015,,,,,,,,,,,,,,,,
10342.0,14943.0,,,Lagoa do Mucambinho,,Lagoa,do,Mucambinho,Natural,Estadual,Corpo Hídrico Estadual,,,,,,,,2.8133521235695,0.339139685972736,33.9139685972736,1.36233493636595,,,,,,,,PARÁ,ÓBIDOS,Carta 1:100000,169-101_20050923,bho_massa_dagua,,,,,,,,,,,,,,,,
59012.0,15317.0,,,,,,,,Natural,Estadual,Corpo Hídrico Estadual,,,,,,,,3.10197785443561,0.255326676160698,25.5326676160698,1.73116995226186,,,,,,,,PARÁ,ÓBIDOS,,169-102_20050923,bho_massa_dagua,,,,,,,,,,,,,,,,
50591.0,15005.0,,,,,,,,Natural,Estadual,Corpo Hídrico Estadual,,,,,,,,2.23086899198762,0.201600880149965,20.1600880149965,1.40112526222567,,,,,,,,PARÁ,PRAINHA,,167-102_20050903,bho_massa_dagua,,,,,,,,,,,,,,,,
32420.0,37536.0,,,,,,,,Natural,Estadual,Corpo Hídrico Estadual,,,,,,,,2.01813245270862,0.166666413183633,16.6666413183633,1.39403837747715,,,,Lago/Lagoa,,Permanente,,PARÁ,PORTEL,,,hid_massa_dagua_a_bc250k_2015,,,,,,,,,,,,,,,,
9240.0,15007.0,,,,,,,,Natural,Estadual,Corpo Hídrico Estadual,,,,,,,,4.004297048094,0.453473606731961,45.3473606731961,1.67686997169515,,,,,,,,PARÁ,PRAINHA,,167-102_20050903,bho_massa_dagua,,,,,,,,,,,,,,,,
5233.0,53742.0,,,Rio Marapi,,Rio,,Marapi,Natural,Federal,Terra da União (Terra Indígena),,,,,,,,218.875938283933,14.102371377099,1410.2371377099,16.4361863092303,,,,Rio,,,Rio Marapi,PARÁ,ORIXIMINÁ,,,hid_trecho_massa_dagua_a_bc250k_2015,,,,,,,,,,,,,,,45428,45428
230.0,61253.0,,,,,,,,Natural,Estadual,Corpo Hídrico Estadual,,,,,,,,15.7427259392283,1.18164680818211,118.164680818211,4.08399498595359,,,,Rio,,,Rio Maracapucu-miri,PARÁ,ABAETETUBA,,,hid_trecho_massa_dagua_a_bc250k_2015,,,,,,,,,,,,,,,618,618
55594.0,15572.0,,,,,,,,Natural,Estadual,Corpo Hídrico Estadual,,,,,,,,3.65735351474531,0.435086152119039,43.5086152119039,1.56360992546105,,,,,,,,PARÁ,"PRAINHA, SANTARÉM",,167-103_20041217,bho_massa_dagua,,,,,,,,,,,,,,,,
34283.0,53863.0,,,Rio Tijucaquara,,Rio,,Tijucaquara,Natural,Estadual,Corpo Hídrico Estadual,,,,,,,,17.9039029653786,1.65035824100387,165.035824100387,3.93013719028089,,,,Rio,,,Rio Tijucaquara,PARÁ,MUANÁ,,,hid_trecho_massa_dagua_a_bc250k_2015,,,,,,,,,,,,,,,62126,62126
51845.0,63848.0,,,Rio Erepecuru,,Rio,,Erepecuru,Natural,Federal,Terra da União (Terra Indígena),,,,,,,,318.730894713957,21.9614738794396,2196.14738794396,19.1797317418623,,,,Rio,,,Rio Erepecuru ou Paru do Oeste,PARÁ,"ÓBIDOS, ORIXIMINÁ",,,bho_massa_dagua_2019,Atualizada geometria em 09/2016,,,,,,,,,,,,,,4542,4542
5526.0,57145.0,,,,,,,,Artificial,Estadual,Corpo Hídrico Estadual,ESTADO,,,,,,,3.28614558620774,0.270809862393096,27.0809862393096,1.78075294050854,,,,Represa/Açude,,,,PARÁ,NOVO PROGRESSO,,,hid_trecho_massa_dagua_a_bc250k_2015,,,,,,,,,,,,,,,,
45705.0,5997.0,,,Represa Parque Aquático da CIBRASA,,Represa,,Parque Aquático da CIBRASA,Artificial,Estadual,Corpo Hídrico Estadual,ESTADO,,,,,,,4.35612355946866,0.415225876034756,41.5225876034756,1.90636955271116,,,,,,,,PARÁ,PEIXE-BOI,GOOGLE EARTH,160-101_20050803,bho_massa_dagua,Tipo de Reservatório alterado para Artificial por constituir represa de parque aquático,,,,,,,,,,,,,,,
23161.0,15071.0,,,,,,,,Natural,Federal,Corpo Hídrico Federal,,,,,,,,4.60724458078812,0.424808177623984,42.4808177623984,1.9933976502903,,,,,,,,PARÁ,SANTARÉM,,167-102_20050903,bho_massa_dagua,,,,,,,,,,,,,,,,
56724.0,15612.0,,,,,,,,Natural,Federal,Corpo Hídrico Federal,,,,,,,,2.87170659453293,0.390845578542633,39.0845578542633,1.29534833772667,,,,,,,,PARÁ,SANTARÉM,,167-103_20041217,bho_massa_dagua,,,,,,,,,,,,,,,,
770.0,56394.0,,,Baía de Santa Rosa,,Baía,de,Santa Rosa,Natural,Federal,Corpo Hídrico Federal,,,,,,,,289.731550710723,809.625385918498,80962.5385918498,2.87146046147965,,,,Rio,,,,PARÁ,CHAVES,,,hid_trecho_massa_dagua_a_bc250k_2015,,,,,,,,,,,,,,,,52
242055.0,243898.0,5534.0,,Barragem SP5 Oeste,,Barragem,,SP5 Oeste,Artificial,Federal,Terra da União (Unidade de Conservação),ANM,Mineracao Rio do Norte S.A.,ANM,,,,,3.47353884281688,0.63313089623259,63.313089623259,1.23104666072933,Contenção de rejeitos de mineração,ANM,,,,,,PARÁ,ORIXIMINÁ,,,bho_massa_dagua_2019,,,,,,,,,,,,,,,,
240554.0,242609.0,,,Rio Arapiuns,,Rio,,Arapiuns,Natural,Estadual,Corpo Hídrico Estadual,,,,,,,,5.69906798804667,0.559633544218789,55.9633544218789,2.14833041638225,,,,Rio,,,Rio Arapiuns,PARÁ,SANTARÉM,Carta 1:100000,168-103_20050805,bho_massa_dagua,,,,,,,,,,,,,,,4412,4412
43366.0,57056.0,,,Furo Atatá Grande,,Furo,,Atatá Grande,Natural,Estadual,Corpo Hídrico Estadual,,,,,,,,65.9763998504218,19.1756589230682,1917.56589230682,4.24876365901185,,,,Rio,,,Rio Tijucaquara,PARÁ,MUANÁ,,,hid_trecho_massa_dagua_a_bc250k_2015,,,,,,,,,,,,,,,6212,6212
9699.0,15753.0,,,Lago Sumaúma,Rio Mamuru,Lago,,Sumaúma,Natural,Federal,Corpo Hídrico Federal,,,,,,,,68.1231839606846,13.2928539409286,1329.28539409286,5.26908166655289,,,,,,,,PARÁ,JURUTI,Carta 1:100000,169-103_20050923,bho_massa_dagua,,,,,,,,,,,,,,,,
24550.0,9515.0,,,Lagoa Grande,,Lagoa,,Grande,Natural,Estadual,Corpo Hídrico Estadual,,,,,,,,2.72575878725621,0.452348116628899,45.2348116628899,1.14287869248564,,,,,,,,PARÁ,CONCEIÇÃO DO ARAGUAIA,Carta 1:100000,161-109_20050514,bho_massa_dagua,,,,,,,,,,,,,,,,
8111.0,54098.0,,,Rio Acará-Mirim,,Rio,,Acará-Mirim,Natural,Estadual,Corpo Hídrico Estadual,,,,,,,,10.9312174667331,0.632683131643265,63.2683131643265,3.87547120852391,,,,Rio,,,Rio Acará Mirim,PARÁ,ACARÁ,,,hid_trecho_massa_dagua_a_bc250k_2015,,,,,,,,,,,,,,,61424,61424
48434.0,6540.0,5161.0,19134.0,UHE Tucuruí,Tucuruí I e II,UHE,,Tucuruí,Artificial,Federal,Corpo Hídrico Federal,ANEEL,Centrais Elétricas do Norte do Brasil S/A,ANEEL,31/12/1984,ANEEL,50280.0,SNISB,8392.02837907266,2784.08921044689,278408.921044689,44.8512424851721,Hidrelétrica,SNISB,UHE,,,,,PARÁ,"BREU BRANCO, GOIANÉSIA DO PARÁ, ITUPIRANGA, JACUNDÁ, NOVA IPIXUNA, NOVO REPARTIMENTO, TUCURUÍ",ANEEL,Spot5_20090115,bho_massa_dagua,Atualizada geometria em 02/2016,4785.0,,2000.0,2.0,Regulariza_ONS,Calculado na DispHidrica. Vz da barragem,Inventário Restr. Op. ONS2018,Conjuntura Hintegrada2006,2954.0,58115.0,0.0,0.0,,,
22178.0,15124.0,,,,,,,,Natural,Federal,Corpo Hídrico Federal,,,,,,,,3.17553922945419,0.339815445010455,33.9815445010455,1.53619035287189,,,,,,,,PARÁ,ALENQUER,,168-102_20050805,bho_massa_dagua,,,,,,,,,,,,,,,,
23807.0,57204.0,,,Furo do Benedito,,Furo,do,Benedito,Natural,Federal,Corpo Hídrico Federal,,,,,,,,34.1889740352007,7.27236677232807,727.236677232807,3.57517487663547,,,,Rio,,,Furo do Benedito,PARÁ,"ACARÁ, BELÉM",,,hid_trecho_massa_dagua_a_bc250k_2015,,,,,,,,,,,,,,,612,612
13564.0,15202.0,,,,,,,,Natural,Federal,Corpo Hídrico Federal,,,,,,,,6.15989622879937,0.73970390588942,73.970390588942,2.01973107911912,,,,,,,,PARÁ,SANTARÉM,,168-102_20050805,bho_massa_dagua,,,,,,,,,,,,,,,,
44857.0,15096.0,,,,,,,,Natural,Estadual,Corpo Hídrico Estadual,,,,,,,,3.32072278947608,0.288908715553248,28.8908715553248,1.74221363871211,,,,,,,,PARÁ,"ALENQUER, CURUÁ",,168-102_20050805,bho_massa_dagua,,,,,,,,,,,,,,,,
47503.0,56351.0,,,,,,,,Natural,Federal,Terra da União (Unidade de Conservação),,,,,,,,2.27419842609856,0.191566278631634,19.1566278631634,1.46527092331082,,,,,,,,PARÁ,AUGUSTO CORRÊA,,,hid_trecho_massa_dagua_a_bc250k_2015,,,,,,,,,,,,,,,,
43534.0,6522.0,,,,,,,,Natural,Estadual,Corpo Hídrico Estadual,,,,,,,,4.750168973775,0.292040197474426,29.2040197474426,2.47877353273626,,,,,,,,PARÁ,CHAVES,,Geocover S-22-00_2000,bho_massa_dagua,,,,,,,,,,,,,,,,
28938.0,6665.0,,,,,,,,Natural,Estadual,Corpo Hídrico Estadual,,,,,,,,4.99835851982889,0.281178147736625,28.1178147736625,2.65818822116522,,,,,,,,PARÁ,PRAINHA,,166-102_20051028,bho_massa_dagua,,,,,,,,,,,,,,,,
35766.0,21005.0,,,,,,,,Natural,Federal,Terra da União (Terra Indígena),,,,,,,,3.47066094876983,0.245840631559301,24.5840631559301,1.97394235610199,,,,,,,,PARÁ,ORIXIMINÁ,,170-097_20051016,bho_massa_dagua,,,,,,,,,,,,,,,,
27805.0,38652.0,,,,,,,,Natural,Estadual,Corpo Hídrico Estadual,,,,,,,,1.83014411163567,0.120759985962877,12.0759985962877,1.48515872256937,,,,Lago/Lagoa,,Permanente,,PARÁ,MOJU,,,hid_massa_dagua_a_bc250k_2015,,,,,,,,,,,,,,,,
19279.0,38049.0,,,,,,,,Natural,Estadual,Corpo Hídrico Estadual,,,,,,,,8.05347176110226,0.862342040303302,86.2342040303302,2.44563966246099,,,,Lago/Lagoa,,Permanente,,PARÁ,CHAVES,,,hid_massa_dagua_a_bc250k_2015,,,,,,,,,,,,,,,,
1856.0,32692.0,,,Rio Gurupi,,Rio,,Gurupi,Natural,Federal,Corpo Hídrico Federal,,,,,,,,1.44496933659756,0.050299730459888,5.0299730459888,1.81687442021179,,,,,,,,PARÁ,ULIANÓPOLIS,,159-105_20050711,bho_massa_dagua_20,Atualizada geometria em 09/2016,,,,,,,,,,,,,,,
3960.0,15354.0,,,,,,,,Natural,Estadual,Corpo Hídrico Estadual,,,,,,,,3.32873736955415,0.203248203873485,20.3248203873485,2.08216567000493,,,,,,,,PARÁ,TERRA SANTA,,169-102_20050923,bho_massa_dagua,,,,,,,,,,,,,,,,
55123.0,35731.0,,,,,,,,Natural,Estadual,Corpo Hídrico Estadual,,,,,,,,1.32178202811303,0.106972805192853,10.6972805192853,1.13965200421243,,,,Lago/Lagoa,,Permanente,,PARÁ,JURUTI,,,hid_massa_dagua_a_bc250k_2015,,,,,,,,,,,,,,,,
56614.0,16236.0,,,,,,,,Natural,Estadual,Corpo Hídrico Estadual,,,,,,,,6.32778159756018,0.223287251517748,22.3287251517748,3.77631858098078,,,,,,,,PARÁ,BELTERRA,,168-103_20050805,bho_massa_dagua,,,,,,,,,,,,,,,,
2463.0,15168.0,,,,,,,,Natural,Federal,Corpo Hídrico Federal,,,,,,,,12.27498383882,1.44123337800639,144.123337800639,2.8833866380657,,,,,,,,PARÁ,CURUÁ,,168-102_20050805,bho_massa_dagua,,,,,,,,,,,,,,,,
50767.0,35819.0,,,,,,,,Natural,Estadual,Corpo Hídrico Estadual,,,,,,,,1.51798030005404,0.152559400319978,15.2559400319978,1.09596265881187,,,,Lago/Lagoa,,Permanente,,PARÁ,PRAINHA,,,hid_massa_dagua_a_bc250k_2015,,,,,,,,,,,,,,,,
50253.0,9528.0,,,,,,,,Natural,Estadual,Corpo Hídrico Estadual,,,,,,,,4.12840933634073,0.333368169629545,33.3368169629545,2.01636799100927,,,,,,,,PARÁ,SÃO FÉLIX DO XINGU,,164-107_20050531,bho_massa_dagua,,,,,,,,,,,,,,,,
33676.0,22846.0,,,,,,,,Natural,Estadual,Corpo Hídrico Estadual,,,,,,,,3.56484750256429,0.25581940655794,25.581940655794,1.98757406431636,,,,,,,,PARÁ,BAIÃO,,162-104_20040824,bho_massa_dagua,,,,,,,,,,,,,,,,
2918.0,43973.0,,,,,,,,Natural,Estadual,Corpo Hídrico Estadual,,,,,,,,2.38152318291303,0.164117681582157,16.4117681582157,1.65777747812678,,,,Meandro abandonado,Doce,Permanente,,PARÁ,NOVA IPIXUNA,,,hid_massa_dagua_a_bc250k_2015,,,,,,,,,,,,,,,,
32885.0,16721.0,,,,,,,,Natural,Estadual,Corpo Hídrico Estadual,,,,,,,,9.26455497245153,0.661701049207996,66.1701049207996,3.21175759125526,,,,,,,,PARÁ,ITAITUBA,,168-105_20050831,bho_massa_dagua,,,,,,,,,,,,,,,,
17034.0,22565.0,,,,,,,,Natural,Estadual,Corpo Hídrico Estadual,,,,,,,,4.79029101839873,0.460115483736681,46.0115483736681,1.99148748944303,,,,,,,,PARÁ,ALENQUER,,Geocover S-21-00_2000,bho_massa_dagua,,,,,,,,,,,,,,,,
32339.0,20793.0,,,,,,,,Natural,Estadual,Corpo Hídrico Estadual,,,,,,,,6.80342265327269,0.816713823857275,81.6713823857275,2.12295899951628,,,,,,,,PARÁ,SOURE,,162-100_20060414,bho_massa_dagua,,,,,,,,,,,,,,,,
4392.0,22890.0,,,,,,,,Natural,Estadual,Corpo Hídrico Estadual,,,,,,,,4.91050367793411,0.403272914293863,40.3272914293863,2.18059806373929,,,,,,,,PARÁ,SOURE,,161-101_20040801,bho_massa_dagua,,,,,,,,,,,,,,,,
32371.0,22954.0,,,,,,,,Natural,Estadual,Corpo Hídrico Estadual,,,,,,,,6.99137222677614,1.48291214957202,148.291214957202,1.61902599413133,,,,,,,,PARÁ,"CACHOEIRA DO ARARI, SANTA CRUZ DO ARARI",,162-101_20060414,bho_massa_dagua,,,,,,,,,,,,,,,,
8783.0,6760.0,,,,,,,,Natural,Estadual,Corpo Hídrico Estadual,,,,,,,,3.06759628287521,0.199209113664205,19.9209113664205,1.93817376002034,,,,,,,,PARÁ,ALMEIRIM,,166-102_20051028,bho_massa_dagua,,,,,,,,,,,,,,,,
17086.0,9509.0,,,,,,,,Natural,Federal,Terra da União (Terra Indígena),,,,,,,,4.33775402793427,0.285367454473189,28.5367454473189,2.28987517797033,,,,,,,,PARÁ,SÃO FÉLIX DO XINGU,,164-109_20050626,bho_massa_dagua,,,,,,,,,,,,,,,,
242186.0,244298.0,6836.0,,,,,,,Artificial,Estadual,Corpo Hídrico Estadual,ESTADO,,,,,,,1.38786352324591,0.023410664352781,2.3410664352781,2.55793203302816,,,,,,,,PARÁ,CONCÓRDIA DO PARÁ,,,bho_massa_dagua_2020,,,,,,,,,,,,,,,,
6236.0,6482.0,,,,,,,,Natural,Estadual,Corpo Hídrico Estadual,,,,,,,,11.9655696773496,1.02105314473497,102.105314473497,3.33932212373517,,,,,,,,PARÁ,SOURE,,161-101_20040801,bho_massa_dagua,,,,,,,,,,,,,,,,
242191.0,244308.0,,,,,,,,Artificial,Estadual,Corpo Hídrico Estadual,ESTADO,,,,,,,3.53565905530857,0.125183116565457,12.5183116565457,2.81803645996395,,,,,,,,PARÁ,IPIXUNA DO PARÁ,,,bho_massa_dagua_2020,,,,,,,,,,,,,,,,
242247.0,244478.0,6873.0,,,,,,,Artificial,Estadual,Corpo Hídrico Estadual,ESTADO,,,,,,,2.89059183083038,0.076188455650441,7.61884556504411,2.95318935336348,,,,,,,,PARÁ,PARAGOMINAS,,,bho_massa_dagua_2020,,,,,,,,,,,,,,,,
242061.0,243802.0,,,,,,,,Artificial,Federal,Corpo Hídrico Federal,ANA,,,,,,,0.512306308826096,0.007254978296148,0.725497829614827,1.69613631858608,,,,,,,,PARÁ,ALTAMIRA,,,bho_massa_dagua_2019,,,,,,,,,,,,,,,,
2480.0,9462.0,,,,,,,,Natural,Federal,Terra da União (Terra Indígena),,,,,,,,5.4979147105398,0.346477888445067,34.6477888445067,2.63396102668103,,,,,,,,PARÁ,ALTAMIRA,,165-110_20050719,bho_massa_dagua,,,,,,,,,,,,,,,,
11038.0,9367.0,,,,,,,,Natural,Estadual,Corpo Hídrico Estadual,,,,,,,,4.00103239898326,0.237731242059018,23.7731242059018,2.31407828385099,,,,,,,,PARÁ,SANTA MARIA DAS BARREIRAS,,161-110_20050731,bho_massa_dagua,,,,,,,,,,,,,,,,
11881.0,6592.0,,,,,,,,Natural,Estadual,Corpo Hídrico Estadual,,,,,,,,5.45761368371807,0.395240194764824,39.5240194764824,2.44805599301551,,,,,,,,PARÁ,SALVATERRA,,161-101_20040801,bho_massa_dagua,,,,,,,,,,,,,,,,
36579.0,15346.0,,,,,,,,Natural,Estadual,Corpo Hídrico Estadual,,,,,,,,12.5115860907541,3.26906858011656,326.906858011656,1.95141420100016,,,,,,,,PARÁ,TERRA SANTA,,169-102_20050923,bho_massa_dagua,,,,,,,,,,,,,,,,
31408.0,6070.0,,,,,,,,Natural,Estadual,Corpo Hídrico Estadual,,,,,,,,5.41363426512392,0.566023219633375,56.6023219633375,2.02918151281511,,,,,,,,PARÁ,IPIXUNA DO PARÁ,,160-103_20050803,bho_massa_dagua,,,,,,,,,,,,,,,,
37746.0,6706.0,,,,,,,,Natural,Estadual,Corpo Hídrico Estadual,,,,,,,,7.40698098354702,1.13419434696867,113.419434696867,1.96131160842414,,,,,,,,PARÁ,PRAINHA,,166-102_20051028,bho_massa_dagua,,,,,,,,,,,,,,,,
47466.0,15328.0,,,,,,,,Natural,Estadual,Corpo Hídrico Estadual,,,,,,,,6.16668687865437,1.60286645415857,160.286645415857,1.37357486648061,,,,,,,,PARÁ,ÓBIDOS,,169-102_20050923,bho_massa_dagua,,,,,,,,,,,,,,,,
21625.0,6686.0,,,,,,,,Natural,Federal,Terra da União (Unidade de Conservação),,,,,,,,4.82031326216357,0.701927958336934,70.1927958336934,1.62247532569058,,,,,,,,PARÁ,PORTO DE MOZ,,166-102_20051028,bho_massa_dagua,,,,,,,,,,,,,,,,
14884.0,21757.0,,,,,,,,Natural,Federal,Corpo Hídrico Federal,,,,,,,,3.92855357212734,0.730901125690037,73.0901125690037,1.29584325573077,,,,,,,,PARÁ,CHAVES,,163-100_20040126,bho_massa_dagua,,,,,,,,,,,,,,,,
18560.0,22568.0,,,,,,,,Natural,Estadual,Corpo Hídrico Estadual,,,,,,,,3.7063600231391,0.210392451575129,21.0392451575129,2.27867104669132,,,,,,,,PARÁ,SANTARÉM,,167-103_20041217,bho_massa_dagua,,,,,,,,,,,,,,,,
12101.0,14887.0,,,,,,,,Natural,Federal,Corpo Hídrico Federal,,,,,,,,3.78748984711502,0.462390405943524,46.2390405943524,1.57071061389496,,,,,,,,PARÁ,ITAITUBA,,168-105_20050831,bho_massa_dagua,,,,,,,,,,,,,,,,
59278.0,22552.0,,,,,,,,Natural,Federal,Corpo Hídrico Federal,,,,,,,,2.997603742409,0.238439168798747,23.8439168798747,1.73114932603852,,,,,,,,PARÁ,ALENQUER,,168-102_20050805,bho_massa_dagua,,,,,,,,,,,,,,,,
54336.0,6675.0,,,,,,,,Natural,Estadual,Corpo Hídrico Estadual,,,,,,,,5.61035443182832,0.51267767402274,51.267767402274,2.20961802580432,,,,,,,,PARÁ,"PORTO DE MOZ, PRAINHA",,166-102_20051028,bho_massa_dagua,,,,,,,,,,,,,,,,
38300.0,55178.0,,,,,,,,Natural,Estadual,Corpo Hídrico Estadual,,,,,,,,5.01069262669552,0.533359521192708,53.3359521192708,1.93480341215389,,,,Rio,,,,PARÁ,QUATIPURU,,,hid_trecho_massa_dagua_a_bc250k_2015,,,,,,,,,,,,,,,,
30241.0,6745.0,,,,,,,,Natural,Estadual,Corpo Hídrico Estadual,,,,,,,,3.75085582368504,0.547097279761246,54.7097279761246,1.43003676047096,,,,,,,,PARÁ,PRAINHA,,166-102_20051028,bho_massa_dagua,,,,,,,,,,,,,,,,
53404.0,44433.0,,,,,,,,Natural,Estadual,Corpo Hídrico Estadual,,,,,,,,1.35265134653869,0.072247248257499,7.22472482574987,1.41913699706679,,,,Lago/Lagoa,Doce,Permanente,,PARÁ,SANTA MARIA DAS BARREIRAS,,,hid_massa_dagua_a_bc250k_2015,,,,,,,,,,,,,,,,
11737.0,6579.0,,,,,,,,Natural,Estadual,Corpo Hídrico Estadual,,,,,,,,6.2805784794187,0.866099168331336,86.6099168331336,1.90311461425721,,,,,,,,PARÁ,CACHOEIRA DO ARARI,,161-101_20040801,bho_massa_dagua,,,,,,,,,,,,,,,,
6598.0,9467.0,,,,,,,,Natural,Estadual,Corpo Hídrico Estadual,,,,,,,,2.62282295674312,0.303686213250643,30.3686213250643,1.34216387825871,,,,,,,,PARÁ,SÃO FÉLIX DO XINGU,,163-110_20060123,bho_massa_dagua,,,,,,,,,,,,,,,,
17977.0,35826.0,,,,,,,,Natural,Estadual,Corpo Hídrico Estadual,,,,,,,,1.39473550242858,0.074815295404557,7.48152954045573,1.43795656069404,,,,Lago/Lagoa,,Permanente,,PARÁ,PRAINHA,,,hid_massa_dagua_a_bc250k_2015,,,,,,,,,,,,,,,,
50510.0,38955.0,,,,,,,,Natural,Federal,Terra da União (Terra Indígena),,,,,,,,1.72591981360075,0.13327280730204,13.327280730204,1.33321118902156,,,,Lago/Lagoa,,Permanente,,PARÁ,SENADOR JOSÉ PORFÍRIO,,,hid_massa_dagua_a_bc250k_2015,,,,,,,,,,,,,,,,
10179.0,22563.0,,,,,,,,Natural,Estadual,Corpo Hídrico Estadual,,,,,,,,3.79024694736389,0.279835150933094,27.9835150933094,2.02053083091733,,,,,,,,PARÁ,ÓBIDOS,,168-102_20050805,bho_massa_dagua,,,,,,,,,,,,,,,,
42410.0,15364.0,,,,,,,,Natural,Estadual,Corpo Hídrico Estadual,,,,,,,,4.96441458560245,0.211477036135604,21.1477036135604,3.04428665344745,,,,,,,,PARÁ,TERRA SANTA,,169-102_20050923,bho_massa_dagua,,,,,,,,,,,,,,,,
9830.0,15163.0,,,,,,,,Natural,Estadual,Corpo Hídrico Estadual,,,,,,,,6.64806852885693,0.802821611052414,80.2821611052414,2.09235354200825,,,,,,,,PARÁ,ÓBIDOS,,168-102_20050805,bho_massa_dagua,,,,,,,,,,,,,,,,
35271.0,38414.0,,,,,,,,Natural,Estadual,Corpo Hídrico Estadual,,,,,,,,2.07597813967146,0.141870944137133,14.1870944137133,1.55426531313842,,,,Lago/Lagoa,,Permanente,,PARÁ,ORIXIMINÁ,,,hid_massa_dagua_a_bc250k_2015,,,,,,,,,,,,,,,,
37864.0,6081.0,,,,,,,,Artificial,Estadual,Corpo Hídrico Estadual,ESTADO,,,,,,,5.71683428410958,0.201727722957061,20.1727722957061,3.58940049598617,,,,,,,,PARÁ,ULIANÓPOLIS,,160-104_20050803,bho_massa_dagua,,,,,,,,,,,,,,,,
4393.0,58889.0,,,,,,,,Natural,Federal,Terra da União (Unidade de Conservação),,,,,,,,4.5598537313311,0.693746954896889,69.3746954896889,1.54382999726126,,,,Rio,,,,PARÁ,AUGUSTO CORRÊA,,,hid_trecho_massa_dagua_a_bc250k_2015,,,,,,,,,,,,,,,,
46671.0,48303.0,,,,,,,,Natural,Estadual,Corpo Hídrico Estadual,,,,,,,,2.3816496353761,0.165656039872632,16.5656039872632,1.65014969538318,,,,Meandro abandonado,Doce,Permanente,,PARÁ,NOVA IPIXUNA,,,hid_massa_dagua_a_bc250k_2015,,,,,,,,,,,,,,,,
1929.0,54958.0,,,,,,,,Natural,Estadual,Corpo Hídrico Estadual,,,,,,,,2.29073035356921,0.179424216990154,17.9424216990154,1.52504461474086,,,,,Doce,,,PARÁ,SANTA MARIA DAS BARREIRAS,,,hid_trecho_massa_dagua_a_bc250k_2015,,,,,,,,,,,,,,,,
9974.0,22959.0,,,,,,,,Natural,Estadual,Corpo Hídrico Estadual,,,,,,,,4.32799266802736,0.412044649257316,41.2044649257316,1.90135620030576,,,,,,,,PARÁ,"BAGRE, OEIRAS DO PARÁ",,162-103_20040824,bho_massa_dagua,,,,,,,,,,,,,,,,
58123.0,6741.0,,,,,,,,Natural,Estadual,Corpo Hídrico Estadual,,,,,,,,8.21997492089914,2.78772060454346,278.772060454346,1.38833725667741,,,,,,,,PARÁ,PRAINHA,,166-102_20051028,bho_massa_dagua,,,,,,,,,,,,,,,,
5471.0,43323.0,,,,,,,,Natural,Estadual,Corpo Hídrico Estadual,,,,,,,,1.04863167323061,0.062385903547869,6.23859035478693,1.18393768577079,,,,Lago/Lagoa,Doce,Permanente,,PARÁ,SANTA MARIA DAS BARREIRAS,,,hid_massa_dagua_a_bc250k_2015,,,,,,,,,,,,,,,,
55984.0,22575.0,,,,,,,,Natural,Estadual,Corpo Hídrico Estadual,,,,,,,,3.13768827541814,0.294982863908322,29.4982863908322,1.62914788649007,,,,,,,,PARÁ,PRAINHA,,Geocover S-21-00_2000,bho_massa_dagua,,,,,,,,,,,,,,,,
12942.0,15344.0,,,,,,,,Natural,Estadual,Corpo Hídrico Estadual,,,,,,,,8.2607704170435,2.2624317883588,226.24317883588,1.54875211920846,,,,,,,,PARÁ,TERRA SANTA,,169-102_20050923,bho_massa_dagua,,,,,,,,,,,,,,,,
10762.0,35771.0,,,,,,,,Natural,Federal,Terra da União (Terra Indígena),,,,,,,,2.15971047205528,0.120297292102112,12.0297292102112,1.7559684829593,,,,Lago/Lagoa,,Permanente,,PARÁ,ALTAMIRA,,,hid_massa_dagua_a_bc250k_2015,,,,,,,,,,,,,,,,
8767.0,45820.0,,,,,,,,Natural,Estadual,Corpo Hídrico Estadual,,,,,,,,2.82748095903132,0.148787082376093,14.8787082376093,2.06712235390983,,,,Meandro abandonado,Doce,Permanente,,PARÁ,BOM JESUS DO TOCANTINS,,,hid_massa_dagua_a_bc250k_2015,,,,,,,,,,,,,,,,
12543.0,39087.0,,,,,,,,Natural,Estadual,Corpo Hídrico Estadual,,,,,,,,3.45329941026178,0.201606151344218,20.1606151344218,2.16885967079949,,,,Lago/Lagoa,,Permanente,,PARÁ,PARAGOMINAS,,,hid_massa_dagua_a_bc250k_2015,,,,,,,,,,,,,,,,
10229.0,22888.0,,,,,,,,Natural,Estadual,Corpo Hídrico Estadual,,,,,,,,5.76178134512009,0.604581355564575,60.4581355564575,2.08967384240399,,,,,,,,PARÁ,SOURE,,161-101_20040801,bho_massa_dagua,,,,,,,,,,,,,,,,
17498.0,47156.0,,,,,,,,Natural,Federal,Corpo Hídrico Federal,,,,,,,,3.4865560912604,0.249493121503219,24.9493121503219,1.9684141415726,,,,Meandro abandonado,Doce,Permanente,,PARÁ,SANTA MARIA DAS BARREIRAS,,,hid_massa_dagua_a_bc250k_2015,,,,,,,,,,,,,,,,
58992.0,59318.0,,,,,,,,Artificial,Estadual,Corpo Hídrico Estadual,ESTADO,,,,,,,3.67517849309925,0.413717119794119,41.3717119794119,1.61129774177567,,,,Represa/Açude,Doce,,,PARÁ,SÃO FÉLIX DO XINGU,,,hid_trecho_massa_dagua_a_bc250k_2015,,,,,,,,,,,,,,,,
20831.0,59717.0,,,,,,,,Artificial,Estadual,Corpo Hídrico Estadual,ESTADO,,,,,,,2.59370409611959,0.168374330965643,16.8374330965643,1.78250843922535,,,,Represa/Açude,Doce,,,PARÁ,SANTA MARIA DAS BARREIRAS,,,hid_trecho_massa_dagua_a_bc250k_2015,,,,,,,,,,,,,,,,
23092.0,14980.0,,,,,,,,Natural,Estadual,Corpo Hídrico Estadual,,,,,,,,3.28687107493654,0.292393237615083,29.2393237615083,1.71414720849966,,,,,,,,PARÁ,MONTE ALEGRE,,167-102_20050903,bho_massa_dagua,,,,,,,,,,,,,,,,
31897.0,6578.0,,,,,,,,Natural,Estadual,Corpo Hídrico Estadual,,,,,,,,9.46790108192683,1.01677701884358,101.677701884358,2.64782915195696,,,,,,,,PARÁ,SALVATERRA,,161-101_20040801,bho_massa_dagua,,,,,,,,,,,,,,,,
5108.0,6641.0,,,,,,,,Natural,Estadual,Corpo Hídrico Estadual,,,,,,,,3.17098176573981,0.233700289977154,23.3700289977154,1.84975081512565,,,,,,,,PARÁ,PRAINHA,,166-102_20051028,bho_massa_dagua,,,,,,,,,,,,,,,,
55348.0,15146.0,,,,,,,,Natural,Estadual,Corpo Hídrico Estadual,,,,,,,,2.99653542877143,0.387548352364689,38.7548352364689,1.35739291403442,,,,,,,,PARÁ,ÓBIDOS,,168-102_20050805,bho_massa_dagua,,,,,,,,,,,,,,,,
48140.0,38964.0,,,,,,,,Natural,Federal,Terra da União (Terra Indígena),,,,,,,,1.85604308918062,0.084125748522854,8.41257485228541,1.80456567373266,,,,Lago/Lagoa,,Permanente,,PARÁ,JACAREACANGA,,,hid_massa_dagua_a_bc250k_2015,,,,,,,,,,,,,,,,
29500.0,55059.0,,,,,,,,Artificial,Estadual,Corpo Hídrico Estadual,ESTADO,,,,,,,2.0454096603929,0.159327273871975,15.9327273871975,1.44505490489023,,,,Represa/Açude,Doce,,,PARÁ,REDENÇÃO,,,hid_trecho_massa_dagua_a_bc250k_2015,,,,,,,,,,,,,,,,
58481.0,6705.0,,,,,,,,Natural,Estadual,Corpo Hídrico Estadual,,,,,,,,2.78247047312074,0.292588706288666,29.2588706288666,1.45061075615963,,,,,,,,PARÁ,PRAINHA,,166-102_20051028,bho_massa_dagua,,,,,,,,,,,,,,,,
39836.0,6545.0,,,,,,,,Natural,Estadual,Corpo Hídrico Estadual,,,,,,,,2.50779808924088,0.245461214994052,24.5461214994052,1.42741493243545,,,,,,,,PARÁ,BREU BRANCO,,162-104_20040824,bho_massa_dagua,,,,,,,,,,,,,,,,
15048.0,20785.0,,,,,,,,Natural,Estadual,Corpo Hídrico Estadual,,,,,,,,1.93969350931012,0.201300060341676,20.1300060341676,1.2191587734449,,,,,,,,PARÁ,CHAVES,,163-100_20040126,bho_massa_dagua,,,,,,,,,,,,,,,,
4735.0,9559.0,,,,,,,,Natural,Estadual,Corpo Hídrico Estadual,,,,,,,,4.59236641629893,0.344838077932266,34.4838077932266,2.20535258366747,,,,,,,,PARÁ,NOVA IPIXUNA,,161-106_20040801,bho_massa_dagua,,,,,,,,,,,,,,,,
242067.0,243806.0,,,,,,,,Artificial,Federal,Corpo Hídrico Federal,ANA,,,,,,,1.97119356739365,0.058295898079666,5.82958980796658,2.30228658503216,,,,,,,,PARÁ,NOVO PROGRESSO,,,bho_massa_dagua_2019,,,,,,,,,,,,,,,,
52826.0,15275.0,,,,,,,,Natural,Estadual,Corpo Hídrico Estadual,,,,,,,,1.89143299767563,0.201639501746803,20.1639501746803,1.18782445391229,,,,,,,,PARÁ,ORIXIMINÁ,,169-102_20050923,bho_massa_dagua,,,,,,,,,,,,,,,,
11622.0,15108.0,,,,,,,,Natural,Estadual,Corpo Hídrico Estadual,,,,,,,,4.32026372936746,0.29845669397226,29.845669397226,2.23007107811996,,,,,,,,PARÁ,ÓBIDOS,,168-102_20050805,bho_massa_dagua,,,,,,,,,,,,,,,,
51399.0,6754.0,,,,,,,,Natural,Estadual,Corpo Hídrico Estadual,,,,,,,,4.68186031001676,0.228350582659546,22.8350582659546,2.76290847154607,,,,,,,,PARÁ,PRAINHA,,166-102_20051028,bho_massa_dagua,,,,,,,,,,,,,,,,
31031.0,22560.0,,,,,,,,Natural,Federal,Corpo Hídrico Federal,,,,,,,,3.65271817145162,0.221288433145274,22.1288433145274,2.18970654564408,,,,,,,,PARÁ,ALENQUER,,168-102_20050805,bho_massa_dagua,,,,,,,,,,,,,,,,
11958.0,22548.0,,,,,,,,Natural,Federal,Corpo Hídrico Federal,,,,,,,,4.13985309673595,0.256061956438232,25.6061956438232,2.30707391588475,,,,,,,,PARÁ,SANTARÉM,,168-102_20050805,bho_massa_dagua,,,,,,,,,,,,,,,,
25640.0,15061.0,,,,,,,,Natural,Estadual,Corpo Hídrico Estadual,,,,,,,,12.0243031012569,1.35321865740982,135.321865740982,2.91490922709759,,,,,,,,PARÁ,MONTE ALEGRE,,167-102_20050903,bho_massa_dagua,,,,,,,,,,,,,,,,
2544.0,6067.0,,,,,,,,Natural,Estadual,Corpo Hídrico Estadual,,,,,,,,2.4134457723298,0.243807455233032,24.3807455233032,1.3783615909572,,,,,,,,PARÁ,IPIXUNA DO PARÁ,,160-103_20050803,bho_massa_dagua,,,,,,,,,,,,,,,,
38233.0,15341.0,,,,,,,,Natural,Estadual,Corpo Hídrico Estadual,,,,,,,,11.7363664496206,1.52887915558081,152.887915558081,2.67667837170432,,,,,,,,PARÁ,JURUTI,,169-102_20050923,bho_massa_dagua,,,,,,,,,,,,,,,,
17138.0,62969.0,,,,,,,,Natural,Estadual,Corpo Hídrico Estadual,,,,,,,,10.1584822633298,0.940545288416956,94.0545288416956,2.95384756049257,,,,,,,,PARÁ,TRACUATEUA,,,bho_massa_dagua_2019,Atualizada geometria em 09/2016,,,,,,,,,,,,,,,
46741.0,6700.0,,,,,,,,Natural,Estadual,Corpo Hídrico Estadual,,,,,,,,4.64537788951219,1.39106159478826,139.106159478826,1.11070052348445,,,,,,,,PARÁ,PRAINHA,,166-102_20051028,bho_massa_dagua,,,,,,,,,,,,,,,,
32555.0,48014.0,,,,,,,,Natural,Estadual,Corpo Hídrico Estadual,,,,,,,,1.99793382768388,0.083376514180021,8.3376514180021,1.95122944646967,,,,Meandro abandonado,Doce,Permanente,,PARÁ,MARABÁ,,,hid_massa_dagua_a_bc250k_2015,,,,,,,,,,,,,,,,
26101.0,15059.0,,,,,,,,Natural,Estadual,Corpo Hídrico Estadual,,,,,,,,11.9070942122189,1.84272988919128,184.272988919128,2.47356916317155,,,,,,,,PARÁ,MONTE ALEGRE,,167-102_20050903,bho_massa_dagua,,,,,,,,,,,,,,,,
45520.0,6712.0,,,,,,,,Natural,Estadual,Corpo Hídrico Estadual,,,,,,,,5.17815492473329,1.47631803245242,147.631803245242,1.20180549664568,,,,,,,,PARÁ,PRAINHA,,166-102_20051028,bho_massa_dagua,,,,,,,,,,,,,,,,
56064.0,6563.0,,,,,,,,Natural,Estadual,Corpo Hídrico Estadual,,,,,,,,5.88658857777332,0.435398034536431,43.5398034536431,2.51576203873398,,,,,,,,PARÁ,SOURE,,162-101_20060414,bho_massa_dagua,,,,,,,,,,,,,,,,
25304.0,15445.0,,,Lago Uruá/Lago Algodoal/Lago Maripanã/Lago Tureré,,Lago,,Uruá/Lago Algodoal/Lago Maripanã/Lago Tureré,Natural,Estadual,Corpo Hídrico Estadual,,,,,,,,778.011139190851,275.145011711614,27514.5011711614,13.2267791336172,,,,,,,,"AMAZONAS, PARÁ","NHAMUNDÁ, TERRA SANTA",Carta 1:100000,169-102_20050923,bho_massa_dagua,,,,,,,,,,,,,,,,
25806.0,53752.0,,,Furo da Laura,,Furo,da,Laura,Natural,Estadual,Corpo Hídrico Estadual,,,,,,,,122.280862027758,20.7811463766409,2078.11463766409,7.56437149267713,,,,Rio,,,Furo da Laura ou Guajará-Mirim,PARÁ,"COLARES, SANTO ANTÔNIO DO TAUÁ, VIGIA",,,hid_trecho_massa_dagua_a_bc250k_2015,,,,,,,,,,,,,,,611442,6112
23006.0,22864.0,,,,,,,,Natural,Estadual,Corpo Hídrico Estadual,,,,,,,,2.57868454814449,0.252902313406905,25.2902313406905,1.44600876420809,,,,,,,,PARÁ,MUANÁ,,162-101_20060414,bho_massa_dagua,,,,,,,,,,,,,,,,
12881.0,55469.0,,,,,,,,Natural,Estadual,Corpo Hídrico Estadual,,,,,,,,2.07054629159978,0.200354516780043,20.0354516780043,1.30447116651097,,,,Laguna,,,,PARÁ,MARACANÃ,,,hid_trecho_massa_dagua_a_bc250k_2015,,,,,,,,,,,,,,,,
7921.0,15190.0,,,,,,,,Natural,Federal,Corpo Hídrico Federal,,,,,,,,13.0310444038732,2.23623961896265,223.623961896265,2.45736214744807,,,,,,,,PARÁ,SANTARÉM,,168-102_20050805,bho_massa_dagua,,,,,,,,,,,,,,,,
45416.0,6561.0,,,,,,,,Natural,Estadual,Corpo Hídrico Estadual,,,,,,,,3.84505207277902,0.42519932255756,42.519932255756,1.66285757093212,,,,,,,,PARÁ,CACHOEIRA DO ARARI,,162-101_20060414,bho_massa_dagua,,,,,,,,,,,,,,,,
28167.0,38482.0,,,,,,,,Natural,Federal,Corpo Hídrico Federal,,,,,,,,2.42033170914585,0.12171078379449,12.171078379449,1.95640817693771,,,,Lago/Lagoa,,Permanente,,PARÁ,JACAREACANGA,,,hid_massa_dagua_a_bc250k_2015,,,,,,,,,,,,,,,,
59493.0,56570.0,,,,,,,,Natural,Estadual,Corpo Hídrico Estadual,,,,,,,,1.80400749829587,0.165902772966671,16.5902772966671,1.24899478237153,,,,,Doce,,,PARÁ,SANTA MARIA DAS BARREIRAS,,,hid_trecho_massa_dagua_a_bc250k_2015,,,,,,,,,,,,,,,,
50185.0,49441.0,,,,,,,,Natural,Estadual,Corpo Hídrico Estadual,,,,,,,,5.06169638772343,0.863188203201587,86.3188203201588,1.53635809036826,,,,Lago/Lagoa,,Permanente,,PARÁ,VISEU,,,hid_massa_dagua_a_bc250k_2015,,,,,,,,,,,,,,,,
28.0,54732.0,,,,,,,,Artificial,Estadual,Corpo Hídrico Estadual,ESTADO,,,,,,,83.6016251015282,15.231742516097,1523.1742516097,6.04072455379349,,,,Represa/Açude,Doce,,,PARÁ,TRACUATEUA,,,hid_trecho_massa_dagua_a_bc250k_2015,,,,,,,,,,,,,,,,
32204.0,6485.0,,,,,,,,Natural,Estadual,Corpo Hídrico Estadual,,,,,,,,13.947541445323,4.59911112990688,459.911112990688,1.83404428114615,,,,,,,,PARÁ,PONTA DE PEDRAS,,162-101_20060414,bho_massa_dagua,,,,,,,,,,,,,,,,
25239.0,22566.0,,,,,,,,Natural,Estadual,Corpo Hídrico Estadual,,,,,,,,7.34448492091332,0.32838918033595,32.838918033595,3.61423204336005,,,,,,,,PARÁ,MOJUÍ DOS CAMPOS,,167-103_20041217,bho_massa_dagua,,,,,,,,,,,,,,,,
5505.0,16732.0,,,,,,,,Natural,Estadual,Corpo Hídrico Estadual,,,,,,,,4.98229943253405,0.287389738725948,28.7389738725948,2.62085687218956,,,,,,,,PARÁ,ITAITUBA,,169-105_20040803,bho_massa_dagua,,,,,,,,,,,,,,,,
25681.0,14810.0,,,,,,,,Natural,Federal,Terra da União (Terra Indígena),,,,,,,,4.40278683156482,0.706672240784063,70.6672240784063,1.47695665910947,,,,,,,,PARÁ,JACAREACANGA,,169-109_20050802,bho_massa_dagua,,,,,,,,,,,,,,,,
242187.0,244300.0,6845.0,,,,,,,Artificial,Estadual,Corpo Hídrico Estadual,ESTADO,,,,,,,3.45836733799365,0.11908764427124,11.908764427124,2.82609578325677,,,,,,,,PARÁ,PARAGOMINAS,,,bho_massa_dagua_2020,,,,,,,,,,,,,,,,
25436.0,15013.0,,,,,,,,Natural,Estadual,Corpo Hídrico Estadual,,,,,,,,10.7115120552485,0.791431113305847,79.1431113305847,3.39541864744107,,,,,,,,PARÁ,MONTE ALEGRE,,167-102_20050903,bho_massa_dagua,,,,,,,,,,,,,,,,
35473.0,22571.0,,,,,,,,Natural,Federal,Corpo Hídrico Federal,,,,,,,,1.97274981243172,0.203879317413999,20.3879317413999,1.23206759052176,,,,,,,,PARÁ,SANTARÉM,,167-102_20050903,bho_massa_dagua,,,,,,,,,,,,,,,,
26852.0,20797.0,,,,,,,,Natural,Estadual,Corpo Hídrico Estadual,,,,,,,,4.93050378291029,0.762053249202168,76.2053249202168,1.59275048168814,,,,,,,,PARÁ,CHAVES,,162-100_20060414,bho_massa_dagua,,,,,,,,,,,,,,,,
27876.0,14999.0,,,,,,,,Natural,Estadual,Corpo Hídrico Estadual,,,,,,,,5.67929278635331,0.989005202054738,98.9005202054738,1.61043825692122,,,,,,,,PARÁ,PRAINHA,,167-102_20050903,bho_massa_dagua,,,,,,,,,,,,,,,,
5960.0,9558.0,,,,,,,,Natural,Estadual,Corpo Hídrico Estadual,,,,,,,,4.34492179267901,0.334868585339829,33.4868585339829,2.11735592369612,,,,,,,,PARÁ,NOVA IPIXUNA,,161-106_20040801,bho_massa_dagua,,,,,,,,,,,,,,,,
51635.0,6085.0,,,,,,,,Artificial,Estadual,Corpo Hídrico Estadual,ESTADO,,,,,,,7.66288030169335,0.311808031657124,31.1808031657124,3.86988002540069,,,,,,,,PARÁ,PARAGOMINAS,,160-104_20050803,bho_massa_dagua,,,,,,,,,,,,,,,,
55507.0,21006.0,,,,,,,,Natural,Estadual,Corpo Hídrico Estadual,,,,,,,,25.5297718320253,4.85688115721304,485.688115721304,3.26676055709796,,,,,,,,PARÁ,MONTE ALEGRE,,168-100_20041118,bho_massa_dagua,,,,,,,,,,,,,,,,
25981.0,22895.0,,,,,,,,Natural,Estadual,Corpo Hídrico Estadual,,,,,,,,7.5990854031481,1.46123083607175,146.123083607175,1.77276439058606,,,,,,,,PARÁ,PRAINHA,,166-102_20051028,bho_massa_dagua,,,,,,,,,,,,,,,,
18865.0,6520.0,,,,,,,,Natural,Estadual,Corpo Hídrico Estadual,,,,,,,,6.28831066081567,0.335378331320604,33.5378331320604,3.06207340484359,,,,,,,,PARÁ,CHAVES,,Geocover S-22-00_2000,bho_massa_dagua,,,,,,,,,,,,,,,,
27483.0,14993.0,,,,,,,,Natural,Estadual,Corpo Hídrico Estadual,,,,,,,,61.2017548885013,57.1609282918829,5716.09282918829,2.28277625774475,,,,,,,,PARÁ,"MONTE ALEGRE, PRAINHA",,167-102_20050903,bho_massa_dagua,,,,,,,,,,,,,,,,
34012.0,3428.0,,,,,,,,Natural,Estadual,Corpo Hídrico Estadual,,,,,,,,10.9914736045375,1.9652128759802,196.52128759802,2.21105847909184,,,,,,,,PARÁ,VISEU,,Geocover S-23-00_2000,bho_massa_dagua,,,,,,,,,,,,,,,,
32087.0,54739.0,,,,,,,,Natural,Estadual,Corpo Hídrico Estadual,,,,,,,,3.56754910654003,0.195286661016453,19.5286661016453,2.27657927618927,,,,Laguna,,,,PARÁ,PARAGOMINAS,,,hid_trecho_massa_dagua_a_bc250k_2015,,,,,,,,,,,,,,,,
22306.0,16733.0,,,,,,,,Natural,Estadual,Corpo Hídrico Estadual,,,,,,,,3.57812281526236,0.286943991185632,28.6943991185632,1.88367417696302,,,,,,,,PARÁ,ITAITUBA,,169-105_20040803,bho_massa_dagua,,,,,,,,,,,,,,,,
49026.0,15334.0,,,,,,,,Natural,Estadual,Corpo Hídrico Estadual,,,,,,,,3.4165153935362,0.429225175564996,42.9225175564996,1.47058420370123,,,,,,,,PARÁ,JURUTI,,169-102_20050923,bho_massa_dagua,,,,,,,,,,,,,,,,
21310.0,15111.0,,,,,,,,Natural,Estadual,Corpo Hídrico Estadual,,,,,,,,25.2118124191115,3.96657176034806,396.657176034806,3.56981341898386,,,,,,,,PARÁ,ÓBIDOS,,168-102_20050805,bho_massa_dagua,,,,,,,,,,,,,,,,
11615.0,6510.0,,,,,,,,Natural,Estadual,Corpo Hídrico Estadual,,,,,,,,7.46326193603837,0.742740958945775,74.2740958945775,2.44207560626048,,,,,,,,PARÁ,SALVATERRA,,Geocover S-22-00_2000,bho_massa_dagua,,,,,,,,,,,,,,,,
43814.0,6713.0,,,,,,,,Natural,Estadual,Corpo Hídrico Estadual,,,,,,,,10.0275523745893,2.36221530929127,236.221530929127,1.83985800811304,,,,,,,,PARÁ,PRAINHA,,166-102_20051028,bho_massa_dagua,,,,,,,,,,,,,,,,
6241.0,6515.0,,,,,,,,Natural,Estadual,Corpo Hídrico Estadual,,,,,,,,7.24442975707979,0.563577032502927,56.3577032502927,2.72130156324467,,,,,,,,PARÁ,CHAVES,,Geocover S-22-00_2000,bho_massa_dagua,,,,,,,,,,,,,,,,
54871.0,15031.0,,,,,,,,Natural,Estadual,Corpo Hídrico Estadual,,,,,,,,5.39686921189995,1.10440306766604,110.440306766604,1.44819551995879,,,,,,,,PARÁ,MONTE ALEGRE,,167-102_20050903,bho_massa_dagua,,,,,,,,,,,,,,,,
13903.0,6516.0,,,,,,,,Natural,Estadual,Corpo Hídrico Estadual,,,,,,,,11.2974036685523,2.00543300788662,200.543300788662,2.24969516922173,,,,,,,,PARÁ,CHAVES,,Geocover S-22-00_2000,bho_massa_dagua,,,,,,,,,,,,,,,,
48356.0,14994.0,,,,,,,,Natural,Estadual,Corpo Hídrico Estadual,,,,,,,,7.98548815921775,1.09858828544398,109.858828544398,2.14848881214495,,,,,,,,PARÁ,PRAINHA,,167-102_20050903,bho_massa_dagua,,,,,,,,,,,,,,,,
8928.0,6519.0,,,,,,,,Natural,Estadual,Corpo Hídrico Estadual,,,,,,,,4.11367023952754,0.209842170915613,20.9842170915613,2.53239937590457,,,,,,,,PARÁ,SANTA CRUZ DO ARARI,,Geocover S-22-00_2000,bho_massa_dagua,,,,,,,,,,,,,,,,
6249.0,6580.0,,,,,,,,Natural,Estadual,Corpo Hídrico Estadual,,,,,,,,13.8848048093131,2.56414114456338,256.414114456338,2.44521991064878,,,,,,,,PARÁ,CACHOEIRA DO ARARI,,161-101_20040801,bho_massa_dagua,,,,,,,,,,,,,,,,
14542.0,6683.0,,,,,,,,Natural,Federal,Terra da União (Unidade de Conservação),,,,,,,,5.78547014697968,0.690374369945247,69.0374369945247,1.96356569188147,,,,,,,,PARÁ,PORTO DE MOZ,,166-102_20051028,bho_massa_dagua,,,,,,,,,,,,,,,,
53329.0,22572.0,,,,,,,,Natural,Estadual,Corpo Hídrico Estadual,,,,,,,,4.79056472552069,0.320548206309036,32.0548206309036,2.3861027711411,,,,,,,,PARÁ,PRAINHA,,167-102_20050903,bho_massa_dagua,,,,,,,,,,,,,,,,
17668.0,15196.0,,,,,,,,Natural,Federal,Corpo Hídrico Federal,,,,,,,,3.27064795977313,0.259379234208427,25.9379234208427,1.81098689366968,,,,,,,,PARÁ,CURUÁ,,168-102_20050805,bho_massa_dagua,,,,,,,,,,,,,,,,
38771.0,22556.0,,,,,,,,Natural,Estadual,Corpo Hídrico Estadual,,,,,,,,4.53881159786345,0.292272464463143,29.2272464463143,2.36753993587436,,,,,,,,PARÁ,ÓBIDOS,,168-102_20050805,bho_massa_dagua,,,,,,,,,,,,,,,,
12892.0,6708.0,,,,,,,,Natural,Estadual,Corpo Hídrico Estadual,,,,,,,,7.32243762903789,1.40474405393463,140.474405393463,1.7422328101791,,,,,,,,PARÁ,PRAINHA,,166-102_20051028,bho_massa_dagua,,,,,,,,,,,,,,,,
32130.0,14849.0,,,,,,,,Natural,Estadual,Corpo Hídrico Estadual,,,,,,,,6.47865343534351,0.302784847369359,30.2784847369359,3.32021944199406,,,,,,,,PARÁ,JACAREACANGA,,170-107_20050704,bho_massa_dagua,,,,,,,,,,,,,,,,
46212.0,16729.0,,,,,,,,Natural,Estadual,Corpo Hídrico Estadual,,,,,,,,7.88008866609973,2.09845527480041,209.845527480041,1.53401764040672,,,,,,,,PARÁ,"AVEIRO, ITAITUBA",,168-105_20050831,bho_massa_dagua,,,,,,,,,,,,,,,,
16469.0,6548.0,,,,,,,,Natural,Federal,Corpo Hídrico Federal,,,,,,,,2.3158601387737,0.276648031086161,27.6648031086161,1.2416455720136,,,,,,,,PARÁ,BAIÃO,,162-104_20040824,bho_massa_dagua,,,,,,,,,,,,,,,,
6523.0,39438.0,,,,,,,,Natural,Estadual,Corpo Hídrico Estadual,,,,,,,,2.09682826011592,0.193689835099509,19.3689835099509,1.34356460684095,,,,Lago/Lagoa,,Permanente,,PARÁ,MOJU,,,hid_massa_dagua_a_bc250k_2015,,,,,,,,,,,,,,,,
9652.0,6716.0,,,,,,,,Natural,Estadual,Corpo Hídrico Estadual,,,,,,,,6.00781414341761,1.04773121579521,104.773121579521,1.65516256621569,,,,,,,,PARÁ,PRAINHA,,166-102_20051028,bho_massa_dagua,,,,,,,,,,,,,,,,
15401.0,46453.0,,,,,,,,Natural,Estadual,Corpo Hídrico Estadual,,,,,,,,4.38551630842211,0.155910914587114,15.5910914587114,3.13207086085638,,,,Lago/Lagoa,Doce,Permanente,,"MARANHÃO, PARÁ","BOM JESUS DO TOCANTINS, SÃO PEDRO DA ÁGUA BRANCA",,,hid_massa_dagua_a_bc250k_2015,,,,,,,,,,,,,,,,
20765.0,14842.0,,,,,,,,Natural,Estadual,Corpo Hídrico Estadual,,,,,,,,3.91376146636471,0.371697603409096,37.1697603409096,1.81029178605152,,,,,,,,PARÁ,JACAREACANGA,,170-107_20050704,bho_massa_dagua,,,,,,,,,,,,,,,,
33359.0,6718.0,,,,,,,,Natural,Federal,Terra da União (Unidade de Conservação),,,,,,,,5.68273861442203,0.832464998622546,83.2464998622546,1.7564014930581,,,,,,,,PARÁ,PRAINHA,,166-102_20051028,bho_massa_dagua,,,,,,,,,,,,,,,,
7492.0,15030.0,,,,,,,,Natural,Estadual,Corpo Hídrico Estadual,,,,,,,,17.0405847497933,4.32321438817788,432.321438817788,2.31116108075063,,,,,,,,PARÁ,MONTE ALEGRE,,167-102_20050903,bho_massa_dagua,,,,,,,,,,,,,,,,
14155.0,6671.0,,,,,,,,Natural,Federal,Terra da União (Unidade de Conservação),,,,,,,,2.39801237951311,0.227843720499614,22.7843720499614,1.41671338547439,,,,,,,,PARÁ,PORTO DE MOZ,,166-102_20051028,bho_massa_dagua,,,,,,,,,,,,,,,,
13652.0,15056.0,,,,,,,,Natural,Estadual,Corpo Hídrico Estadual,,,,,,,,9.0197267438526,0.816640751565831,81.6640751565831,2.81466663423131,,,,,,,,PARÁ,MONTE ALEGRE,,167-102_20050903,bho_massa_dagua,,,,,,,,,,,,,,,,
31216.0,16437.0,,,,,,,,Natural,Estadual,Corpo Hídrico Estadual,,,,,,,,4.85018404538175,0.280900591114445,28.0900591114445,2.58066124845172,,,,,,,,PARÁ,AVEIRO,,168-104_20050831,bho_massa_dagua,,,,,,,,,,,,,,,,
38227.0,38589.0,,,,,,,,Natural,Federal,Terra da União (Terra Indígena),,,,,,,,2.78250980217795,0.14521999660171,14.521999660171,2.05907705968684,,,,Lago/Lagoa,,Permanente,,PARÁ,SÃO FÉLIX DO XINGU,,,hid_massa_dagua_a_bc250k_2015,,,,,,,,,,,,,,,,
27097.0,21760.0,,,,,,,,Natural,Federal,Corpo Hídrico Federal,,,,,,,,3.81782665677222,0.381525472963915,38.1525472963915,1.74302471257162,,,,,,,,PARÁ,CHAVES,,163-100_20040126,bho_massa_dagua,,,,,,,,,,,,,,,,
11116.0,6672.0,,,,,,,,Natural,Federal,Terra da União (Unidade de Conservação),,,,,,,,3.50927130853558,0.319178339150018,31.9178339150018,1.75165812831397,,,,,,,,PARÁ,PORTO DE MOZ,,166-102_20051028,bho_massa_dagua,,,,,,,,,,,,,,,,
21514.0,16239.0,,,,,,,,Natural,Estadual,Corpo Hídrico Estadual,,,,,,,,8.51034443619324,0.947789738718915,94.7789738718915,2.46513237030612,,,,,,,,PARÁ,MOJUÍ DOS CAMPOS,,167-104_20040714,bho_massa_dagua,,,,,,,,,,,,,,,,
16262.0,6560.0,,,,,,,,Natural,Estadual,Corpo Hídrico Estadual,,,,,,,,18.8469558473039,5.526480435632,552.6480435632,2.26082008620716,,,,,,,,PARÁ,CACHOEIRA DO ARARI,,162-101_20060414,bho_massa_dagua,,,,,,,,,,,,,,,,
25277.0,6690.0,,,,,,,,Natural,Estadual,Corpo Hídrico Estadual,,,,,,,,5.59197489710372,0.630291081823935,63.0291081823935,1.98629495881253,,,,,,,,PARÁ,PRAINHA,,166-102_20051028,bho_massa_dagua,,,,,,,,,,,,,,,,
48803.0,14793.0,,,,,,,,Natural,Federal,Terra da União (Terra Indígena),,,,,,,,6.27040964361468,0.351399593428174,35.1399593428174,2.98293915625512,,,,,,,,PARÁ,JACAREACANGA,,169-109_20050802,bho_massa_dagua,,,,,,,,,,,,,,,,
42463.0,22526.0,,,,,,,,Natural,Estadual,Corpo Hídrico Estadual,,,,,,,,2.44870767724929,0.210214524204879,21.0214524204879,1.50610306245224,,,,,,,,PARÁ,ORIXIMINÁ,,169-102_20050923,bho_massa_dagua,,,,,,,,,,,,,,,,
18396.0,16724.0,,,,,,,,Natural,Estadual,Corpo Hídrico Estadual,,,,,,,,20.5847459420358,1.72158977761241,172.158977761241,4.4241493760622,,,,,,,,PARÁ,ITAITUBA,,168-105_20050831,bho_massa_dagua,,,,,,,,,,,,,,,,
43856.0,6668.0,,,,,,,,Natural,Estadual,Corpo Hídrico Estadual,,,,,,,,8.06104199613526,1.96440958289184,196.440958289184,1.62190073277366,,,,,,,,PARÁ,PRAINHA,,166-102_20051028,bho_massa_dagua,,,,,,,,,,,,,,,,
12324.0,9395.0,,,,,,,,Natural,Federal,Terra da União (Terra Indígena),,,,,,,,9.03032081724566,1.07431035186056,107.431035186056,2.45689958905837,,,,,,,,PARÁ,SÃO FÉLIX DO XINGU,,163-111_20050603,bho_massa_dagua,,,,,,,,,,,,,,,,
56594.0,15145.0,,,,,,,,Natural,Estadual,Corpo Hídrico Estadual,,,,,,,,6.88849499799152,0.647270583946078,64.7270583946078,2.41451840661828,,,,,,,,PARÁ,ÓBIDOS,,168-102_20050805,bho_massa_dagua,,,,,,,,,,,,,,,,
34284.0,22845.0,,,,,,,,Natural,Estadual,Corpo Hídrico Estadual,,,,,,,,7.75021667703613,0.289000417165668,28.9000417165668,4.0654976838339,,,,,,,,PARÁ,BAIÃO,,162-104_20040824,bho_massa_dagua,,,,,,,,,,,,,,,,
18380.0,23133.0,,,,,,,,Natural,Estadual,Corpo Hídrico Estadual,,,,,,,,14.8792641852064,1.07163376163115,107.163376163115,4.05328712699909,,,,,,,,PARÁ,CACHOEIRA DO ARARI,,Geocover S-22-00_2000,bho_massa_dagua,,,,,,,,,,,,,,,,
34851.0,14850.0,,,,,,,,Natural,Federal,Terra da União (Terra Indígena),,,,,,,,5.90233180540824,0.267603868637894,26.7603868637894,3.21755911430441,,,,,,,,PARÁ,JACAREACANGA,,170-107_20050704,bho_massa_dagua,,,,,,,,,,,,,,,,
11786.0,49293.0,,,,,,,,Natural,Estadual,Corpo Hídrico Estadual,,,,,,,,2.01179611798594,0.147244420457344,14.7244420457344,1.47847386055689,,,,Lago/Lagoa,,Permanente,,PARÁ,PARAGOMINAS,,,hid_massa_dagua_a_bc250k_2015,,,,,,,,,,,,,,,,
15845.0,14881.0,,,,,,,,Artificial,Estadual,Corpo Hídrico Estadual,ESTADO,,,,,,,5.87241251027698,0.282591856814235,28.2591856814235,3.11519933878106,,,,,,,,PARÁ,TRAIRÃO,,168-106_20050614,bho_massa_dagua,,,,,,,,,,,,,,,,
19834.0,6525.0,,,,,,,,Natural,Estadual,Corpo Hídrico Estadual,,,,,,,,6.42056720875053,0.274672560760914,27.4672560760914,3.45473600750113,,,,,,,,PARÁ,CHAVES,,Geocover S-22-00_2000,bho_massa_dagua,,,,,,,,,,,,,,,,
11183.0,6489.0,,,,,,,,Natural,Estadual,Corpo Hídrico Estadual,,,,,,,,15.3515983409525,2.52321937905544,252.321937905544,2.72536830898338,,,,,,,,PARÁ,SANTA CRUZ DO ARARI,,Geocover S-22-00_2000,bho_massa_dagua,,,,,,,,,,,,,,,,
12667.0,15091.0,,,,,,,,Natural,Estadual,Corpo Hídrico Estadual,,,,,,,,12.5716879932037,1.46436119899517,146.436119899517,2.92966927175006,,,,,,,,PARÁ,CURUÁ,,168-102_20050805,bho_massa_dagua,,,,,,,,,,,,,,,,
56674.0,62964.0,,,,,,,,Natural,Federal,Terra da União (Unidade de Conservação),,,,,,,,27.3324644098841,9.75422357864604,975.422357864604,2.46792266578775,,,,,,,,PARÁ,SÃO CAETANO DE ODIVELAS,,,bho_massa_dagua_2019,Atualizada geometria em 09/2016,,,,,,,,,,,,,,,
4812.0,6490.0,,,,,,,,Natural,Estadual,Corpo Hídrico Estadual,,,,,,,,3.44735692059237,0.483288959547243,48.3288959547243,1.39840163002693,,,,,,,,PARÁ,OEIRAS DO PARÁ,,163-102_20040726,bho_massa_dagua,,,,,,,,,,,,,,,,
3506.0,6758.0,,,,,,,,Artificial,Estadual,Corpo Hídrico Estadual,ESTADO,,,,,,,7.79301058060684,0.756887789119794,75.6887789119795,2.52603070212371,,,,,,,,PARÁ,PRAINHA,,166-102_20051028,bho_massa_dagua,,,,,,,,,,,,,,,,
8887.0,6551.0,,,,,,,,Artificial,Estadual,Corpo Hídrico Estadual,ESTADO,,,,,,,3.830433907505,0.220932088514265,22.0932088514265,2.29809343701946,,,,,,,,PARÁ,MOJU,,162-103_20040824,bho_massa_dagua,,,,,,,,,,,,,,,,
60430.0,6084.0,,,,,,,,Artificial,Estadual,Corpo Hídrico Estadual,ESTADO,,,,,,,9.01965943494826,0.369710522369975,36.9710522369975,4.18319724131896,,,,,,,,PARÁ,PARAGOMINAS,,160-104_20050803,bho_massa_dagua,,,,,,,,,,,,,,,,
26483.0,6527.0,,,,,,,,Natural,Estadual,Corpo Hídrico Estadual,,,,,,,,6.25298527589917,0.456447053665167,45.6447053665167,2.61000482568347,,,,,,,,PARÁ,SALVATERRA,,Geocover S-22-00_2000,bho_massa_dagua,,,,,,,,,,,,,,,,
19662.0,22975.0,,,,,,,,Artificial,Estadual,Corpo Hídrico Estadual,ESTADO,,,,,,,7.49387434837232,0.266838111944728,26.6838111944728,4.09101984001824,,,,,,,,PARÁ,PARAGOMINAS,,Geocover S-23-15_2000,bho_massa_dagua,,,,,,,,,,,,,,,,
1338.0,22887.0,,,,,,,,Artificial,Estadual,Corpo Hídrico Estadual,ESTADO,,,,,,,4.20399778556164,0.31352970650774,31.352970650774,2.11725047490848,,,,,,,,PARÁ,GOIANÉSIA DO PARÁ,,161-105_20040801,bho_massa_dagua,,,,,,,,,,,,,,,,
6764.0,6602.0,,,,,,,,Artificial,Estadual,Corpo Hídrico Estadual,ESTADO,,,,,,,7.62130240944861,0.300958176839879,30.0958176839879,3.91764634998801,,,,,,,,PARÁ,DOM ELISEU,,160-105_20050803,bho_massa_dagua,,,,,,,,,,,,,,,,
30845.0,9376.0,,,,,,,,Natural,Federal,Terra da União (Unidade de Conservação),,,,,,,,3.51449180217869,0.200123950858487,20.0123950858487,2.21545079520762,,,,,,,,PARÁ,ALTAMIRA,,165-106_20050719,bho_massa_dagua,,,,,,,,,,,,,,,,
6145.0,20981.0,,,,,,,,Natural,Estadual,Corpo Hídrico Estadual,,,,,,,,11.0041135398542,3.30704941958411,330.704941958411,1.70641173313212,,,,,,,,PARÁ,CHAVES,,163-100_20040126,bho_massa_dagua,,,,,,,,,,,,,,,,
15384.0,9571.0,,,,,,,,Natural,Estadual,Corpo Hídrico Estadual,,,,,,,,3.31025290087067,0.2701243760915,27.01243760915,1.79609124014739,,,,,,,,PARÁ,PRAINHA,,166-102_20051028,bho_massa_dagua,,,,,,,,,,,,,,,,
12984.0,22356.0,,,,,,,,Natural,Federal,Terra da União (Terra Indígena),,,,,,,,6.48741326326662,0.346473894140667,34.6473894140667,3.10803151657619,,,,,,,,PARÁ,JACAREACANGA,,168-110_20050614,bho_massa_dagua,,,,,,,,,,,,,,,,
8496.0,22980.0,,,,,,,,Natural,Estadual,Corpo Hídrico Estadual,,,,,,,,18.9781380312723,3.24820003544081,324.820003544081,2.9694862999408,,,,,,,,PARÁ,PONTA DE PEDRAS,,162-101_20060414,bho_massa_dagua,,,,,,,,,,,,,,,,
54217.0,6079.0,,,,,,,,Artificial,Estadual,Corpo Hídrico Estadual,ESTADO,,,,,,,13.879384615956,0.538340435760373,53.8340435760373,5.33446436424519,,,,,,,,PARÁ,CAPITÃO POÇO,,160-103_20050803,bho_massa_dagua,,,,,,,,,,,,,,,,
59719.0,9519.0,,,,,,,,Artificial,Estadual,Corpo Hídrico Estadual,ESTADO,,,,,,,4.12672206842519,0.288596393457143,28.8596393457143,2.1662515129387,,,,,,,,PARÁ,FLORESTA DO ARAGUAIA,,161-108_20050731,bho_massa_dagua,,,,,,,,,,,,,,,,
42303.0,22553.0,,,,,,,,Natural,Federal,Corpo Hídrico Federal,,,,,,,,5.98590655779749,0.332695364758764,33.2695364758764,2.92654809893367,,,,,,,,PARÁ,SANTARÉM,,168-102_20050805,bho_massa_dagua,,,,,,,,,,,,,,,,
6251.0,6504.0,,,,,,,,Natural,Estadual,Corpo Hídrico Estadual,,,,,,,,13.6831068807976,2.37759088016299,237.759088016299,2.5024491682995,,,,,,,,PARÁ,CACHOEIRA DO ARARI,,Geocover S-22-00_2000,bho_massa_dagua,,,,,,,,,,,,,,,,
41807.0,56592.0,,,,,,,,Artificial,Estadual,Corpo Hídrico Estadual,ESTADO,,,,,,,4.3673982654231,0.335224378341921,33.5224378341921,2.12717935104839,,,,Represa/Açude,Doce,,,PARÁ,SÃO JOÃO DO ARAGUAIA,,,hid_trecho_massa_dagua_a_bc250k_2015,,,,,,,,,,,,,,,,
6581.0,14795.0,,,,,,,,Natural,Federal,Terra da União (Terra Indígena),,,,,,,,4.29109346624976,0.254960913453235,25.4960913453235,2.39651570458386,,,,,,,,PARÁ,JACAREACANGA,,169-109_20050802,bho_massa_dagua,,,,,,,,,,,,,,,,
6937.0,15271.0,,,,,,,,Natural,Estadual,Corpo Hídrico Estadual,,,,,,,,6.31729359985615,1.19994157869487,119.994157869487,1.62629796547058,,,,,,,,PARÁ,ÓBIDOS,,169-102_20050923,bho_massa_dagua,,,,,,,,,,,,,,,,
7034.0,6147.0,,,,,,,,Artificial,Estadual,Corpo Hídrico Estadual,ESTADO,,,,,,,5.88071519094115,0.246393497541242,24.6393497541242,3.34090890208738,,,,,,,,PARÁ,PARAGOMINAS,,159-104_20050711,bho_massa_dagua,,,,,,,,,,,,,,,,
20178.0,9506.0,,,,,,,,Natural,Federal,Corpo Hídrico Federal,,,,,,,,3.69015074092884,0.432755767658515,43.2755767658515,1.58187361839574,,,,,,,,PARÁ,SÃO FÉLIX DO XINGU,,164-109_20050626,bho_massa_dagua,,,,,,,,,,,,,,,,
25271.0,59270.0,,,,,,,,Natural,Estadual,Corpo Hídrico Estadual,,,,,,,,30.2406016574432,2.96360621995303,296.360621995303,4.95369526857658,,,,Rio,Doce,,Lago Formoso,PARÁ,"SANTA MARIA DAS BARREIRAS, SANTANA DO ARAGUAIA",,,hid_trecho_massa_dagua_a_bc250k_2015,,,,,,,,,,,,,,,6,6
45230.0,35728.0,,,,,,,,Natural,Federal,Terra da União (Unidade de Conservação),,,,,,,,1.9365175767956,0.139723940003012,13.9723940003012,1.46094928340492,,,,Lago/Lagoa,,Permanente,,PARÁ,ORIXIMINÁ,,,hid_massa_dagua_a_bc250k_2015,,,,,,,,,,,,,,,,
33042.0,6681.0,,,,,,,,Natural,Federal,Terra da União (Unidade de Conservação),,,,,,,,3.2112560042139,0.406106741148061,40.6106741148061,1.42103226328512,,,,,,,,PARÁ,PORTO DE MOZ,,166-102_20051028,bho_massa_dagua,,,,,,,,,,,,,,,,
11141.0,6559.0,,,,,,,,Natural,Estadual,Corpo Hídrico Estadual,,,,,,,,20.4610072715388,2.95172139737991,295.172139737991,3.35844651446399,,,,,,,,PARÁ,CACHOEIRA DO ARARI,,162-101_20060414,bho_massa_dagua,,,,,,,,,,,,,,,,
7162.0,6556.0,,,,,,,,Artificial,Estadual,Corpo Hídrico Estadual,ESTADO,,,,,,,8.12838202744669,0.266018138953896,26.6018138953896,4.44424087934132,,,,,,,,PARÁ,MOJU,,161-104_20040801,bho_massa_dagua,,,,,,,,,,,,,,,,
59252.0,36899.0,,,,,,,,Natural,Estadual,Corpo Hídrico Estadual,,,,,,,,1.2819465132288,0.075929193610914,7.59291936109137,1.31194195276348,,,,Lago/Lagoa,,Permanente,,PARÁ,ITAITUBA,,,hid_massa_dagua_a_bc250k_2015,,,,,,,,,,,,,,,,
6203.0,6518.0,,,,,,,,Natural,Estadual,Corpo Hídrico Estadual,,,,,,,,3.71581219810793,0.199998190608259,19.9998190608259,2.34309464294322,,,,,,,,PARÁ,SANTA CRUZ DO ARARI,,Geocover S-22-00_2000,bho_massa_dagua,,,,,,,,,,,,,,,,
23537.0,47670.0,,,,,,,,Natural,Estadual,Corpo Hídrico Estadual,,,,,,,,3.02559194820907,0.140962708595654,14.0962708595654,2.27251807416997,,,,Meandro abandonado,Doce,Permanente,,PARÁ,SÃO FÉLIX DO XINGU,,,hid_massa_dagua_a_bc250k_2015,,,,,,,,,,,,,,,,
7210.0,15353.0,,,,,,,,Natural,Estadual,Corpo Hídrico Estadual,,,,,,,,30.6949763983469,6.5728576539534,657.28576539534,3.37628654934113,,,,,,,,PARÁ,TERRA SANTA,,169-102_20050923,bho_massa_dagua,,,,,,,,,,,,,,,,
38278.0,14995.0,,,,,,,,Natural,Estadual,Corpo Hídrico Estadual,,,,,,,,60.3007448610007,16.2305901874732,1623.05901874732,4.22089578046789,,,,,,,,PARÁ,PRAINHA,,167-102_20050903,bho_massa_dagua,,,,,,,,,,,,,,,,
49122.0,15591.0,,,,,,,,Natural,Federal,Corpo Hídrico Federal,,,,,,,,2.86974350564846,0.204259304483108,20.4259304483107,1.79061107240442,,,,,,,,PARÁ,SANTARÉM,,167-103_20041217,bho_massa_dagua,,,,,,,,,,,,,,,,
10089.0,6625.0,,,,,,,,Artificial,Estadual,Corpo Hídrico Estadual,ESTADO,,,,,,,4.56871001028406,0.394766065391218,39.4766065391218,2.05056147947328,,,,,,,,PARÁ,ALTAMIRA,,165-104_20050719,bho_massa_dagua,,,,,,,,,,,,,,,,
4330.0,46575.0,,,,,,,,Natural,Estadual,Corpo Hídrico Estadual,,,,,,,,1.19229752304293,0.062523090580223,6.25230905802234,1.3446632364956,,,,Lago/Lagoa,Doce,Permanente,,PARÁ,SANTA MARIA DAS BARREIRAS,,,hid_massa_dagua_a_bc250k_2015,,,,,,,,,,,,,,,,
38359.0,6541.0,,,,,,,,Natural,Federal,Corpo Hídrico Federal,,,,,,,,1.9205642149316,0.236019019598401,23.6019019598401,1.11481920035146,,,,,,,,PARÁ,BAIÃO,,162-104_20040824,bho_massa_dagua,,,,,,,,,,,,,,,,
51912.0,47148.0,,,,,,,,Natural,Estadual,Corpo Hídrico Estadual,,,,,,,,2.30254071546127,0.137496919596679,13.7496919596679,1.75109594574369,,,,Meandro abandonado,Doce,Permanente,,PARÁ,NOVA IPIXUNA,,,hid_massa_dagua_a_bc250k_2015,,,,,,,,,,,,,,,,
242184.0,244291.0,6802.0,,,,,,,Artificial,Estadual,Corpo Hídrico Estadual,ESTADO,,,,,,,2.71607584704517,0.093125648967737,9.31256489677369,2.50989957914872,,,,,,,,PARÁ,MARABÁ,,,bho_massa_dagua_2020,,,,,,,,,,,,,,,,
56174.0,22528.0,,,,,,,,Natural,Estadual,Corpo Hídrico Estadual,,,,,,,,2.09956043299929,0.202029360754567,20.2029360754567,1.31725617526309,,,,,,,,PARÁ,ORIXIMINÁ,,169-102_20050923,bho_massa_dagua,,,,,,,,,,,,,,,,
14689.0,6701.0,,,,,,,,Natural,Estadual,Corpo Hídrico Estadual,,,,,,,,3.6923845458064,0.215631527977575,21.5631527977575,2.24233193812632,,,,,,,,PARÁ,PRAINHA,,166-102_20051028,bho_massa_dagua,,,,,,,,,,,,,,,,
7485.0,15033.0,,,,,,,,Natural,Estadual,Corpo Hídrico Estadual,,,,,,,,24.4330571359476,4.97525112370038,497.525112370038,3.0890107214025,,,,,,,,PARÁ,MONTE ALEGRE,,167-102_20050903,bho_massa_dagua,,,,,,,,,,,,,,,,
13140.0,15100.0,,,,,,,,Natural,Estadual,Corpo Hídrico Estadual,,,,,,,,5.32556710004434,0.906960415032714,90.6960415032714,1.57696045626377,,,,,,,,PARÁ,ÓBIDOS,,168-102_20050805,bho_massa_dagua,,,,,,,,,,,,,,,,
221.0,53790.0,,,Canal do Jurupari,,Canal,do,Jurupari,Natural,Federal,Corpo Hídrico Federal,,,,,,,,265.827757697076,725.013625456673,72501.3625456673,2.78404564925683,,,,Rio,,,,PARÁ,"AFUÁ, CHAVES",,,hid_trecho_massa_dagua_a_bc250k_2015,,,,,,,,,,,,,,,4,4
21870.0,15128.0,,,,,,,,Natural,Federal,Corpo Hídrico Federal,,,,,,,,4.82614192278771,0.514909392162221,51.4909392162221,1.89663513083176,,,,,,,,PARÁ,ALENQUER,,168-102_20050805,bho_massa_dagua,,,,,,,,,,,,,,,,
817.0,56401.0,,,Furo Taquari,,Furo,,Taquari,Natural,Estadual,Corpo Hídrico Estadual,,,,,,,,39.2282663858272,5.31738767650541,531.738767650541,4.79732412216099,,,,Rio,,,Rio Jacundá,PARÁ,BAGRE,,,hid_trecho_massa_dagua_a_bc250k_2015,,,,,,,,,,,,,,,624,624
7208.0,62948.0,,,Rio Cachorro,,Rio,,Cachorro,Natural,Estadual,Corpo Hídrico Estadual,,,,,,,,422.99844324622,38.6625188739681,3866.25188739681,19.1841607501157,,,,Rio,,,Rio Cachorro,PARÁ,ORIXIMINÁ,,,bho_massa_dagua_2019,Atualizada geometria em 09/2016,,,,,,,,,,,,,,4546,4546
20055.0,15603.0,,,,,,,,Natural,Estadual,Corpo Hídrico Estadual,,,,,,,,2.3740094340486,0.265589839109125,26.5589839109125,1.29904986124066,,,,,,,,PARÁ,SANTARÉM,,167-103_20041217,bho_massa_dagua,,,,,,,,,,,,,,,,
12344.0,16237.0,,,,,,,,Natural,Estadual,Corpo Hídrico Estadual,,,,,,,,4.09173925556696,0.413904262041994,41.3904262041994,1.79352365819996,,,,,,,,PARÁ,MOJUÍ DOS CAMPOS,,Geocover S-21-00_2000,bho_massa_dagua,,,,,,,,,,,,,,,,
41915.0,58897.0,,,Igarapé Vila Nova,,Igarapé,,Vila Nova,Natural,Federal,Terra da União (Unidade de Conservação),,,,,,,,4.80065528430927,0.433086556582039,43.3086556582039,2.05713256364668,,,,,,,,PARÁ,"MAGALHÃES BARATA, MARACANÃ",,,hid_trecho_massa_dagua_a_bc250k_2015,,,,,,,,,,,,,,,,
26112.0,15622.0,,,,,,,,Natural,Estadual,Corpo Hídrico Estadual,,,,,,,,3.56732707164154,0.628803972707926,62.8803972707926,1.26862831249311,,,,,,,,PARÁ,SANTARÉM,,168-103_20050805,bho_massa_dagua,,,,,,,,,,,,,,,,
46049.0,6669.0,,,,,,,,Natural,Estadual,Corpo Hídrico Estadual,,,,,,,,2.39699564543361,0.314383860770804,31.4383860770804,1.20555278840881,,,,,,,,PARÁ,ALMEIRIM,,166-102_20051028,bho_massa_dagua,,,,,,,,,,,,,,,,
241061.0,242969.0,,,,,,,,Natural,Estadual,Corpo Hídrico Estadual,,,,,,,,27.5113637107659,1.77158391483766,177.158391483766,5.82881622193847,,,,Rio,,,Furo Rio Cafezal,PARÁ,BARCARENA,,,hid_trecho_massa_dagua_a_bc250k_2015,,,,,,,,,,,,,,,614,614
38716.0,14964.0,,,Lagoa do Arrozal,,Lagoa,do,Arrozal,Natural,Federal,Terra da União (Unidade de Conservação),,,,,,,,88.7104650617492,9.86195414014873,986.195414014873,7.96603985713285,,,,,,,,PARÁ,ORIXIMINÁ,Carta 1:100000,170-101_20050825,bho_massa_dagua,,,,,,,,,,,,,,,,
48495.0,15057.0,,,,,,,,Natural,Estadual,Corpo Hídrico Estadual,,,,,,,,3.44341172390957,0.356956245377643,35.6956245377643,1.62528890130647,,,,,,,,PARÁ,MONTE ALEGRE,,167-102_20050903,bho_massa_dagua,,,,,,,,,,,,,,,,
17007.0,15161.0,,,,,,,,Natural,Estadual,Corpo Hídrico Estadual,,,,,,,,2.7392866751062,0.205226580827171,20.5226580827171,1.7051782655583,,,,,,,,PARÁ,ÓBIDOS,,168-102_20050805,bho_massa_dagua,,,,,,,,,,,,,,,,
29753.0,15125.0,,,,,,,,Natural,Federal,Corpo Hídrico Federal,,,,,,,,4.19192695541768,0.233965391422469,23.3965391422469,2.4439201069206,,,,,,,,PARÁ,ALENQUER,,168-102_20050805,bho_massa_dagua,,,,,,,,,,,,,,,,
13344.0,6577.0,,,,,,,,Natural,Estadual,Corpo Hídrico Estadual,,,,,,,,4.27022970535417,0.432108207126736,43.2108207126736,1.83190980916673,,,,,,,,PARÁ,SALVATERRA,,161-101_20040801,bho_massa_dagua,,,,,,,,,,,,,,,,
17286.0,15335.0,,,,,,,,Natural,Estadual,Corpo Hídrico Estadual,,,,,,,,4.48629546075304,0.59432350591928,59.432350591928,1.64106403173247,,,,,,,,PARÁ,JURUTI,,169-102_20050923,bho_massa_dagua,,,,,,,,,,,,,,,,
42529.0,15126.0,,,,,,,,Natural,Federal,Corpo Hídrico Federal,,,,,,,,5.02614408107918,0.761494541869574,76.1494541869574,1.62424165815432,,,,,,,,PARÁ,ALENQUER,,168-102_20050805,bho_massa_dagua,,,,,,,,,,,,,,,,
3340.0,36145.0,,,,,,,,Natural,Federal,Corpo Hídrico Federal,,,,,,,,1.68296553870397,0.117343085817403,11.7343085817403,1.38546506421909,,,,Lago/Lagoa,,Permanente,,PARÁ,MONTE ALEGRE,,,hid_massa_dagua_a_bc250k_2015,,,,,,,,,,,,,,,,
10413.0,6597.0,,,,,,,,Natural,Estadual,Corpo Hídrico Estadual,,,,,,,,5.25902438997974,0.839844331805542,83.9844331805542,1.61828457859776,,,,,,,,PARÁ,CACHOEIRA DO ARARI,,161-101_20040801,bho_massa_dagua,,,,,,,,,,,,,,,,
33088.0,15300.0,,,,,,,,Natural,Estadual,Corpo Hídrico Estadual,,,,,,,,4.03689702967345,0.518854762319638,51.8854762319638,1.58042494757705,,,,,,,,PARÁ,TERRA SANTA,,169-102_20050923,bho_massa_dagua,,,,,,,,,,,,,,,,
34464.0,15325.0,,,,,,,,Natural,Estadual,Corpo Hídrico Estadual,,,,,,,,2.03383561453816,0.232865843615794,23.2865843615794,1.18853523306259,,,,,,,,PARÁ,ÓBIDOS,,169-102_20050923,bho_massa_dagua,,,,,,,,,,,,,,,,
10222.0,15162.0,,,,,,,,Natural,Estadual,Corpo Hídrico Estadual,,,,,,,,4.38442099613773,0.592996472765981,59.2996472765981,1.60559239379644,,,,,,,,PARÁ,ÓBIDOS,,168-102_20050805,bho_massa_dagua,,,,,,,,,,,,,,,,
18940.0,6060.0,,,,,,,,Natural,Estadual,Corpo Hídrico Estadual,,,,,,,,2.61876249470073,0.227860632207763,22.7860632207762,1.54707216284968,,,,,,,,PARÁ,PARAGOMINAS,,160-103_20050803,bho_massa_dagua,,,,,,,,,,,,,,,,
42028.0,15288.0,,,,,,,,Natural,Estadual,Corpo Hídrico Estadual,,,,,,,,2.92572688578387,0.220927152484078,22.0927152484078,1.75532825447177,,,,,,,,PARÁ,TERRA SANTA,,169-102_20050923,bho_massa_dagua,,,,,,,,,,,,,,,,
37797.0,37380.0,,,,,,,,Natural,Federal,Terra da União (Unidade de Conservação),,,,,,,,1.87146770185431,0.205454396687837,20.5454396687837,1.16432366582121,,,,Lago/Lagoa,,Permanente,,PARÁ,BAIÃO,,,hid_massa_dagua_a_bc250k_2015,,,,,,,,,,,,,,,,
8439.0,6582.0,,,,,,,,Natural,Estadual,Corpo Hídrico Estadual,,,,,,,,2.42436453915223,0.319352422508349,31.9352422508349,1.2097953861128,,,,,,,,PARÁ,CURUÇÁ,,Geocover S-22-00_2000,bho_massa_dagua,,,,,,,,,,,,,,,,
16370.0,37196.0,,,,,,,,Natural,Estadual,Corpo Hídrico Estadual,,,,,,,,1.23449211239789,0.102982398450908,10.2982398450908,1.08481561181242,,,,Lago/Lagoa,,Permanente,,PARÁ,OEIRAS DO PARÁ,,,hid_massa_dagua_a_bc250k_2015,,,,,,,,,,,,,,,,
54985.0,57688.0,,,,,,,,Natural,Estadual,Corpo Hídrico Estadual,,,,,,,,3.67233884802052,0.177370426538158,17.7370426538158,2.45895878770853,,,,,Doce,,,PARÁ,"MARABÁ, NOVA IPIXUNA",,,hid_trecho_massa_dagua_a_bc250k_2015,,,,,,,,,,,,,,,,
2274.0,37954.0,,,,,,,,Natural,Estadual,Corpo Hídrico Estadual,,,,,,,,2.28379673473988,0.171699832337869,17.1699832337869,1.55425266415065,,,,Lago/Lagoa,,Permanente,,PARÁ,PARAGOMINAS,,,hid_massa_dagua_a_bc250k_2015,,,,,,,,,,,,,,,,
47682.0,38626.0,,,,,,,,Natural,Federal,Terra da União (Terra Indígena),,,,,,,,2.56333894498086,0.088404022892805,8.84040228928052,2.4311912833134,,,,Meandro abandonado,,Permanente,,PARÁ,JACAREACANGA,,,hid_massa_dagua_a_bc250k_2015,,,,,,,,,,,,,,,,
7873.0,48426.0,,,,,,,,Natural,Estadual,Corpo Hídrico Estadual,,,,,,,,2.07938550413459,0.112228808029018,11.2228808029018,1.7503783992693,,,,Lago/Lagoa,Doce,Permanente,,PARÁ,CONCEIÇÃO DO ARAGUAIA,,,hid_massa_dagua_a_bc250k_2015,,,,,,,,,,,,,,,,
53703.0,38157.0,,,,,,,,Natural,Estadual,Corpo Hídrico Estadual,,,,,,,,3.02820102187093,0.272688998099579,27.2688998099579,1.63530965873772,,,,Lago/Lagoa,,Permanente,,PARÁ,BARCARENA,,,hid_massa_dagua_a_bc250k_2015,,,,,,,,,,,,,,,,
26096.0,6074.0,,,,,,,,Natural,Estadual,Corpo Hídrico Estadual,,,,,,,,5.13478314527414,0.504934649562829,50.4934649562829,2.03776279340126,,,,,,,,PARÁ,PARAGOMINAS,,160-103_20050803,bho_massa_dagua,,,,,,,,,,,,,,,,
10368.0,9374.0,,,,,,,,Natural,Federal,Corpo Hídrico Federal,,,,,,,,1.98738246092153,0.201081747552233,20.1081747552233,1.24981069178995,,,,,,,,PARÁ,SÃO FÉLIX DO XINGU,,164-107_20050531,bho_massa_dagua,,,,,,,,,,,,,,,,
59351.0,22870.0,,,,,,,,Natural,Estadual,Corpo Hídrico Estadual,,,,,,,,5.63308253168428,0.518570284364344,51.8570284364344,2.20592838560529,,,,,,,,PARÁ,SALVATERRA,,162-101_20060414,bho_massa_dagua,,,,,,,,,,,,,,,,
29436.0,9538.0,,,,,,,,Artificial,Estadual,Corpo Hídrico Estadual,ESTADO,,,,,,,3.47322512863973,0.311479095776558,31.1479095776558,1.75496148670393,,,,,,,,PARÁ,CANAÃ DOS CARAJÁS,,161-107_20050731,bho_massa_dagua,,,,,,,,,,,,,,,,
26805.0,15607.0,,,,,,,,Natural,Estadual,Corpo Hídrico Estadual,,,,,,,,2.60048101919537,0.289864921634526,28.9864921634526,1.36208736899751,,,,,,,,PARÁ,MONTE ALEGRE,,167-103_20041217,bho_massa_dagua,,,,,,,,,,,,,,,,
19483.0,57507.0,,,,,,,,Natural,Federal,Terra da União (Unidade de Conservação),,,,,,,,4.46751198251694,0.21299513985452,21.299513985452,2.72979470767427,,,,,,,,PARÁ,TRACUATEUA,,,hid_trecho_massa_dagua_a_bc250k_2015,,,,,,,,,,,,,,,,
56502.0,15037.0,,,,,,,,Natural,Estadual,Corpo Hídrico Estadual,,,,,,,,5.96049989249791,0.757752819683336,75.7752819683336,1.93093659011444,,,,,,,,PARÁ,MONTE ALEGRE,,167-102_20050903,bho_massa_dagua,,,,,,,,,,,,,,,,
32507.0,22564.0,,,,,,,,Natural,Estadual,Corpo Hídrico Estadual,,,,,,,,5.12041859145241,0.571655145067903,57.1655145067903,1.90979835872119,,,,,,,,PARÁ,ALENQUER,,Geocover S-21-00_2000,bho_massa_dagua,,,,,,,,,,,,,,,,
35507.0,6595.0,,,,,,,,Natural,Estadual,Corpo Hídrico Estadual,,,,,,,,2.79387549555811,0.224909909791722,22.4909909791722,1.66131452143602,,,,,,,,PARÁ,SOURE,,161-101_20040801,bho_massa_dagua,,,,,,,,,,,,,,,,
58874.0,22899.0,,,,,,,,Natural,Federal,Corpo Hídrico Federal,,,,,,,,4.44076703279136,0.497277626865578,49.7277626865578,1.77585555630818,,,,,,,,PARÁ,GURUPÁ,,Geocover S-22-00_2000,bho_massa_dagua,,,,,,,,,,,,,,,,
48755.0,22974.0,,,,,,,,Artificial,Estadual,Corpo Hídrico Estadual,ESTADO,,,,,,,5.04918292069669,0.232760516483861,23.2760516483861,2.9513149428938,,,,,,,,PARÁ,PARAGOMINAS,,Geocover S-23-15_2000,bho_massa_dagua,,,,,,,,,,,,,,,,
41741.0,15409.0,,,,,,,,Natural,Estadual,Corpo Hídrico Estadual,,,,,,,,2.44488733739985,0.306819401270906,30.6819401270906,1.24470533356074,,,,,,,,PARÁ,JURUTI,,169-102_20050923,bho_massa_dagua,,,,,,,,,,,,,,,,
33493.0,15036.0,,,,,,,,Natural,Estadual,Corpo Hídrico Estadual,,,,,,,,8.43202588009445,1.03737925239433,103.737925239433,2.33459881221972,,,,,,,,PARÁ,MONTE ALEGRE,,167-102_20050903,bho_massa_dagua,,,,,,,,,,,,,,,,
31345.0,6484.0,,,,,,,,Natural,Estadual,Corpo Hídrico Estadual,,,,,,,,4.18454592203347,0.490862045135748,49.0862045135748,1.68429329714598,,,,,,,,PARÁ,PONTA DE PEDRAS,,162-101_20060414,bho_massa_dagua,,,,,,,,,,,,,,,,
27190.0,9485.0,,,,,,,,Natural,Estadual,Corpo Hídrico Estadual,,,,,,,,4.20203524893858,0.340588330462243,34.0588330462243,2.03045756570108,,,,,,,,PARÁ,"SANTA MARIA DAS BARREIRAS, SANTANA DO ARAGUAIA",,161-110_20050731,bho_massa_dagua,,,,,,,,,,,,,,,,
11196.0,15491.0,,,,,,,,Natural,Estadual,Corpo Hídrico Estadual,,,,,,,,7.30698566113632,0.603475910414857,60.3475910414857,2.65251222477155,,,,,,,,PARÁ,FARO,,170-102_20050825,bho_massa_dagua,,,,,,,,,,,,,,,,
25916.0,6688.0,,,,,,,,Natural,Estadual,Corpo Hídrico Estadual,,,,,,,,4.60675297175134,0.487404403293442,48.7404403293442,1.86079833511242,,,,,,,,PARÁ,PRAINHA,,166-102_20051028,bho_massa_dagua,,,,,,,,,,,,,,,,
10739.0,6756.0,,,,,,,,Natural,Estadual,Corpo Hídrico Estadual,,,,,,,,7.45221627945549,1.02425569013501,102.425569013501,2.07649249714287,,,,,,,,PARÁ,PRAINHA,,166-102_20051028,bho_massa_dagua,,,,,,,,,,,,,,,,
31295.0,6702.0,,,,,,,,Natural,Estadual,Corpo Hídrico Estadual,,,,,,,,4.63605832430586,0.617413315441282,61.7413315441282,1.66383403390757,,,,,,,,PARÁ,PRAINHA,,166-102_20051028,bho_massa_dagua,,,,,,,,,,,,,,,,
31735.0,62931.0,,,,,,,,Natural,Federal,Corpo Hídrico Federal,,,,,,,,41.3166040205048,16.104649561551,1610.4649561551,2.90334126483535,,,,,,,,PARÁ,ÓBIDOS,,,bho_massa_dagua_2019,Atualizada geometria em 09/2016,,,,,,,,,,,,,,,
42673.0,15595.0,,,,,,,,Natural,Federal,Corpo Hídrico Federal,,,,,,,,4.92024128150955,0.588465517007426,58.8465517007426,1.80873523633832,,,,,,,,PARÁ,SANTARÉM,,167-103_20041217,bho_massa_dagua,,,,,,,,,,,,,,,,
25395.0,6488.0,,,,,,,,Natural,Estadual,Corpo Hídrico Estadual,,,,,,,,6.42493808326692,0.440999058126829,44.0999058126829,2.72834461049254,,,,,,,,PARÁ,SALVATERRA,,Geocover S-22-00_2000,bho_massa_dagua,,,,,,,,,,,,,,,,
19235.0,16726.0,,,,,,,,Natural,Estadual,Corpo Hídrico Estadual,,,,,,,,2.69558480137912,0.277716639876944,27.7716639876944,1.44245128959908,,,,,,,,PARÁ,AVEIRO,,168-105_20050831,bho_massa_dagua,,,,,,,,,,,,,,,,
53721.0,6535.0,,,,,,,,Artificial,Estadual,Corpo Hídrico Estadual,ESTADO,,,,,,,5.51466406613928,0.305465964351715,30.5465964351715,2.81375808932667,,,,,,,,PARÁ,BREU BRANCO,,162-104_20040824,bho_massa_dagua,,,,,,,,,,,,,,,,
30056.0,22960.0,,,,,,,,Natural,Estadual,Corpo Hídrico Estadual,,,,,,,,3.38845935582696,0.362457657288522,36.2457657288522,1.58716745429859,,,,,,,,PARÁ,CAMETÁ,,Geocover S-22-00_2000,bho_massa_dagua,,,,,,,,,,,,,,,,
36326.0,22555.0,,,,,,,,Natural,Estadual,Corpo Hídrico Estadual,,,,,,,,2.16956692465458,0.20122898589358,20.122898589358,1.36388229093183,,,,,,,,PARÁ,ÓBIDOS,,168-102_20050805,bho_massa_dagua,,,,,,,,,,,,,,,,
28117.0,15340.0,,,,,,,,Natural,Estadual,Corpo Hídrico Estadual,,,,,,,,3.3159494343063,0.450375384519526,45.0375384519526,1.39338035955915,,,,,,,,PARÁ,JURUTI,,169-102_20050923,bho_massa_dagua,,,,,,,,,,,,,,,,
31695.0,15040.0,,,,,,,,Natural,Estadual,Corpo Hídrico Estadual,,,,,,,,4.86468581673598,0.669759452176932,66.9759452176932,1.67627195634587,,,,,,,,PARÁ,MONTE ALEGRE,,167-102_20050903,bho_massa_dagua,,,,,,,,,,,,,,,,
50686.0,14988.0,,,,,,,,Natural,Estadual,Corpo Hídrico Estadual,,,,,,,,22.3031467530273,4.43962888132009,443.962888132009,2.98498337297668,,,,,,,,PARÁ,MONTE ALEGRE,,167-102_20050903,bho_massa_dagua,,,,,,,,,,,,,,,,
36786.0,46395.0,,,,,,,,Natural,Federal,Terra da União (Terra Indígena),,,,,,,,1.56227165711107,0.098458494219533,9.84584942195333,1.40403866374098,,,,Meandro abandonado,Doce,Permanente,,PARÁ,SÃO FÉLIX DO XINGU,,,hid_massa_dagua_a_bc250k_2015,,,,,,,,,,,,,,,,
6064.0,15395.0,,,,,,,,Natural,Estadual,Corpo Hídrico Estadual,,,,,,,,3.78989980463756,0.380974262815955,38.0974262815955,1.73152600381045,,,,,,,,PARÁ,JURUTI,,169-102_20050923,bho_massa_dagua,,,,,,,,,,,,,,,,
7299.0,15133.0,,,,,,,,Natural,Federal,Corpo Hídrico Federal,,,,,,,,5.65887509071531,0.376775268259616,37.6775268259616,2.59978852333009,,,,,,,,PARÁ,ALENQUER,,168-102_20050805,bho_massa_dagua,,,,,,,,,,,,,,,,
33841.0,15035.0,,,,,,,,Natural,Estadual,Corpo Hídrico Estadual,,,,,,,,12.976126412673,2.76726610504032,276.726610504032,2.19972663923191,,,,,,,,PARÁ,MONTE ALEGRE,,167-102_20050903,bho_massa_dagua,,,,,,,,,,,,,,,,
24204.0,37228.0,,,,,,,,Natural,Federal,Corpo Hídrico Federal,,,,,,,,1.87465579783615,0.181792534959381,18.1792534959381,1.23988847988366,,,,Lago/Lagoa,,Permanente,,PARÁ,ALENQUER,,,hid_massa_dagua_a_bc250k_2015,,,,,,,,,,,,,,,,
33349.0,54081.0,,,,,,,,Natural,Estadual,Corpo Hídrico Estadual,,,,,,,,1.82347606851981,0.117126740169453,11.7126740169453,1.50252306710488,,,,,Doce,,,PARÁ,CONCEIÇÃO DO ARAGUAIA,,,hid_trecho_massa_dagua_a_bc250k_2015,,,,,,,,,,,,,,,,
3659.0,15427.0,,,,,,,,Natural,Estadual,Corpo Hídrico Estadual,,,,,,,,2.16107518738497,0.226142707221223,22.6142707221223,1.28152679705263,,,,,,,,PARÁ,JURUTI,,169-102_20050923,bho_massa_dagua,,,,,,,,,,,,,,,,
18870.0,23016.0,,,,,,,,Natural,Federal,Corpo Hídrico Federal,,,,,,,,4.16866013327284,0.435455483515058,43.5455483515058,1.78145031944947,,,,,,,,PARÁ,CHAVES,,163-100_20040126,bho_massa_dagua,,,,,,,,,,,,,,,,
54891.0,15066.0,,,,,,,,Natural,Estadual,Corpo Hídrico Estadual,,,,,,,,2.89474152760866,0.44251993370407,44.251993370407,1.22713538818916,,,,,,,,PARÁ,SANTARÉM,,167-102_20050903,bho_massa_dagua,,,,,,,,,,,,,,,,
54320.0,15055.0,,,,,,,,Natural,Estadual,Corpo Hídrico Estadual,,,,,,,,3.21388880838637,0.213558870057563,21.3558870057563,1.96119667582778,,,,,,,,PARÁ,MONTE ALEGRE,,167-102_20050903,bho_massa_dagua,,,,,,,,,,,,,,,,
45744.0,58967.0,,,,,,,,Artificial,Estadual,Corpo Hídrico Estadual,ESTADO,,,,,,,2.34548798621209,0.120280824844203,12.0280824844203,1.90714679439068,,,,Represa/Açude,,,,PARÁ,MARAPANIM,,,hid_trecho_massa_dagua_a_bc250k_2015,,,,,,,,,,,,,,,,
20999.0,22849.0,,,,,,,,Natural,Estadual,Corpo Hídrico Estadual,,,,,,,,10.4192364481207,1.54026988019164,154.026988019164,2.36748148151567,,,,,,,,PARÁ,PONTA DE PEDRAS,,162-101_20060414,bho_massa_dagua,,,,,,,,,,,,,,,,
242190.0,244307.0,6864.0,,,,,,,Artificial,Estadual,Corpo Hídrico Estadual,ESTADO,,,,,,,1.95013263813884,0.050605757574973,5.06057575749734,2.44463088273729,,,,,,,,PARÁ,PARAGOMINAS,,,bho_massa_dagua_2020,,,,,,,,,,,,,,,,
41576.0,53723.0,,,,,,,,Natural,Estadual,Corpo Hídrico Estadual,,,,,,,,3.7295652553868,0.2734874381385,27.34874381385,2.0111229736186,,,,,,,,PARÁ,ITUPIRANGA,,,hid_trecho_massa_dagua_a_bc250k_2015,,,,,,,,,,,,,,,,
31392.0,15151.0,,,,,,,,Natural,Federal,Corpo Hídrico Federal,,,,,,,,12.5312405234104,2.11822468785604,211.822468785604,2.42804740423328,,,,,,,,PARÁ,ÓBIDOS,,168-102_20050805,bho_massa_dagua,,,,,,,,,,,,,,,,
44979.0,6499.0,,,,,,,,Natural,Estadual,Corpo Hídrico Estadual,,,,,,,,4.23929038962826,0.755545836557495,75.5545836557495,1.37534567643338,,,,,,,,PARÁ,"PORTO DE MOZ, PRAINHA",,166-102_20051028,bho_massa_dagua,,,,,,,,,,,,,,,,
11218.0,14884.0,,,,,,,,Natural,Federal,Terra da União (Unidade de Conservação),,,,,,,,3.06028382990137,0.213047496094306,21.3047496094306,1.86970288716595,,,,,,,,PARÁ,ALTAMIRA,,166-106_20050716,bho_massa_dagua,,,,,,,,,,,,,,,,
45632.0,6500.0,,,,,,,,Natural,Estadual,Corpo Hídrico Estadual,,,,,,,,3.88293966464482,0.240341713370585,24.0341713370585,2.2335474037028,,,,,,,,PARÁ,ALMEIRIM,,166-101_20051028,bho_massa_dagua,,,,,,,,,,,,,,,,
31276.0,9361.0,,,,,,,,Natural,Estadual,Corpo Hídrico Estadual,,,,,,,,9.60750688344006,0.497232006135761,49.7232006135761,3.84220271641664,,,,,,,,PARÁ,SANTANA DO ARAGUAIA,,161-110_20050731,bho_massa_dagua,,,,,,,,,,,,,,,,
4729.0,15170.0,,,,,,,,Natural,Federal,Corpo Hídrico Federal,,,,,,,,22.8015697314552,4.11297456722842,411.297456722842,3.17055902384293,,,,,,,,PARÁ,CURUÁ,,168-102_20050805,bho_massa_dagua,,,,,,,,,,,,,,,,
30177.0,15155.0,,,,,,,,Natural,Federal,Corpo Hídrico Federal,,,,,,,,4.6663864512917,0.335240835893685,33.5240835893685,2.27274836156737,,,,,,,,PARÁ,ÓBIDOS,,168-102_20050805,bho_massa_dagua,,,,,,,,,,,,,,,,
8153.0,6673.0,,,,,,,,Natural,Estadual,Corpo Hídrico Estadual,,,,,,,,3.55343196002995,0.217517918974244,21.7517918974244,2.14857042123375,,,,,,,,PARÁ,PRAINHA,,166-102_20051028,bho_massa_dagua,,,,,,,,,,,,,,,,
38504.0,6550.0,,,,,,,,Artificial,Estadual,Corpo Hídrico Estadual,ESTADO,,,,,,,6.56622711775841,0.214080294345681,21.4080294345681,4.00199610926954,,,,,,,,PARÁ,BAIÃO,,162-103_20040824,bho_massa_dagua,,,,,,,,,,,,,,,,
26056.0,9381.0,,,,,,,,Natural,Estadual,Corpo Hídrico Estadual,,,,,,,,5.17267413107455,0.326054434610792,32.6054434610792,2.55457802616816,,,,,,,,PARÁ,NOVA IPIXUNA,,161-106_20040801,bho_massa_dagua,,,,,,,,,,,,,,,,
56781.0,15152.0,,,,,,,,Natural,Federal,Corpo Hídrico Federal,,,,,,,,3.4270458133949,0.268515058489627,26.8515058489627,1.86502516173044,,,,,,,,PARÁ,ÓBIDOS,,168-102_20050805,bho_massa_dagua,,,,,,,,,,,,,,,,
17249.0,6648.0,,,,,,,,Natural,Estadual,Corpo Hídrico Estadual,,,,,,,,2.75848532704878,0.26948636229256,26.948636229256,1.49848151693453,,,,,,,,PARÁ,PRAINHA,,166-102_20051028,bho_massa_dagua,,,,,,,,,,,,,,,,
241905.0,243714.0,,,,,,,,Artificial,Federal,Corpo Hídrico Federal,ANA,,,,,,,0.587088236798147,0.006512299115301,0.651229911530116,2.05156516904359,,,,,,,,PARÁ,DOM ELISEU,,,bho_massa_dagua_2019,,,,,,,,,,,,,,,,
11830.0,9468.0,,,,,,,,Natural,Federal,Terra da União (Terra Indígena),,,,,,,,4.23286585382784,0.484837573345936,48.4837573345936,1.71429468674247,,,,,,,,PARÁ,SÃO FÉLIX DO XINGU,,163-110_20060123,bho_massa_dagua,,,,,,,,,,,,,,,,
49003.0,22691.0,,,,,,,,Natural,Federal,Terra da União (Terra Indígena),,,,,,,,5.75773250082715,0.354445840557236,35.4445840557236,2.72725439482256,,,,,,,,PARÁ,JACAREACANGA,,168-110_20050614,bho_massa_dagua,,,,,,,,,,,,,,,,
48151.0,57452.0,,,,,,,,Artificial,Estadual,Corpo Hídrico Estadual,ESTADO,,,,,,,4.28124495431947,0.117484071382457,11.7484071382457,3.52232715616895,,,,Represa/Açude,Doce,,,PARÁ,SANTANA DO ARAGUAIA,,,hid_trecho_massa_dagua_a_bc250k_2015,,,,,,,,,,,,,,,,
15159.0,15034.0,,,,,,,,Natural,Estadual,Corpo Hídrico Estadual,,,,,,,,7.24926676830167,0.469799750660532,46.9799750660532,2.98254358674599,,,,,,,,PARÁ,MONTE ALEGRE,,167-102_20050903,bho_massa_dagua,,,,,,,,,,,,,,,,
27949.0,6530.0,,,,,,,,Natural,Estadual,Corpo Hídrico Estadual,,,,,,,,3.11796617440317,0.427503646409619,42.7503646409619,1.34477800119264,,,,,,,,PARÁ,SALVATERRA,,162-101_20060414,bho_massa_dagua,,,,,,,,,,,,,,,,
35868.0,6679.0,,,,,,,,Natural,Federal,Terra da União (Unidade de Conservação),,,,,,,,3.00207219413678,0.196848292650408,19.6848292650408,1.90811442241952,,,,,,,,PARÁ,PORTO DE MOZ,,166-102_20051028,bho_massa_dagua,,,,,,,,,,,,,,,,
52060.0,48224.0,,,,,,,,Natural,Estadual,Corpo Hídrico Estadual,,,,,,,,4.73502957787208,0.278553499981941,27.8553499981941,2.52998236919163,,,,Lago/Lagoa,Doce,Permanente,,PARÁ,SANTA MARIA DAS BARREIRAS,,,hid_massa_dagua_a_bc250k_2015,,,,,,,,,,,,,,,,
3085.0,15584.0,,,,,,,,Natural,Federal,Corpo Hídrico Federal,,,,,,,,6.64136342080106,0.577208162253586,57.7208162253586,2.46513167608015,,,,,,,,PARÁ,SANTARÉM,,167-103_20041217,bho_massa_dagua,,,,,,,,,,,,,,,,
14520.0,15141.0,,,,,,,,Natural,Estadual,Corpo Hídrico Estadual,,,,,,,,11.1842148493999,1.5807873210393,158.07873210393,2.50852184676084,,,,,,,,PARÁ,CURUÁ,,168-102_20050805,bho_massa_dagua,,,,,,,,,,,,,,,,
5380.0,6680.0,,,,,,,,Natural,Federal,Terra da União (Unidade de Conservação),,,,,,,,5.22436447617129,0.50676537840505,50.676537840505,2.06956517442597,,,,,,,,PARÁ,PORTO DE MOZ,,166-102_20051028,bho_massa_dagua,,,,,,,,,,,,,,,,
46666.0,38700.0,,,,,,,,Natural,Federal,Terra da União (Terra Indígena),,,,,,,,1.91678706329974,0.071091910821992,7.10919108219919,2.02727602430055,,,,Meandro abandonado,,Permanente,,PARÁ,JACAREACANGA,,,hid_massa_dagua_a_bc250k_2015,,,,,,,,,,,,,,,,
41128.0,14942.0,,,,,,,,Natural,Estadual,Corpo Hídrico Estadual,,,,,,,,5.96506593001908,0.30975485223489,30.975485223489,3.02242336108689,,,,,,,,PARÁ,ÓBIDOS,,169-101_20050923,bho_massa_dagua,,,,,,,,,,,,,,,,
37276.0,55496.0,,,,,,,,Artificial,Estadual,Corpo Hídrico Estadual,ESTADO,,,,,,,1.39097412127326,0.063749000712954,6.3749000712954,1.55357229465498,,,,Represa/Açude,,,,PARÁ,VIGIA,,,hid_trecho_massa_dagua_a_bc250k_2015,,,,,,,,,,,,,,,,
57853.0,15219.0,,,,,,,,Natural,Estadual,Corpo Hídrico Estadual,,,,,,,,5.17998027185497,0.33710730002647,33.710730002647,2.51589861142241,,,,,,,,PARÁ,ORIXIMINÁ,,169-102_20050923,bho_massa_dagua,,,,,,,,,,,,,,,,
34746.0,36241.0,,,,,,,,Natural,Estadual,Corpo Hídrico Estadual,,,,,,,,2.93417461367535,0.150768311997694,15.0768311997694,2.13098320718547,,,,Meandro abandonado,Doce,Permanente,,PARÁ,NOVA IPIXUNA,,,hid_massa_dagua_a_bc250k_2015,,,,,,,,,,,,,,,,
21637.0,20798.0,,,,,,,,Natural,Federal,Terra da União (Terra Indígena),,,,,,,,3.27298157922968,0.256610817413405,25.6610817413405,1.82202859835128,,,,,,,,PARÁ,ALMEIRIM,,167-099_20050929,bho_massa_dagua,Revisado,,,,,,,,,,,,,,,
55053.0,39275.0,,,,,,,,Natural,Federal,Terra da União (Unidade de Conservação),,,,,,,,2.01753689671806,0.064822997726961,6.48229977269609,2.23463212897985,,,,Meandro abandonado,,Permanente,,PARÁ,ITAITUBA,,,hid_massa_dagua_a_bc250k_2015,,,,,,,,,,,,,,,,
2382.0,45635.0,,,,,,,,Natural,Estadual,Corpo Hídrico Estadual,,,,,,,,2.67702600208328,0.11086922436605,11.086922436605,2.26723320381797,,,,Meandro abandonado,Doce,Permanente,,PARÁ,SANTA MARIA DAS BARREIRAS,,,hid_massa_dagua_a_bc250k_2015,,,,,,,,,,,,,,,,
45321.0,15562.0,,,,,,,,Natural,Estadual,Corpo Hídrico Estadual,,,,,,,,2.56647266884682,0.270829346494051,27.0829346494051,1.39071420651579,,,,,,,,PARÁ,PRAINHA,,167-103_20041217,bho_massa_dagua,,,,,,,,,,,,,,,,
20884.0,37507.0,,,,,,,,Natural,Estadual,Corpo Hídrico Estadual,,,,,,,,2.26212673892773,0.106436660807981,10.6436660807981,1.95533160923513,,,,Lago/Lagoa,,Permanente,,PARÁ,ORIXIMINÁ,,,hid_massa_dagua_a_bc250k_2015,,,,,,,,,,,,,,,,
26630.0,45839.0,,,,,,,,Natural,Federal,Terra da União (Terra Indígena),,,,,,,,3.33837673423945,0.229034433174314,22.9034433174314,1.96713453844559,,,,Meandro abandonado,Doce,Permanente,,PARÁ,SÃO FÉLIX DO XINGU,,,hid_massa_dagua_a_bc250k_2015,,,,,,,,,,,,,,,,
47351.0,22720.0,,,,,,,,Natural,Estadual,Corpo Hídrico Estadual,,,,,,,,2.65959583694893,0.457397760365148,45.7397760365148,1.10896473521099,,,,,,,,PARÁ,PRAINHA,,166-102_20051028,bho_massa_dagua,,,,,,,,,,,,,,,,
21068.0,14978.0,,,,,,,,Natural,Estadual,Corpo Hídrico Estadual,,,,,,,,5.41752438482258,0.458436360311194,45.8436360311194,2.25637071877392,,,,,,,,PARÁ,PRAINHA,,167-102_20050903,bho_massa_dagua,,,,,,,,,,,,,,,,
53682.0,54774.0,,,,,,,,Artificial,Estadual,Corpo Hídrico Estadual,ESTADO,,,,,,,3.23683534161267,0.155927711710456,15.5927711710456,2.31157539397103,,,,Represa/Açude,,,,PARÁ,SÃO MIGUEL DO GUAMÁ,,,hid_trecho_massa_dagua_a_bc250k_2015,,,,,,,,,,,,,,,,
19341.0,9372.0,,,,,,,,Natural,Federal,Corpo Hídrico Federal,,,,,,,,3.00430362192,0.220348877915442,22.0348877915442,1.80483501520509,,,,,,,,PARÁ,SÃO FÉLIX DO XINGU,,164-109_20050626,bho_massa_dagua,,,,,,,,,,,,,,,,
19976.0,6699.0,,,,,,,,Natural,Estadual,Corpo Hídrico Estadual,,,,,,,,14.0801326700336,3.85495201994484,385.495201994484,2.02230365492402,,,,,,,,PARÁ,PRAINHA,,166-102_20051028,bho_massa_dagua,,,,,,,,,,,,,,,,
4657.0,47533.0,,,,,,,,Natural,Estadual,Corpo Hídrico Estadual,,,,,,,,2.48464384912939,0.124706472946293,12.4706472946293,1.98412374960446,,,,Meandro abandonado,Doce,Permanente,,PARÁ,CONCEIÇÃO DO ARAGUAIA,,,hid_massa_dagua_a_bc250k_2015,,,,,,,,,,,,,,,,
21005.0,15176.0,,,,,,,,Natural,Federal,Corpo Hídrico Federal,,,,,,,,5.45490981828852,0.478178842893817,47.8178842893817,2.22454658592438,,,,,,,,PARÁ,ALENQUER,,168-102_20050805,bho_massa_dagua,,,,,,,,,,,,,,,,
55990.0,15393.0,,,,,,,,Natural,Estadual,Corpo Hídrico Estadual,,,,,,,,3.24249594936888,0.21178444187508,21.178444187508,1.98692522852996,,,,,,,,PARÁ,JURUTI,,169-102_20050923,bho_massa_dagua,,,,,,,,,,,,,,,,
19118.0,57356.0,,,,,,,,Natural,Federal,Terra da União (Unidade de Conservação),,,,,,,,6.63986329359689,1.85733967389691,185.733967389691,1.37392358381326,,,,Rio,,,Rio Emboraí,PARÁ,AUGUSTO CORRÊA,,,hid_trecho_massa_dagua_a_bc250k_2015,,,,,,,,,,,,,,,,71194
44247.0,37627.0,,,,,,,,Natural,Estadual,Corpo Hídrico Estadual,,,,,,,,3.08469269631969,0.293973289608798,29.3973289608798,1.60437940115182,,,,Lago/Lagoa,,Permanente,,PARÁ,ÓBIDOS,,,hid_massa_dagua_a_bc250k_2015,,,,,,,,,,,,,,,,
19886.0,55529.0,,,,,,,,Natural,Estadual,Corpo Hídrico Estadual,,,,,,,,1.15407039446342,0.078608813495441,7.86088134954413,1.16076896459182,,,,Laguna,,,,PARÁ,VISEU,,,hid_trecho_massa_dagua_a_bc250k_2015,,,,,,,,,,,,,,,,
56941.0,36362.0,,,,,,,,Natural,Estadual,Corpo Hídrico Estadual,,,,,,,,1.63431556255351,0.182415711271212,18.2415711271212,1.07908064807568,,,,Lago/Lagoa,Doce,Permanente,,PARÁ,CONCEIÇÃO DO ARAGUAIA,,,hid_massa_dagua_a_bc250k_2015,,,,,,,,,,,,,,,,
38896.0,36706.0,,,,,,,,Natural,Estadual,Corpo Hídrico Estadual,,,,,,,,2.74194795559825,0.114402331811745,11.4402331811745,2.28607712117432,,,,Lago/Lagoa,,Permanente,,PARÁ,PARAGOMINAS,,,hid_massa_dagua_a_bc250k_2015,,,,,,,,,,,,,,,,
57249.0,39189.0,,,,,,,,Natural,Federal,Corpo Hídrico Federal,,,,,,,,8.11896940625186,1.31631707805506,131.631707805506,1.99558281462727,,,,Lago/Lagoa,,Permanente,,PARÁ,CHAVES,,,hid_massa_dagua_a_bc250k_2015,,,,,,,,,,,,,,,,
12448.0,32696.0,,,Rio Gurupi,,Rio,,Gurupi,Natural,Federal,Corpo Hídrico Federal,,,,,,,,1.5193118023447,0.088291455424045,8.8291455424045,1.44190511320338,,,,,,,,"MARANHÃO, PARÁ","ITINGA DO MARANHÃO, ULIANÓPOLIS",,159-104_20050711,bho_massa_dagua_20,Atualizada geometria em 09/2016,,,,,,,,,,,,,,,
675.0,15222.0,,,Lagoa do Castanho,,Lagoa,do,Castanho,Natural,Estadual,Corpo Hídrico Estadual,,,,,,,,46.4629697932302,3.52771195704773,352.771195704773,6.97604888214837,,,,,,,,PARÁ,ORIXIMINÁ,Carta 1:100000,169-102_20050923,bho_massa_dagua,,,,,,,,,,,,,,,,
11234.0,15337.0,,,Lago do Pequenino,,Lago,do,Pequenino,Natural,Estadual,Corpo Hídrico Estadual,,,,,,,,3.51774165549581,0.497034922539226,49.7034922539226,1.40708261686582,,,,,,,,PARÁ,JURUTI,Carta 1:100000,169-102_20050923,bho_massa_dagua,,,,,,,,,,,,,,,,
38556.0,9507.0,,,Lagoa do Peti,,Lagoa,do,Peti,Natural,Federal,Terra da União (Terra Indígena),,,,,,,,20.4736919514644,2.00196283855027,200.196283855027,4.08053650143468,,,,,,,,PARÁ,SÃO FÉLIX DO XINGU,Carta 1:250000,164-109_20050626,bho_massa_dagua,,,,,,,,,,,,,,,,
3525.0,36139.0,,,Lagoa da Arraia,,Lagoa,da,Arraia,Natural,Estadual,Corpo Hídrico Estadual,,,,,,,,1.94228313686727,0.15751516256703,15.751516256703,1.3800679336948,,,,Lago/Lagoa,,Permanente,,PARÁ,ORIXIMINÁ,,,hid_massa_dagua_a_bc250k_2015,,,,,,,,,,,,,,,,
9586.0,14809.0,,,Lago do Boto,,Lago,do,Boto,Natural,Federal,Terra da União (Terra Indígena),,,,,,,,8.15615234309035,3.34621114201929,334.621114201929,1.25735457659801,,,,,,,,PARÁ,JACAREACANGA,Carta 1:100000,169-109_20050802,bho_massa_dagua,,,,,,,,,,,,,,,,
11182.0,45935.0,,,Lago das Três Bocas,,Lago,das,Três Bocas,Natural,Estadual,Corpo Hídrico Estadual,,,,,,,,4.90539426987702,0.251603441176188,25.1603441176188,2.75781252340568,,,,Lago/Lagoa,Doce,Permanente,,PARÁ,SANTA MARIA DAS BARREIRAS,,,hid_massa_dagua_a_bc250k_2015,,,,,,,,,,,,,,,,
1164.0,15482.0,,,Lagoa do Rosário,,Lagoa,do,Rosário,Natural,Estadual,Corpo Hídrico Estadual,,,,,,,,3.41025092510047,0.317058708286122,31.7058708286122,1.70791243574392,,,,,,,,PARÁ,FARO,Carta 1:250000,170-102_20050825,bho_massa_dagua,,,,,,,,,,,,,,,,
1210.0,15423.0,,,Lago do Poção Grande,,Lago,do,Poção Grande,Natural,Estadual,Corpo Hídrico Estadual,,,,,,,,8.36181697820798,1.72899645141308,172.899645141308,1.79329903556842,,,,,,,,PARÁ,JURUTI,Carta 1:100000,169-102_20050923,bho_massa_dagua,,,,,,,,,,,,,,,,
2552.0,9517.0,,,Lagoa do José Bravo,,Lagoa,do,José Bravo,Natural,Estadual,Corpo Hídrico Estadual,,,,,,,,2.66815868759776,0.207064899070079,20.7064899070079,1.65351264816498,,,,,,,,PARÁ,SÃO FÉLIX DO XINGU,Carta 1:250000,164-108_20050626,bho_massa_dagua,,,,,,,,,,,,,,,,
62505.0,64283.0,915.0,,Barragem de Rejeitos 9/10/11/12/13,,Barragem,de,Rejeitos 9/10/11/12/13,Artificial,Estadual,Corpo Hídrico Estadual,ANM,,,,,,,0.63253926123879,0.017160556024,1.71605560240005,1.36166701616314,Contenção de rejeitos de mineração,SNISB,,,,,,PARÁ,ITAITUBA,,Google Satellite,bho_massa_dagua_2019,Reservatório incluído na atualização de 11/2016.,,,,,,,,,,,,,,,
10894.0,9527.0,,,Lagoa do Estrago,,Lagoa,do,Estrago,Natural,Estadual,Corpo Hídrico Estadual,,,,,,,,2.99300223152774,0.202322322208032,20.2322322208032,1.87643812570405,,,,,,,,PARÁ,SÃO FÉLIX DO XINGU,Carta 1:250000,164-107_20050531,bho_massa_dagua,,,,,,,,,,,,,,,,
36461.0,15018.0,,,Lago do Tatu,,Lago,do,Tatu,Natural,Estadual,Corpo Hídrico Estadual,,,,,,,,4.01182349644938,0.303997321720785,30.3997321720785,2.05189931851542,,,,,,,,PARÁ,MONTE ALEGRE,Carta 1:100000,167-102_20050903,bho_massa_dagua,,,,,,,,,,,,,,,,
3735.0,15420.0,,,Lago do Poção Grande,,Lago,do,Poção Grande,Natural,Estadual,Corpo Hídrico Estadual,,,,,,,,18.6369673752078,3.96320740699319,396.32074069932,2.63998192136573,,,,,,,,PARÁ,JURUTI,Carta 1:100000,169-102_20050923,bho_massa_dagua,,,,,,,,,,,,,,,,
12301.0,15226.0,,,Lagoa do Tracuá,,Lagoa,do,Tracuá,Natural,Estadual,Corpo Hídrico Estadual,,,,,,,,18.2825388350433,4.23986766846298,423.986766846298,2.50385665460869,,,,,,,,PARÁ,ORIXIMINÁ,Carta 1:100000,169-102_20050923,bho_massa_dagua,,,,,,,,,,,,,,,,
25033.0,14962.0,,,Lagoa do Caetano,,Lagoa,do,Caetano,Natural,Federal,Terra da União (Unidade de Conservação),,,,,,,,5.37884875369202,0.243412668892464,24.3412668892464,3.074445875651,,,,,,,,PARÁ,ORIXIMINÁ,Carta 1:100000,170-101_20050825,bho_massa_dagua,,,,,,,,,,,,,,,,
45545.0,22502.0,,,Lagoa do Leonardo,,Lagoa,do,Leonardo,Natural,Federal,Terra da União (Unidade de Conservação),,,,,,,,4.77997549509355,0.260913788366442,26.0913788366442,2.63892023445908,,,,,,,,PARÁ,ORIXIMINÁ,Carta 1:100000,170-101_20050825,bho_massa_dagua,,,,,,,,,,,,,,,,
16665.0,22513.0,,,Lago do Salé,,Lago,do,Salé,Natural,Estadual,Corpo Hídrico Estadual,,,,,,,,2.21038356313101,0.211109790452948,21.1109790452948,1.35663358215394,,,,,,,,PARÁ,JURUTI,Carta 1:100000,169-102_20050923,bho_massa_dagua,,,,,,,,,,,,,,,,
11922.0,22501.0,,,Lagoa do Sucuriju,,Lagoa,do,Sucuriju,Natural,Federal,Terra da União (Unidade de Conservação),,,,,,,,3.55245060063575,0.22303371728823,22.303371728823,2.12125019077586,,,,,,,,PARÁ,ORIXIMINÁ,Carta 1:100000,170-101_20050825,bho_massa_dagua,,,,,,,,,,,,,,,,
8513.0,14961.0,,,Lagoa do Macaco,,Lagoa,do,Macaco,Natural,Federal,Terra da União (Unidade de Conservação),,,,,,,,10.983317603751,0.708686661090629,70.8686661090629,3.67921800001726,,,,,,,,PARÁ,ORIXIMINÁ,Carta 1:100000,170-101_20050825,bho_massa_dagua,,,,,,,,,,,,,,,,
52288.0,9524.0,,,Lagoa da Ilha Grande,,Lagoa,da,Ilha Grande,Natural,Federal,Corpo Hídrico Federal,,,,,,,,3.81855142026456,0.413197768715876,41.3197768715876,1.67520811309375,,,,,,,,PARÁ,SÃO FÉLIX DO XINGU,Carta 1:250000,164-107_20050531,bho_massa_dagua,,,,,,,,,,,,,,,,
24657.0,22534.0,,,Lagoa do Matapi,,Lagoa,do,Matapi,Natural,Estadual,Corpo Hídrico Estadual,,,,,,,,4.95838819498075,0.21942987573889,21.942987573889,2.98498226157138,,,,,,,,PARÁ,ORIXIMINÁ,Carta 1:100000,169-102_20050923,bho_massa_dagua,,,,,,,,,,,,,,,,
33583.0,15374.0,,,Lago do Macuricanã,,Lago,do,Macuricanã,Natural,Estadual,Corpo Hídrico Estadual,,,,,,,,67.0694140897814,27.2220719151201,2722.20719151201,3.62504191273593,,,,,,,,"AMAZONAS, PARÁ","NHAMUNDÁ, TERRA SANTA",Carta 1:100000,169-102_20050923,bho_massa_dagua,,,,,,,,,,,,,,,,
8105.0,15286.0,,,Lagoa do Mato,,Lagoa,do,Mato,Natural,Estadual,Corpo Hídrico Estadual,,,,,,,,10.9866202204785,0.727876910704453,72.7876910704453,3.63148495342984,,,,,,,,PARÁ,TERRA SANTA,Carta 1:100000,169-102_20050923,bho_massa_dagua,,,,,,,,,,,,,,,,
35940.0,9394.0,,,Lago da Surucuju,,Lago,da,Surucuju,Natural,Federal,Terra da União (Terra Indígena),,,,,,,,3.24750425481867,0.268310328422804,26.8310328422804,1.76799137347428,,,,,,,,PARÁ,SÃO FÉLIX DO XINGU,Carta 1:100000,164-111_20050626,bho_massa_dagua,,,,,,,,,,,,,,,,
42976.0,62351.0,,,Rio da Macura,,Rio,da,Macura,Natural,Estadual,Corpo Hídrico Estadual,,,,,,,,10.8723397320379,1.6745852487979,167.45852487979,2.36929147720531,,,,Rio,,,Rio da Mucura,PARÁ,BARCARENA,,,hid_trecho_massa_dagua_a_bc250k_2015,,,,,,,,,,,,,,,614,614
12885.0,15471.0,,,Lagoa do Cordeiro,,Lagoa,do,Cordeiro,Natural,Federal,Terra da União (Unidade de Conservação),,,,,,,,11.7753113214569,0.695808160552725,69.5808160552725,3.98085856035226,,,,,,,,PARÁ,ORIXIMINÁ,Carta 1:100000,170-102_20050825,bho_massa_dagua,,,,,,,,,,,,,,,,
16507.0,15403.0,,,Lago do Salé,,Lago,do,Salé,Natural,Estadual,Corpo Hídrico Estadual,,,,,,,,3.19188092394223,0.270409292670215,27.0409292670215,1.73095183496193,,,,,,,,PARÁ,JURUTI,Carta 1:100000,169-102_20050923,bho_massa_dagua,,,,,,,,,,,,,,,,
12422.0,15419.0,,,Lago do Poção Grande,,Lago,do,Poção Grande,Natural,Estadual,Corpo Hídrico Estadual,,,,,,,,25.4949525036282,6.90331201418519,690.331201418519,2.73636838475042,,,,,,,,PARÁ,JURUTI,Carta 1:100000,169-102_20050923,bho_massa_dagua,,,,,,,,,,,,,,,,
11293.0,9551.0,,,Lagoa do Camarão,,Lagoa,do,Camarão,Natural,Estadual,Corpo Hídrico Estadual,,,,,,,,8.27415186746738,0.91642926286973,91.642926286973,2.43737931984046,,,,,,,,PARÁ,BOM JESUS DO TOCANTINS,Carta 1:50000,161-106_20040801,bho_massa_dagua,,,,,,,,,,,,,,,,
40034.0,15199.0,,,Lago das Garças,,Lago,das,Garças,Natural,Estadual,Corpo Hídrico Estadual,,,,,,,,5.90079595478917,0.882417565258264,88.2417565258264,1.77142444455238,,,,,,,,PARÁ,SANTARÉM,Carta 1:100000,168-102_20050805,bho_massa_dagua,,,,,,,,,,,,,,,,
44502.0,9466.0,,,Lagoa do Poção do Bicho,,Lagoa,do,Poção do Bicho,Natural,Federal,Terra da União (Terra Indígena),,,,,,,,6.50514247255235,0.652693041348702,65.2693041348702,2.27065644623644,,,,,,,,PARÁ,SÃO FÉLIX DO XINGU,Carta 1:250000,163-110_20060123,bho_massa_dagua,,,,,,,,,,,,,,,,
58127.0,15218.0,,,Lagoa do Mato,,Lagoa,do,Mato,Natural,Estadual,Corpo Hídrico Estadual,,,,,,,,5.14693657646056,0.390723840506177,39.0723840506177,2.32200403157106,,,,,,,,PARÁ,ORIXIMINÁ,Carta 1:100000,169-102_20050923,bho_massa_dagua,,,,,,,,,,,,,,,,
30809.0,15716.0,,,Lago do Miguel,,Lago,do,Miguel,Natural,Estadual,Corpo Hídrico Estadual,,,,,,,,4.09292241113114,0.46602653389066,46.602653389066,1.690741831556,,,,,,,,PARÁ,JURUTI,Carta 1:100000,169-103_20050923,bho_massa_dagua,,,,,,,,,,,,,,,,
29413.0,15404.0,,,Lago do Salé,,Lago,do,Salé,Natural,Estadual,Corpo Hídrico Estadual,,,,,,,,2.40368746103215,0.299960744073403,29.9960744073403,1.23764159024514,,,,,,,,PARÁ,JURUTI,Carta 1:100000,169-102_20050923,bho_massa_dagua,,,,,,,,,,,,,,,,
32377.0,14938.0,,,Lagoa do Inferno,,Lagoa,do,Inferno,Natural,Estadual,Corpo Hídrico Estadual,,,,,,,,11.6751167705969,0.560523869329113,56.0523869329113,4.39757530956667,,,,,,,,PARÁ,ORIXIMINÁ,Carta 1:100000,169-101_20050923,bho_massa_dagua,,,,,,,,,,,,,,,,
17495.0,36829.0,614.0,,Pondes de Rejeitos do Igarapé Bahia,,Pondes,de,Rejeitos do Igarapé Bahia,Artificial,Federal,Terra da União (Unidade de Conservação),ANM,Vale S/A - Filial: Vale Minas Gerais,ANM,,,,,3.20802038802693,0.479477697310417,47.9477697310417,1.30647776407558,Contenção de rejeitos de mineração,ANM,,Lago/Lagoa,,Permanente,,PARÁ,PARAUAPEBAS,,,hid_massa_dagua_a_bc250k_2015,,,,,,,,,,,,,,,,
35373.0,9550.0,,,Lagoa da Palmeirinha,,Lagoa,da,Palmeirinha,Natural,Estadual,Corpo Hídrico Estadual,,,,,,,,3.982666528698,0.219544326948541,21.9544326948541,2.39696638093682,,,,,,,,PARÁ,BOM JESUS DO TOCANTINS,Carta 1:50000,161-106_20040801,bho_massa_dagua,,,,,,,,,,,,,,,,
25823.0,9535.0,959.0,,Barragem do Geladinho,,Barragem,do,Geladinho,Artificial,Federal,Corpo Hídrico Federal,ANM,Vale S/A - Filial: Vale Carajas,ANM,,,,,7.27874088831636,0.954636507701615,95.4636507701615,2.10080793120692,Contenção de rejeitos de mineração,ANM,,,,,,PARÁ,PARAUAPEBAS,GESER/ANA,162-107_20040729,bho_massa_dagua,Domínio alterado para Federal segundo o Parecer 09/2019 GAB/PF/PFEANA/PGF/AGU,,,,,,,,,,,,,,,
62484.0,64261.0,903.0,,Barragem de Finos II,,Barragem,de,Finos II,Artificial,Federal,Terra da União (Unidade de Conservação),ANM,Salobo Metais S.A.,ANM,,,,,5.37711805933341,0.472520855868611,47.2520855868611,2.20591203061581,Contenção de rejeitos de mineração,ANM,,,,,,PARÁ,MARABÁ,,Google Satellite,bho_massa_dagua_2019,Revisado. Reservatório incluído na atualização de 01/2017.,,,,,,,,,,,,,,,
62495.0,64272.0,904.0,,Barragem de Rejeitos,,Barragem,de,Rejeitos,Artificial,Federal,Terra da União (Unidade de Conservação),ANM,Salobo Metais S.A.,ANM,,,,,23.8682184375098,3.39833617746175,339.833617746175,3.65120268965155,Contenção de rejeitos de mineração,ANM,,,,,,PARÁ,MARABÁ,,Google Satellite,bho_massa_dagua_2019,Reservatório incluído na atualização de 01/2017.,,,,,,,,,,,,,,,
6788.0,23124.0,1040.0,,Barragem do Estéril Sul,,Barragem,do,Estéril Sul,Artificial,Federal,Terra da União (Unidade de Conservação),ANM,Vale S.A. - Filial: Vale Carajas,ANM,,,,,2.639640087177,0.177348293619558,17.7348293619558,1.76758503663365,Contenção de rejeitos de mineração,ANM,,,,,,PARÁ,PARAUAPEBAS,GESER/ANA,Ikonos_20030424,bho_massa_dagua,,,,,,,,,,,,,,,,
38563.0,23130.0,666.0,,Barragem da Pêra Jusante,,Barragem,da,Pêra Jusante,Artificial,Federal,Terra da União (Unidade de Conservação),ANM,Vale S/A - Filial: Vale Carajas,ANM,,,,,3.06624077886817,0.299260582358207,29.9260582358207,1.58063139983368,Contenção de rejeitos de mineração,ANM,,,,,,PARÁ,PARAUAPEBAS,GESER/ANA,Spot5_20090115,bho_massa_dagua,,,,,,,,,,,,,,,,
9416.0,63261.0,,,Barragem de Rejeitos,,Barragem,de,Rejeitos,Artificial,Estadual,Corpo Hídrico Estadual,ANM,Serra Pelada Companhia de Desenvolvimento Mineral,COSER/ANA (RSB2015),,,,,1.6998918309998,0.069104107164571,6.91041071645714,1.82355331426621,Contenção de rejeitos de mineração,COSER/ANA (RSB2015),,,,,,PARÁ,CURIONÓPOLIS,DNPM,Bing Aerial,bho_massa_dagua_2019,Reservatório incluído na atualização de 09/2016,,,,,,,,,,,,,,,
43348.0,61710.0,,,Furo das Marinhas,,Furo,das,Marinhas,Natural,Estadual,Corpo Hídrico Estadual,,,,,,,,69.5305412307871,38.2716697968636,3827.16697968636,3.1694653834869,,,,Rio,,,Furo das Marinhas,PARÁ,"ANANINDEUA, BELÉM, SANTA BÁRBARA DO PARÁ, SANTO ANTÔNIO DO TAUÁ",,,hid_trecho_massa_dagua_a_bc250k_2015,,,,,,,,,,,,,,,61164,61164
35010.0,6762.0,,,Represa Jari Celulose Monte Dourado,,Represa,,Jari Celulose Monte Dourado,Artificial,Estadual,Corpo Hídrico Estadual,ESTADO,,,,,,,9.0803597021861,0.466182454497426,46.6182454497426,3.75037071592945,,,,,,,,PARÁ,ALMEIRIM,Internet,166-101_20051028,bho_massa_dagua,,,,,,,,,,,,,,,,
24571.0,22532.0,,,Lagoa Carimunzinho,,Lagoa,,Carimunzinho,Natural,Estadual,Corpo Hídrico Estadual,,,,,,,,5.90381676209017,0.22918066079185,22.918066079185,3.47770703938948,,,,,,,,PARÁ,ORIXIMINÁ,Carta 1:100000,169-102_20050923,bho_massa_dagua,,,,,,,,,,,,,,,,
33960.0,15566.0,,,Lago Formiga/Lago Pixuna,,Lago,,Formiga/Lago Pixuna,Natural,Estadual,Corpo Hídrico Estadual,,,,,,,,16.454526362623,4.77530743682222,477.530743682222,2.12340984044317,,,,,,,,PARÁ,PRAINHA,Carta 1:100000,167-103_20041217,bho_massa_dagua,,,,,,,,,,,,,,,,
8636.0,15228.0,,,Lagoa Aracuã de Baixo,,Lagoa,,Aracuã de Baixo,Natural,Estadual,Corpo Hídrico Estadual,,,,,,,,17.8586776837359,5.2874468088991,528.74468088991,2.19015777481755,,,,,,,,PARÁ,ORIXIMINÁ,Carta 1:100000,169-102_20050923,bho_massa_dagua,,,,,,,,,,,,,,,,
10301.0,14934.0,,,Lagoa Samaúma,,Lagoa,,Samaúma,Natural,Estadual,Corpo Hídrico Estadual,,,,,,,,17.0929348020488,1.08277821390855,108.277821390855,4.63229266428128,,,,,,,,PARÁ,ORIXIMINÁ,Carta 1:100000,169-101_20050923,bho_massa_dagua,,,,,,,,,,,,,,,,
10365.0,14948.0,,,Lagoa Capim Tabim,,Lagoa,,Capim Tabim,Natural,Estadual,Corpo Hídrico Estadual,,,,,,,,8.00933145274243,0.324999323463744,32.4999323463744,3.96190580992529,,,,,,,,PARÁ,ORIXIMINÁ,Carta 1:100000,169-101_20050923,bho_massa_dagua,,,,,,,,,,,,,,,,
7257.0,14931.0,,,Lagoa Araçá,,Lagoa,,Araçá,Natural,Estadual,Corpo Hídrico Estadual,,,,,,,,14.5559590934838,1.10006189002174,110.006189002174,3.91364451340975,,,,,,,,PARÁ,ORIXIMINÁ,Carta 1:100000,169-101_20050923,bho_massa_dagua,,,,,,,,,,,,,,,,
241224.0,243088.0,,,Rio Nhamundá,,Rio,,Nhamundá,Natural,Federal,Corpo Hídrico Federal,,,,,,,,15.0516501693059,2.89531534307566,289.531534307566,2.49451022417237,,,,Rio,,,Lagoa do Uinxá,PARÁ,FARO,Carta 1:250000,170-102_20050825,bho_massa_dagua,,,,,,,,,,,,,,,455636,455636
34254.0,14941.0,,,Lagoa Encantada,,Lagoa,,Encantada,Natural,Estadual,Corpo Hídrico Estadual,,,,,,,,12.8755527875329,0.673004604962332,67.3004604962332,4.42594460616607,,,,,,,,PARÁ,ÓBIDOS,Carta 1:100000,169-101_20050923,bho_massa_dagua,,,,,,,,,,,,,,,,
3065.0,15270.0,,,Lagoa Itapicuru,,Lagoa,,Itapicuru,Natural,Estadual,Corpo Hídrico Estadual,,,,,,,,13.9418051075461,1.46041275717138,146.041275717138,3.25334639642194,,,,,,,,PARÁ,"ÓBIDOS, ORIXIMINÁ",Carta 1:250000,169-102_20050923,bho_massa_dagua,,,,,,,,,,,,,,,,
46311.0,9514.0,,,Represa Fazenda Batente,,Represa,,Fazenda Batente,Artificial,Estadual,Corpo Hídrico Estadual,ESTADO,,,,,,,3.9155971843095,0.418576293089245,41.8576293089245,1.70671027097235,,,,,,,,PARÁ,CONCEIÇÃO DO ARAGUAIA,Carta 1:100000,161-109_20050514,bho_massa_dagua,,,,,,,,,,,,,,,,
43246.0,37802.0,,,Lagoa Serrinha,,Lagoa,,Serrinha,Natural,Estadual,Corpo Hídrico Estadual,,,,,,,,2.25148447572008,0.101837981947647,10.1837981947647,1.9895880913275,,,,Lago/Lagoa,,Permanente,,PARÁ,ORIXIMINÁ,,,hid_massa_dagua_a_bc250k_2015,,,,,,,,,,,,,,,,
24087.0,15397.0,,,Lago Tucunaré,,Lago,,Tucunaré,Natural,Estadual,Corpo Hídrico Estadual,,,,,,,,5.38273459272284,0.708885274175124,70.8885274175124,1.80286869399182,,,,,,,,PARÁ,JURUTI,Carta 1:100000,169-102_20050923,bho_massa_dagua,,,,,,,,,,,,,,,,
26327.0,15571.0,,,Lago Terra Firme,,Lago,,Terra Firme,Natural,Estadual,Corpo Hídrico Estadual,,,,,,,,16.9413970619625,10.0503258554458,1005.03258554458,1.50698267053661,,,,,,,,PARÁ,"PRAINHA, SANTARÉM",Carta 1:100000,167-103_20041217,bho_massa_dagua,,,,,,,,,,,,,,,,
24558.0,63473.0,616.0,,Barragem SP4 Norte,,Barragem,,SP4 Norte,Artificial,Federal,Terra da União (Unidade de Conservação),ANM,Mineracao Rio do Norte S.A.,ANM,,,,,3.23176985507873,0.647974398018465,64.7974398018465,1.13216730884652,Contenção de rejeitos de mineração,ANM,,,,,,PARÁ,ORIXIMINÁ,ANM,Bing Aerial,bho_massa_dagua_2019,Revisado. Reservatório incluído na atualização de 09/2016,,,,,,,,,,,,,,,
958.0,243091.0,,,Rio Arapiuns,,Rio,,Arapiuns,Natural,Estadual,Corpo Hídrico Estadual,,,,,,,,11.2346580899947,1.56603418880528,156.603418880528,2.53167730612515,,,,Rio,,,Igarapé Mentai,PARÁ,SANTARÉM,Carta 1:100000,168-103_20050805,bho_massa_dagua,,,,,,,,,,,,,,,44122,44122
26491.0,15309.0,,,Lagoa Tepouma,,Lagoa,,Tepouma,Natural,Estadual,Corpo Hídrico Estadual,,,,,,,,10.9599836051242,1.85890508708746,185.890508708746,2.26688978181284,,,,,,,,PARÁ,TERRA SANTA,Carta 1:100000,169-102_20050923,bho_massa_dagua,,,,,,,,,,,,,,,,
12970.0,22536.0,,,Lagoa Barreiro,,Lagoa,,Barreiro,Natural,Estadual,Corpo Hídrico Estadual,,,,,,,,5.03907574151008,0.245399566661397,24.5399566661397,2.86855445559843,,,,,,,,PARÁ,ORIXIMINÁ,Carta 1:100000,169-102_20050923,bho_massa_dagua,,,,,,,,,,,,,,,,
13212.0,15307.0,,,Lagoa Taxi,,Lagoa,,Taxi,Natural,Estadual,Corpo Hídrico Estadual,,,,,,,,27.2803850956712,3.06341489179864,306.341489179864,4.39538270859127,,,,,,,,PARÁ,ORIXIMINÁ,Carta 1:100000,169-102_20050923,bho_massa_dagua,,,,,,,,,,,,,,,,
48840.0,15473.0,,,Lagoa Água Branca,,Lagoa,,Água Branca,Natural,Estadual,Corpo Hídrico Estadual,,,,,,,,2.98244401519647,0.301549316725336,30.1549316725336,1.53158898405398,,,,,,,,PARÁ,ORIXIMINÁ,Carta 1:100000,170-102_20050825,bho_massa_dagua,,,,,,,,,,,,,,,,
7566.0,15296.0,,,Lagoa Sebastião,,Lagoa,,Sebastião,Natural,Estadual,Corpo Hídrico Estadual,,,,,,,,17.1061775973964,1.37787689518481,137.787689518481,4.10957467133594,,,,,,,,PARÁ,TERRA SANTA,Carta 1:100000,169-102_20050923,bho_massa_dagua,,,,,,,,,,,,,,,,
15329.0,22535.0,,,Lagoa Rapa Pau,,Lagoa,,Rapa Pau,Natural,Estadual,Corpo Hídrico Estadual,,,,,,,,3.58305953646681,0.209037561926166,20.9037561926167,2.20999335122513,,,,,,,,PARÁ,ORIXIMINÁ,Carta 1:100000,169-102_20050923,bho_massa_dagua,,,,,,,,,,,,,,,,
42951.0,15326.0,,,Lagoa Açaí,,Lagoa,,Açaí,Natural,Estadual,Corpo Hídrico Estadual,,,,,,,,11.0633271522122,4.65634119804349,465.634119804349,1.4458141315738,,,,,,,,PARÁ,ÓBIDOS,Carta 1:250000,169-102_20050923,bho_massa_dagua,,,,,,,,,,,,,,,,
27415.0,15119.0,,,Lago Juraretua,,Lago,,Juraretua,Natural,Estadual,Corpo Hídrico Estadual,,,,,,,,12.8157125676347,9.20812369742409,920.812369742409,1.19098500722454,,,,,,,,PARÁ,ALENQUER,Carta 1:100000,168-102_20050805,bho_massa_dagua,,,,,,,,,,,,,,,,
58543.0,61248.0,,,Rio Anilzinho,,Rio,,Anilzinho,Natural,Federal,Corpo Hídrico Federal,,,,,,,,1.15826363484736,0.058430066258075,5.84300662580748,1.35125819318006,,,,,,,,PARÁ,BAIÃO,,,hid_trecho_massa_dagua_a_bc250k_2015,,,,,,,,,,,,,,,,
12164.0,15233.0,,,Lagoa Bacabal,,Lagoa,,Bacabal,Natural,Estadual,Corpo Hídrico Estadual,,,,,,,,12.9137622084993,2.01135197911522,201.135197911522,2.56778025409826,,,,,,,,PARÁ,ORIXIMINÁ,Carta 1:100000,169-102_20050923,bho_massa_dagua,,,,,,,,,,,,,,,,
17304.0,15024.0,,,Lago Capintuba,,Lago,,Capintuba,Natural,Estadual,Corpo Hídrico Estadual,,,,,,,,14.780995720835,7.0732637254265,707.32637254265,1.56726658428945,,,,,,,,PARÁ,ALENQUER,Carta 1:100000,167-102_20050903,bho_massa_dagua,,,,,,,,,,,,,,,,
26974.0,9545.0,,,Lagoa Cotejuba,,Lagoa,,Cotejuba,Natural,Federal,Terra da União (Unidade de Conservação),,,,,,,,7.82429237065806,0.501353905220643,50.1353905220643,3.11617599426943,,,,,,,,PARÁ,ALTAMIRA,Carta 1:250000,165-106_20050719,bho_massa_dagua,,,,,,,,,,,,,,,,
241231.0,243095.0,,,Rio Xingu,,Rio,,Xingu,Natural,Federal,Corpo Hídrico Federal,,,,,,,,206.162028939407,326.06376715676,32606.376715676,3.21963408957486,,,,Rio,,,Rio Amazonas,PARÁ,GURUPÁ,,,bho_massa_dagua_2019,Atualizada geometria em 09/2016,,,,,,,,,,,,,,4,4
55442.0,63421.0,1053.0,,Dique 6,,Dique,,6,Artificial,Estadual,Corpo Hídrico Estadual,ANM,Vale S.A. - Filial: Vale Minas MOP,ANM,,,,,0.979643417316276,0.030515593396271,3.05155933962713,1.58145275867836,Contenção de rejeitos de mineração,ANM,,,,,,PARÁ,SÃO FÉLIX DO XINGU,DNPM,Bing Aerial,bho_massa_dagua_2019,Reservatório incluído na atualização de 09/2016,,,,,,,,,,,,,,,
29699.0,15211.0,,,Lagoa Ajudante,,Lagoa,,Ajudante,Natural,Federal,Terra da União (Unidade de Conservação),,,,,,,,21.5448951852962,3.90685716083778,390.685716083777,3.07382916773851,,,,,,,,PARÁ,ORIXIMINÁ,Carta 1:100000,169-102_20050923,bho_massa_dagua,,,,,,,,,,,,,,,,
27856.0,6616.0,,,Lagoa Saparaná,,Lagoa,,Saparaná,Natural,Estadual,Corpo Hídrico Estadual,,,,,,,,25.8411031237279,2.83676360380719,283.676360380719,4.32661831548032,,,,,,,,PARÁ,MELGAÇO,Carta 1:250000,164-102_20040627,bho_massa_dagua,,,,,,,,,,,,,,,,
240529.0,242603.0,,,Rio Arapiuns,,Rio,,Arapiuns,Natural,Estadual,Corpo Hídrico Estadual,,,,,,,,6.07040859508412,0.851318982594837,85.1318982594837,1.85532874726767,,,,Rio,,,Rio Arapiuns,PARÁ,SANTARÉM,Carta 1:100000,168-103_20050805,bho_massa_dagua,,,,,,,,,,,,,,,4412,4412
8358.0,14933.0,,,Lagoa Acapu,,Lagoa,,Acapu,Natural,Estadual,Corpo Hídrico Estadual,,,,,,,,22.5105454257215,1.88354543366794,188.354543366794,4.62537635661669,,,,,,,,PARÁ,ORIXIMINÁ,Carta 1:100000,169-101_20050923,bho_massa_dagua,Agrupada geometria de dois polígonos,,,,,,,,,,,,,,,
54265.0,9534.0,955.0,,Barragem Azul,,Barragem,,Azul,Artificial,Federal,Terra da União (Unidade de Conservação),ANM,Vale S/A - Filial: Vale Manganês do Azul,ANM,,,,,10.8953732016503,1.80176717008425,180.176717008425,2.28897940130873,Contenção de rejeitos de mineração,ANM,,,,,,PARÁ,PARAUAPEBAS,ANM,162-107_20040729,bho_massa_dagua,Revisado,,,,,,,,,,,,,,,
16962.0,15214.0,,,Lagoa Jacuraruzinho,,Lagoa,,Jacuraruzinho,Natural,Estadual,Corpo Hídrico Estadual,,,,,,,,9.01604508052678,0.82561817520625,82.561817520625,2.79817943442396,,,,,,,,PARÁ,ORIXIMINÁ,Carta 1:100000,169-102_20050923,bho_massa_dagua,Agrupada geometria de dois polígonos,,,,,,,,,,,,,,,
14779.0,15366.0,,,Lago Xiaca Grande,,Lago,,Xiaca Grande,Natural,Estadual,Corpo Hídrico Estadual,,,,,,,,22.6401011296675,5.76570272208273,576.570272208273,2.65889598051026,,,,,,,,PARÁ,TERRA SANTA,Carta 1:100000,169-102_20050923,bho_massa_dagua,,,,,,,,,,,,,,,,
7925.0,15394.0,,,Lago Curumucuri,,Lago,,Curumucuri,Natural,Estadual,Corpo Hídrico Estadual,,,,,,,,31.4840460066567,7.40685415704115,740.685415704115,3.26229139060898,,,,,,,,PARÁ,JURUTI,Carta 1:100000,169-102_20050923,bho_massa_dagua,,,,,,,,,,,,,,,,
61573.0,3828.0,4865.0,19151.0,UHE Santo Antônio do Jari,,UHE,,Santo Antônio do Jari,Artificial,Federal,Corpo Hídrico Federal,ANEEL,ECE Participações S.A.,ANEEL,30/09/2014,ANEEL,133.39,ONS,30.1059202020238,13.274882431345,1327.4882431345,2.33015962421338,Hidrelétrica,COSER/ANA (RSB2017),UHE,,,,,"AMAPÁ, PARÁ","ALMEIRIM, LARANJAL DO JARI",ANEEL,226-060_20141108,bho_massa_dagua_2019,Reservatório incluído na atualização de 01/2015,,,,,,,,,,,,,,,
7673.0,15358.0,,,Lago Mocotó,,Lago,,Mocotó,Natural,Estadual,Corpo Hídrico Estadual,,,,,,,,25.4931927065365,13.3009348775041,1330.09348775041,1.97120709493464,,,,,,,,PARÁ,TERRA SANTA,Carta 1:100000,169-102_20050923,bho_massa_dagua,,,,,,,,,,,,,,,,
56589.0,15392.0,,,Lago Juré,,Lago,,Juré,Natural,Estadual,Corpo Hídrico Estadual,,,,,,,,11.4842257544763,1.21255775526454,121.255775526454,2.94103107086674,,,,,,,,PARÁ,JURUTI,Carta 1:100000,169-102_20050923,bho_massa_dagua,,,,,,,,,,,,,,,,
18647.0,15323.0,,,Lagoa Paru,,Lagoa,,Paru,Natural,Estadual,Corpo Hídrico Estadual,,,,,,,,39.0213193914235,14.167403299181,1416.7403299181,2.92351905954286,,,,,,,,PARÁ,ÓBIDOS,Carta 1:250000,169-102_20050923,bho_massa_dagua,,,,,,,,,,,,,,,,
33363.0,15261.0,,,Lagoa Mureruacá,,Lagoa,,Mureruacá,Natural,Estadual,Corpo Hídrico Estadual,,,,,,,,3.72762549013335,0.450066574426644,45.0066574426644,1.56690620798321,,,,,,,,PARÁ,ÓBIDOS,Carta 1:250000,169-102_20050923,bho_massa_dagua,,,,,,,,,,,,,,,,
15609.0,15720.0,,,Lago Sacambu,,Lago,,Sacambu,Natural,Federal,Corpo Hídrico Federal,,,,,,,,34.1360470984282,5.64100037016293,564.100037016293,4.05307157553617,,,,,,,,PARÁ,JURUTI,Carta 1:100000,169-103_20050923,bho_massa_dagua,Agrupada geometria de dois polígonos,,,,,,,,,,,,,,,
1239.0,15600.0,,,Lago Curicaca,,Lago,,Curicaca,Natural,Estadual,Corpo Hídrico Estadual,,,,,,,,13.8100354574049,10.3981816590247,1039.81816590247,1.20771706178157,,,,,,,,PARÁ,SANTARÉM,Carta 1:100000,167-103_20041217,bho_massa_dagua,,,,,,,,,,,,,,,,
19536.0,15230.0,,,Lagoa Aracuã de Baixo,,Lagoa,,Aracuã de Baixo,Natural,Estadual,Corpo Hídrico Estadual,,,,,,,,14.8419604214216,1.49242758621821,149.242758621821,3.42605036807691,,,,,,,,PARÁ,ORIXIMINÁ,Carta 1:100000,169-102_20050923,bho_massa_dagua,,,,,,,,,,,,,,,,
19486.0,15086.0,,,Lago Samaúma,,Lago,,Samaúma,Natural,Estadual,Corpo Hídrico Estadual,,,,,,,,23.4803574618364,8.51022796789906,851.022796789906,2.26977712911531,,,,,,,,PARÁ,ALENQUER,Carta 1:100000,168-102_20050805,bho_massa_dagua,,,,,,,,,,,,,,,,
241221.0,243086.0,,,Rio Nhamundá,,Rio,,Nhamundá,Natural,Federal,Corpo Hídrico Federal,,,,,,,,9.99139560637638,1.17665179096535,117.665179096535,2.59747444391268,,,,Rio,,,Igarapé Urucuxi,PARÁ,FARO,Carta 1:250000,170-102_20050825,bho_massa_dagua,,,,,,,,,,,,,,,4556336,4556336
13233.0,15144.0,,,Lago Grande/Lago Munguepé/Lago Cucuí/Lago dos Botos/Lago Itandeua,,Lago,,Grande/Lago Munguepé/Lago Cucuí/Lago dos Botos/Lago Itandeua,Natural,Estadual,Corpo Hídrico Estadual,,,,,,,,28.3935478136768,5.77843387583381,577.843387583381,3.33091611756684,,,,,,,,PARÁ,ALENQUER,Carta 1:100000,168-102_20050805,bho_massa_dagua,,,,,,,,,,,,,,,,
241222.0,243087.0,,,Rio Nhamundá,,Rio,,Nhamundá,Natural,Federal,Corpo Hídrico Federal,,,,,,,,26.688865362522,5.26144977062034,526.144977062034,3.2811531721394,,,,Rio,,,Igarapé Aibi,PARÁ,FARO,Carta 1:250000,170-102_20050825,bho_massa_dagua,,,,,,,,,,,,,,,455634,455634
10249.0,15229.0,,,Lagoa Carimum,,Lagoa,,Carimum,Natural,Estadual,Corpo Hídrico Estadual,,,,,,,,29.689174193804,4.55016383128664,455.016383128664,3.92494620913669,,,,,,,,PARÁ,ORIXIMINÁ,Carta 1:100000,169-102_20050923,bho_massa_dagua,,,,,,,,,,,,,,,,
55683.0,243066.0,,,Rio Mamuru,,Rio,,Mamuru,Natural,Federal,Corpo Hídrico Federal,,,,,,,,22.3881601800773,2.09643288383676,209.643288383676,4.36040704019954,,,,Rio,,,Igarapé Arauá,"AMAZONAS, PARÁ","JURUTI, PARINTINS",Carta 1:100000,170-103_20050825,bho_massa_dagua,,,,,,,,,,,,,,,456232,456232
19813.0,15434.0,,,Lago Piranhas,,Lago,,Piranhas,Natural,Estadual,Corpo Hídrico Estadual,,,,,,,,6.60887663688733,0.497123585902833,49.7123585902833,2.64328851697113,,,,,,,,PARÁ,JURUTI,Carta 1:100000,169-102_20050923,bho_massa_dagua,,,,,,,,,,,,,,,,
8013.0,15065.0,,,Lago Paracari/Lago Buiuçu/Lago Curicaca,,Lago,,Paracari/Lago Buiuçu/Lago Curicaca,Natural,Estadual,Corpo Hídrico Estadual,,,,,,,,53.7452334984446,38.5412226895172,3854.12226895172,2.441329046217,,,,,,,,PARÁ,"ALENQUER, MONTE ALEGRE",Carta 1:100000,167-102_20050903,bho_massa_dagua,,,,,,,,,,,,,,,,
58187.0,15118.0,,,Lago Jarauitua,,Lago,,Jarauitua,Natural,Estadual,Corpo Hídrico Estadual,,,,,,,,8.94712856617568,4.3581573665368,435.81573665368,1.20859650036705,,,,,,,,PARÁ,ALENQUER,Carta 1:100000,168-102_20050805,bho_massa_dagua,,,,,,,,,,,,,,,,
79.0,57110.0,,,Rio Mocajatuba Grande,,Rio,,Mocajatuba Grande,Natural,Estadual,Corpo Hídrico Estadual,,,,,,,,33.0751858976997,2.35659343683076,235.659343683076,6.07587835398,,,,Rio,,,Rio Mocajatuba Grande,PARÁ,"BAGRE, OEIRAS DO PARÁ",,,hid_trecho_massa_dagua_a_bc250k_2015,,,,,,,,,,,,,,,623322,623322
9181.0,15292.0,,,Lagoa Mirixiaçu,,Lagoa,,Mirixiaçu,Natural,Estadual,Corpo Hídrico Estadual,,,,,,,,26.7577909287955,9.73470616120307,973.470616120307,2.41845460996219,,,,,,,,PARÁ,TERRA SANTA,Carta 1:100000,169-102_20050923,bho_massa_dagua,,,,,,,,,,,,,,,,
58540.0,14935.0,,,Lagoa Samauminha,,Lagoa,,Samauminha,Natural,Estadual,Corpo Hídrico Estadual,,,,,,,,13.8545541554098,0.590609085045051,59.0609085045051,5.08383680939267,,,,,,,,PARÁ,ORIXIMINÁ,Carta 1:100000,169-101_20050923,bho_massa_dagua,Agrupada geometria de dois polígonos,,,,,,,,,,,,,,,
5364.0,15480.0,,,Lagoa Mucura,,Lagoa,,Mucura,Natural,Federal,Corpo Hídrico Federal,,,,,,,,4.68552225274166,0.682896314109006,68.2896314109006,1.59893102250208,,,,,,,,"AMAZONAS, PARÁ","FARO, NHAMUNDÁ",Carta 1:250000,170-102_20050825,bho_massa_dagua,,,,,,,,,,,,,,,,
19634.0,6586.0,6817.0,,Represa Fazenda Paraíso,,Represa,,Fazenda Paraíso,Artificial,Estadual,Corpo Hídrico Estadual,ESTADO,,,,,,,13.9187745868944,0.560015918044367,56.0015918044367,5.24505351960823,,,,,,,,PARÁ,ACARÁ,Carta 1:100000,161-102_20040801,bho_massa_dagua,,,,,,,,,,,,,,,,
10296.0,15246.0,,,Lagoa Parauaçu,,Lagoa,,Parauaçu,Natural,Estadual,Corpo Hídrico Estadual,,,,,,,,5.71528003248097,0.393306258610466,39.3306258610466,2.56992940809349,,,,,,,,PARÁ,ORIXIMINÁ,Carta 1:250000,169-102_20050923,bho_massa_dagua,,,,,,,,,,,,,,,,
42552.0,15213.0,,,Lagoa Pederneiras,,Lagoa,,Pederneiras,Natural,Estadual,Corpo Hídrico Estadual,,,,,,,,5.91499956185768,0.276338998106861,27.6338998106861,3.17309252343637,,,,,,,,PARÁ,ORIXIMINÁ,Carta 1:100000,169-102_20050923,bho_massa_dagua,,,,,,,,,,,,,,,,
45767.0,6481.0,,,Meandro abandonado Rio Capim,,Meandro,,abandonado Rio Capim,Natural,Estadual,Corpo Hídrico Estadual,,,,,,,,8.95555776256765,0.406603757132617,40.6603757132617,3.96055504888975,,,,,,,,PARÁ,IPIXUNA DO PARÁ,Carta 1:100000,161-104_20040801,bho_massa_dagua,,,,,,,,,,,,,,,,
54156.0,22504.0,,,Lagoa Comprida,,Lagoa,,Comprida,Natural,Estadual,Corpo Hídrico Estadual,,,,,,,,4.3736237579501,0.322104745387198,32.2104745387198,2.17316132177904,,,,,,,,PARÁ,ORIXIMINÁ,Carta 1:100000,170-101_20050825,bho_massa_dagua,,,,,,,,,,,,,,,,
18343.0,15105.0,,,Lago Mamauru,,Lago,,Mamauru,Natural,Estadual,Corpo Hídrico Estadual,,,,,,,,37.6401666030319,18.2308358117389,1823.08358117389,2.4859784263469,,,,,,,,PARÁ,ÓBIDOS,Carta 1:250000,168-102_20050805,bho_massa_dagua,,,,,,,,,,,,,,,,
5899.0,15449.0,,,Lagoa Palhar Grande/Lagoa da Caponga,,Lagoa,,Palhar Grande/Lagoa da Caponga,Natural,Federal,Terra da União (Unidade de Conservação),,,,,,,,16.347595196035,1.49143503464556,149.143503464556,3.77485968392124,,,,,,,,PARÁ,ORIXIMINÁ,Carta 1:100000,170-101_20050825,bho_massa_dagua,,,,,,,,,,,,,,,,
11346.0,5999.0,,,Represa Fazenda São Marcos,,Represa,,Fazenda São Marcos,Artificial,Estadual,Corpo Hídrico Estadual,ESTADO,,,,,,,7.4343670167973,0.51835426191362,51.835426191362,2.91192220955676,,,,,,,,PARÁ,CAPITÃO POÇO,Carta 1:100000,160-102_20050803,bho_massa_dagua,,,,,,,,,,,,,,,,
17312.0,9442.0,,,Represa Fazenda Fartura,,Represa,,Fazenda Fartura,Artificial,Estadual,Corpo Hídrico Estadual,ESTADO,,,,,,,3.26917971443666,0.324007620861782,32.4007620861782,1.61960940911052,,,,,,,,PARÁ,SANTANA DO ARAGUAIA,Carta 1:100000,161-111_20050731,bho_massa_dagua,,,,,,,,,,,,,,,,
36657.0,6628.0,,,,,,,,Natural,Estadual,Corpo Hídrico Estadual,,,,,,,,7.22321217111372,0.624249073259047,62.4249073259047,2.57810455973399,,,,,,,,PARÁ,"BRASIL NOVO, MEDICILÂNDIA, PORTO DE MOZ, PRAINHA",,166-103_20050716,bho_massa_dagua,,,,,,,,,,,,,,,,
31250.0,15462.0,,,,,,,,Natural,Estadual,Corpo Hídrico Estadual,,,,,,,,2.31631920668544,0.245138814799367,24.5138814799367,1.31929366067129,,,,,,,,PARÁ,FARO,,170-102_20050825,bho_massa_dagua,,,,,,,,,,,,,,,,
44938.0,39659.0,,,,,,,,Natural,Estadual,Corpo Hídrico Estadual,,,,,,,,1.53703477400001,0.116933777783004,11.6933777783004,1.26754332072909,,,,Lago/Lagoa,,Permanente,,PARÁ,JURUTI,,,hid_massa_dagua_a_bc250k_2015,,,,,,,,,,,,,,,,
3111.0,38946.0,,,,,,,,Natural,Federal,Terra da União (Terra Indígena),,,,,,,,2.24162616177469,0.12725422290864,12.725422290864,1.77205090395209,,,,Lago/Lagoa,,Permanente,,PARÁ,SÃO FÉLIX DO XINGU,,,hid_massa_dagua_a_bc250k_2015,,,,,,,,,,,,,,,,
60076.0,16447.0,,,Rio Mamuru,,Rio,,Mamuru,Natural,Federal,Corpo Hídrico Federal,,,,,,,,3.90443415364606,0.388108436584415,38.8108436584415,1.76738298522802,,,,,,,,PARÁ,JURUTI,Carta 1:100000,169-104_20050923,bho_massa_dagua,alterado para Federal,,,,,,,,,,,,,,,
6819.0,57158.0,,,,,,,,Natural,Estadual,Corpo Hídrico Estadual,,,,,,,,5.57900679154129,0.666347627831126,66.6347627831126,1.9273277319063,,,,Rio,,,,PARÁ,CACHOEIRA DO ARARI,,,hid_trecho_massa_dagua_a_bc250k_2015,,,,,,,,,,,,,,,616,616
41779.0,9549.0,,,,,,,,Natural,Estadual,Corpo Hídrico Estadual,,,,,,,,3.53088702145051,0.297446561815406,29.7446561815406,1.82569595462321,,,,,,,,PARÁ,SÃO JOÃO DO ARAGUAIA,,161-106_20040801,bho_massa_dagua,,,,,,,,,,,,,,,,
36117.0,15593.0,,,,,,,,Natural,Federal,Corpo Hídrico Federal,,,,,,,,9.73785871884887,0.873415462830621,87.3415462830621,2.93834062379566,,,,,,,,PARÁ,SANTARÉM,,167-103_20041217,bho_massa_dagua,,,,,,,,,,,,,,,,
14692.0,15402.0,,,Lago do Salé,,Lago,do,Salé,Natural,Estadual,Corpo Hídrico Estadual,,,,,,,,5.50915303575921,0.460396851956249,46.0396851956249,2.28964299762626,,,,,,,,PARÁ,JURUTI,Carta 1:100000,169-102_20050923,bho_massa_dagua,,,,,,,,,,,,,,,,
19760.0,15157.0,,,,,,,,Natural,Federal,Corpo Hídrico Federal,,,,,,,,6.39332573763847,2.10230068256838,210.230068256838,1.24345056729805,,,,,,,,PARÁ,ÓBIDOS,,168-102_20050805,bho_massa_dagua,,,,,,,,,,,,,,,,
59855.0,6591.0,,,,,,,,Artificial,Estadual,Corpo Hídrico Estadual,ESTADO,,,,,,,4.73945120790296,0.284322405945882,28.4322405945882,2.50652258509091,,,,,,,,PARÁ,SANTA IZABEL DO PARÁ,,161-101_20040801,bho_massa_dagua,,,,,,,,,,,,,,,,
11159.0,6513.0,,,,,,,,Natural,Estadual,Corpo Hídrico Estadual,,,,,,,,7.20056125630793,0.583889810168092,58.3889810168092,2.65735765099465,,,,,,,,PARÁ,CHAVES,,Geocover S-22-00_2000,bho_massa_dagua,,,,,,,,,,,,,,,,
11867.0,47026.0,,,,,,,,Natural,Estadual,Corpo Hídrico Estadual,,,,,,,,1.86308969643873,0.174192393847096,17.4192393847096,1.25883346170363,,,,Lago/Lagoa,Doce,Permanente,,PARÁ,CONCEIÇÃO DO ARAGUAIA,,,hid_massa_dagua_a_bc250k_2015,,,,,,,,,,,,,,,,
32435.0,37761.0,3781.0,,PCH Jaguaré,,PCH,,Jaguaré,Artificial,Estadual,Corpo Hídrico Estadual,ESTADO,Jonacir Dalmaso - FAZENDA IPÊ,COSER/ANA (RSB2018),,,80.5,SNISB,45.0347080844846,3.41192572833063,341.192572833063,6.87537951626656,Industrial,SNISB,PCH,Lago/Lagoa,,Permanente,,PARÁ,PARAGOMINAS,,,hid_massa_dagua_a_bc250k_2015,,,,,,,,,,,,,,,,
39169.0,15601.0,,,,,,,,Natural,Estadual,Corpo Hídrico Estadual,,,,,,,,3.71870052283719,0.325645795703375,32.5645795703375,1.83767021103524,,,,,,,,PARÁ,SANTARÉM,,167-103_20041217,bho_massa_dagua,,,,,,,,,,,,,,,,
23383.0,9464.0,,,,,,,,Natural,Federal,Terra da União (Terra Indígena),,,,,,,,3.06548518692517,0.271353454671156,27.1353454671156,1.65951297628604,,,,,,,,PARÁ,ALTAMIRA,,164-110_20050626,bho_massa_dagua,,,,,,,,,,,,,,,,
36123.0,47967.0,,,,,,,,Natural,Estadual,Corpo Hídrico Estadual,,,,,,,,1.77652154889078,0.069517240208121,6.95172402081208,1.90008630085451,,,,Lago/Lagoa,Doce,Permanente,,PARÁ,CONCEIÇÃO DO ARAGUAIA,,,hid_massa_dagua_a_bc250k_2015,,,,,,,,,,,,,,,,
5914.0,38951.0,,,,,,,,Natural,Federal,Terra da União (Unidade de Conservação),,,,,,,,1.89117999112068,0.117724704532587,11.7724704532587,1.55434767572024,,,,Lago/Lagoa,,Permanente,,PARÁ,ITAITUBA,,,hid_massa_dagua_a_bc250k_2015,,,,,,,,,,,,,,,,
27091.0,6645.0,,,,,,,,Natural,Estadual,Corpo Hídrico Estadual,,,,,,,,2.8387985965429,0.240480876972037,24.0480876972037,1.63246326293686,,,,,,,,PARÁ,PRAINHA,,166-102_20051028,bho_massa_dagua,,,,,,,,,,,,,,,,
9318.0,22542.0,,,,,,,,Natural,Estadual,Corpo Hídrico Estadual,,,,,,,,3.12247256281163,0.254750607968263,25.4750607968263,1.74457692810497,,,,,,,,PARÁ,RURÓPOLIS,,168-104_20050831,bho_massa_dagua,,,,,,,,,,,,,,,,
41052.0,43072.0,,,,,,,,Natural,Estadual,Corpo Hídrico Estadual,,,,,,,,1.81661337924666,0.150917544859051,15.0917544859051,1.31868707957369,,,,Lago/Lagoa,Doce,Permanente,,PARÁ,SANTA MARIA DAS BARREIRAS,,,hid_massa_dagua_a_bc250k_2015,,,,,,,,,,,,,,,,
55254.0,9516.0,,,,,,,,Natural,Estadual,Corpo Hídrico Estadual,,,,,,,,1.76186272777513,0.210123820242752,21.0123820242752,1.08388581450097,,,,,,,,PARÁ,CONCEIÇÃO DO ARAGUAIA,,161-109_20050514,bho_massa_dagua,,,,,,,,,,,,,,,,
32652.0,22530.0,,,,,,,,Natural,Estadual,Corpo Hídrico Estadual,,,,,,,,5.59512905756927,0.280395699683288,28.0395699683288,2.97970687085917,,,,,,,,PARÁ,ORIXIMINÁ,,169-102_20050923,bho_massa_dagua,,,,,,,,,,,,,,,,
37281.0,15143.0,,,,,,,,Natural,Estadual,Corpo Hídrico Estadual,,,,,,,,24.1976972049128,4.65722971421956,465.722971421956,3.16198143994882,,,,,,,,PARÁ,"CURUÁ, ÓBIDOS",,168-102_20050805,bho_massa_dagua,,,,,,,,,,,,,,,,
31252.0,14885.0,,,,,,,,Natural,Federal,Terra da União (Terra Indígena),,,,,,,,3.47247786585249,0.270901979921179,27.0901979921179,1.88140591422987,,,,,,,,PARÁ,ALTAMIRA,,166-106_20050716,bho_massa_dagua,,,,,,,,,,,,,,,,
38158.0,6543.0,,,,,,,,Natural,Estadual,Corpo Hídrico Estadual,,,,,,,,3.21886698947216,0.375809539097012,37.5809539097012,1.48070396602878,,,,,,,,PARÁ,BAIÃO,,162-104_20040824,bho_massa_dagua,,,,,,,,,,,,,,,,
54148.0,57127.0,,,,,,,,Natural,Estadual,Corpo Hídrico Estadual,,,,,,,,3.15722944559721,0.258218761582424,25.8218761582424,1.75210994995436,,,,,,,,PARÁ,PRAINHA,,,hid_trecho_massa_dagua_a_bc250k_2015,,,,,,,,,,,,,,,,
23143.0,15088.0,,,Lago Grande de Monte Alegre,,Lago,,Grande de Monte Alegre,Natural,Estadual,Corpo Hídrico Estadual,,,,,,,,454.28818799527,736.727825044488,73672.7825044488,4.71983717661528,,,,,,,,PARÁ,"MONTE ALEGRE, SANTARÉM",Carta 1:100000,167-102_20050903,bho_massa_dagua,,,,,,,,,,,,,,,,
3632.0,37706.0,,,,,,,,Natural,Estadual,Corpo Hídrico Estadual,,,,,,,,1.39562673422913,0.11911497357973,11.911497357973,1.14034223337804,,,,Lago/Lagoa,,Permanente,,PARÁ,MOCAJUBA,,,hid_massa_dagua_a_bc250k_2015,,,,,,,,,,,,,,,,
3376.0,6623.0,,,,,,,,Artificial,Estadual,Corpo Hídrico Estadual,ESTADO,,,,,,,4.13270704472137,0.371672246507791,37.1672246507791,1.91162922988682,,,,,,,,PARÁ,ALTAMIRA,,Geocover S-22-00_2000,bho_massa_dagua,,,,,,,,,,,,,,,,
30301.0,37588.0,,,,,,,,Natural,Estadual,Corpo Hídrico Estadual,,,,,,,,1.85838866355231,0.232888252771409,23.2888252771409,1.08595508824617,,,,Lago/Lagoa,,Permanente,,PARÁ,MOJU,,,hid_massa_dagua_a_bc250k_2015,,,,,,,,,,,,,,,,
240873.0,55526.0,,,,,,,,Natural,Federal,Corpo Hídrico Federal,,,,,,,,871.544084414086,95.5774212192771,9557.74212192771,25.1397418330417,,,,Rio,,,Rio Capim,PARÁ,"AURORA DO PARÁ, IPIXUNA DO PARÁ, PARAGOMINAS, SÃO DOMINGOS DO CAPIM",,,hid_trecho_massa_dagua_a_bc250k_2015,,,,,,,,,,,,,,,612,612
51850.0,22957.0,,,,,,,,Natural,Federal,Corpo Hídrico Federal,,,,,,,,4.08944430734384,0.310531826205989,31.0531826205989,2.06947577850646,,,,,,,,PARÁ,BAIÃO,,162-104_20040824,bho_massa_dagua,,,,,,,,,,,,,,,,
31435.0,15582.0,,,,,,,,Natural,Estadual,Corpo Hídrico Estadual,,,,,,,,10.4546982913324,1.79163355892998,179.163355892998,2.20260194405339,,,,,,,,PARÁ,SANTARÉM,,167-103_20041217,bho_massa_dagua,,,,,,,,,,,,,,,,
59204.0,56404.0,,,Furo Jaburu,,Furo,,Jaburu,Natural,Estadual,Corpo Hídrico Estadual,,,,,,,,33.6412722171028,7.31531861115336,731.531861115336,3.50755828544982,,,,Rio,,,Furo Jaburu,PARÁ,BREVES,,,hid_trecho_massa_dagua_a_bc250k_2015,,,,,,,,,,,,,,,5234,5256
30761.0,15028.0,,,,,,,,Natural,Estadual,Corpo Hídrico Estadual,,,,,,,,3.06259364893468,0.279538783314951,27.9538783314951,1.63349365017118,,,,,,,,PARÁ,ALENQUER,,167-102_20050903,bho_massa_dagua,,,,,,,,,,,,,,,,
25931.0,6523.0,,,,,,,,Natural,Estadual,Corpo Hídrico Estadual,,,,,,,,3.68080585849322,0.200043654815861,20.0043654815861,2.32075678875679,,,,,,,,PARÁ,SANTA CRUZ DO ARARI,,Geocover S-22-00_2000,bho_massa_dagua,,,,,,,,,,,,,,,,
56927.0,6726.0,,,,,,,,Natural,Estadual,Corpo Hídrico Estadual,,,,,,,,2.52779384482424,0.383956071892577,38.3956071892577,1.15040295967434,,,,,,,,PARÁ,PRAINHA,,166-102_20051028,bho_massa_dagua,,,,,,,,,,,,,,,,
43999.0,35578.0,,,,,,,,Natural,Federal,Terra da União (Terra Indígena),,,,,,,,1.00626663237023,0.062787374957534,6.27873749575342,1.13246820321189,,,,Lago/Lagoa,,Permanente,,"AMAZONAS, PARÁ","FARO, NHAMUNDÁ",,,hid_massa_dagua_a_bc250k_2015,,,,,,,,,,,,,,,,
242558.0,244297.0,6835.0,,,,,,,Artificial,Estadual,Corpo Hídrico Estadual,ESTADO,,,,,,,0.711408911936069,0.01257182717986,1.25718271798604,1.7892425126853,,,,,,,,PARÁ,SÃO DOMINGOS DO CAPIM,,,bho_massa_dagua_2020,,,,,,,,,,,,,,,,
47201.0,15278.0,,,,,,,,Natural,Estadual,Corpo Hídrico Estadual,,,,,,,,2.27388120634358,0.237796520787847,23.7796520787847,1.31496481523726,,,,,,,,PARÁ,ORIXIMINÁ,,169-102_20050923,bho_massa_dagua,,,,,,,,,,,,,,,,
57468.0,39025.0,,,,,,,,Natural,Estadual,Corpo Hídrico Estadual,,,,,,,,1.81032502704809,0.095342538865752,9.53425388657518,1.65334051208932,,,,Lago/Lagoa,,Permanente,,PARÁ,PARAGOMINAS,,,hid_massa_dagua_a_bc250k_2015,,,,,,,,,,,,,,,,
34544.0,22562.0,,,,,,,,Natural,Estadual,Corpo Hídrico Estadual,,,,,,,,2.36026664560064,0.257181806530552,25.7181806530552,1.3124720275667,,,,,,,,PARÁ,ÓBIDOS,,168-102_20050805,bho_massa_dagua,,,,,,,,,,,,,,,,
17809.0,35614.0,,,,,,,,Natural,Federal,Terra da União (Terra Indígena),,,,,,,,2.068660578719,0.066338363361513,6.6338363361513,2.26493618578481,,,,Meandro abandonado,,Permanente,,PARÁ,IPIXUNA DO PARÁ,,,hid_massa_dagua_a_bc250k_2015,,,,,,,,,,,,,,,,
37985.0,55293.0,,,,,,,,Natural,Federal,Terra da União (Terra Indígena),,,,,,,,2.57163740006693,0.14923000654521,14.923000654521,1.87728738811152,,,,,Doce,,,PARÁ,SÃO FÉLIX DO XINGU,,,hid_trecho_massa_dagua_a_bc250k_2015,,,,,,,,,,,,,,,,
35496.0,15414.0,,,,,,,,Natural,Estadual,Corpo Hídrico Estadual,,,,,,,,3.58954069908542,0.582141036212044,58.2141036212044,1.32670352442365,,,,,,,,PARÁ,JURUTI,,169-102_20050923,bho_massa_dagua,,,,,,,,,,,,,,,,
3257.0,38421.0,,,,,,,,Natural,Estadual,Corpo Hídrico Estadual,,,,,,,,7.25673358990128,0.623818905743087,62.3818905743087,2.5909618689658,,,,Lago/Lagoa,,Permanente,,PARÁ,ORIXIMINÁ,,,hid_massa_dagua_a_bc250k_2015,,,,,,,,,,,,,,,,
18790.0,14968.0,,,Lagoa Abuizinho,,Lagoa,,Abuizinho,Natural,Estadual,Corpo Hídrico Estadual,,,,,,,,8.73978373669226,0.689501555673816,68.9501555673816,2.96812488029195,,,,,,,,PARÁ,ORIXIMINÁ,Carta 1:100000,170-101_20050825,bho_massa_dagua,,,,,,,,,,,,,,,,
15213.0,58755.0,,,,,,,,Natural,Estadual,Corpo Hídrico Estadual,,,,,,,,3.55542918578226,0.228163886268059,22.8163886268059,2.09902537467075,,,,,,,,PARÁ,SÃO JOÃO DE PIRABAS,,,hid_trecho_massa_dagua_a_bc250k_2015,,,,,,,,,,,,,,,,
20281.0,38345.0,,,,,,,,Natural,Federal,Corpo Hídrico Federal,,,,,,,,1.38808871569606,0.084579670632776,8.4579670632776,1.34596366862683,,,,Lago/Lagoa,,Permanente,,PARÁ,MONTE ALEGRE,,,hid_massa_dagua_a_bc250k_2015,,,,,,,,,,,,,,,,
6383.0,15087.0,,,,,,,,Natural,Estadual,Corpo Hídrico Estadual,,,,,,,,4.53624635605952,0.566271547392237,56.6271547392237,1.69993912783764,,,,,,,,PARÁ,ALENQUER,,168-102_20050805,bho_massa_dagua,,,,,,,,,,,,,,,,
1974.0,15448.0,,,Lagoa do Moura,,Lagoa,do,Moura,Natural,Federal,Terra da União (Unidade de Conservação),,,,,,,,52.138917644895,9.43753607726497,943.753607726497,4.78610042791652,,,,,,,,PARÁ,ORIXIMINÁ,Carta 1:100000,170-102_20050825,bho_massa_dagua,,,,,,,,,,,,,,,,
15155.0,15009.0,,,,,,,,Natural,Estadual,Corpo Hídrico Estadual,,,,,,,,2.41569887355317,0.281738932951453,28.1738932951453,1.28341902365941,,,,,,,,PARÁ,PRAINHA,,167-102_20050903,bho_massa_dagua,,,,,,,,,,,,,,,,
13705.0,5998.0,,,,,,,,Artificial,Estadual,Corpo Hídrico Estadual,ESTADO,,,,,,,3.75427302428846,0.301899557055809,30.1899557055809,1.92683143663547,,,,,,,,PARÁ,CAPITÃO POÇO,,160-102_20050803,bho_massa_dagua,,,,,,,,,,,,,,,,
6263.0,15308.0,,,Lagoa das Cobras,,Lagoa,das,Cobras,Natural,Estadual,Corpo Hídrico Estadual,,,,,,,,3.08503240000493,0.615375282351862,61.5375282351862,1.10901855856067,,,,,,,,PARÁ,TERRA SANTA,Carta 1:100000,169-102_20050923,bho_massa_dagua,,,,,,,,,,,,,,,,
19167.0,6505.0,,,,,,,,Natural,Estadual,Corpo Hídrico Estadual,,,,,,,,5.75894821397901,1.60939630110182,160.939630110182,1.28014976890153,,,,,,,,PARÁ,CACHOEIRA DO ARARI,,Geocover S-22-00_2000,bho_massa_dagua,,,,,,,,,,,,,,,,
52727.0,39274.0,,,,,,,,Natural,Estadual,Corpo Hídrico Estadual,,,,,,,,1.9707974331759,0.11628516208097,11.628516208097,1.62977985364378,,,,Lago/Lagoa,,Permanente,,PARÁ,IPIXUNA DO PARÁ,,,hid_massa_dagua_a_bc250k_2015,,,,,,,,,,,,,,,,
5136.0,35527.0,,,,,,,,Natural,Federal,Corpo Hídrico Federal,,,,,,,,1.45237413605515,0.104676663908788,10.4676663908788,1.26590955579856,,,,Lago/Lagoa,,Permanente,,PARÁ,MONTE ALEGRE,,,hid_massa_dagua_a_bc250k_2015,,,,,,,,,,,,,,,,
8533.0,39279.0,,,Lagoa do Pajaú,,Lagoa,do,Pajaú,Natural,Federal,Terra da União (Terra Indígena),,,,,,,,2.64540369953977,0.251415718160627,25.1415718160627,1.48780101974146,,,,Lago/Lagoa,,Permanente,,PARÁ,SÃO FÉLIX DO XINGU,,,hid_massa_dagua_a_bc250k_2015,,,,,,,,,,,,,,,,
11337.0,15273.0,,,Lagoa do Mato,,Lagoa,do,Mato,Natural,Estadual,Corpo Hídrico Estadual,,,,,,,,4.76395921660929,1.02563889682971,102.563889682971,1.32653863073082,,,,,,,,PARÁ,ORIXIMINÁ,Carta 1:250000,169-102_20050923,bho_massa_dagua,,,,,,,,,,,,,,,,
52260.0,62132.0,,,Furo dos Macacos,,Furo,dos,Macacos,Natural,Estadual,Corpo Hídrico Estadual,,,,,,,,236.145739969101,38.3522542295704,3835.22542295704,10.7531022610375,,,,Rio,,,Furo Mamaianã,PARÁ,BREVES,,,hid_trecho_massa_dagua_a_bc250k_2015,,,,,,,,,,,,,,,52432,525832
41286.0,37995.0,,,Lagoa do Manduca,,Lagoa,do,Manduca,Natural,Estadual,Corpo Hídrico Estadual,,,,,,,,2.14134681979843,0.119667165277352,11.9667165277352,1.74561562010367,,,,Lago/Lagoa,,Permanente,,PARÁ,SÃO FÉLIX DO XINGU,,,hid_massa_dagua_a_bc250k_2015,,,,,,,,,,,,,,,,
10462.0,15029.0,,,Lago Macucaua,,Lago,,Macucaua,Natural,Estadual,Corpo Hídrico Estadual,,,,,,,,17.1146895545205,7.98849512188235,798.849512188235,1.70759803738024,,,,,,,,PARÁ,ALENQUER,Carta 1:100000,167-102_20050903,bho_massa_dagua,,,,,,,,,,,,,,,,
45707.0,15257.0,,,Lagoa Papixuna,,Lagoa,,Papixuna,Natural,Estadual,Corpo Hídrico Estadual,,,,,,,,8.48415007730248,3.31156530542367,331.156530542367,1.31474276191659,,,,,,,,PARÁ,ORIXIMINÁ,Carta 1:250000,169-102_20050923,bho_massa_dagua,,,,,,,,,,,,,,,,
8785.0,57272.0,,,Rio Açaituba,,Rio,,Açaituba,Natural,Federal,Corpo Hídrico Federal,,,,,,,,14.9834765887307,2.11692067656252,211.692067656252,2.90408557437124,,,,Rio,,,Rio Açaituba,PARÁ,CHAVES,,,hid_trecho_massa_dagua_a_bc250k_2015,,,,,,,,,,,,,,,,4
13727.0,15450.0,,,Lagoa Comprida,,Lagoa,,Comprida,Natural,Federal,Terra da União (Unidade de Conservação),,,,,,,,7.46781852446309,0.362067690209393,36.2067690209393,3.49983828966162,,,,,,,,PARÁ,ORIXIMINÁ,Carta 1:100000,170-101_20050825,bho_massa_dagua,,,,,,,,,,,,,,,,
724.0,53702.0,,,Rio Pacujuta,,Rio,,Pacujuta,Natural,Estadual,Corpo Hídrico Estadual,,,,,,,,30.653402826195,2.25892192288639,225.892192288639,5.75144790765599,,,,Rio,,,Rio Pacujuta,PARÁ,"CURRALINHO, SÃO SEBASTIÃO DA BOA VISTA",,,hid_trecho_massa_dagua_a_bc250k_2015,,,,,,,,,,,,,,,62142,62142
40183.0,15019.0,,,Lago Mundo Novo,,Lago,,Mundo Novo,Natural,Estadual,Corpo Hídrico Estadual,,,,,,,,3.30277006565318,0.269690582122112,26.9690582122112,1.79347182218297,,,,,,,,PARÁ,MONTE ALEGRE,Carta 1:100000,167-102_20050903,bho_massa_dagua,,,,,,,,,,,,,,,,
25546.0,15477.0,,,Lagoa Tapaginha,,Lagoa,,Tapaginha,Natural,Federal,Terra da União (Unidade de Conservação),,,,,,,,3.63238884741782,0.359553415717448,35.9553415717448,1.70828265957387,,,,,,,,PARÁ,ORIXIMINÁ,Carta 1:100000,170-102_20050825,bho_massa_dagua,,,,,,,,,,,,,,,,
55148.0,55850.0,,,Rio Inembu,,Rio,,Inembu,Natural,Estadual,Corpo Hídrico Estadual,,,,,,,,13.9690606236376,0.959746909768299,95.9746909768299,4.02103588804559,,,,Rio,,,Rio Inembu,PARÁ,MUANÁ,,,hid_trecho_massa_dagua_a_bc250k_2015,,,,,,,,,,,,,,,6194,6194
441.0,56802.0,,,Furo Urubuéua,,Furo,,Urubuéua,Natural,Estadual,Corpo Hídrico Estadual,,,,,,,,20.7280492112242,2.1309995432135,213.09995432135,4.00420091983798,,,,Rio,,,Furo Urubuéua,PARÁ,ABAETETUBA,,,hid_trecho_massa_dagua_a_bc250k_2015,,,,,,,,,,,,,,,6,6
242659.0,244288.0,6765.0,,Barragem Antas Norte,,Barragem,,Antas Norte,Artificial,Estadual,Corpo Hídrico Estadual,ANM,Avb Mineração Ltda.,ANM,,,,,1.55971870281346,0.153495620051905,15.3495620051905,1.12265779050576,Contenção de rejeitos de mineração,ANM,,,,,,PARÁ,CURIONÓPOLIS,,,bho_massa_dagua_2020,,,,,,,,,,,,,,,,
23369.0,22505.0,,,Lagoa Comprida,,Lagoa,,Comprida,Natural,Estadual,Corpo Hídrico Estadual,,,,,,,,4.42109218759993,0.253465205096516,25.3465205096516,2.47639263968428,,,,,,,,PARÁ,ORIXIMINÁ,Carta 1:100000,170-101_20050825,bho_massa_dagua,,,,,,,,,,,,,,,,
49094.0,15158.0,,,,,,,,Natural,Federal,Corpo Hídrico Federal,,,,,,,,2.30159613944389,0.203088361074135,20.3088361074135,1.44024279509935,,,,,,,,PARÁ,ÓBIDOS,,168-102_20050805,bho_massa_dagua,,,,,,,,,,,,,,,,
25462.0,15378.0,,,Lago Xixia Mirim,,Lago,,Xixia Mirim,Natural,Estadual,Corpo Hídrico Estadual,,,,,,,,3.02305297314747,0.481373250888623,48.1373250888623,1.22872272046039,,,,,,,,PARÁ,TERRA SANTA,Carta 1:100000,169-102_20050923,bho_massa_dagua,,,,,,,,,,,,,,,,
46503.0,15495.0,,,Lago Ubim,,Lago,,Ubim,Natural,Estadual,Corpo Hídrico Estadual,,,,,,,,13.9715707412807,3.84988567349823,384.988567349823,2.0080310589495,,,,,,,,PARÁ,FARO,Carta 1:100000,170-102_20050825,bho_massa_dagua,,,,,,,,,,,,,,,,
48.0,57188.0,,,Rio Pracuúba-Miri,,Rio,,Pracuúba-Miri,Natural,Estadual,Corpo Hídrico Estadual,,,,,,,,40.5749404797762,4.6411016499308,464.11016499308,5.31124651945562,,,,Rio,,,Rio Pracuúba Miri,PARÁ,SÃO SEBASTIÃO DA BOA VISTA,,,hid_trecho_massa_dagua_a_bc250k_2015,,,,,,,,,,,,,,,62144,62144
7267.0,6547.0,,,Lago Sítio de Deus é Grande,,Lago,,Sítio de Deus é Grande,Artificial,Estadual,Corpo Hídrico Estadual,ESTADO,,,,,,,4.14272655839227,0.319298548538195,31.9298548538195,2.06745899485925,,,,,,,,PARÁ,TUCURUÍ,ANA,162-104_20040824,bho_massa_dagua,,,,,,,,,,,,,,,,
56072.0,53874.0,,,Igarapé Pirarucu,,Igarapé,,Pirarucu,Natural,Estadual,Corpo Hídrico Estadual,,,,,,,,9.18948753122695,0.804701440157601,80.4701440157601,2.88883682700916,,,,Rio,,,,PARÁ,CURRALINHO,,,hid_trecho_massa_dagua_a_bc250k_2015,,,,,,,,,,,,,,,6232,6232
58597.0,63780.0,,,Lago Paracari/Lago Buiuçu/Lago Curicaca,,Lago,,Paracari/Lago Buiuçu/Lago Curicaca,Natural,Estadual,Corpo Hídrico Estadual,,,,,,,,15.2767463164789,2.44870697811882,244.870697811882,2.75303394154088,,,,,,,,PARÁ,"MONTE ALEGRE, SANTARÉM",Carta 1:100000,167-102_20050903,bho_massa_dagua,,,,,,,,,,,,,,,,
31422.0,15626.0,,,Rio Aruã,,Rio,,Aruã,Natural,Estadual,Corpo Hídrico Estadual,,,,,,,,4.84297645265955,0.444566411397075,44.4566411397075,2.04829800600526,,,,,,,,PARÁ,SANTARÉM,Carta 1:100000,168-103_20050805,bho_massa_dagua,,,,,,,,,,,,,,,,
242179.0,244280.0,6607.0,,Barragem Usina,,Barragem,,Usina,Artificial,Estadual,Corpo Hídrico Estadual,ANM,Vale S.A. - Filial: Vale Minas MOP,ANM,,,,,2.00457548786194,0.12634391302101,12.634391302101,1.59035603805066,Contenção de rejeitos de mineração,ANM,,,,,,PARÁ,OURILÂNDIA DO NORTE,,,bho_massa_dagua_2020,,,,,,,,,,,,,,,,
5632.0,53902.0,,,Rio Camará,,Rio,,Camará,Natural,Estadual,Corpo Hídrico Estadual,,,,,,,,38.5906526081377,3.17018848637863,317.018848637863,6.11207520283179,,,,Rio,,,Rio Camará,PARÁ,"CACHOEIRA DO ARARI, SALVATERRA",,,hid_trecho_massa_dagua_a_bc250k_2015,,,,,,,,,,,,,,,6118,6118
10063.0,15433.0,,,Lago Araçá,,Lago,,Araçá,Natural,Estadual,Corpo Hídrico Estadual,,,,,,,,3.72731586915982,0.437298690097425,43.7298690097425,1.58948421170033,,,,,,,,PARÁ,JURUTI,Carta 1:100000,169-102_20050923,bho_massa_dagua,,,,,,,,,,,,,,,,
21120.0,6063.0,,,Represa Fazenda Paraguaçu,,Represa,,Fazenda Paraguaçu,Artificial,Estadual,Corpo Hídrico Estadual,ESTADO,,,,,,,3.07023539043583,0.208990469450674,20.8990469450674,1.89390216728767,,,,,,,,PARÁ,IPIXUNA DO PARÁ,Carta 1:100000,160-103_20050803,bho_massa_dagua,,,,,,,,,,,,,,,,
46927.0,15235.0,,,Lagoa Anjelim,,Lagoa,,Anjelim,Natural,Estadual,Corpo Hídrico Estadual,,,,,,,,5.43336139685125,1.24904744377569,124.904744377569,1.37097089076577,,,,,,,,PARÁ,ORIXIMINÁ,Carta 1:100000,169-102_20050923,bho_massa_dagua,,,,,,,,,,,,,,,,
44312.0,38093.0,,,,,,,,Natural,Estadual,Corpo Hídrico Estadual,,,,,,,,3.91134243865355,0.396815440673477,39.6815440673477,1.75097790967766,,,,Lago/Lagoa,,Permanente,,PARÁ,ALMEIRIM,,,hid_massa_dagua_a_bc250k_2015,,,,,,,,,,,,,,,,
721.0,36847.0,,,,,,,,Natural,Federal,Corpo Hídrico Federal,,,,,,,,2.39477657903791,0.270195446179935,27.0195446179935,1.29919726542723,,,,Lago/Lagoa,,Permanente,,PARÁ,ÓBIDOS,,,hid_massa_dagua_a_bc250k_2015,,,,,,,,,,,,,,,,
50174.0,49420.0,,,,,,,,Natural,Estadual,Corpo Hídrico Estadual,,,,,,,,2.49042468555937,0.164265179037956,16.4265179037956,1.73280529007503,,,,Lago/Lagoa,,Permanente,,PARÁ,PARAGOMINAS,,,hid_massa_dagua_a_bc250k_2015,,,,,,,,,,,,,,,,
29658.0,58982.0,,,,,,,,Natural,Estadual,Corpo Hídrico Estadual,,,,,,,,3.64562183754459,0.431973624385837,43.1973624385837,1.56419938286418,,,,,,,,PARÁ,QUATIPURU,,,hid_trecho_massa_dagua_a_bc250k_2015,,,,,,,,,,,,,,,,
30790.0,58942.0,,,,,,,,Natural,Estadual,Corpo Hídrico Estadual,,,,,,,,14.4191465764637,1.11483208022405,111.483208022405,3.85109237684314,,,,Rio,,,Rio Xindeua,PARÁ,SÃO JOÃO DE PIRABAS,,,hid_trecho_massa_dagua_a_bc250k_2015,,,,,,,,,,,,,,,,71154
3690.0,61379.0,,,,,,,,Natural,Federal,Terra da União (Terra Indígena),,,,,,,,1.59932994920541,0.073467670534902,7.34676705349025,1.66394529264088,,,,,,,,PARÁ,FARO,,,hid_trecho_massa_dagua_a_bc250k_2015,,,,,,,,,,,,,,,,
29330.0,49437.0,,,,,,,,Natural,Estadual,Corpo Hídrico Estadual,,,,,,,,4.84593198131622,0.602019328392494,60.2019328392494,1.76125080592401,,,,Lago/Lagoa,,Permanente,,PARÁ,IPIXUNA DO PARÁ,,,hid_massa_dagua_a_bc250k_2015,,,,,,,,,,,,,,,,
50700.0,36067.0,,,,,,,,Natural,Estadual,Corpo Hídrico Estadual,,,,,,,,1.77814746049733,0.143223931665829,14.3223931665829,1.32497927882735,,,,Lago/Lagoa,,Permanente,,PARÁ,ÓBIDOS,,,hid_massa_dagua_a_bc250k_2015,,,,,,,,,,,,,,,,
46316.0,39646.0,,,,,,,,Natural,Estadual,Corpo Hídrico Estadual,,,,,,,,2.36836608761711,0.206236629882429,20.6236629882429,1.47066934689642,,,,Lago/Lagoa,,Permanente,,PARÁ,MOCAJUBA,,,hid_massa_dagua_a_bc250k_2015,,,,,,,,,,,,,,,,
19905.0,61871.0,,,,,,,,Natural,Estadual,Corpo Hídrico Estadual,,,,,,,,5.98376850152677,0.677525914946066,67.7525914946066,2.05003339589087,,,,Rio,,,Igarapá do Arapixuna,PARÁ,SANTARÉM,,,hid_trecho_massa_dagua_a_bc250k_2015,,,,,,,,,,,,,,,4,4
11583.0,62031.0,,,,,,,,Natural,Estadual,Corpo Hídrico Estadual,,,,,,,,2.06943238651602,0.085926950035707,8.59269500357066,1.99083676077044,,,,,,,,PARÁ,MOJU,,,hid_trecho_massa_dagua_a_bc250k_2015,,,,,,,,,,,,,,,,
24525.0,61996.0,,,,,,,,Natural,Estadual,Corpo Hídrico Estadual,,,,,,,,1.07282902554638,0.054586362172301,5.45863621723006,1.29490392434091,,,,,,,,PARÁ,"BENEVIDES, MARITUBA",,,hid_trecho_massa_dagua_a_bc250k_2015,,,,,,,,,,,,,,,,
42625.0,62171.0,,,,,,,,Natural,Estadual,Corpo Hídrico Estadual,,,,,,,,2.65649101115599,0.312221738646451,31.2221738646451,1.34068234433377,,,,,,,,PARÁ,MONTE ALEGRE,,,hid_trecho_massa_dagua_a_bc250k_2015,,,,,,,,,,,,,,,,
26440.0,39209.0,,,,,,,,Natural,Estadual,Corpo Hídrico Estadual,,,,,,,,2.1715917771397,0.189784736072165,18.9784736072165,1.40571298546105,,,,Lago/Lagoa,,Permanente,,PARÁ,PARAGOMINAS,,,hid_massa_dagua_a_bc250k_2015,,,,,,,,,,,,,,,,
13762.0,39359.0,,,,,,,,Natural,Federal,Corpo Hídrico Federal,,,,,,,,1.64303609063306,0.123827003400429,12.3827003400429,1.31670513693862,,,,Lago/Lagoa,,Permanente,,PARÁ,MONTE ALEGRE,,,hid_massa_dagua_a_bc250k_2015,,,,,,,,,,,,,,,,
4633.0,54383.0,,,,,,,,Natural,Estadual,Corpo Hídrico Estadual,,,,,,,,5.22932894030894,0.222266772181816,22.2266772181816,3.127935565272,,,,,,,,PARÁ,SÃO JOÃO DE PIRABAS,,,hid_trecho_massa_dagua_a_bc250k_2015,,,,,,,,,,,,,,,,
11969.0,61203.0,,,,,,,,Natural,Federal,Terra da União (Terra Indígena),,,,,,,,1.58083003638999,0.139229708532726,13.9229708532726,1.19472604228478,,,,,,,,PARÁ,BRASIL NOVO,,,hid_trecho_massa_dagua_a_bc250k_2015,,,,,,,,,,,,,,,,
43113.0,35804.0,,,,,,,,Natural,Federal,Terra da União (Terra Indígena),,,,,,,,2.14657946184184,0.231417290086291,23.1417290086291,1.25834050453307,,,,Lago/Lagoa,,Permanente,,PARÁ,ALMEIRIM,,,hid_massa_dagua_a_bc250k_2015,,,,,,,,,,,,,,,,
37943.0,38822.0,,,,,,,,Natural,Federal,Terra da União (Unidade de Conservação),,,,,,,,1.40235550703213,0.096720391705532,9.67203917055317,1.2715932365247,,,,Lago/Lagoa,,Permanente,,PARÁ,ORIXIMINÁ,,,hid_massa_dagua_a_bc250k_2015,,,,,,,,,,,,,,,,
4289.0,61744.0,,,,,,,,Natural,Estadual,Corpo Hídrico Estadual,,,,,,,,1.36000679816396,0.109310315414842,10.9310315414842,1.16000433934725,,,,,,,,PARÁ,ALTAMIRA,,,hid_trecho_massa_dagua_a_bc250k_2015,,,,,,,,,,,,,,,,
39048.0,61584.0,,,,,,,,Natural,Estadual,Corpo Hídrico Estadual,,,,,,,,2.79489706571164,0.136895190005182,13.6895190005182,2.13020221338318,,,,,,,,PARÁ,ITAITUBA,,,hid_trecho_massa_dagua_a_bc250k_2015,,,,,,,,,,,,,,,,
37560.0,61367.0,,,,,,,,Natural,Estadual,Corpo Hídrico Estadual,,,,,,,,1.64024780780616,0.177114567801256,17.7114567801256,1.09908538387979,,,,,,,,PARÁ,CACHOEIRA DO ARARI,,,hid_trecho_massa_dagua_a_bc250k_2015,,,,,,,,,,,,,,,,
48608.0,39564.0,,,,,,,,Natural,Federal,Terra da União (Terra Indígena),,,,,,,,5.15575310214398,0.21869128367169,21.869128367169,3.10903408385943,,,,Meandro abandonado,,Permanente,,PARÁ,ALMEIRIM,,,hid_massa_dagua_a_bc250k_2015,,,,,,,,,,,,,,,,
6248.0,61326.0,,,,,,,,Natural,Federal,Terra da União (Terra Indígena),,,,,,,,1.27901238923864,0.057194132456502,5.71941324565024,1.50816244180023,,,,,,,,PARÁ,SÃO FÉLIX DO XINGU,,,hid_trecho_massa_dagua_a_bc250k_2015,,,,,,,,,,,,,,,,
43828.0,62296.0,,,,,,,,Natural,Estadual,Corpo Hídrico Estadual,,,,,,,,2.62503113910325,0.132848536003342,13.2848536003342,2.03097782409122,,,,,,,,PARÁ,GOIANÉSIA DO PARÁ,,,hid_trecho_massa_dagua_a_bc250k_2015,,,,,,,,,,,,,,,,
18209.0,62015.0,,,,,,,,Natural,Estadual,Corpo Hídrico Estadual,,,,,,,,3.94899388250923,0.27170996277633,27.170996277633,2.13640107485361,,,,,,,,PARÁ,TRAIRÃO,,,hid_trecho_massa_dagua_a_bc250k_2015,,,,,,,,,,,,,,,,
28401.0,61800.0,,,,,,,,Natural,Estadual,Corpo Hídrico Estadual,,,,,,,,1.12014085467404,0.091129188081698,9.11291880816976,1.04638858982264,,,,,,,,PARÁ,ORIXIMINÁ,,,hid_trecho_massa_dagua_a_bc250k_2015,,,,,,,,,,,,,,,,
58208.0,61652.0,,,,,,,,Natural,Estadual,Corpo Hídrico Estadual,,,,,,,,2.23620117114365,0.096972258101914,9.69722581019145,2.02505220925482,,,,,,,,PARÁ,PLACAS,,,hid_trecho_massa_dagua_a_bc250k_2015,,,,,,,,,,,,,,,,
8748.0,37871.0,,,,,,,,Natural,Estadual,Corpo Hídrico Estadual,,,,,,,,2.02422922596198,0.209534314117507,20.9534314117507,1.24704240551952,,,,Lago/Lagoa,,Permanente,,PARÁ,MOCAJUBA,,,hid_massa_dagua_a_bc250k_2015,,,,,,,,,,,,,,,,
8776.0,61850.0,,,,,,,,Natural,Federal,Terra da União (Terra Indígena),,,,,,,,1.52956815465441,0.056962102671084,5.69621026710839,1.80727788898464,,,,,,,,PARÁ,JACAREACANGA,,,hid_trecho_massa_dagua_a_bc250k_2015,,,,,,,,,,,,,,,,
31099.0,58283.0,,,,,,,,Natural,Federal,Terra da União (Unidade de Conservação),,,,,,,,6.46400160415116,0.579490387296562,57.9490387296562,2.39456949580231,,,,Rio,,,Igarapé Arsênio,PARÁ,MARAPANIM,,,hid_trecho_massa_dagua_a_bc250k_2015,,,,,,,,,,,,,,,,711182
38011.0,38771.0,,,,,,,,Natural,Federal,Terra da União (Terra Indígena),,,,,,,,1.79532262020993,0.138108962167313,13.8108962167313,1.36232485524384,,,,Lago/Lagoa,,Permanente,,PARÁ,JACAREACANGA,,,hid_massa_dagua_a_bc250k_2015,,,,,,,,,,,,,,,,
6222.0,61883.0,,,,,,,,Natural,Estadual,Corpo Hídrico Estadual,,,,,,,,2.70527811190703,0.169966931984237,16.9966931984237,1.85045619813858,,,,,,,,PARÁ,BELTERRA,,,hid_trecho_massa_dagua_a_bc250k_2015,,,,,,,,,,,,,,,,
18164.0,62034.0,,,,,,,,Natural,Estadual,Corpo Hídrico Estadual,,,,,,,,2.24431576775136,0.268896322723585,26.8896322723585,1.22050801976245,,,,,,,,PARÁ,SÃO FÉLIX DO XINGU,,,hid_trecho_massa_dagua_a_bc250k_2015,,,,,,,,,,,,,,,,
7588.0,61686.0,,,,,,,,Natural,Estadual,Corpo Hídrico Estadual,,,,,,,,2.67644775498395,0.239034363914423,23.9034363914423,1.54375262280262,,,,,,,,PARÁ,NOVO REPARTIMENTO,,,hid_trecho_massa_dagua_a_bc250k_2015,,,,,,,,,,,,,,,,
19892.0,61838.0,,,,,,,,Natural,Estadual,Corpo Hídrico Estadual,,,,,,,,1.44062999688408,0.114012444055585,11.4012444055585,1.20316567629022,,,,,,,,PARÁ,ITUPIRANGA,,,hid_trecho_massa_dagua_a_bc250k_2015,,,,,,,,,,,,,,,,
11409.0,61585.0,,,,,,,,Artificial,Estadual,Corpo Hídrico Estadual,ESTADO,,,,,,,1.98787059857763,0.182481657828226,18.2481657828226,1.31228332329741,,,,Represa/Açude,,,,PARÁ,BANNACH,,,hid_trecho_massa_dagua_a_bc250k_2015,,,,,,,,,,,,,,,,
4941.0,60541.0,,,,,,,,Natural,Estadual,Corpo Hídrico Estadual,,,,,,,,1.33932435468314,0.058997220782315,5.89972207823149,1.55495955651803,,,,,,,,PARÁ,NOVO PROGRESSO,,,hid_trecho_massa_dagua_a_bc250k_2015,,,,,,,,,,,,,,,,
31795.0,62500.0,,,,,,,,Natural,Estadual,Corpo Hídrico Estadual,,,,,,,,1.27930020235284,0.085700668816209,8.57006688162087,1.23233695246909,,,,,,,,PARÁ,SÃO FÉLIX DO XINGU,,,hid_trecho_massa_dagua_a_bc250k_2015,,,,,,,,,,,,,,,,
8140.0,38363.0,,,,,,,,Natural,Estadual,Corpo Hídrico Estadual,,,,,,,,2.91599409850676,0.231196336488688,23.1196336488688,1.71019359275152,,,,Lago/Lagoa,,Permanente,,PARÁ,OEIRAS DO PARÁ,,,hid_massa_dagua_a_bc250k_2015,,,,,,,,,,,,,,,,
26720.0,58272.0,,,,,,,,Natural,Federal,Terra da União (Unidade de Conservação),,,,,,,,10.1676605699534,1.23517413449325,123.517413449325,2.5799188971775,,,,Rio,,,Rio Emboraí,PARÁ,AUGUSTO CORRÊA,,,hid_trecho_massa_dagua_a_bc250k_2015,,,,,,,,,,,,,,,71196,71194
8355.0,35756.0,,,,,,,,Natural,Federal,Terra da União (Terra Indígena),,,,,,,,2.5383228369145,0.153531102873104,15.3531102873104,1.82682850942039,,,,Lago/Lagoa,,Permanente,,PARÁ,ALTAMIRA,,,hid_massa_dagua_a_bc250k_2015,,,,,,,,,,,,,,,,
18834.0,38374.0,,,,,,,,Natural,Federal,Terra da União (Terra Indígena),,,,,,,,4.69749158132007,0.258906219493846,25.8906219493846,2.60341784356162,,,,Meandro abandonado,,Permanente,,PARÁ,JACAREACANGA,,,hid_massa_dagua_a_bc250k_2015,,,,,,,,,,,,,,,,
44651.0,37828.0,,,,,,,,Natural,Estadual,Corpo Hídrico Estadual,,,,,,,,11.3272371681179,1.0375381435068,103.75381435068,3.13596398365537,,,,Lago/Lagoa,,Permanente,,PARÁ,JURUTI,,,hid_massa_dagua_a_bc250k_2015,,,,,,,,,,,,,,,,
32258.0,61153.0,,,,,,,,Natural,Estadual,Corpo Hídrico Estadual,,,,,,,,1.41537163475314,0.115702154042839,11.5702154042839,1.17340753817526,,,,,,,,PARÁ,SAPUCAIA,,,hid_trecho_massa_dagua_a_bc250k_2015,,,,,,,,,,,,,,,,
51307.0,62176.0,,,,,,,,Natural,Estadual,Corpo Hídrico Estadual,,,,,,,,1.32033319947372,0.073926991459655,7.39269914596553,1.36940256103083,,,,,,,,PARÁ,ALTAMIRA,,,hid_trecho_massa_dagua_a_bc250k_2015,,,,,,,,,,,,,,,,
7270.0,59103.0,,,,,,,,Natural,Estadual,Corpo Hídrico Estadual,,,,,,,,12.1591658616828,1.84929746653766,184.929746653766,2.52144502466323,,,,Laguna,,,,PARÁ,VISEU,,,hid_trecho_massa_dagua_a_bc250k_2015,,,,,,,,,,,,,,,,
39268.0,61905.0,,,,,,,,Natural,Federal,Terra da União (Unidade de Conservação),,,,,,,,0.79518205825291,0.039547162423649,3.95471624236487,1.12760765890464,,,,,,,,PARÁ,CANAÃ DOS CARAJÁS,,,hid_trecho_massa_dagua_a_bc250k_2015,,,,,,,,,,,,,,,,
56305.0,62473.0,,,,,,,,Natural,Estadual,Corpo Hídrico Estadual,,,,,,,,2.82237294918253,0.113308126809918,11.3308126809918,2.36446548788177,,,,,,,,PARÁ,TAILÂNDIA,,,hid_trecho_massa_dagua_a_bc250k_2015,,,,,,,,,,,,,,,,
7591.0,61694.0,,,,,,,,Natural,Estadual,Corpo Hídrico Estadual,,,,,,,,1.58382556786396,0.118370375556721,11.8370375556721,1.29818009292035,,,,,,,,PARÁ,RURÓPOLIS,,,hid_trecho_massa_dagua_a_bc250k_2015,,,,,,,,,,,,,,,,
37893.0,60841.0,,,,,,,,Natural,Estadual,Corpo Hídrico Estadual,,,,,,,,2.26259348011774,0.179726436782814,17.9726436782814,1.50504559703546,,,,,,,,PARÁ,ACARÁ,,,hid_trecho_massa_dagua_a_bc250k_2015,,,,,,,,,,,,,,,,
4577.0,61214.0,,,,,,,,Natural,Estadual,Corpo Hídrico Estadual,,,,,,,,1.62288000311606,0.123525361457207,12.3525361457207,1.30213931203806,,,,,,,,PARÁ,SÃO FÉLIX DO XINGU,,,hid_trecho_massa_dagua_a_bc250k_2015,,,,,,,,,,,,,,,,
25364.0,62198.0,,,,,,,,Natural,Estadual,Corpo Hídrico Estadual,,,,,,,,1.46495173363608,0.125109131272925,12.5109131272925,1.16795986744361,,,,,,,,PARÁ,ALMEIRIM,,,hid_trecho_massa_dagua_a_bc250k_2015,,,,,,,,,,,,,,,,
25389.0,62228.0,,,,,,,,Natural,Estadual,Corpo Hídrico Estadual,,,,,,,,3.33752656297921,0.139016927121812,13.9016927121812,2.52429436004211,,,,,,,,PARÁ,TAILÂNDIA,,,hid_trecho_massa_dagua_a_bc250k_2015,,,,,,,,,,,,,,,,
54198.0,62460.0,,,,,,,,Natural,Estadual,Corpo Hídrico Estadual,,,,,,,,2.34407591462936,0.280192331102711,28.0192331102711,1.24879933454719,,,,,,,,PARÁ,OEIRAS DO PARÁ,,,hid_trecho_massa_dagua_a_bc250k_2015,,,,,,,,,,,,,,,,
18850.0,62177.0,,,,,,,,Natural,Estadual,Corpo Hídrico Estadual,,,,,,,,1.0990714219551,0.064834664693171,6.48346646931706,1.2172264734142,,,,,,,,PARÁ,ÁGUA AZUL DO NORTE,,,hid_trecho_massa_dagua_a_bc250k_2015,,,,,,,,,,,,,,,,
44201.0,62370.0,,,,,,,,Natural,Estadual,Corpo Hídrico Estadual,,,,,,,,1.08458451072344,0.073984066906055,7.39840669060554,1.12445843282332,,,,,,,,PARÁ,ÁGUA AZUL DO NORTE,,,hid_trecho_massa_dagua_a_bc250k_2015,,,,,,,,,,,,,,,,
19889.0,61828.0,,,,,,,,Natural,Estadual,Corpo Hídrico Estadual,,,,,,,,2.48618123127803,0.20534687108374,20.534687108374,1.5471693274812,,,,,,,,PARÁ,ORIXIMINÁ,,,hid_trecho_massa_dagua_a_bc250k_2015,,,,,,,,,,,,,,,,
13052.0,61370.0,,,,,,,,Natural,Estadual,Corpo Hídrico Estadual,,,,,,,,1.52519913285002,0.071754498104926,7.17544981049256,1.6056507720961,,,,,,,,PARÁ,ACARÁ,,,hid_trecho_massa_dagua_a_bc250k_2015,,,,,,,,,,,,,,,,
43307.0,60520.0,,,,,,,,Natural,Estadual,Corpo Hídrico Estadual,,,,,,,,2.65547875703208,0.142817278921903,14.2817278921903,1.98153415603623,,,,,,,,PARÁ,TOMÉ-AÇU,,,hid_trecho_massa_dagua_a_bc250k_2015,,,,,,,,,,,,,,,,
7099.0,61179.0,,,,,,,,Natural,Estadual,Corpo Hídrico Estadual,,,,,,,,0.929137091814827,0.043624497845343,4.36244978453433,1.25447983774189,,,,,,,,PARÁ,SAPUCAIA,,,hid_trecho_massa_dagua_a_bc250k_2015,,,,,,,,,,,,,,,,
33909.0,60381.0,,,,,,,,Natural,Estadual,Corpo Hídrico Estadual,,,,,,,,2.96650095544338,0.124437297588173,12.4437297588173,2.37147371515434,,,,,,,,PARÁ,IPIXUNA DO PARÁ,,,hid_trecho_massa_dagua_a_bc250k_2015,,,,,,,,,,,,,,,,
19884.0,60329.0,,,,,,,,Artificial,Federal,Corpo Hídrico Federal,ANA,,,,,,,2.58080233142741,0.252625252687131,25.2625252687131,1.44798969210295,,,,,,,,PARÁ,NOVO PROGRESSO,,,hid_trecho_massa_dagua_a_bc250k_2015,Revisado,,,,,,,,,,,,,,,
17368.0,62065.0,,,,,,,,Natural,Estadual,Corpo Hídrico Estadual,,,,,,,,7.70460249866786,0.690147038501365,69.0147038501365,2.61534225853017,,,,Rio,,,Furo São Pedro,PARÁ,CURRALINHO,,,hid_trecho_massa_dagua_a_bc250k_2015,,,,,,,,,,,,,,,6232,6232
7636.0,61737.0,,,,,,,,Natural,Estadual,Corpo Hídrico Estadual,,,,,,,,1.45964252284116,0.08995299655931,8.99529965593103,1.37242239924632,,,,,,,,PARÁ,NOVO PROGRESSO,,,hid_trecho_massa_dagua_a_bc250k_2015,,,,,,,,,,,,,,,,
44380.0,62051.0,,,,,,,,Natural,Estadual,Corpo Hídrico Estadual,,,,,,,,1.88108263956919,0.105724898946542,10.5724898946542,1.63142962485045,,,,,,,,PARÁ,PONTA DE PEDRAS,,,hid_trecho_massa_dagua_a_bc250k_2015,,,,,,,,,,,,,,,,
7243.0,39187.0,,,,,,,,Natural,Estadual,Corpo Hídrico Estadual,,,,,,,,2.71181132245039,0.308159437462359,30.8159437462359,1.37759272832739,,,,Lago/Lagoa,,Permanente,,PARÁ,MOJU,,,hid_massa_dagua_a_bc250k_2015,,,,,,,,,,,,,,,,
36758.0,61272.0,,,,,,,,Natural,Federal,Terra da União (Terra Indígena),,,,,,,,0.936181968525898,0.061276055266309,6.12760552663095,1.0665076643221,,,,,,,,PARÁ,ALTAMIRA,,,hid_trecho_massa_dagua_a_bc250k_2015,,,,,,,,,,,,,,,,
22365.0,37826.0,,,,,,,,Natural,Estadual,Corpo Hídrico Estadual,,,,,,,,15.594818903395,3.57106042304258,357.106042304258,2.32718465634393,,,,Lago/Lagoa,,Permanente,,PARÁ,PRAINHA,,,hid_massa_dagua_a_bc250k_2015,,,,,,,,,,,,,,,,
17297.0,62016.0,,,,,,,,Natural,Estadual,Corpo Hídrico Estadual,,,,,,,,1.72656548493197,0.197015048301172,19.7015048301172,1.09693896463103,,,,,,,,PARÁ,IPIXUNA DO PARÁ,,,hid_trecho_massa_dagua_a_bc250k_2015,,,,,,,,,,,,,,,,
13068.0,54769.0,,,,,,,,Artificial,Estadual,Corpo Hídrico Estadual,ESTADO,,,,,,,3.5430330663458,0.136241512703286,13.6241512703286,2.70688362792862,,,,Represa/Açude,,,,PARÁ,PARAGOMINAS,,,hid_trecho_massa_dagua_a_bc250k_2015,,,,,,,,,,,,,,,,
30439.0,61421.0,,,,,,,,Artificial,Estadual,Corpo Hídrico Estadual,ESTADO,,,,,,,2.18991730388727,0.202508371494023,20.2508371494023,1.37231981105735,,,,Represa/Açude,,,,PARÁ,RIO MARIA,,,hid_trecho_massa_dagua_a_bc250k_2015,,,,,,,,,,,,,,,,
18271.0,62446.0,,,,,,,,Natural,Estadual,Corpo Hídrico Estadual,,,,,,,,2.59332175210055,0.230859531838005,23.0859531838005,1.52205941487794,,,,,,,,PARÁ,CACHOEIRA DO ARARI,,,hid_trecho_massa_dagua_a_bc250k_2015,,,,,,,,,,,,,,,,
48207.0,39576.0,,,,,,,,Natural,Federal,Terra da União (Terra Indígena),,,,,,,,1.91010579845714,0.069369705074105,6.93697050741049,2.04513323893343,,,,Lago/Lagoa,,Permanente,,PARÁ,SÃO FÉLIX DO XINGU,,,hid_massa_dagua_a_bc250k_2015,,,,,,,,,,,,,,,,
25152.0,58931.0,,,,,,,,Natural,Estadual,Corpo Hídrico Estadual,,,,,,,,36.8399141814438,6.99274422937211,699.274422937211,3.92865503661499,,,,Rio,,,,PARÁ,SÃO JOÃO DE PIRABAS,,,hid_trecho_massa_dagua_a_bc250k_2015,,,,,,,,,,,,,,,,71156
43105.0,62294.0,,,,,,,,Natural,Estadual,Corpo Hídrico Estadual,,,,,,,,1.95127117738862,0.080490652868862,8.04906528688622,1.93951888588317,,,,,,,,PARÁ,TAILÂNDIA,,,hid_trecho_massa_dagua_a_bc250k_2015,,,,,,,,,,,,,,,,
51534.0,61598.0,,,,,,,,Natural,Estadual,Corpo Hídrico Estadual,,,,,,,,4.78887844628798,0.237793296636778,23.7793296636778,2.76938361350998,,,,,,,,PARÁ,ITAITUBA,,,hid_trecho_massa_dagua_a_bc250k_2015,,,,,,,,,,,,,,,,
7032.0,61533.0,,,,,,,,Natural,Estadual,Corpo Hídrico Estadual,,,,,,,,0.890064031217284,0.053072714606006,5.30727146060062,1.08951874927029,,,,,,,,PARÁ,IGARAPÉ-MIRI,,,hid_trecho_massa_dagua_a_bc250k_2015,,,,,,,,,,,,,,,,
59050.0,61075.0,,,,,,,,Natural,Federal,Terra da União (Terra Indígena),,,,,,,,2.62678686562625,0.23651454036267,23.651454036267,1.52315823111799,,,,,,,,PARÁ,ALMEIRIM,,,hid_trecho_massa_dagua_a_bc250k_2015,,,,,,,,,,,,,,,,
31197.0,60342.0,,,,,,,,Natural,Estadual,Corpo Hídrico Estadual,,,,,,,,2.76582516485492,0.227612144024319,22.7612144024319,1.63484324507975,,,,,,,,PARÁ,JACAREACANGA,,,hid_trecho_massa_dagua_a_bc250k_2015,,,,,,,,,,,,,,,,
31792.0,60509.0,,,,,,,,Natural,Estadual,Corpo Hídrico Estadual,,,,,,,,4.11859434908084,0.227017392892248,22.7017392892248,2.43763435306795,,,,,,,,PARÁ,CURUÁ,,,hid_trecho_massa_dagua_a_bc250k_2015,,,,,,,,,,,,,,,,
14579.0,60582.0,,,,,,,,Natural,Federal,Terra da União (Terra Indígena),,,,,,,,2.81714559413967,0.144705229840962,14.4705229840962,2.08841251528956,,,,,,,,PARÁ,SÃO FÉLIX DO XINGU,,,hid_trecho_massa_dagua_a_bc250k_2015,,,,,,,,,,,,,,,,
56903.0,62365.0,,,,,,,,Natural,Estadual,Corpo Hídrico Estadual,,,,,,,,1.67156169949673,0.076654444510076,7.66544445100757,1.70256166089498,,,,,,,,PARÁ,MOJUÍ DOS CAMPOS,,,hid_trecho_massa_dagua_a_bc250k_2015,,,,,,,,,,,,,,,,
43311.0,60529.0,,,,,,,,Natural,Estadual,Corpo Hídrico Estadual,,,,,,,,2.29883764557805,0.092255047217654,9.22550472176538,2.13433379515477,,,,,,,,PARÁ,MOJU,,,hid_trecho_massa_dagua_a_bc250k_2015,,,,,,,,,,,,,,,,
43204.0,60441.0,,,,,,,,Natural,Estadual,Corpo Hídrico Estadual,,,,,,,,4.81380456123726,0.329811003501292,32.9811003501292,2.36376877800886,,,,,,,,PARÁ,ALTAMIRA,,,hid_trecho_massa_dagua_a_bc250k_2015,,,,,,,,,,,,,,,,
55041.0,39172.0,,,,,,,,Natural,Federal,Terra da União (Terra Indígena),,,,,,,,1.57532283055971,0.100554780370264,10.0554780370264,1.40093283556202,,,,Lago/Lagoa,,Permanente,,PARÁ,ALTAMIRA,,,hid_massa_dagua_a_bc250k_2015,,,,,,,,,,,,,,,,
22262.0,56976.0,,,,,,,,Natural,Federal,Terra da União (Unidade de Conservação),,,,,,,,43.5643774341832,4.03618361102201,403.618361102201,6.1149817192815,,,,Rio,,,Furo do Camará,PARÁ,MARAPANIM,,,hid_trecho_massa_dagua_a_bc250k_2015,,,,,,,,,,,,,,,,7111922
18414.0,38047.0,,,,,,,,Natural,Estadual,Corpo Hídrico Estadual,,,,,,,,10.4372694775806,3.2364465958106,323.64465958106,1.63606962734165,,,,Lago/Lagoa,,Permanente,,PARÁ,BAIÃO,,,hid_massa_dagua_a_bc250k_2015,,,,,,,,,,,,,,,,
17594.0,58537.0,,,,,,,,Artificial,Estadual,Corpo Hídrico Estadual,ESTADO,,,,,,,2.9650133853328,0.237485165230969,23.7485165230969,1.71576389052261,,,,Represa/Açude,,,,PARÁ,ALTAMIRA,,,hid_trecho_massa_dagua_a_bc250k_2015,,,,,,,,,,,,,,,,
18406.0,49480.0,,,,,,,,Natural,Estadual,Corpo Hídrico Estadual,,,,,,,,10.0439411768591,1.69762769601356,169.762769601356,2.17386236018856,,,,Lago/Lagoa,,Permanente,,PARÁ,VISEU,,,hid_massa_dagua_a_bc250k_2015,,,,,,,,,,,,,,,,
13761.0,39324.0,,,,,,,,Natural,Federal,Corpo Hídrico Federal,,,,,,,,1.6447571231259,0.12437751648623,12.437751648623,1.31516409521862,,,,Lago/Lagoa,,Permanente,,PARÁ,MONTE ALEGRE,,,hid_massa_dagua_a_bc250k_2015,,,,,,,,,,,,,,,,
34783.0,35822.0,,,,,,,,Natural,Estadual,Corpo Hídrico Estadual,,,,,,,,2.3412032572278,0.240993604833269,24.0993604833269,1.34488598851389,,,,Lago/Lagoa,,Permanente,,PARÁ,ÓBIDOS,,,hid_massa_dagua_a_bc250k_2015,,,,,,,,,,,,,,,,
14643.0,61680.0,,,,,,,,Natural,Estadual,Corpo Hídrico Estadual,,,,,,,,2.270585311303,0.103936219572059,10.3936219572059,1.98611080528069,,,,,,,,PARÁ,SÃO FÉLIX DO XINGU,,,hid_trecho_massa_dagua_a_bc250k_2015,,,,,,,,,,,,,,,,
7563.0,61304.0,,,,,,,,Natural,Estadual,Corpo Hídrico Estadual,,,,,,,,2.61650328185412,0.29614442566612,29.614442566612,1.35587174624579,,,,,,,,PARÁ,ALENQUER,,,hid_trecho_massa_dagua_a_bc250k_2015,,,,,,,,,,,,,,,,
36683.0,61149.0,,,,,,,,Natural,Federal,Terra da União (Unidade de Conservação),,,,,,,,1.96795131159384,0.072901737979069,7.29017379790689,2.05539131360575,,,,,,,,PARÁ,ALTAMIRA,,,hid_trecho_massa_dagua_a_bc250k_2015,,,,,,,,,,,,,,,,
19340.0,61571.0,,,,,,,,Natural,Federal,Terra da União (Terra Indígena),,,,,,,,4.15103848272178,0.455677108501307,45.5677108501307,1.73411247292574,,,,,,,,PARÁ,SÃO FÉLIX DO XINGU,,,hid_trecho_massa_dagua_a_bc250k_2015,,,,,,,,,,,,,,,,
43222.0,60453.0,,,,,,,,Natural,Estadual,Corpo Hídrico Estadual,,,,,,,,5.97212346631995,0.83908837034333,83.908837034333,1.83854403039641,,,,Rio,,,,PARÁ,PRAINHA,,,hid_trecho_massa_dagua_a_bc250k_2015,,,,,,,,,,,,,,,436194,436194
30873.0,62078.0,,,,,,,,Natural,Estadual,Corpo Hídrico Estadual,,,,,,,,2.82492322955788,0.194716030243221,19.4716030243222,1.80532295692321,,,,,,,,PARÁ,TAILÂNDIA,,,hid_trecho_massa_dagua_a_bc250k_2015,,,,,,,,,,,,,,,,
34267.0,62049.0,,,,,,,,Natural,Federal,Terra da União (Terra Indígena),,,,,,,,1.9433842799232,0.12152802013365,12.152802013365,1.5720616826962,,,,,,,,PARÁ,ALTAMIRA,,,hid_trecho_massa_dagua_a_bc250k_2015,,,,,,,,,,,,,,,,
19038.0,61442.0,,,,,,,,Natural,Federal,Terra da União (Terra Indígena),,,,,,,,2.16968115699142,0.11887473264906,11.887473264906,1.77459906761771,,,,,,,,PARÁ,JACAREACANGA,,,hid_trecho_massa_dagua_a_bc250k_2015,,,,,,,,,,,,,,,,
17673.0,60504.0,,,,,,,,Natural,Estadual,Corpo Hídrico Estadual,,,,,,,,2.23715888952466,0.113560018382631,11.3560018382631,1.87211796702393,,,,,,,,PARÁ,ALTAMIRA,,,hid_trecho_massa_dagua_a_bc250k_2015,,,,,,,,,,,,,,,,
19256.0,61446.0,,,,,,,,Natural,Federal,Terra da União (Terra Indígena),,,,,,,,1.29497263181113,0.044021055820334,4.40210558203337,1.74052181548844,,,,,,,,PARÁ,JACAREACANGA,,,hid_trecho_massa_dagua_a_bc250k_2015,,,,,,,,,,,,,,,,
32562.0,60377.0,,,,,,,,Natural,Federal,Terra da União (Unidade de Conservação),,,,,,,,1.60536891819162,0.123272478937525,12.3272478937525,1.289409583762,,,,,,,,PARÁ,ORIXIMINÁ,,,hid_trecho_massa_dagua_a_bc250k_2015,,,,,,,,,,,,,,,,
26692.0,61432.0,,,,,,,,Natural,Estadual,Corpo Hídrico Estadual,,,,,,,,3.60564437750146,0.489194580455751,48.9194580455751,1.45375486159217,,,,,,,,PARÁ,PRAINHA,,,hid_trecho_massa_dagua_a_bc250k_2015,,,,,,,,,,,,,,,,
42961.0,62040.0,,,,,,,,Natural,Federal,Terra da União (Unidade de Conservação),,,,,,,,1.3709690784013,0.121665675500273,12.1665675500273,1.10839033985389,,,,,,,,PARÁ,CANAÃ DOS CARAJÁS,,,hid_trecho_massa_dagua_a_bc250k_2015,,,,,,,,,,,,,,,,
25168.0,58934.0,,,,,,,,Natural,Estadual,Corpo Hídrico Estadual,,,,,,,,22.7603753847871,1.23507180934048,123.507180934048,5.7754047322365,,,,Rio,,,Rio Peixe-boi,PARÁ,NOVA TIMBOTEUA,,,hid_trecho_massa_dagua_a_bc250k_2015,,,,,,,,,,,,,,,71144,71144
2337.0,58956.0,,,,,,,,Natural,Federal,Terra da União (Unidade de Conservação),,,,,,,,46.1930239787235,6.72474083976349,672.474083976349,5.02328392701927,,,,Rio,,,Rio Caripi,PARÁ,MARACANÃ,,,hid_trecho_massa_dagua_a_bc250k_2015,,,,,,,,,,,,,,,71138,71142
25048.0,58565.0,,,,,,,,Natural,Estadual,Corpo Hídrico Estadual,,,,,,,,2.47913551074213,0.21401893994275,21.401893994275,1.51120461145722,,,,,,,,PARÁ,ORIXIMINÁ,,,hid_trecho_massa_dagua_a_bc250k_2015,,,,,,,,,,,,,,,,
5509.0,35856.0,,,,,,,,Natural,Estadual,Corpo Hídrico Estadual,,,,,,,,1.89906297577994,0.180102544420055,18.0102544420055,1.26191049110389,,,,Lago/Lagoa,,Permanente,,PARÁ,ORIXIMINÁ,,,hid_massa_dagua_a_bc250k_2015,,,,,,,,,,,,,,,,
18014.0,61038.0,,,,,,,,Natural,Estadual,Corpo Hídrico Estadual,,,,,,,,1.6176882655078,0.075235206062153,7.52352060621532,1.66315752880095,,,,,,,,PARÁ,NOVO PROGRESSO,,,hid_trecho_massa_dagua_a_bc250k_2015,,,,,,,,,,,,,,,,
50467.0,38806.0,6773.0,,,,,,,Artificial,Estadual,Corpo Hídrico Estadual,ESTADO,,,,,,,2.08446874709683,0.129344401390454,12.9344401390454,1.63444638432092,,,,Lago/Lagoa,,Permanente,,PARÁ,CURIONÓPOLIS,,,hid_massa_dagua_a_bc250k_2015,,,,,,,,,,,,,,,,
61084.0,57307.0,,,,,,,,Natural,Federal,Terra da União (Unidade de Conservação),,,,,,,,19.8167712166611,1.78848902148767,178.848902148767,4.1786775948695,,,,Canal,,,,PARÁ,BRAGANÇA,,,hid_trecho_massa_dagua_a_bc250k_2015,,,,,,,,,,,,,,,,
18928.0,61269.0,,,,,,,,Natural,Federal,Terra da União (Terra Indígena),,,,,,,,1.64428027909313,0.120619971882475,12.0619971882475,1.33510476196995,,,,,,,,PARÁ,ALTAMIRA,,,hid_trecho_massa_dagua_a_bc250k_2015,,,,,,,,,,,,,,,,
42887.0,60421.0,,,,,,,,Natural,Federal,Terra da União (Unidade de Conservação),,,,,,,,2.35788812491648,0.155999019235043,15.5999019235043,1.68349321176504,,,,,,,,PARÁ,MELGAÇO,,,hid_trecho_massa_dagua_a_bc250k_2015,,,,,,,,,,,,,,,,
58225.0,61384.0,,,,,,,,Natural,Estadual,Corpo Hídrico Estadual,,,,,,,,2.96906424223282,0.183122011667332,18.3122011667332,1.95658368411995,,,,,,,,PARÁ,ALTAMIRA,,,hid_trecho_massa_dagua_a_bc250k_2015,,,,,,,,,,,,,,,,
24761.0,57727.0,,,,,,,,Natural,Estadual,Corpo Hídrico Estadual,,,,,,,,1.85932109432539,0.203006711537066,20.3006711537066,1.16371948659017,,,,,,,,PARÁ,ALENQUER,,,hid_trecho_massa_dagua_a_bc250k_2015,,,,,,,,,,,,,,,,
24553.0,62012.0,,,,,,,,Natural,Estadual,Corpo Hídrico Estadual,,,,,,,,2.44569904316783,0.221120931816776,22.1120931816776,1.46668616049216,,,,,,,,PARÁ,JACAREACANGA,,,hid_trecho_massa_dagua_a_bc250k_2015,,,,,,,,,,,,,,,,
19449.0,62514.0,,,,,,,,Natural,Estadual,Corpo Hídrico Estadual,,,,,,,,2.33012464054764,0.137529114675183,13.7529114675183,1.77186625504764,,,,,,,,PARÁ,PARAGOMINAS,,,hid_trecho_massa_dagua_a_bc250k_2015,,,,,,,,,,,,,,,,
52787.0,39378.0,,,,,,,,Natural,Estadual,Corpo Hídrico Estadual,,,,,,,,1.65339933832827,0.137049711617014,13.7049711617014,1.25946993485918,,,,Lago/Lagoa,,Permanente,,PARÁ,OEIRAS DO PARÁ,,,hid_massa_dagua_a_bc250k_2015,,,,,,,,,,,,,,,,
16399.0,49324.0,,,,,,,,Natural,Estadual,Corpo Hídrico Estadual,,,,,,,,2.59263760667214,0.16088786354434,16.088786354434,1.82275913002243,,,,Lago/Lagoa,,Permanente,,PARÁ,IPIXUNA DO PARÁ,,,hid_massa_dagua_a_bc250k_2015,,,,,,,,,,,,,,,,
48139.0,38958.0,,,,,,,,Natural,Federal,Terra da União (Terra Indígena),,,,,,,,2.16813667822771,0.094331926176527,9.43319261765268,1.99070273685381,,,,Lago/Lagoa,,Permanente,,PARÁ,ALTAMIRA,,,hid_massa_dagua_a_bc250k_2015,,,,,,,,,,,,,,,,
14240.0,49378.0,,,,,,,,Natural,Estadual,Corpo Hídrico Estadual,,,,,,,,1.24584190487236,0.069510119788037,6.95101197880372,1.33256384075601,,,,Lago/Lagoa,,Permanente,,PARÁ,IPIXUNA DO PARÁ,,,hid_massa_dagua_a_bc250k_2015,,,,,,,,,,,,,,,,
7152.0,62436.0,,,,,,,,Natural,Federal,Terra da União (Terra Indígena),,,,,,,,3.02451669472148,0.196693582576389,19.6693582576389,1.9231360061115,,,,,,,,PARÁ,JACAREACANGA,,,hid_trecho_massa_dagua_a_bc250k_2015,,,,,,,,,,,,,,,,
43153.0,60425.0,,,,,,,,Natural,Estadual,Corpo Hídrico Estadual,,,,,,,,2.47406435705418,0.167881691134788,16.7881691134788,1.70277957933349,,,,,,,,PARÁ,ORIXIMINÁ,,,hid_trecho_massa_dagua_a_bc250k_2015,,,,,,,,,,,,,,,,
9378.0,60940.0,,,,,,,,Natural,Estadual,Corpo Hídrico Estadual,,,,,,,,2.49209230879172,0.169787196144597,16.9787196144597,1.70553550563618,,,,,,,,PARÁ,MOJU,,,hid_trecho_massa_dagua_a_bc250k_2015,,,,,,,,,,,,,,,,
48094.0,62092.0,,,,,,,,Natural,Estadual,Corpo Hídrico Estadual,,,,,,,,2.10974528712394,0.134366161713796,13.4366161713796,1.62305851734572,,,,,,,,PARÁ,ALMEIRIM,,,hid_trecho_massa_dagua_a_bc250k_2015,,,,,,,,,,,,,,,,
14671.0,61382.0,,,,,,,,Natural,Estadual,Corpo Hídrico Estadual,,,,,,,,2.82254226087074,0.319978701669169,31.9978701669169,1.40711316245162,,,,,,,,PARÁ,CACHOEIRA DO ARARI,,,hid_trecho_massa_dagua_a_bc250k_2015,,,,,,,,,,,,,,,,
39360.0,60539.0,,,,,,,,Natural,Federal,Terra da União (Unidade de Conservação),,,,,,,,1.68138833276493,0.0860989667317,8.60989667316996,1.6159137188254,,,,,,,,PARÁ,ALTAMIRA,,,hid_trecho_massa_dagua_a_bc250k_2015,,,,,,,,,,,,,,,,
42950.0,61277.0,,,,,,,,Natural,Federal,Terra da União (Unidade de Conservação),,,,,,,,1.54863743883451,0.156137002742402,15.6137002742402,1.10521289522679,,,,,,,,PARÁ,CANAÃ DOS CARAJÁS,,,hid_trecho_massa_dagua_a_bc250k_2015,,,,,,,,,,,,,,,,
2086.0,37858.0,,,,,,,,Natural,Estadual,Corpo Hídrico Estadual,,,,,,,,1.47862227769579,0.120436025416798,12.0436025416798,1.20151209286685,,,,Lago/Lagoa,,Permanente,,PARÁ,OEIRAS DO PARÁ,,,hid_massa_dagua_a_bc250k_2015,,,,,,,,,,,,,,,,
11549.0,61974.0,,,,,,,,Artificial,Estadual,Corpo Hídrico Estadual,ESTADO,,,,,,,2.17519517427806,0.191809423949263,19.1809423949263,1.40059434617614,,,,Represa/Açude,,,,PARÁ,REDENÇÃO,,,hid_trecho_massa_dagua_a_bc250k_2015,,,,,,,,,,,,,,,,
18118.0,61626.0,,,,,,,,Natural,Estadual,Corpo Hídrico Estadual,,,,,,,,9.00633920283996,1.92175005713265,192.175005713265,1.83209907995216,,,,,,,,PARÁ,PRAINHA,,,hid_trecho_massa_dagua_a_bc250k_2015,,,,,,,,,,,,,,,,
7587.0,61685.0,,,,,,,,Natural,Estadual,Corpo Hídrico Estadual,,,,,,,,8.7313982036287,0.595400025584251,59.5400025584251,3.19101230510855,,,,Rio,,,Rio Paricá Grande,PARÁ,CURRALINHO,,,hid_trecho_massa_dagua_a_bc250k_2015,,,,,,,,,,,,,,,62184,62184
18259.0,62136.0,,,,,,,,Natural,Estadual,Corpo Hídrico Estadual,,,,,,,,1.92565901270659,0.153155559169749,15.3155559169749,1.38759303844523,,,,,,,,PARÁ,SAPUCAIA,,,hid_trecho_massa_dagua_a_bc250k_2015,,,,,,,,,,,,,,,,
18240.0,62520.0,,,,,,,,Natural,Estadual,Corpo Hídrico Estadual,,,,,,,,5.49111312263615,0.341963762782009,34.1963762782009,2.64800899152383,,,,,,,,PARÁ,LIMOEIRO DO AJURU,,,hid_trecho_massa_dagua_a_bc250k_2015,,,,,,,,,,,,,,,,
25638.0,61729.0,,,,,,,,Natural,Federal,Terra da União (Terra Indígena),,,,,,,,2.66078158072996,0.225232045376873,22.5232045376873,1.58104140443447,,,,,,,,PARÁ,ALTAMIRA,,,hid_trecho_massa_dagua_a_bc250k_2015,,,,,,,,,,,,,,,,
14710.0,38547.0,,,,,,,,Natural,Federal,Corpo Hídrico Federal,,,,,,,,2.50768417555947,0.331660221884043,33.1660221884043,1.2279346492426,,,,Lago/Lagoa,,Permanente,,PARÁ,ÓBIDOS,,,hid_massa_dagua_a_bc250k_2015,,,,,,,,,,,,,,,,
26909.0,58791.0,,,,,,,,Natural,Estadual,Corpo Hídrico Estadual,,,,,,,,3.92851807802587,0.448514251669093,44.8514251669093,1.65420656704169,,,,,,,,PARÁ,PARAGOMINAS,,,hid_trecho_massa_dagua_a_bc250k_2015,,,,,,,,,,,,,,,,
1398.0,39483.0,,,,,,,,Natural,Estadual,Corpo Hídrico Estadual,,,,,,,,1.62151575837536,0.080068449450502,8.0068449450502,1.61599336305885,,,,Lago/Lagoa,,Permanente,,PARÁ,CURUÁ,,,hid_massa_dagua_a_bc250k_2015,,,,,,,,,,,,,,,,
18104.0,61306.0,,,,,,,,Artificial,Estadual,Corpo Hídrico Estadual,ESTADO,,,,,,,4.97471792572704,0.530328757904613,53.0328757904613,1.92639339223668,,,,,,,,PARÁ,ALTAMIRA,,,hid_trecho_massa_dagua_a_bc250k_2015,,,,,,,,,,,,,,,,
51327.0,38925.0,,,,,,,,Natural,Estadual,Corpo Hídrico Estadual,,,,,,,,3.08309836889436,0.154059002049627,15.4059002049627,2.21509802390256,,,,Lago/Lagoa,,Permanente,,PARÁ,BUJARU,,,hid_massa_dagua_a_bc250k_2015,,,,,,,,,,,,,,,,
57126.0,54557.0,,,,,,,,Natural,Estadual,Corpo Hídrico Estadual,,,,,,,,0.840468661419918,0.017822535594661,1.78225355946612,1.77535777924446,,,,,,,,PARÁ,SÃO JOÃO DE PIRABAS,,,hid_trecho_massa_dagua_a_bc250k_2015,,,,,,,,,,,,,,,,
51732.0,49280.0,,,,,,,,Natural,Estadual,Corpo Hídrico Estadual,,,,,,,,2.01225950131641,0.063025967655452,6.30259676554522,2.26033772718752,,,,Lago/Lagoa,,Permanente,,PARÁ,IPIXUNA DO PARÁ,,,hid_massa_dagua_a_bc250k_2015,,,,,,,,,,,,,,,,
1601.0,49386.0,,,,,,,,Natural,Estadual,Corpo Hídrico Estadual,,,,,,,,1.48088325242043,0.06511675195049,6.51167519504897,1.63652847070035,,,,Lago/Lagoa,,Permanente,,PARÁ,PARAGOMINAS,,,hid_massa_dagua_a_bc250k_2015,,,,,,,,,,,,,,,,
32907.0,59012.0,,,,,,,,Natural,Estadual,Corpo Hídrico Estadual,,,,,,,,7.18932229214537,0.599002172529485,59.9002172529485,2.61952690070007,,,,Rio,,,Rio Capim,PARÁ,IPIXUNA DO PARÁ,,,hid_trecho_massa_dagua_a_bc250k_2015,,,,,,,,,,,,,,,612,612
13236.0,36640.0,,,,,,,,Natural,Estadual,Corpo Hídrico Estadual,,,,,,,,1.49400007614198,0.110726654128082,11.0726654128082,1.26611641534227,,,,Lago/Lagoa,,Permanente,,PARÁ,SANTA IZABEL DO PARÁ,,,hid_massa_dagua_a_bc250k_2015,,,,,,,,,,,,,,,,
55497.0,57351.0,,,,,,,,Natural,Federal,Terra da União (Unidade de Conservação),,,,,,,,1.83962716234156,0.104382361797543,10.4382361797543,1.60570352991422,,,,,,,,PARÁ,BRAGANÇA,,,hid_trecho_massa_dagua_a_bc250k_2015,,,,,,,,,,,,,,,,
57845.0,37813.0,,,,,,,,Natural,Federal,Corpo Hídrico Federal,,,,,,,,2.60983238024713,0.23313220389479,23.313220389479,1.52426539060217,,,,Lago/Lagoa,,Permanente,,PARÁ,ITAITUBA,,,hid_massa_dagua_a_bc250k_2015,,,,,,,,,,,,,,,,
44579.0,37963.0,,,,,,,,Natural,Estadual,Corpo Hídrico Estadual,,,,,,,,1.04190702408289,0.074924505760148,7.49245057601476,1.07341122068376,,,,Lago/Lagoa,,Permanente,,PARÁ,IPIXUNA DO PARÁ,,,hid_massa_dagua_a_bc250k_2015,,,,,,,,,,,,,,,,
54724.0,36096.0,,,,,,,,Natural,Estadual,Corpo Hídrico Estadual,,,,,,,,5.66440282131277,0.933838081273024,93.3838081273024,1.6529794280692,,,,Lago/Lagoa,,Permanente,,PARÁ,TERRA SANTA,,,hid_massa_dagua_a_bc250k_2015,,,,,,,,,,,,,,,,
52258.0,38473.0,,,,,,,,Natural,Estadual,Corpo Hídrico Estadual,,,,,,,,2.52811670034241,0.141445797542202,14.1445797542202,1.89561964787295,,,,Lago/Lagoa,,Permanente,,PARÁ,IPIXUNA DO PARÁ,,,hid_massa_dagua_a_bc250k_2015,,,,,,,,,,,,,,,,
229.0,36211.0,,,,,,,,Natural,Federal,Terra da União (Unidade de Conservação),,,,,,,,1.71573420450949,0.081599329976377,8.15993299763774,1.69377540129419,,,,Lago/Lagoa,,Permanente,,PARÁ,ALTAMIRA,,,hid_massa_dagua_a_bc250k_2015,,,,,,,,,,,,,,,,
3850.0,59036.0,,,,,,,,Natural,Estadual,Corpo Hídrico Estadual,,,,,,,,5.31265649857501,0.457550514764786,45.7550514764786,2.21483470873264,,,,,,,,PARÁ,VISEU,,,hid_trecho_massa_dagua_a_bc250k_2015,,,,,,,,,,,,,,,,
37063.0,39519.0,,,,,,,,Natural,Federal,Terra da União (Terra Indígena),,,,,,,,2.46348396062557,0.087709049988197,8.77090499881965,2.34572255516978,,,,Meandro abandonado,,Permanente,,PARÁ,JACAREACANGA,,,hid_massa_dagua_a_bc250k_2015,,,,,,,,,,,,,,,,
44304.0,36752.0,,,,,,,,Natural,Estadual,Corpo Hídrico Estadual,,,,,,,,4.31292648483479,0.25548405298215,25.548405298215,2.40624179113623,,,,Lago/Lagoa,,Permanente,,PARÁ,ÓBIDOS,,,hid_massa_dagua_a_bc250k_2015,,,,,,,,,,,,,,,,
7488.0,49455.0,,,,,,,,Natural,Estadual,Corpo Hídrico Estadual,,,,,,,,1.54272202292306,0.120588134706612,12.0588134706612,1.25280794494391,,,,Lago/Lagoa,,Permanente,,PARÁ,IPIXUNA DO PARÁ,,,hid_massa_dagua_a_bc250k_2015,,,,,,,,,,,,,,,,
20335.0,56352.0,,,,,,,,Natural,Federal,Terra da União (Unidade de Conservação),,,,,,,,4.05150437061367,0.470188214152764,47.0188214152764,1.66620928655343,,,,,,,,PARÁ,VISEU,,,hid_trecho_massa_dagua_a_bc250k_2015,,,,,,,,,,,,,,,,
28763.0,35596.0,,,,,,,,Natural,Federal,Terra da União (Unidade de Conservação),,,,,,,,1.34201146987243,0.073106591347538,7.31065913475381,1.39967455797319,,,,Lago/Lagoa,,Permanente,,PARÁ,BRAGANÇA,,,hid_massa_dagua_a_bc250k_2015,,,,,,,,,,,,,,,,
42484.0,35726.0,,,,,,,,Natural,Estadual,Corpo Hídrico Estadual,,,,,,,,1.19262682390054,0.090384532219596,9.03845322195964,1.11868193256443,,,,Lago/Lagoa,,Permanente,,PARÁ,ÓBIDOS,,,hid_massa_dagua_a_bc250k_2015,,,,,,,,,,,,,,,,
50188.0,39556.0,,,,,,,,Natural,Estadual,Corpo Hídrico Estadual,,,,,,,,3.098333300299,0.276841037827934,27.6841037827934,1.6605884340326,,,,Lago/Lagoa,,Permanente,,PARÁ,CURUÁ,,,hid_massa_dagua_a_bc250k_2015,,,,,,,,,,,,,,,,
11465.0,37667.0,,,,,,,,Natural,Federal,Terra da União (Terra Indígena),,,,,,,,2.22436253412681,0.14549119613376,14.549119613376,1.64450925740705,,,,Lago/Lagoa,,Permanente,,PARÁ,JACAREACANGA,,,hid_massa_dagua_a_bc250k_2015,,,,,,,,,,,,,,,,
10221.0,39636.0,,,,,,,,Natural,Estadual,Corpo Hídrico Estadual,,,,,,,,1.59196935028822,0.116358830583377,11.6358830583377,1.31608559760178,,,,Lago/Lagoa,,Permanente,,PARÁ,PRAINHA,,,hid_massa_dagua_a_bc250k_2015,,,,,,,,,,,,,,,,
38369.0,38016.0,,,,,,,,Natural,Federal,Corpo Hídrico Federal,,,,,,,,5.41133517150061,0.61501186713998,61.501186713998,1.94586091491447,,,,Lago/Lagoa,,Permanente,,PARÁ,SANTARÉM,,,hid_massa_dagua_a_bc250k_2015,,,,,,,,,,,,,,,,
10237.0,57354.0,,,,,,,,Artificial,Estadual,Corpo Hídrico Estadual,ESTADO,,,,,,,2.20905846377663,0.074470892541593,7.4470892541593,2.28277463726742,,,,Represa/Açude,,,,PARÁ,PARAGOMINAS,,,hid_trecho_massa_dagua_a_bc250k_2015,,,,,,,,,,,,,,,,
6541.0,39403.0,,,,,,,,Natural,Estadual,Corpo Hídrico Estadual,,,,,,,,1.08195541074515,0.071216132018012,7.12161320180122,1.14332389568138,,,,Lago/Lagoa,,Permanente,,PARÁ,ALENQUER,,,hid_massa_dagua_a_bc250k_2015,,,,,,,,,,,,,,,,
4074.0,39124.0,,,,,,,,Natural,Federal,Corpo Hídrico Federal,,,,,,,,5.58174480381364,0.322694910469273,32.2694910469273,2.77091387401991,,,,Lago/Lagoa,,Permanente,,PARÁ,ITAITUBA,,,hid_massa_dagua_a_bc250k_2015,,,,,,,,,,,,,,,,
52776.0,36511.0,,,,,,,,Natural,Estadual,Corpo Hídrico Estadual,,,,,,,,3.48668950235487,0.223345298861013,22.3345298861013,2.08052996305728,,,,Lago/Lagoa,,Permanente,,PARÁ,"IPIXUNA DO PARÁ, PARAGOMINAS",,,hid_massa_dagua_a_bc250k_2015,,,,,,,,,,,,,,,,
39140.0,35616.0,,,,,,,,Natural,Federal,Terra da União (Unidade de Conservação),,,,,,,,1.95634359881345,0.096257477764516,9.62574777645155,1.7781852487145,,,,Lago/Lagoa,,Permanente,,PARÁ,BRAGANÇA,,,hid_massa_dagua_a_bc250k_2015,,,,,,,,,,,,,,,,
46377.0,39042.0,,,,,,,,Natural,Federal,Corpo Hídrico Federal,,,,,,,,3.90082634114696,0.69576245322733,69.576245322733,1.31878874098714,,,,Lago/Lagoa,,Permanente,,PARÁ,SANTARÉM,,,hid_massa_dagua_a_bc250k_2015,,,,,,,,,,,,,,,,
10338.0,38342.0,,,,,,,,Natural,Federal,Terra da União (Unidade de Conservação),,,,,,,,5.1020404331412,0.505891050805522,50.5891050805522,2.02285384790652,,,,Lago/Lagoa,,Permanente,,PARÁ,PORTO DE MOZ,,,hid_massa_dagua_a_bc250k_2015,,,,,,,,,,,,,,,,
14553.0,59090.0,,,,,,,,Natural,Federal,Terra da União (Unidade de Conservação),,,,,,,,3.91575815333641,0.180985926980354,18.0985926980354,2.59562869054591,,,,,,,,PARÁ,MARAPANIM,,,hid_trecho_massa_dagua_a_bc250k_2015,,,,,,,,,,,,,,,,
48553.0,39282.0,,,,,,,,Natural,Federal,Corpo Hídrico Federal,,,,,,,,5.41145267286599,0.745567106558482,74.5567106558482,1.76733795045368,,,,Lago/Lagoa,,Permanente,,PARÁ,JURUTI,,,hid_massa_dagua_a_bc250k_2015,,,,,,,,,,,,,,,,
37835.0,58884.0,,,,,,,,Natural,Federal,Terra da União (Unidade de Conservação),,,,,,,,3.39654933101249,0.269503809467073,26.9503809467073,1.84503487966612,,,,,,,,PARÁ,CURUÇÁ,,,hid_trecho_massa_dagua_a_bc250k_2015,,,,,,,,,,,,,,,,
44538.0,39314.0,,,,,,,,Natural,Estadual,Corpo Hídrico Estadual,,,,,,,,2.27296807894202,0.264571675027354,26.4571675027354,1.2461512903225,,,,Lago/Lagoa,,Permanente,,PARÁ,JURUTI,,,hid_massa_dagua_a_bc250k_2015,,,,,,,,,,,,,,,,
50040.0,37908.0,,,,,,,,Natural,Estadual,Corpo Hídrico Estadual,,,,,,,,2.79611483892662,0.268861963595624,26.8861963595624,1.52068558639032,,,,Lago/Lagoa,,Permanente,,PARÁ,PRAINHA,,,hid_massa_dagua_a_bc250k_2015,,,,,,,,,,,,,,,,
6334.0,36556.0,,,,,,,,Natural,Estadual,Corpo Hídrico Estadual,,,,,,,,1.75778882494641,0.186061682140629,18.6061682140629,1.14917808665223,,,,Lago/Lagoa,,Permanente,,PARÁ,FLORESTA DO ARAGUAIA,,,hid_massa_dagua_a_bc250k_2015,,,,,,,,,,,,,,,,
53681.0,35410.0,,,,,,,,Natural,Estadual,Corpo Hídrico Estadual,,,,,,,,1.94457981932933,0.199151669484066,19.9151669484066,1.22880482213344,,,,Lago/Lagoa,,Permanente,,PARÁ,ALMEIRIM,,,hid_massa_dagua_a_bc250k_2015,,,,,,,,,,,,,,,,
22120.0,62496.0,,,,,,,,Natural,Estadual,Corpo Hídrico Estadual,,,,,,,,1.50649010092788,0.145159050245179,14.5159050245179,1.11504740572241,,,,,,,,PARÁ,ALTAMIRA,,,hid_trecho_massa_dagua_a_bc250k_2015,,,,,,,,,,,,,,,,
28021.0,39618.0,,,,,,,,Natural,Estadual,Corpo Hídrico Estadual,,,,,,,,3.36702055936678,0.43140286753815,43.140286753815,1.44561738627375,,,,Lago/Lagoa,,Permanente,,PARÁ,PORTEL,,,hid_massa_dagua_a_bc250k_2015,,,,,,,,,,,,,,,,
27771.0,49332.0,,,,,,,,Natural,Estadual,Corpo Hídrico Estadual,,,,,,,,4.21323162632635,0.154450043829618,15.4450043829618,3.02322469136202,,,,Meandro abandonado,,Permanente,,PARÁ,PARAGOMINAS,,,hid_massa_dagua_a_bc250k_2015,,,,,,,,,,,,,,,,
29034.0,37367.0,,,,,,,,Natural,Estadual,Corpo Hídrico Estadual,,,,,,,,2.39550703934222,0.385605105865192,38.5605105865192,1.08786541937196,,,,Lago/Lagoa,,Permanente,,PARÁ,JURUTI,,,hid_massa_dagua_a_bc250k_2015,,,,,,,,,,,,,,,,
29710.0,38189.0,,,,,,,,Natural,Estadual,Corpo Hídrico Estadual,,,,,,,,1.77049263685437,0.143879281895764,14.3879281895764,1.31626733096365,,,,Lago/Lagoa,,Permanente,,PARÁ,PRAINHA,,,hid_massa_dagua_a_bc250k_2015,,,,,,,,,,,,,,,,
13921.0,39680.0,,,,,,,,Natural,Estadual,Corpo Hídrico Estadual,,,,,,,,4.15073213960944,0.311028754485996,31.1028754485996,2.09881203340441,,,,Lago/Lagoa,,Permanente,,PARÁ,ÓBIDOS,,,hid_massa_dagua_a_bc250k_2015,,,,,,,,,,,,,,,,
17735.0,58948.0,,,,,,,,Natural,Federal,Terra da União (Unidade de Conservação),,,,,,,,6.09159882099627,0.551594589289863,55.1594589289863,2.31297214996235,,,,Rio,,,,PARÁ,AUGUSTO CORRÊA,,,hid_trecho_massa_dagua_a_bc250k_2015,,,,,,,,,,,,,,,,711974
10036.0,38834.0,,,,,,,,Natural,Federal,Terra da União (Terra Indígena),,,,,,,,5.0959643993582,0.302250176052836,30.2250176052835,2.61391952273681,,,,Lago/Lagoa,,Permanente,,PARÁ,ORIXIMINÁ,,,hid_massa_dagua_a_bc250k_2015,,,,,,,,,,,,,,,,
23486.0,36679.0,,,,,,,,Natural,Estadual,Corpo Hídrico Estadual,,,,,,,,1.79910464663663,0.15426665745384,15.426665745384,1.29172331583312,,,,Lago/Lagoa,,Permanente,,PARÁ,ORIXIMINÁ,,,hid_massa_dagua_a_bc250k_2015,,,,,,,,,,,,,,,,
14612.0,59043.0,,,,,,,,Natural,Estadual,Corpo Hídrico Estadual,,,,,,,,12.476919857987,0.676992569863386,67.6992569863386,4.27626433181351,,,,Rio,,,,PARÁ,SALINÓPOLIS,,,hid_trecho_massa_dagua_a_bc250k_2015,,,,,,,,,,,,,,,,711532
12658.0,38112.0,,,,,,,,Natural,Estadual,Corpo Hídrico Estadual,,,,,,,,6.91901588722607,0.683969371461681,68.3969371461681,2.35925622179382,,,,Lago/Lagoa,,Permanente,,PARÁ,PRAINHA,,,hid_massa_dagua_a_bc250k_2015,,,,,,,,,,,,,,,,
38616.0,57314.0,,,,,,,,Natural,Federal,Terra da União (Unidade de Conservação),,,,,,,,20.2720676454758,3.00891360235276,300.891360235276,3.29565920559816,,,,Rio,,,,PARÁ,VISEU,,,hid_trecho_massa_dagua_a_bc250k_2015,,,,,,,,,,,,,,,,71344
241013.0,242929.0,,,,,,,,Natural,Federal,Terra da União (Unidade de Conservação),,,,,,,,17.7752403674831,2.51181640553934,251.181640553934,3.16279209186812,,,,Rio,,,,PARÁ,AUGUSTO CORRÊA,,,hid_trecho_massa_dagua_a_bc250k_2015,,,,,,,,,,,,,,,71194,711932
9568.0,61589.0,,,,,,,,Natural,Estadual,Corpo Hídrico Estadual,,,,,,,,1.24104575051537,0.055303818108523,5.53038181085227,1.48819329121849,,,,,,,,PARÁ,ALTAMIRA,,,hid_trecho_massa_dagua_a_bc250k_2015,,,,,,,,,,,,,,,,
34923.0,57303.0,,,,,,,,Natural,Federal,Terra da União (Unidade de Conservação),,,,,,,,11.1310673091122,0.408061597758002,40.8061597758002,4.91386311695253,,,,,,,,PARÁ,SÃO CAETANO DE ODIVELAS,,,hid_trecho_massa_dagua_a_bc250k_2015,,,,,,,,,,,,,,,,
59236.0,54543.0,,,,,,,,Natural,Federal,Terra da União (Unidade de Conservação),,,,,,,,5.14366662708257,0.658352100268855,65.8352100268855,1.78769246170376,,,,Rio,,,,PARÁ,VISEU,,,hid_trecho_massa_dagua_a_bc250k_2015,,,,,,,,,,,,,,,,7119932
44996.0,37849.0,,,,,,,,Natural,Estadual,Corpo Hídrico Estadual,,,,,,,,1.69736491839197,0.083193641793294,8.31936417932942,1.65950766306213,,,,Lago/Lagoa,,Permanente,,PARÁ,PONTA DE PEDRAS,,,hid_massa_dagua_a_bc250k_2015,,,,,,,,,,,,,,,,
37661.0,38110.0,,,,,,,,Natural,Estadual,Corpo Hídrico Estadual,,,,,,,,2.96524826384348,0.152477182741871,15.2477182741871,2.1414490158944,,,,Lago/Lagoa,,Permanente,,PARÁ,PRAINHA,,,hid_massa_dagua_a_bc250k_2015,,,,,,,,,,,,,,,,
31643.0,36849.0,,,,,,,,Natural,Federal,Corpo Hídrico Federal,,,,,,,,1.99112037779444,0.124786527467974,12.4786527467974,1.58950821096618,,,,Lago/Lagoa,,Permanente,,PARÁ,SÃO FÉLIX DO XINGU,,,hid_massa_dagua_a_bc250k_2015,,,,,,,,,,,,,,,,
35581.0,39432.0,,,,,,,,Natural,Estadual,Corpo Hídrico Estadual,,,,,,,,1.40624630794776,0.101312587040107,10.1312587040107,1.2458874206122,,,,Lago/Lagoa,,Permanente,,PARÁ,NOVO REPARTIMENTO,,,hid_massa_dagua_a_bc250k_2015,,,,,,,,,,,,,,,,
13195.0,39442.0,,,,,,,,Natural,Estadual,Corpo Hídrico Estadual,,,,,,,,3.66199858278395,0.375058057082326,37.5058057082326,1.68623473228397,,,,Lago/Lagoa,,Permanente,,PARÁ,MOJU,,,hid_massa_dagua_a_bc250k_2015,,,,,,,,,,,,,,,,
37705.0,39325.0,,,,,,,,Natural,Estadual,Corpo Hídrico Estadual,,,,,,,,1.47112959347683,0.113258092107692,11.3258092107692,1.23272277416669,,,,Lago/Lagoa,,Permanente,,PARÁ,SÃO FÉLIX DO XINGU,,,hid_massa_dagua_a_bc250k_2015,,,,,,,,,,,,,,,,
45930.0,36206.0,,,,,,,,Natural,Federal,Terra da União (Terra Indígena),,,,,,,,1.29016405024115,0.078071551453887,7.80715514538867,1.3021098965767,,,,Lago/Lagoa,,Permanente,,PARÁ,JACAREACANGA,,,hid_massa_dagua_a_bc250k_2015,,,,,,,,,,,,,,,,
36763.0,37174.0,,,,,,,,Natural,Federal,Terra da União (Terra Indígena),,,,,,,,2.05581063480135,0.124894467079538,12.4894467079538,1.64044100705583,,,,Lago/Lagoa,,Permanente,,PARÁ,ALTAMIRA,,,hid_massa_dagua_a_bc250k_2015,,,,,,,,,,,,,,,,
29580.0,37500.0,,,,,,,,Natural,Estadual,Corpo Hídrico Estadual,,,,,,,,1.82914863338232,0.112382943508207,11.2382943508207,1.53867856514856,,,,Lago/Lagoa,,Permanente,,PARÁ,ÓBIDOS,,,hid_massa_dagua_a_bc250k_2015,,,,,,,,,,,,,,,,
36912.0,53778.0,,,Rio Araticu,,Rio,,Araticu,Natural,Estadual,Corpo Hídrico Estadual,,,,,,,,31.998223373971,18.7002180403472,1870.02180403472,2.08665975011898,,,,Rio,,,Rio Araticú,PARÁ,OEIRAS DO PARÁ,,,hid_trecho_massa_dagua_a_bc250k_2015,,,,,,,,,,,,,,,622,622
29338.0,35926.0,,,,,,,,Natural,Federal,Terra da União (Terra Indígena),,,,,,,,2.09493539311652,0.123122464444651,12.3122464444651,1.68364720014324,,,,Lago/Lagoa,,Permanente,,PARÁ,JACAREACANGA,,,hid_massa_dagua_a_bc250k_2015,,,,,,,,,,,,,,,,
10972.0,63766.0,,,Rio Curuaés,,Rio,,Curuaés,Natural,Estadual,Corpo Hídrico Estadual,,,,,,,,16.3487526766143,1.06446601387229,106.446601387229,4.46856245514122,,,,Rio,,,Rio Curuaés,PARÁ,ALTAMIRA,,,hid_trecho_massa_dagua_a_bc250k_2015,,,,,,,,,,,,,,,42268,42268
957.0,36486.0,,,,,,,,Natural,Estadual,Corpo Hídrico Estadual,,,,,,,,1.11212753098058,0.087780750907348,8.77807509073484,1.05853215339597,,,,Lago/Lagoa,,Permanente,,PARÁ,PRAINHA,,,hid_massa_dagua_a_bc250k_2015,,,,,,,,,,,,,,,,
54715.0,37983.0,,,,,,,,Natural,Estadual,Corpo Hídrico Estadual,,,,,,,,1.48211606366481,0.078042346766525,7.80423467665246,1.49611908327179,,,,Lago/Lagoa,,Permanente,,PARÁ,JURUTI,,,hid_massa_dagua_a_bc250k_2015,,,,,,,,,,,,,,,,
47189.0,38630.0,,,,,,,,Natural,Federal,Corpo Hídrico Federal,,,,,,,,2.09744494757246,0.134462245644146,13.4462245644146,1.61301905863884,,,,Lago/Lagoa,,Permanente,,PARÁ,JACAREACANGA,,,hid_massa_dagua_a_bc250k_2015,,,,,,,,,,,,,,,,
23206.0,38479.0,,,,,,,,Natural,Estadual,Corpo Hídrico Estadual,,,,,,,,1.49065554484311,0.147652393111101,14.7652393111101,1.09397189069003,,,,Lago/Lagoa,,Permanente,,PARÁ,FLORESTA DO ARAGUAIA,,,hid_massa_dagua_a_bc250k_2015,,,,,,,,,,,,,,,,
22531.0,39499.0,,,,,,,,Natural,Federal,Terra da União (Terra Indígena),,,,,,,,2.30225161267066,0.278999742741654,27.8999742741654,1.22913615257756,,,,Lago/Lagoa,,Permanente,,PARÁ,JACAREACANGA,,,hid_massa_dagua_a_bc250k_2015,,,,,,,,,,,,,,,,
52043.0,38443.0,,,,,,,,Natural,Estadual,Corpo Hídrico Estadual,,,,,,,,2.08512807560431,0.151962895663729,15.1962895663729,1.50838798378903,,,,Lago/Lagoa,,Permanente,,PARÁ,ÓBIDOS,,,hid_massa_dagua_a_bc250k_2015,,,,,,,,,,,,,,,,
36588.0,49349.0,,,,,,,,Natural,Estadual,Corpo Hídrico Estadual,,,,,,,,1.67778880383634,0.08390387872916,8.39038787291596,1.63341064391773,,,,Lago/Lagoa,,Permanente,,PARÁ,PARAGOMINAS,,,hid_massa_dagua_a_bc250k_2015,,,,,,,,,,,,,,,,
42130.0,62239.0,,,,,,,,Natural,Estadual,Corpo Hídrico Estadual,,,,,,,,0.914271040158449,0.034030065150418,3.40300651504179,1.39763150429805,,,,,,,,PARÁ,VITÓRIA DO XINGU,,,hid_trecho_massa_dagua_a_bc250k_2015,,,,,,,,,,,,,,,,
241011.0,242928.0,,,,,,,,Natural,Federal,Terra da União (Unidade de Conservação),,,,,,,,10.5183362790122,1.25501976343847,125.501976343847,2.64771281400115,,,,Rio,,,,PARÁ,AUGUSTO CORRÊA,,,hid_trecho_massa_dagua_a_bc250k_2015,,,,,,,,,,,,,,,,711942
55020.0,63812.0,,,,,,,,Natural,Federal,Terra da União (Unidade de Conservação),,,,,,,,21.3134407432005,3.92143956447943,392.143956447943,3.03514826593698,,,,Rio,,,Rio Cajutuba,PARÁ,"CURUÇÁ, MARAPANIM",,,hid_trecho_massa_dagua_a_bc250k_2015,,,,,,,,,,,,,,,711194,71118
52756.0,59133.0,,,,,,,,Natural,Federal,Terra da União (Unidade de Conservação),,,,,,,,7.62866449010024,1.07520565742931,107.520565742931,2.07468349933917,,,,Canal,,,,PARÁ,CURUÇÁ,,,hid_trecho_massa_dagua_a_bc250k_2015,Revisado,,,,,,,,,,,,,,,
60764.0,58676.0,,,,,,,,Natural,Estadual,Corpo Hídrico Estadual,,,,,,,,15.8546360475814,0.913590140100699,91.3590140100699,4.6776711140747,,,,Canal,,,,PARÁ,SÃO JOÃO DE PIRABAS,,,hid_trecho_massa_dagua_a_bc250k_2015,,,,,,,,,,,,,,,,
17617.0,62507.0,,,,,,,,Natural,Estadual,Corpo Hídrico Estadual,,,,,,,,1.48494798035729,0.172124396578299,17.2124396578299,1.0093438309151,,,,,,,,PARÁ,ALMEIRIM,,,hid_trecho_massa_dagua_a_bc250k_2015,,,,,,,,,,,,,,,,
50395.0,38713.0,,,,,,,,Natural,Estadual,Corpo Hídrico Estadual,,,,,,,,1.91266289289107,0.205986190696728,20.5986190696728,1.18841599257383,,,,Lago/Lagoa,,Permanente,,PARÁ,MOJU,,,hid_massa_dagua_a_bc250k_2015,,,,,,,,,,,,,,,,
22066.0,62252.0,,,,,,,,Natural,Estadual,Corpo Hídrico Estadual,,,,,,,,1.89127473813129,0.131007158239045,13.1007158239045,1.4735206176752,,,,,,,,PARÁ,SÃO FÉLIX DO XINGU,,,hid_trecho_massa_dagua_a_bc250k_2015,,,,,,,,,,,,,,,,
11441.0,58324.0,,,,,,,,Artificial,Estadual,Corpo Hídrico Estadual,ESTADO,,,,,,,3.63242927473648,0.527066522279242,52.7066522279242,1.41095628833462,,,,Represa/Açude,,,,PARÁ,ITAITUBA,,,hid_trecho_massa_dagua_a_bc250k_2015,,,,,,,,,,,,,,,,
33855.0,37296.0,,,,,,,,Natural,Estadual,Corpo Hídrico Estadual,,,,,,,,2.43659150353519,0.283557501762023,28.3557501762023,1.2903611030148,,,,Lago/Lagoa,,Permanente,,PARÁ,IPIXUNA DO PARÁ,,,hid_massa_dagua_a_bc250k_2015,,,,,,,,,,,,,,,,
17765.0,38968.0,,,,,,,,Natural,Estadual,Corpo Hídrico Estadual,,,,,,,,1.34205642336096,0.105706867000431,10.5706867000431,1.16404101450462,,,,Lago/Lagoa,,Permanente,,PARÁ,ORIXIMINÁ,,,hid_massa_dagua_a_bc250k_2015,,,,,,,,,,,,,,,,
45132.0,39583.0,,,,,,,,Natural,Estadual,Corpo Hídrico Estadual,,,,,,,,4.47175381831224,0.393817685377221,39.3817685377221,2.00946009963606,,,,Lago/Lagoa,,Permanente,,PARÁ,PRAINHA,,,hid_massa_dagua_a_bc250k_2015,,,,,,,,,,,,,,,,
40163.0,59073.0,,,,,,,,Natural,Estadual,Corpo Hídrico Estadual,,,,,,,,8.87277144506472,0.504421664358335,50.4421664358335,3.52299103107579,,,,Rio,,,,PARÁ,QUATIPURU,,,hid_trecho_massa_dagua_a_bc250k_2015,,,,,,,,,,,,,,,,7115972
29340.0,54736.0,,,,,,,,Natural,Estadual,Corpo Hídrico Estadual,,,,,,,,8.38760413732294,2.62661682884933,262.661682884933,1.45944815659712,,,,Laguna,,,,PARÁ,IPIXUNA DO PARÁ,,,hid_trecho_massa_dagua_a_bc250k_2015,,,,,,,,,,,,,,,,
22397.0,58900.0,,,,,,,,Artificial,Estadual,Corpo Hídrico Estadual,ESTADO,,,,,,,4.17189667683229,0.213749424020007,21.3749424020007,2.54466241753241,,,,Represa/Açude,,,,PARÁ,"AURORA DO PARÁ, IPIXUNA DO PARÁ",,,hid_trecho_massa_dagua_a_bc250k_2015,,,,,,,,,,,,,,,,
51879.0,39265.0,,,,,,,,Natural,Estadual,Corpo Hídrico Estadual,,,,,,,,1.86050715570235,0.211124417462548,21.1124417462548,1.14185569134599,,,,Lago/Lagoa,,Permanente,,PARÁ,MOJU,,,hid_massa_dagua_a_bc250k_2015,,,,,,,,,,,,,,,,
46750.0,36559.0,,,,,,,,Natural,Federal,Corpo Hídrico Federal,,,,,,,,1.56651283817116,0.142852738582784,14.2852738582784,1.16879617458567,,,,Lago/Lagoa,,Permanente,,PARÁ,BAIÃO,,,hid_massa_dagua_a_bc250k_2015,,,,,,,,,,,,,,,,
29196.0,38417.0,,,,,,,,Natural,Estadual,Corpo Hídrico Estadual,,,,,,,,2.87528041747017,0.216852526436988,21.6852526436988,1.7411936382562,,,,Lago/Lagoa,,Permanente,,PARÁ,BAGRE,,,hid_massa_dagua_a_bc250k_2015,,,,,,,,,,,,,,,,
22689.0,39106.0,,,,,,,,Natural,Federal,Terra da União (Terra Indígena),,,,,,,,1.71162065142335,0.118986606422672,11.8986606422672,1.39928953756816,,,,Lago/Lagoa,,Permanente,,PARÁ,ALTAMIRA,,,hid_massa_dagua_a_bc250k_2015,,,,,,,,,,,,,,,,
28361.0,59025.0,,,,,,,,Natural,Federal,Terra da União (Unidade de Conservação),,,,,,,,11.1728216032411,2.30563930899072,230.563930899072,2.0749913414617,,,,Rio,,,,PARÁ,TRACUATEUA,,,hid_trecho_massa_dagua_a_bc250k_2015,,,,,,,,,,,,,,,,711738
34336.0,49373.0,,,,,,,,Natural,Estadual,Corpo Hídrico Estadual,,,,,,,,1.604877353555,0.133913309235827,13.3913309235827,1.23674193203593,,,,Meandro abandonado,,Permanente,,PARÁ,PARAGOMINAS,,,hid_massa_dagua_a_bc250k_2015,,,,,,,,,,,,,,,,
47552.0,37192.0,,,,,,,,Natural,Federal,Terra da União (Terra Indígena),,,,,,,,4.69702922842932,0.172389498653923,17.2389498653923,3.19019307298599,,,,Meandro abandonado,,Permanente,,PARÁ,JACAREACANGA,,,hid_massa_dagua_a_bc250k_2015,,,,,,,,,,,,,,,,
46260.0,60824.0,,,,,,,,Natural,Federal,Terra da União (Unidade de Conservação),,,,,,,,0.623009187725362,0.029985247709671,2.99852477096713,1.01458804168332,,,,,,,,PARÁ,CANAÃ DOS CARAJÁS,,,hid_trecho_massa_dagua_a_bc250k_2015,,,,,,,,,,,,,,,,
7832.0,38708.0,,,,,,,,Natural,Estadual,Corpo Hídrico Estadual,,,,,,,,2.88168383733001,0.161836451412596,16.1836451412596,2.02002742374568,,,,Lago/Lagoa,,Permanente,,PARÁ,IPIXUNA DO PARÁ,,,hid_massa_dagua_a_bc250k_2015,,,,,,,,,,,,,,,,
36735.0,49456.0,,,,,,,,Natural,Federal,Terra da União (Terra Indígena),,,,,,,,3.2323077780253,0.183498873918201,18.3498873918201,2.12787010881609,,,,Meandro abandonado,,Permanente,,PARÁ,IPIXUNA DO PARÁ,,,hid_massa_dagua_a_bc250k_2015,,,,,,,,,,,,,,,,
22841.0,49434.0,,,,,,,,Natural,Estadual,Corpo Hídrico Estadual,,,,,,,,2.65133356023729,0.193598153374078,19.3598153374078,1.69927188593874,,,,Lago/Lagoa,,Permanente,,PARÁ,IPIXUNA DO PARÁ,,,hid_massa_dagua_a_bc250k_2015,,,,,,,,,,,,,,,,
32730.0,35445.0,,,,,,,,Natural,Estadual,Corpo Hídrico Estadual,,,,,,,,2.03505670043254,0.143932712976846,14.3932712976846,1.51267582618745,,,,Lago/Lagoa,,Permanente,,PARÁ,PRAINHA,,,hid_massa_dagua_a_bc250k_2015,,,,,,,,,,,,,,,,
18939.0,58773.0,,,,,,,,Artificial,Estadual,Corpo Hídrico Estadual,ESTADO,,,,,,,2.60494344347367,0.089241806694822,8.92418066948225,2.45902661899233,,,,Represa/Açude,,,,PARÁ,ULIANÓPOLIS,,,hid_trecho_massa_dagua_a_bc250k_2015,,,,,,,,,,,,,,,,
32080.0,59168.0,,,,,,,,Natural,Estadual,Corpo Hídrico Estadual,,,,,,,,2.14562819430719,0.077575532019021,7.75755320190209,2.17240700390084,,,,,,,,PARÁ,IPIXUNA DO PARÁ,,,hid_trecho_massa_dagua_a_bc250k_2015,,,,,,,,,,,,,,,,
45758.0,38187.0,,,,,,,,Natural,Estadual,Corpo Hídrico Estadual,,,,,,,,3.25769286345253,0.267145907097863,26.7145907097863,1.77739920821233,,,,Lago/Lagoa,,Permanente,,PARÁ,CURUÁ,,,hid_massa_dagua_a_bc250k_2015,,,,,,,,,,,,,,,,
15354.0,35506.0,,,,,,,,Natural,Estadual,Corpo Hídrico Estadual,,,,,,,,1.98889660198807,0.246160245130245,24.6160245130245,1.13045259787812,,,,Lago/Lagoa,,Permanente,,PARÁ,ÓBIDOS,,,hid_massa_dagua_a_bc250k_2015,,,,,,,,,,,,,,,,
46888.0,36048.0,,,,,,,,Natural,Federal,Terra da União (Unidade de Conservação),,,,,,,,2.55136925542601,0.081997833632669,8.19978336326687,2.51258774338525,,,,Meandro abandonado,,Permanente,,PARÁ,ITAITUBA,,,hid_massa_dagua_a_bc250k_2015,,,,,,,,,,,,,,,,
50480.0,38884.0,,,,,,,,Natural,Estadual,Corpo Hídrico Estadual,,,,,,,,1.99373155995966,0.149898057839268,14.9898057839268,1.45217109823117,,,,Lago/Lagoa,,Permanente,,PARÁ,ÓBIDOS,,,hid_massa_dagua_a_bc250k_2015,,,,,,,,,,,,,,,,
44308.0,37843.0,,,,,,,,Natural,Estadual,Corpo Hídrico Estadual,,,,,,,,3.27623534651426,0.162546746426239,16.2546746426239,2.29158019044702,,,,Lago/Lagoa,,Permanente,,PARÁ,ITAITUBA,,,hid_massa_dagua_a_bc250k_2015,,,,,,,,,,,,,,,,
9472.0,59117.0,,,,,,,,Natural,Federal,Terra da União (Unidade de Conservação),,,,,,,,7.13483222488718,0.898260259211939,89.8260259211939,2.12291096614739,,,,Rio,,,,PARÁ,AUGUSTO CORRÊA,,,hid_trecho_massa_dagua_a_bc250k_2015,,,,,,,,,,,,,,,711992,711972
18665.0,38849.0,,,,,,,,Natural,Estadual,Corpo Hídrico Estadual,,,,,,,,2.85973593719297,0.218780332040677,21.8780332040677,1.72413354954071,,,,Lago/Lagoa,,Permanente,,PARÁ,ORIXIMINÁ,,,hid_massa_dagua_a_bc250k_2015,,,,,,,,,,,,,,,,
34548.0,39504.0,,,,,,,,Natural,Federal,Terra da União (Terra Indígena),,,,,,,,1.87482173581813,0.213725624178914,21.3725624178914,1.1436174965972,,,,Lago/Lagoa,,Permanente,,PARÁ,ALTAMIRA,,,hid_massa_dagua_a_bc250k_2015,,,,,,,,,,,,,,,,
4718.0,37877.0,,,,,,,,Natural,Federal,Terra da União (Unidade de Conservação),,,,,,,,1.79613301019204,0.165604563624937,16.5604563624937,1.24466206316827,,,,Lago/Lagoa,,Permanente,,PARÁ,ALTAMIRA,,,hid_massa_dagua_a_bc250k_2015,,,,,,,,,,,,,,,,
56241.0,58955.0,,,,,,,,Natural,Estadual,Corpo Hídrico Estadual,,,,,,,,3.68618001797466,0.117692972379635,11.7692972379635,3.03005410413738,,,,,,,,PARÁ,SÃO JOÃO DE PIRABAS,,,hid_trecho_massa_dagua_a_bc250k_2015,,,,,,,,,,,,,,,,
46877.0,62320.0,,,,,,,,Natural,Federal,Terra da União (Terra Indígena),,,,,,,,1.30283256205253,0.069382956515287,6.93829565152873,1.39479798679661,,,,,,,,PARÁ,CUMARU DO NORTE,,,hid_trecho_massa_dagua_a_bc250k_2015,,,,,,,,,,,,,,,,
40466.0,38585.0,,,,,,,,Natural,Estadual,Corpo Hídrico Estadual,,,,,,,,1.51053621413424,0.10518369354029,10.518369354029,1.3134273074479,,,,Lago/Lagoa,,Permanente,,PARÁ,PRAINHA,,,hid_massa_dagua_a_bc250k_2015,,,,,,,,,,,,,,,,
46568.0,37684.0,,,,,,,,Natural,Estadual,Corpo Hídrico Estadual,,,,,,,,1.38583094876286,0.073303678862786,7.33036788627863,1.4434324972922,,,,Lago/Lagoa,,Permanente,,PARÁ,ÓBIDOS,,,hid_massa_dagua_a_bc250k_2015,,,,,,,,,,,,,,,,
45244.0,37967.0,,,,,,,,Natural,Estadual,Corpo Hídrico Estadual,,,,,,,,1.76148808508555,0.193472394120317,19.3472394120317,1.12932596999684,,,,Lago/Lagoa,,Permanente,,PARÁ,OEIRAS DO PARÁ,,,hid_massa_dagua_a_bc250k_2015,,,,,,,,,,,,,,,,
50557.0,39060.0,,,,,,,,Natural,Estadual,Corpo Hídrico Estadual,,,,,,,,1.67939384437638,0.137888404611968,13.7888404611968,1.27537468362143,,,,Lago/Lagoa,,Permanente,,PARÁ,ORIXIMINÁ,,,hid_massa_dagua_a_bc250k_2015,,,,,,,,,,,,,,,,
4377.0,38359.0,,,,,,,,Natural,Federal,Terra da União (Unidade de Conservação),,,,,,,,1.18468629590088,0.076062648820413,7.6062648820413,1.21134192999501,,,,Lago/Lagoa,,Permanente,,PARÁ,PARAUAPEBAS,,,hid_massa_dagua_a_bc250k_2015,,,,,,,,,,,,,,,,
23632.0,35773.0,,,,,,,,Natural,Estadual,Corpo Hídrico Estadual,,,,,,,,1.88280483126958,0.130405145584453,13.0405145584453,1.4703036934437,,,,Lago/Lagoa,,Permanente,,PARÁ,ALENQUER,,,hid_massa_dagua_a_bc250k_2015,,,,,,,,,,,,,,,,
39740.0,54725.0,,,,,,,,Artificial,Estadual,Corpo Hídrico Estadual,ESTADO,,,,,,,2.63126809707003,0.438268794241393,43.8268794241393,1.12084080656253,,,,Represa/Açude,,,,PARÁ,PARAGOMINAS,,,hid_trecho_massa_dagua_a_bc250k_2015,,,,,,,,,,,,,,,,
28664.0,38240.0,,,,,,,,Natural,Federal,Terra da União (Unidade de Conservação),,,,,,,,1.55257819424661,0.109218217638892,10.9218217638892,1.32481442479776,,,,Lago/Lagoa,,Permanente,,PARÁ,ORIXIMINÁ,,,hid_massa_dagua_a_bc250k_2015,,,,,,,,,,,,,,,,
57731.0,54748.0,,,,,,,,Natural,Estadual,Corpo Hídrico Estadual,,,,,,,,1.37914897681984,0.053462631879866,5.34626318798661,1.68203536477908,,,,,,,,PARÁ,SÃO JOÃO DE PIRABAS,,,hid_trecho_massa_dagua_a_bc250k_2015,,,,,,,,,,,,,,,,
50382.0,38665.0,,,,,,,,Natural,Estadual,Corpo Hídrico Estadual,,,,,,,,1.61899198872674,0.167355240829812,16.7355240829812,1.11602558125896,,,,Lago/Lagoa,,Permanente,,PARÁ,MOCAJUBA,,,hid_massa_dagua_a_bc250k_2015,,,,,,,,,,,,,,,,
19873.0,54778.0,,,,,,,,Natural,Estadual,Corpo Hídrico Estadual,,,,,,,,0.727346535890882,0.018831253534025,1.88312535340251,1.49468910134069,,,,,,,,PARÁ,SÃO JOÃO DE PIRABAS,,,hid_trecho_massa_dagua_a_bc250k_2015,,,,,,,,,,,,,,,,
31402.0,39682.0,,,Lagoa do Berto,,Lagoa,do,Berto,Natural,Estadual,Corpo Hídrico Estadual,,,,,,,,1.12218593429964,0.068338196416805,6.8338196416805,1.21054844125725,,,,Lago/Lagoa,,Permanente,,PARÁ,TERRA SANTA,,,hid_massa_dagua_a_bc250k_2015,,,,,,,,,,,,,,,,
20405.0,38387.0,,,Lagoa do Cajuaçu,,Lagoa,do,Cajuaçu,Natural,Estadual,Corpo Hídrico Estadual,,,,,,,,3.85387653476372,0.302478399011888,30.2478399011888,1.9760581597596,,,,Lago/Lagoa,,Permanente,,PARÁ,ÓBIDOS,,,hid_massa_dagua_a_bc250k_2015,,,,,,,,,,,,,,,,
935.0,53692.0,,,Igarapé da Bala,,Igarapé,da,Bala,Natural,Federal,Terra da União (Unidade de Conservação),,,,,,,,51.4357193329822,2.90376456334028,290.376456334028,8.51203157022329,,,,Rio,,,Igarapé da Bala,PARÁ,ALTAMIRA,,,hid_trecho_massa_dagua_a_bc250k_2015,,,,,,,,,,,,,,,42268,42272
18515.0,56883.0,,,Furo do Mucuim,,Furo,do,Mucuim,Natural,Federal,Terra da União (Unidade de Conservação),,,,,,,,17.1359765451395,1.44861961997824,144.861961997824,4.01495596019662,,,,Rio,,,Furo do Mucuim,PARÁ,ALTAMIRA,,,hid_trecho_massa_dagua_a_bc250k_2015,,,,,,,,,,,,,,,42,42
28726.0,39614.0,,,Lagoa do Portinho do Baixo,,Lagoa,do,Portinho do Baixo,Natural,Federal,Terra da União (Unidade de Conservação),,,,,,,,1.16128072451461,0.068271407440286,6.8271407440286,1.25333422087261,,,,Lago/Lagoa,,Permanente,,PARÁ,ALTAMIRA,,,hid_massa_dagua_a_bc250k_2015,,,,,,,,,,,,,,,,
31563.0,61500.0,,,Rio dos Carás,,Rio,dos,Carás,Natural,Federal,Corpo Hídrico Federal,,,,,,,,4.67032604390201,0.503571541738797,50.3571541738797,1.85594763842747,,,,Rio,,,Rio dos Carás,PARÁ,CHAVES,,,hid_trecho_massa_dagua_a_bc250k_2015,,,,,,,,,,,,,,,,14
12660.0,60880.0,,,Lagoa da Barreira,,Lagoa,da,Barreira,Natural,Estadual,Corpo Hídrico Estadual,,,,,,,,3.45759022400154,0.249326264482078,24.9326264482078,1.95271388688351,,,,,,,,PARÁ,SÃO FÉLIX DO XINGU,,,hid_trecho_massa_dagua_a_bc250k_2015,,,,,,,,,,,,,,,,
18130.0,61752.0,,,Lagoa da Pepita,,Lagoa,da,Pepita,Natural,Federal,Terra da União (Terra Indígena),,,,,,,,6.01026292266258,0.382403249917454,38.2403249917454,2.74082806056679,,,,,,,,PARÁ,SÃO FÉLIX DO XINGU,,,hid_trecho_massa_dagua_a_bc250k_2015,,,,,,,,,,,,,,,,
34465.0,60455.0,,,Furo da Fava,,Furo,da,Fava,Natural,Federal,Terra da União (Unidade de Conservação),,,,,,,,8.70853159042296,0.977445116745497,97.7445116745497,2.48397859604107,,,,Rio,,,Furo da Fava,PARÁ,ALTAMIRA,,,hid_trecho_massa_dagua_a_bc250k_2015,,,,,,,,,,,,,,,422,422
10228.0,60449.0,,,Lagoa das Carobas,,Lagoa,das,Carobas,Natural,Estadual,Corpo Hídrico Estadual,,,,,,,,1.74517088389352,0.15516610423012,15.516610423012,1.24936299619812,,,,,,,,PARÁ,CACHOEIRA DO ARARI,,,hid_trecho_massa_dagua_a_bc250k_2015,,,,,,,,,,,,,,,,
30835.0,38072.0,,,Lagoa da Ilha Veneza,,Lagoa,da,Ilha Veneza,Natural,Federal,Terra da União (Unidade de Conservação),,,,,,,,2.6883946123321,0.131891534478469,13.1891534478469,2.08753451213392,,,,Lago/Lagoa,,Permanente,,PARÁ,ALTAMIRA,,,hid_massa_dagua_a_bc250k_2015,,,,,,,,,,,,,,,,
38887.0,39702.0,6463.0,,Barragem do Mirante I e II,,Barragem,do,Mirante I e II,Artificial,Estadual,Corpo Hídrico Estadual,ANM,Cadam S.A.,ANM,,,,,5.67139820060165,0.463996977886621,46.3996977886622,2.34791123209165,Contenção de rejeitos de mineração,ANM,,Lago/Lagoa,,Permanente,,PARÁ,ALMEIRIM,,,hid_massa_dagua_a_bc250k_2015,,,,,,,,,,,,,,,,
60145.0,59069.0,,,Rio Uraim,,Rio,,Uraim,Natural,Estadual,Corpo Hídrico Estadual,,,,,,,,6.04260809629756,0.290144773481232,29.0144773481232,3.16348777611632,,,,,,,,PARÁ,PARAGOMINAS,,,hid_trecho_massa_dagua_a_bc250k_2015,,,,,,,,,,,,,,,,
8017.0,61902.0,,,Rio Mupi,,Rio,,Mupi,Natural,Estadual,Corpo Hídrico Estadual,,,,,,,,3.5731186256834,0.314938643992554,31.4938643992554,1.79549238062809,,,,,,,,PARÁ,CAMETÁ,,,hid_trecho_massa_dagua_a_bc250k_2015,,,,,,,,,,,,,,,,
29372.0,38728.0,,,Lagoa São Luís,,Lagoa,,São Luís,Natural,Federal,Terra da União (Unidade de Conservação),,,,,,,,6.60390843536679,0.264083509363664,26.4083509363664,3.62392757858052,,,,Lago/Lagoa,,Permanente,,PARÁ,ALTAMIRA,,,hid_massa_dagua_a_bc250k_2015,,,,,,,,,,,,,,,,
19420.0,62367.0,,,Rio Tauerá,,Rio,,Tauerá,Natural,Estadual,Corpo Hídrico Estadual,,,,,,,,11.6612435909491,2.02979879572574,202.979879572574,2.30816834388791,,,,Rio,,,Rio Tauerá,PARÁ,BARCARENA,,,hid_trecho_massa_dagua_a_bc250k_2015,,,,,,,,,,,,,,,614,614
241047.0,242961.0,,,Rio Guajará,,Rio,,Guajará,Natural,Estadual,Corpo Hídrico Estadual,,,,,,,,3.24822816395264,0.204874687356005,20.4874687356005,2.02372494060948,,,,Rio,,,Rio Iapucu,PARÁ,MUANÁ,,,hid_trecho_massa_dagua_a_bc250k_2015,,,,,,,,,,,,,,,621462,621462
56259.0,61284.0,,,Igarapé Paraquara,,Igarapé,,Paraquara,Natural,Estadual,Corpo Hídrico Estadual,,,,,,,,4.20274434464992,0.307846945594392,30.7846945594392,2.13606594544913,,,,,,,,PARÁ,"BREVES, CURRALINHO",,,hid_trecho_massa_dagua_a_bc250k_2015,,,,,,,,,,,,,,,,
6074.0,59123.0,,,Rio Curuçá,,Rio,,Curuçá,Natural,Federal,Terra da União (Unidade de Conservação),,,,,,,,27.019837974176,4.56837619659148,456.837619659148,3.56492927902506,,,,Rio,,,Rio Curuçá,PARÁ,CURUÇÁ,,,hid_trecho_massa_dagua_a_bc250k_2015,,,,,,,,,,,,,,,71118,71116
3358.0,57827.0,,,Rio Capim,,Rio,,Capim,Natural,Federal,Corpo Hídrico Federal,,,,,,,,1.07381864070339,0.068463492727446,6.8463492727446,1.15731217351868,,,,,,,,PARÁ,"IPIXUNA DO PARÁ, PARAGOMINAS",,,hid_trecho_massa_dagua_a_bc250k_2015,alterado para Federal,,,,,,,,,,,,,,,
8878.0,61783.0,,,Rio Maguari,,Rio,,Maguari,Natural,Estadual,Corpo Hídrico Estadual,,,,,,,,1.70872109668488,0.084185919597679,8.41859195976787,1.66073584568201,,,,,,,,PARÁ,ANANINDEUA,,,hid_trecho_massa_dagua_a_bc250k_2015,,,,,,,,,,,,,,,,
42320.0,61441.0,,,Furo Paruru,,Furo,,Paruru,Natural,Estadual,Corpo Hídrico Estadual,,,,,,,,1.34857371294631,0.072489617206523,7.24896172065232,1.41249166924233,,,,,,,,PARÁ,ABAETETUBA,,,hid_trecho_massa_dagua_a_bc250k_2015,,,,,,,,,,,,,,,,
1068.0,60371.0,,,Lagoa Paru,,Lagoa,,Paru,Natural,Estadual,Corpo Hídrico Estadual,,,,,,,,9.08522895789553,1.09699250838894,109.699250838894,2.44615038941554,,,,,,,,PARÁ,ORIXIMINÁ,,,hid_trecho_massa_dagua_a_bc250k_2015,,,,,,,,,,,,,,,,
18348.0,62255.0,,,Rio Pruanã,,Rio,,Pruanã,Natural,Estadual,Corpo Hídrico Estadual,,,,,,,,6.16143907771449,0.397982500847516,39.7982500847516,2.75422412857935,,,,,,,,PARÁ,OEIRAS DO PARÁ,,,hid_trecho_massa_dagua_a_bc250k_2015,,,,,,,,,,,,,,,,
31871.0,62529.0,,,Igarapé Arari,,Igarapé,,Arari,Natural,Estadual,Corpo Hídrico Estadual,,,,,,,,2.79535363053947,0.206086087968648,20.6086087968648,1.7364469807354,,,,,,,,PARÁ,MELGAÇO,,,hid_trecho_massa_dagua_a_bc250k_2015,,,,,,,,,,,,,,,,
9290.0,62189.0,,,Furo Fronteira,,Furo,,Fronteira,Natural,Estadual,Corpo Hídrico Estadual,,,,,,,,9.2199996633704,1.26436227460591,126.436227460591,2.3123003715349,,,,Rio,,,Rio Pracuúba,PARÁ,MUANÁ,,,hid_trecho_massa_dagua_a_bc250k_2015,,,,,,,,,,,,,,,6214,6214
9345.0,56350.0,,,Rio Piriá,,Rio,,Piriá,Natural,Estadual,Corpo Hídrico Estadual,,,,,,,,40.2247211699094,2.79967381304984,279.967381304984,6.77935588699664,,,,Rio,,,Rio Piriá,PARÁ,VISEU,,,hid_trecho_massa_dagua_a_bc250k_2015,,,,,,,,,,,,,,,712,712
41699.0,62075.0,,,Rio Machacali,,Rio,,Machacali,Natural,Estadual,Corpo Hídrico Estadual,,,,,,,,6.49338261689677,0.562954883969425,56.2954883969425,2.44052525820499,,,,Rio,,,Rio Machacali,PARÁ,MELGAÇO,,,hid_trecho_massa_dagua_a_bc250k_2015,,,,,,,,,,,,,,,62,62
12782.0,62276.0,,,Lagoa Paru,,Lagoa,,Paru,Natural,Estadual,Corpo Hídrico Estadual,,,,,,,,3.07670636088521,0.319435342737834,31.9435342737834,1.53512475493734,,,,,,,,PARÁ,ÓBIDOS,,,hid_trecho_massa_dagua_a_bc250k_2015,,,,,,,,,,,,,,,,
12790.0,62504.0,,,Rio Joana Peres,,Rio,,Joana Peres,Natural,Federal,Terra da União (Unidade de Conservação),,,,,,,,1.05469302297204,0.077524755719052,7.75247557190522,1.06820591424608,,,,,,,,PARÁ,BAIÃO,,,hid_trecho_massa_dagua_a_bc250k_2015,,,,,,,,,,,,,,,,
19348.0,62263.0,,,Lagoa Água-Branca,,Lagoa,,Água-Branca,Natural,Estadual,Corpo Hídrico Estadual,,,,,,,,2.0871466458375,0.197814038688264,19.7814038688264,1.32334633112721,,,,,,,,PARÁ,ORIXIMINÁ,,,hid_trecho_massa_dagua_a_bc250k_2015,,,,,,,,,,,,,,,,
33720.0,62119.0,,,Igarapé Santa Cruz,,Igarapé,,Santa Cruz,Natural,Estadual,Corpo Hídrico Estadual,,,,,,,,3.74992250857309,0.305159204795858,30.5159204795858,1.91429191132544,,,,,,,,PARÁ,"BREVES, CURRALINHO",,,hid_trecho_massa_dagua_a_bc250k_2015,,,,,,,,,,,,,,,,
9331.0,61375.0,,,Furo Pucu,,Furo,,Pucu,Natural,Estadual,Corpo Hídrico Estadual,,,,,,,,7.58170429404565,1.32952211454637,132.952211454637,1.85424948629632,,,,Rio,,,Rio Pará,PARÁ,LIMOEIRO DO AJURU,,,hid_trecho_massa_dagua_a_bc250k_2015,,,,,,,,,,,,,,,62,62
19282.0,59165.0,,,Rio Mocajuba,,Rio,,Mocajuba,Natural,Federal,Terra da União (Unidade de Conservação),,,,,,,,58.127645871085,13.4967156081236,1349.67156081236,4.46187906091812,,,,Rio,,,Rio Mocajuba,PARÁ,"CURUÇÁ, SÃO CAETANO DE ODIVELAS, SÃO JOÃO DA PONTA",,,hid_trecho_massa_dagua_a_bc250k_2015,,,,,,,,,,,,,,,71116,71114
19573.0,62475.0,,,Furo Água Preta,,Furo,,Água Preta,Natural,Estadual,Corpo Hídrico Estadual,,,,,,,,2.18826884543846,0.146400292503964,14.6400292503964,1.61279368186638,,,,,,,,PARÁ,BAGRE,,,hid_trecho_massa_dagua_a_bc250k_2015,,,,,,,,,,,,,,,,
18319.0,62125.0,,,Igarapé Umiri,,Igarapé,,Umiri,Natural,Federal,Terra da União (Unidade de Conservação),,,,,,,,3.9691703903591,0.234016513307335,23.4016513307335,2.31379884017291,,,,,,,,PARÁ,CURRALINHO,,,hid_trecho_massa_dagua_a_bc250k_2015,,,,,,,,,,,,,,,,
7989.0,60418.0,,,Rio Capim,,Rio,,Capim,Natural,Federal,Corpo Hídrico Federal,,,,,,,,2.0978088037406,0.149963989068623,14.9963989068623,1.52764175303944,,,,,,,,PARÁ,"IPIXUNA DO PARÁ, PARAGOMINAS",,,hid_trecho_massa_dagua_a_bc250k_2015,,,,,,,,,,,,,,,,
18483.0,62454.0,,,Rio Arapiranga de Beja,,Rio,,Arapiranga de Beja,Natural,Estadual,Corpo Hídrico Estadual,,,,,,,,2.17070741584163,0.146582526171543,14.6582526171543,1.59885580211125,,,,,,,,PARÁ,ABAETETUBA,,,hid_trecho_massa_dagua_a_bc250k_2015,,,,,,,,,,,,,,,,
31160.0,61748.0,,,Igarapé Piriá-Mirim,,Igarapé,,Piriá-Mirim,Natural,Estadual,Corpo Hídrico Estadual,,,,,,,,2.57994102505136,0.169353421773796,16.9353421773796,1.7679171096139,,,,,,,,PARÁ,CURRALINHO,,,hid_trecho_massa_dagua_a_bc250k_2015,,,,,,,,,,,,,,,,
18757.0,61663.0,,,Rio Ipitinga,,Rio,,Ipitinga,Natural,Estadual,Corpo Hídrico Estadual,,,,,,,,4.46597106805882,0.383258521391316,38.3258521391316,2.03431922661348,,,,,,,,PARÁ,ALMEIRIM,,,hid_trecho_massa_dagua_a_bc250k_2015,,,,,,,,,,,,,,,,
702.0,57177.0,,,Rio Guajará,,Rio,,Guajará,Natural,Estadual,Corpo Hídrico Estadual,,,,,,,,7.7078200967996,1.06954588183809,106.954588183809,2.10174957324989,,,,Rio,,,Rio Guajará,PARÁ,"MUANÁ, SÃO SEBASTIÃO DA BOA VISTA",,,hid_trecho_massa_dagua_a_bc250k_2015,,,,,,,,,,,,,,,62146,62146
8932.0,60464.0,,,Rio Aruanâ,,Rio,,Aruanâ,Natural,Estadual,Corpo Hídrico Estadual,,,,,,,,3.9922029145129,0.3089915318658,30.8991531865801,2.02529563625457,,,,,,,,PARÁ,PORTEL,,,hid_trecho_massa_dagua_a_bc250k_2015,,,,,,,,,,,,,,,,
18361.0,61568.0,,,Rio Turuçu,,Rio,,Turuçu,Natural,Estadual,Corpo Hídrico Estadual,,,,,,,,3.81642710790533,0.388444954667029,38.8444954667029,1.72679720802948,,,,,,,,PARÁ,LIMOEIRO DO AJURU,,,hid_trecho_massa_dagua_a_bc250k_2015,,,,,,,,,,,,,,,,
37055.0,37814.0,,,,,,,,Natural,Estadual,Corpo Hídrico Estadual,,,,,,,,1.40599563257677,0.10861785751367,10.861785751367,1.20304663839652,,,,Lago/Lagoa,,Permanente,,PARÁ,MONTE ALEGRE,,,hid_massa_dagua_a_bc250k_2015,,,,,,,,,,,,,,,,
43719.0,36213.0,,,,,,,,Natural,Estadual,Corpo Hídrico Estadual,,,,,,,,2.70739068183481,0.248440773076684,24.8440773076684,1.53175251535397,,,,Lago/Lagoa,,Permanente,,PARÁ,JURUTI,,,hid_massa_dagua_a_bc250k_2015,,,,,,,,,,,,,,,,
40774.0,38018.0,,,,,,,,Natural,Federal,Corpo Hídrico Federal,,,,,,,,6.10101045974688,0.830726409981721,83.0726409981721,1.88765172431959,,,,Lago/Lagoa,,Permanente,,PARÁ,SANTARÉM,,,hid_massa_dagua_a_bc250k_2015,,,,,,,,,,,,,,,,
1770.0,35740.0,,,,,,,,Natural,Federal,Corpo Hídrico Federal,,,,,,,,1.94695945266478,0.065571718943375,6.55717189433748,2.14411330096759,,,,Lago/Lagoa,,Permanente,,PARÁ,ITAITUBA,,,hid_massa_dagua_a_bc250k_2015,,,,,,,,,,,,,,,,
37051.0,37811.0,,,,,,,,Natural,Estadual,Corpo Hídrico Estadual,,,,,,,,2.59965623181599,0.336792130153482,33.6792130153482,1.2632347478982,,,,Lago/Lagoa,,Permanente,,PARÁ,MOJU,,,hid_massa_dagua_a_bc250k_2015,,,,,,,,,,,,,,,,
4917.0,39650.0,,,,,,,,Natural,Estadual,Corpo Hídrico Estadual,,,,,,,,2.26412928699548,0.189206553725835,18.9206553725835,1.46785191261776,,,,Lago/Lagoa,,Permanente,,PARÁ,ORIXIMINÁ,,,hid_massa_dagua_a_bc250k_2015,,,,,,,,,,,,,,,,
39061.0,58998.0,,,,,,,,Natural,Federal,Terra da União (Unidade de Conservação),,,,,,,,23.7096490821808,9.85924376603334,985.924376603334,2.12937637944871,,,,Rio,,,,PARÁ,"AUGUSTO CORRÊA, VISEU",,,hid_trecho_massa_dagua_a_bc250k_2015,,,,,,,,,,,,,,,711994,71198
33873.0,38459.0,,,,,,,,Natural,Estadual,Corpo Hídrico Estadual,,,,,,,,2.11124434399348,0.221294500653497,22.1294500653497,1.26561699115728,,,,Lago/Lagoa,,Permanente,,PARÁ,MOJU,,,hid_massa_dagua_a_bc250k_2015,,,,,,,,,,,,,,,,
28279.0,38961.0,,,,,,,,Natural,Estadual,Corpo Hídrico Estadual,,,,,,,,1.62749763492829,0.131086391215804,13.1086391215804,1.26762463494564,,,,Lago/Lagoa,,Permanente,,PARÁ,MONTE ALEGRE,,,hid_massa_dagua_a_bc250k_2015,,,,,,,,,,,,,,,,
51380.0,54791.0,8386.0,,,,,,,Artificial,Estadual,Corpo Hídrico Estadual,ESTADO,,,,,,,1.86097919330809,0.092148141170673,9.21481411706727,1.72881028013975,,,,Represa/Açude,,,,PARÁ,SÃO JOÃO DE PIRABAS,,,hid_trecho_massa_dagua_a_bc250k_2015,,,,,,,,,,,,,,,,
46294.0,37848.0,,,,,,,,Natural,Estadual,Corpo Hídrico Estadual,,,,,,,,2.15912568068196,0.10241823271955,10.241823271955,1.90256013451223,,,,Lago/Lagoa,,Permanente,,PARÁ,ALENQUER,,,hid_massa_dagua_a_bc250k_2015,,,,,,,,,,,,,,,,
2924.0,60414.0,,,,,,,,Natural,Estadual,Corpo Hídrico Estadual,,,,,,,,1.09253092353849,0.05529427015287,5.52942701528699,1.3102156469904,,,,,,,,PARÁ,CANAÃ DOS CARAJÁS,,,hid_trecho_massa_dagua_a_bc250k_2015,,,,,,,,,,,,,,,,
50535.0,38990.0,,,,,,,,Natural,Estadual,Corpo Hídrico Estadual,,,,,,,,2.04184540810882,0.135963736402664,13.5963736402664,1.56156627369067,,,,Lago/Lagoa,,Permanente,,PARÁ,PRAINHA,,,hid_massa_dagua_a_bc250k_2015,,,,,,,,,,,,,,,,
48039.0,38241.0,,,,,,,,Natural,Federal,Corpo Hídrico Federal,,,,,,,,10.4033959679554,1.38637632894006,138.637632894006,2.49163067932851,,,,Lago/Lagoa,,Permanente,,PARÁ,SANTARÉM,,,hid_massa_dagua_a_bc250k_2015,,,,,,,,,,,,,,,,
51779.0,37917.0,,,,,,,,Natural,Estadual,Corpo Hídrico Estadual,,,,,,,,3.50087887844226,0.276628453253754,27.6628453253754,1.87705833437876,,,,Lago/Lagoa,,Permanente,,PARÁ,PRAINHA,,,hid_massa_dagua_a_bc250k_2015,,,,,,,,,,,,,,,,
37181.0,39075.0,,,,,,,,Natural,Federal,Terra da União (Unidade de Conservação),,,,,,,,1.434641926829,0.089852087592304,8.98520875923044,1.34967294157918,,,,Lago/Lagoa,,Permanente,,PARÁ,CANAÃ DOS CARAJÁS,,,hid_massa_dagua_a_bc250k_2015,,,,,,,,,,,,,,,,
47825.0,39604.0,,,,,,,,Natural,Estadual,Corpo Hídrico Estadual,,,,,,,,3.44607737783788,0.425755475714751,42.5755475714751,1.4893405428494,,,,Lago/Lagoa,,Permanente,,PARÁ,ALENQUER,,,hid_massa_dagua_a_bc250k_2015,,,,,,,,,,,,,,,,
40142.0,58962.0,,,,,,,,Natural,Federal,Terra da União (Unidade de Conservação),,,,,,,,3.53902144326824,0.343820120944233,34.3820120944233,1.70202783402611,,,,,,,,PARÁ,AUGUSTO CORRÊA,,,hid_trecho_massa_dagua_a_bc250k_2015,,,,,,,,,,,,,,,,
36862.0,35562.0,,,,,,,,Natural,Federal,Terra da União (Terra Indígena),,,,,,,,2.00366280494205,0.129147855094972,12.9147855094972,1.5722809253476,,,,Lago/Lagoa,,Permanente,,PARÁ,JACAREACANGA,,,hid_massa_dagua_a_bc250k_2015,,,,,,,,,,,,,,,,
56225.0,53814.0,,,Rio Cururu-Açu,,Rio,,Cururu-Açu,Natural,Federal,Terra da União (Terra Indígena),,,,,,,,92.9530037909782,6.04953734196843,604.953734196843,10.6574046561692,,,,Rio,,,Rio Cururu-Açu,PARÁ,JACAREACANGA,,,hid_trecho_massa_dagua_a_bc250k_2015,,,,,,,,,,,,,,,44416,44416
55178.0,38770.0,,,,,,,,Natural,Federal,Corpo Hídrico Federal,,,,,,,,1.76476358866484,0.179554136531422,17.9554136531422,1.17445920360376,,,,Lago/Lagoa,,Permanente,,PARÁ,ÓBIDOS,,,hid_massa_dagua_a_bc250k_2015,,,,,,,,,,,,,,,,
241060.0,242968.0,,,Rio Acará,,Rio,,Acará,Natural,Estadual,Corpo Hídrico Estadual,,,,,,,,30.1095431003561,19.0463821277467,1904.63821277467,1.94557074365802,,,,Rio,,,Rio Acará,PARÁ,"ACARÁ, BARCARENA, MOJU",,,hid_trecho_massa_dagua_a_bc250k_2015,,,,,,,,,,,,,,,614,614
17144.0,36212.0,,,,,,,,Natural,Federal,Terra da União (Terra Indígena),,,,,,,,1.49010659670526,0.101927144731897,10.1927144731897,1.316198878399,,,,Lago/Lagoa,,Permanente,,PARÁ,ALTAMIRA,,,hid_massa_dagua_a_bc250k_2015,,,,,,,,,,,,,,,,
45813.0,38380.0,,,,,,,,Natural,Estadual,Corpo Hídrico Estadual,,,,,,,,1.51721325552199,0.143113901759129,14.3113901759129,1.13097974107155,,,,Lago/Lagoa,,Permanente,,PARÁ,PRAINHA,,,hid_massa_dagua_a_bc250k_2015,,,,,,,,,,,,,,,,
54608.0,36550.0,,,,,,,,Natural,Federal,Corpo Hídrico Federal,,,,,,,,2.00945578855547,0.101574397918682,10.1574397918682,1.77801506079716,,,,Lago/Lagoa,,Permanente,,PARÁ,JACAREACANGA,,,hid_massa_dagua_a_bc250k_2015,,,,,,,,,,,,,,,,
32527.0,49363.0,,,,,,,,Natural,Estadual,Corpo Hídrico Estadual,,,,,,,,2.01573641183788,0.161698375145696,16.1698375145696,1.41361134278409,,,,Lago/Lagoa,,Permanente,,PARÁ,IPIXUNA DO PARÁ,,,hid_massa_dagua_a_bc250k_2015,,,,,,,,,,,,,,,,
5925.0,38817.0,,,,,,,,Natural,Estadual,Corpo Hídrico Estadual,,,,,,,,1.88120124641501,0.129044398930596,12.9044398930596,1.47677654695058,,,,Lago/Lagoa,,Permanente,,PARÁ,ORIXIMINÁ,,,hid_massa_dagua_a_bc250k_2015,,,,,,,,,,,,,,,,
27051.0,38192.0,,,,,,,,Natural,Estadual,Corpo Hídrico Estadual,,,,,,,,2.43872705217166,0.149774399746356,14.9774399746356,1.77702488774789,,,,Lago/Lagoa,,Permanente,,PARÁ,ORIXIMINÁ,,,hid_massa_dagua_a_bc250k_2015,,,,,,,,,,,,,,,,
23208.0,39669.0,,,,,,,,Natural,Estadual,Corpo Hídrico Estadual,,,,,,,,2.15254151503128,0.182221466972864,18.2221466972864,1.42200418734661,,,,Lago/Lagoa,,Permanente,,PARÁ,OEIRAS DO PARÁ,,,hid_massa_dagua_a_bc250k_2015,,,,,,,,,,,,,,,,
31363.0,62474.0,,,,,,,,Natural,Estadual,Corpo Hídrico Estadual,,,,,,,,1.35664861737821,0.090287786746081,9.02877867460813,1.27321568837567,,,,,,,,PARÁ,SÃO FÉLIX DO XINGU,,,hid_trecho_massa_dagua_a_bc250k_2015,,,,,,,,,,,,,,,,
20311.0,38480.0,,,,,,,,Natural,Federal,Terra da União (Unidade de Conservação),,,,,,,,1.78763309343462,0.150456116375707,15.0456116375707,1.29963850674489,,,,Lago/Lagoa,,Permanente,,PARÁ,ALTAMIRA,,,hid_massa_dagua_a_bc250k_2015,,,,,,,,,,,,,,,,
14830.0,59060.0,,,,,,,,Natural,Federal,Terra da União (Unidade de Conservação),,,,,,,,2.25236243222806,0.170131623215921,17.0131623215921,1.53990830257302,,,,,,,,PARÁ,VISEU,,,hid_trecho_massa_dagua_a_bc250k_2015,,,,,,,,,,,,,,,,
21261.0,36879.0,,,,,,,,Natural,Federal,Terra da União (Terra Indígena),,,,,,,,1.42582976319463,0.095037693496587,9.50376934965872,1.30427401076695,,,,Lago/Lagoa,,Permanente,,PARÁ,JACAREACANGA,,,hid_massa_dagua_a_bc250k_2015,,,,,,,,,,,,,,,,
45989.0,37388.0,,,,,,,,Natural,Federal,Terra da União (Terra Indígena),,,,,,,,1.69847752802634,0.062212656503268,6.22126565032676,1.9203020273756,,,,Meandro abandonado,,Permanente,,PARÁ,JACAREACANGA,,,hid_massa_dagua_a_bc250k_2015,,,,,,,,,,,,,,,,
17032.0,49339.0,,,,,,,,Natural,Federal,Terra da União (Unidade de Conservação),,,,,,,,1.9147360006426,0.118484940404133,11.8484940404133,1.56865137320743,,,,Lago/Lagoa,,Permanente,,PARÁ,BRAGANÇA,,,hid_massa_dagua_a_bc250k_2015,,,,,,,,,,,,,,,,
53692.0,35560.0,,,,,,,,Natural,Estadual,Corpo Hídrico Estadual,,,,,,,,1.49503222108614,0.135162817307008,13.5162817307008,1.14675605852055,,,,Lago/Lagoa,,Permanente,,PARÁ,ALMEIRIM,,,hid_massa_dagua_a_bc250k_2015,,,,,,,,,,,,,,,,
37508.0,37173.0,,,,,,,,Natural,Estadual,Corpo Hídrico Estadual,,,,,,,,2.16547821531027,0.283360277801684,28.3360277801684,1.14718495469406,,,,Lago/Lagoa,,Permanente,,PARÁ,TERRA SANTA,,,hid_massa_dagua_a_bc250k_2015,,,,,,,,,,,,,,,,
50754.0,35792.0,,,,,,,,Natural,Estadual,Corpo Hídrico Estadual,,,,,,,,2.1492627150253,0.241561525132764,24.1561525132764,1.23317505625513,,,,Lago/Lagoa,,Permanente,,PARÁ,JACAREACANGA,,,hid_massa_dagua_a_bc250k_2015,,,,,,,,,,,,,,,,
41708.0,39612.0,,,Lagoa da Sururuca,,Lagoa,da,Sururuca,Natural,Estadual,Corpo Hídrico Estadual,,,,,,,,1.59412432949821,0.158755374664179,15.8755374664179,1.12825451391487,,,,Lago/Lagoa,,Permanente,,PARÁ,ÓBIDOS,,,hid_massa_dagua_a_bc250k_2015,,,,,,,,,,,,,,,,
28087.0,63784.0,,,Rio Caeté,,Rio,,Caeté,Natural,Estadual,Corpo Hídrico Estadual,,,,,,,,9.04346435590849,0.571856202287283,57.1856202287283,3.37241118963409,,,,Rio,,,Rio Caeté,PARÁ,BRAGANÇA,,,hid_trecho_massa_dagua_a_bc250k_2015,,,,,,,,,,,,,,,7118,7118
637.0,56108.0,,,Rio Arrozal,,Rio,,Arrozal,Natural,Federal,Corpo Hídrico Federal,,,,,,,,18.605314312274,1.87926758960337,187.926758960337,3.82729385089518,,,,Rio,,,Rio Arrozal,PARÁ,CHAVES,,,hid_trecho_massa_dagua_a_bc250k_2015,,,,,,,,,,,,,,,,6
38013.0,39031.0,,,Lagoa Francelino,,Lagoa,,Francelino,Natural,Federal,Terra da União (Unidade de Conservação),,,,,,,,1.87738667955269,0.165070875106026,16.5070875106026,1.30306960181048,,,,Lago/Lagoa,,Permanente,,PARÁ,ORIXIMINÁ,,,hid_massa_dagua_a_bc250k_2015,,,,,,,,,,,,,,,,
21592.0,56391.0,,,Furo Grande de Aruãs,,Furo,,Grande de Aruãs,Natural,Federal,Corpo Hídrico Federal,,,,,,,,44.2696251891097,46.9623138034597,4696.23138034597,1.82171406008685,,,,Rio,,,Furo de Aruans,PARÁ,GURUPÁ,,,hid_trecho_massa_dagua_a_bc250k_2015,,,,,,,,,,,,,,,4,4
20099.0,53906.0,,,Rio Japinzinho,,Rio,,Japinzinho,Natural,Estadual,Corpo Hídrico Estadual,,,,,,,,25.9775050946687,1.96271727956011,196.271727956011,5.22898834713672,,,,Rio,,,Rio Japiinzinho,PARÁ,LIMOEIRO DO AJURU,,,hid_trecho_massa_dagua_a_bc250k_2015,,,,,,,,,,,,,,,62134,62134
48045.0,38408.0,,,,,,,,Natural,Federal,Terra da União (Unidade de Conservação),,,,,,,,3.04662776031219,0.190979998503349,19.0979998503349,1.96595947124433,,,,Lago/Lagoa,,Permanente,,PARÁ,ORIXIMINÁ,,,hid_massa_dagua_a_bc250k_2015,,,,,,,,,,,,,,,,
32400.0,36480.0,,,,,,,,Natural,Estadual,Corpo Hídrico Estadual,,,,,,,,1.56559786584087,0.107469593012949,10.7469593012949,1.34674858170937,,,,Lago/Lagoa,,Permanente,,PARÁ,ORIXIMINÁ,,,hid_massa_dagua_a_bc250k_2015,,,,,,,,,,,,,,,,
34627.0,55175.0,,,,,,,,Natural,Federal,Terra da União (Unidade de Conservação),,,,,,,,1.89407224643942,0.118121216304573,11.8121216304574,1.55410978065803,,,,,,,,PARÁ,VISEU,,,hid_trecho_massa_dagua_a_bc250k_2015,,,,,,,,,,,,,,,,
54604.0,59125.0,,,,,,,,Artificial,Estadual,Corpo Hídrico Estadual,ESTADO,,,,,,,6.20275507878766,0.30932394873658,30.932394873658,3.14504575828756,,,,Represa/Açude,,,,PARÁ,PARAGOMINAS,,,hid_trecho_massa_dagua_a_bc250k_2015,,,,,,,,,,,,,,,,
50459.0,39001.0,,,,,,,,Natural,Estadual,Corpo Hídrico Estadual,,,,,,,,2.63184312136083,0.330778149131875,33.0778149131875,1.2904485687111,,,,Lago/Lagoa,,Permanente,,PARÁ,TERRA SANTA,,,hid_massa_dagua_a_bc250k_2015,,,,,,,,,,,,,,,,
48074.0,38583.0,,,,,,,,Natural,Federal,Terra da União (Terra Indígena),,,,,,,,3.06014920140307,0.112906549504721,11.2906549504721,2.56821951819223,,,,Lago/Lagoa,,Permanente,,PARÁ,JACAREACANGA,,,hid_massa_dagua_a_bc250k_2015,,,,,,,,,,,,,,,,
4795.0,39240.0,,,,,,,,Natural,Estadual,Corpo Hídrico Estadual,,,,,,,,2.1750779615277,0.202896974634991,20.2896974634991,1.36171477796712,,,,Lago/Lagoa,,Permanente,,PARÁ,MOCAJUBA,,,hid_massa_dagua_a_bc250k_2015,,,,,,,,,,,,,,,,
44166.0,60850.0,,,,,,,,Natural,Estadual,Corpo Hídrico Estadual,,,,,,,,1.19076325379025,0.097612004705197,9.7612004705197,1.07478826594207,,,,,,,,PARÁ,CACHOEIRA DO ARARI,,,hid_trecho_massa_dagua_a_bc250k_2015,,,,,,,,,,,,,,,,
41427.0,60473.0,,,,,,,,Natural,Estadual,Corpo Hídrico Estadual,,,,,,,,0.830713987977204,0.04550092448726,4.55009244872599,1.09822296581261,,,,,,,,PARÁ,SÃO FÉLIX DO XINGU,,,hid_trecho_massa_dagua_a_bc250k_2015,,,,,,,,,,,,,,,,
11813.0,49315.0,,,,,,,,Natural,Estadual,Corpo Hídrico Estadual,,,,,,,,1.84804945807377,0.094147735318653,9.41477353186534,1.69846952628793,,,,Lago/Lagoa,,Permanente,,PARÁ,PARAGOMINAS,,,hid_massa_dagua_a_bc250k_2015,,,,,,,,,,,,,,,,
47492.0,60592.0,,,,,,,,Natural,Federal,Terra da União (Terra Indígena),,,,,,,,1.97328596600236,0.133369364749769,13.3369364749769,1.52374079212901,,,,,,,,PARÁ,JACAREACANGA,,,hid_trecho_massa_dagua_a_bc250k_2015,,,,,,,,,,,,,,,,
9664.0,38340.0,,,,,,,,Natural,Estadual,Corpo Hídrico Estadual,,,,,,,,2.9943568015256,0.267513029180217,26.7513029180217,1.63260148617658,,,,Lago/Lagoa,,Permanente,,PARÁ,ALENQUER,,,hid_massa_dagua_a_bc250k_2015,,,,,,,,,,,,,,,,
11876.0,49351.0,,,,,,,,Natural,Estadual,Corpo Hídrico Estadual,,,,,,,,2.62313861433505,0.120683009047773,12.0683009047773,2.12935113662065,,,,Lago/Lagoa,,Permanente,,PARÁ,IPIXUNA DO PARÁ,,,hid_massa_dagua_a_bc250k_2015,,,,,,,,,,,,,,,,
14408.0,38225.0,,,,,,,,Natural,Estadual,Corpo Hídrico Estadual,,,,,,,,2.19033456663575,0.119927668484527,11.9927668484527,1.78360988256271,,,,Lago/Lagoa,,Permanente,,PARÁ,PRAINHA,,,hid_massa_dagua_a_bc250k_2015,,,,,,,,,,,,,,,,
25134.0,58915.0,,,,,,,,Natural,Estadual,Corpo Hídrico Estadual,,,,,,,,19.9323798103502,5.3141984754552,531.41984754552,2.43831256761223,,,,Rio,,,Vala do Basílio,PARÁ,"CAPANEMA, PRIMAVERA",,,hid_trecho_massa_dagua_a_bc250k_2015,,,,,,,,,,,,,,,711642,71166
31395.0,37962.0,,,,,,,,Natural,Federal,Terra da União (Terra Indígena),,,,,,,,1.79974420569216,0.093001754518232,9.3001754518232,1.66423373606658,,,,Lago/Lagoa,,Permanente,,PARÁ,ALTAMIRA,,,hid_massa_dagua_a_bc250k_2015,,,,,,,,,,,,,,,,
25641.0,61376.0,,,,,,,,Natural,Estadual,Corpo Hídrico Estadual,,,,,,,,1.33840297577921,0.087951455309218,8.79514553092181,1.27266613196681,,,,,,,,PARÁ,NOVO PROGRESSO,,,hid_trecho_massa_dagua_a_bc250k_2015,,,,,,,,,,,,,,,,
50415.0,38907.0,,,,,,,,Natural,Estadual,Corpo Hídrico Estadual,,,,,,,,1.53667213748362,0.134479325914244,13.4479325914243,1.1816872873713,,,,Lago/Lagoa,,Permanente,,PARÁ,CURIONÓPOLIS,,,hid_massa_dagua_a_bc250k_2015,,,,,,,,,,,,,,,,
25821.0,61798.0,,,,,,,,Natural,Estadual,Corpo Hídrico Estadual,,,,,,,,1.23048127124696,0.08833102944222,8.833102944222,1.16752844482856,,,,,,,,PARÁ,PARAGOMINAS,,,hid_trecho_massa_dagua_a_bc250k_2015,,,,,,,,,,,,,,,,
42971.0,62476.0,,,,,,,,Natural,Federal,Terra da União (Unidade de Conservação),,,,,,,,1.99577649530398,0.1375021894532,13.75021894532,1.51777084127832,,,,,,,,PARÁ,SÃO FÉLIX DO XINGU,,,hid_trecho_massa_dagua_a_bc250k_2015,,,,,,,,,,,,,,,,
42092.0,38495.0,,,,,,,,Natural,Estadual,Corpo Hídrico Estadual,,,,,,,,2.13275523065184,0.255709837677868,25.5709837677868,1.18936842775183,,,,Lago/Lagoa,,Permanente,,PARÁ,"MOCAJUBA, MOJU",,,hid_massa_dagua_a_bc250k_2015,,,,,,,,,,,,,,,,
4075.0,49454.0,,,,,,,,Natural,Estadual,Corpo Hídrico Estadual,,,,,,,,3.68329812405205,0.167138201093251,16.7138201093251,2.54066917433599,,,,Lago/Lagoa,,Permanente,,PARÁ,PARAGOMINAS,,,hid_massa_dagua_a_bc250k_2015,,,,,,,,,,,,,,,,
30504.0,61426.0,,,,,,,,Artificial,Estadual,Corpo Hídrico Estadual,ESTADO,,,,,,,2.30657784455205,0.16733244020027,16.733244020027,1.59010993951307,,,,Represa/Açude,,,,PARÁ,REDENÇÃO,,,hid_trecho_massa_dagua_a_bc250k_2015,,,,,,,,,,,,,,,,
51589.0,61618.0,,,,,,,,Natural,Estadual,Corpo Hídrico Estadual,,,,,,,,2.14057138879347,0.095740806970138,9.57408069701378,1.95087877050311,,,,,,,,PARÁ,BELTERRA,,,hid_trecho_massa_dagua_a_bc250k_2015,,,,,,,,,,,,,,,,
43232.0,62333.0,,,,,,,,Natural,Estadual,Corpo Hídrico Estadual,,,,,,,,1.91428976428706,0.093149450953945,9.31494509539447,1.76875074499995,,,,,,,,PARÁ,ANAPU,,,hid_trecho_massa_dagua_a_bc250k_2015,,,,,,,,,,,,,,,,
24866.0,62187.0,,,,,,,,Natural,Estadual,Corpo Hídrico Estadual,,,,,,,,4.50697008939596,0.434896018100165,43.4896018100165,1.92726337606094,,,,,,,,PARÁ,JACAREACANGA,,,hid_trecho_massa_dagua_a_bc250k_2015,,,,,,,,,,,,,,,,
18224.0,60314.0,,,,,,,,Natural,Federal,Terra da União (Terra Indígena),,,,,,,,1.95679725299527,0.100721233484199,10.0721233484199,1.73873910007607,,,,,,,,PARÁ,JACAREACANGA,,,hid_trecho_massa_dagua_a_bc250k_2015,,,,,,,,,,,,,,,,
13053.0,61368.0,,,,,,,,Natural,Estadual,Corpo Hídrico Estadual,,,,,,,,2.42882836774668,0.143753000876962,14.3753000876962,1.80649795895848,,,,,,,,PARÁ,AVEIRO,,,hid_trecho_massa_dagua_a_bc250k_2015,,,,,,,,,,,,,,,,
11305.0,61114.0,,,,,,,,Natural,Estadual,Corpo Hídrico Estadual,,,,,,,,2.64529671915936,0.221596584889517,22.1596584889517,1.58468143511452,,,,,,,,PARÁ,ITAITUBA,,,hid_trecho_massa_dagua_a_bc250k_2015,,,,,,,,,,,,,,,,
2920.0,60412.0,,,,,,,,Natural,Estadual,Corpo Hídrico Estadual,,,,,,,,3.77518383792497,0.292013862684365,29.2013862684365,1.97008733392017,,,,,,,,PARÁ,"BAGRE, PORTEL",,,hid_trecho_massa_dagua_a_bc250k_2015,,,,,,,,,,,,,,,,
21413.0,61415.0,,,,,,,,Natural,Estadual,Corpo Hídrico Estadual,,,,,,,,2.01903103777234,0.122988457412144,12.2988457412144,1.62352853577538,,,,,,,,PARÁ,NOVO PROGRESSO,,,hid_trecho_massa_dagua_a_bc250k_2015,,,,,,,,,,,,,,,,
43358.0,60573.0,,,,,,,,Natural,Estadual,Corpo Hídrico Estadual,,,,,,,,2.51898848955028,0.365604784526321,36.5604784526321,1.1748146567507,,,,,,,,PARÁ,"SAPUCAIA, XINGUARA",,,hid_trecho_massa_dagua_a_bc250k_2015,,,,,,,,,,,,,,,,
18295.0,62484.0,,,,,,,,Natural,Estadual,Corpo Hídrico Estadual,,,,,,,,1.70618332040505,0.081065948895713,8.10659488957125,1.68987882869485,,,,,,,,PARÁ,CACHOEIRA DO ARARI,,,hid_trecho_massa_dagua_a_bc250k_2015,,,,,,,,,,,,,,,,
48294.0,61643.0,,,,,,,,Natural,Estadual,Corpo Hídrico Estadual,,,,,,,,3.17665001722941,0.163711927470545,16.3711927470545,2.21400357170775,,,,,,,,PARÁ,TAILÂNDIA,,,hid_trecho_massa_dagua_a_bc250k_2015,,,,,,,,,,,,,,,,
31824.0,62298.0,,,,,,,,Natural,Estadual,Corpo Hídrico Estadual,,,,,,,,2.97960648317476,0.323858544957794,32.3858544957794,1.47648941797045,,,,,,,,PARÁ,SOURE,,,hid_trecho_massa_dagua_a_bc250k_2015,,,,,,,,,,,,,,,,
3069.0,60419.0,,,,,,,,Natural,Estadual,Corpo Hídrico Estadual,,,,,,,,2.27482490151294,0.114360587453391,11.4360587453391,1.8969631443181,,,,,,,,PARÁ,BELTERRA,,,hid_trecho_massa_dagua_a_bc250k_2015,,,,,,,,,,,,,,,,
55042.0,39177.0,,,,,,,,Natural,Federal,Terra da União (Unidade de Conservação),,,,,,,,2.93667213364608,0.24920714969296,24.920714969296,1.65891571598705,,,,Lago/Lagoa,,Permanente,,PARÁ,ORIXIMINÁ,,,hid_massa_dagua_a_bc250k_2015,,,,,,,,,,,,,,,,
36365.0,59000.0,,,,,,,,Natural,Estadual,Corpo Hídrico Estadual,,,,,,,,3.17737667171454,0.167307349861078,16.7307349861078,2.19058596541578,,,,,,,,PARÁ,"CAPITÃO POÇO, MÃE DO RIO",,,hid_trecho_massa_dagua_a_bc250k_2015,,,,,,,,,,,,,,,,
27960.0,38299.0,,,,,,,,Natural,Estadual,Corpo Hídrico Estadual,,,,,,,,4.77493598836921,0.407596562781349,40.7596562781349,2.10912056226094,,,,Lago/Lagoa,,Permanente,,PARÁ,ALENQUER,,,hid_massa_dagua_a_bc250k_2015,,,,,,,,,,,,,,,,
32332.0,36137.0,,,,,,,,Natural,Estadual,Corpo Hídrico Estadual,,,,,,,,1.58800061267788,0.104780543960832,10.4780543960832,1.38343720039347,,,,Lago/Lagoa,,Permanente,,PARÁ,PONTA DE PEDRAS,,,hid_massa_dagua_a_bc250k_2015,,,,,,,,,,,,,,,,
18676.0,61991.0,,,,,,,,Natural,Federal,Terra da União (Terra Indígena),,,,,,,,2.27263807694595,0.271557523513214,27.1557523513214,1.22983958434646,,,,,,,,PARÁ,JACAREACANGA,,,hid_trecho_massa_dagua_a_bc250k_2015,,,,,,,,,,,,,,,,
19902.0,61858.0,,,,,,,,Natural,Estadual,Corpo Hídrico Estadual,,,,,,,,2.05714207493044,0.144442743680829,14.4442743680829,1.5263900650858,,,,,,,,PARÁ,ALTAMIRA,,,hid_trecho_massa_dagua_a_bc250k_2015,,,,,,,,,,,,,,,,
51638.0,35968.0,,,,,,,,Natural,Estadual,Corpo Hídrico Estadual,,,,,,,,1.55065820421961,0.091985122249728,9.19851222497282,1.44180455968329,,,,Lago/Lagoa,,Permanente,,PARÁ,PRAINHA,,,hid_massa_dagua_a_bc250k_2015,,,,,,,,,,,,,,,,
46413.0,37485.0,,,,,,,,Natural,Federal,Terra da União (Terra Indígena),,,,,,,,1.82279908855928,0.069807489401641,6.98074894016414,1.94552538383299,,,,Lago/Lagoa,,Permanente,,PARÁ,JACAREACANGA,,,hid_massa_dagua_a_bc250k_2015,,,,,,,,,,,,,,,,
24943.0,58266.0,,,,,,,,Natural,Estadual,Corpo Hídrico Estadual,,,,,,,,0.939481890433296,0.042480376089391,4.24803760893905,1.28541494455423,,,,,,,,PARÁ,TRAIRÃO,,,hid_trecho_massa_dagua_a_bc250k_2015,,,,,,,,,,,,,,,,
22454.0,38725.0,,,,,,,,Natural,Federal,Corpo Hídrico Federal,,,,,,,,1.33627960769882,0.085066756537623,8.50667565376233,1.29201189532296,,,,Lago/Lagoa,,Permanente,,PARÁ,SÃO FÉLIX DO XINGU,,,hid_massa_dagua_a_bc250k_2015,,,,,,,,,,,,,,,,
18352.0,62516.0,,,,,,,,Natural,Estadual,Corpo Hídrico Estadual,,,,,,,,3.88052457448438,0.186720859549482,18.6720859549482,2.53246310792651,,,,,,,,PARÁ,MOJU,,,hid_trecho_massa_dagua_a_bc250k_2015,,,,,,,,,,,,,,,,
3733.0,49357.0,,,,,,,,Natural,Estadual,Corpo Hídrico Estadual,,,,,,,,1.73909199004818,0.07940301043519,7.94030104351897,1.74041644795974,,,,Lago/Lagoa,,Permanente,,PARÁ,PARAGOMINAS,,,hid_massa_dagua_a_bc250k_2015,,,,,,,,,,,,,,,,
47897.0,35516.0,,,,,,,,Natural,Federal,Terra da União (Terra Indígena),,,,,,,,2.51968237521142,0.105416479936364,10.5416479936364,2.18847027114999,,,,Meandro abandonado,,Permanente,,PARÁ,JACAREACANGA,,,hid_massa_dagua_a_bc250k_2015,,,,,,,,,,,,,,,,
26173.0,38317.0,,,,,,,,Natural,Federal,Terra da União (Unidade de Conservação),,,,,,,,1.44972567500176,0.10408677639923,10.408677639923,1.26717664369861,,,,Lago/Lagoa,,Permanente,,PARÁ,ORIXIMINÁ,,,hid_massa_dagua_a_bc250k_2015,,,,,,,,,,,,,,,,
35910.0,38423.0,,,Lagoa Açu,,Lagoa,,Açu,Natural,Estadual,Corpo Hídrico Estadual,,,,,,,,4.29392254148626,0.48012235922936,48.012235922936,1.74754089826605,,,,Lago/Lagoa,,Permanente,,PARÁ,TERRA SANTA,,,hid_massa_dagua_a_bc250k_2015,,,,,,,,,,,,,,,,
49383.0,49425.0,,,,,,,,Natural,Estadual,Corpo Hídrico Estadual,,,,,,,,1.2125446774976,0.066454592133164,6.64545921331641,1.32643007239787,,,,Lago/Lagoa,,Permanente,,PARÁ,IPIXUNA DO PARÁ,,,hid_massa_dagua_a_bc250k_2015,,,,,,,,,,,,,,,,
29022.0,57465.0,,,,,,,,Natural,Estadual,Corpo Hídrico Estadual,,,,,,,,13.4449944459119,0.572840141200248,57.2840141200248,5.00948423163494,,,,Rio,,,Rio Arapepó,PARÁ,"SALINÓPOLIS, SÃO JOÃO DE PIRABAS",,,hid_trecho_massa_dagua_a_bc250k_2015,,,,,,,,,,,,,,,,711536
59018.0,35547.0,,,,,,,,Natural,Estadual,Corpo Hídrico Estadual,,,,,,,,7.8870960975956,0.778883731195198,77.8883731195198,2.52017050433907,,,,Lago/Lagoa,,Permanente,,PARÁ,PRAINHA,,,hid_massa_dagua_a_bc250k_2015,,,,,,,,,,,,,,,,
26169.0,61901.0,,,,,,,,Natural,Federal,Terra da União (Terra Indígena),,,,,,,,1.07690515235305,0.053554685835577,5.35546858355768,1.3122839740273,,,,,,,,PARÁ,ORIXIMINÁ,,,hid_trecho_massa_dagua_a_bc250k_2015,,,,,,,,,,,,,,,,
3193.0,56895.0,,,,,,,,Natural,Federal,Terra da União (Unidade de Conservação),,,,,,,,14.9259419902595,1.97160103814608,197.160103814608,2.99765286155756,,,,Rio,,,Rio Maruimpanema,PARÁ,SÃO CAETANO DE ODIVELAS,,,hid_trecho_massa_dagua_a_bc250k_2015,,,,,,,,,,,,,,,,711142
11616.0,54773.0,1285.0,,,,,,,Artificial,Estadual,Corpo Hídrico Estadual,ESTADO,,,,,,,4.86425620276166,1.04202148776205,104.202148776205,1.34377702740898,,,,Represa/Açude,,,,PARÁ,PARAGOMINAS,,,hid_trecho_massa_dagua_a_bc250k_2015,,,,,,,,,,,,,,,,
16205.0,49436.0,,,,,,,,Natural,Estadual,Corpo Hídrico Estadual,,,,,,,,2.98560674304548,0.228541965478011,22.8541965478011,1.76115967219318,,,,Lago/Lagoa,,Permanente,,PARÁ,IPIXUNA DO PARÁ,,,hid_massa_dagua_a_bc250k_2015,,,,,,,,,,,,,,,,
43885.0,57563.0,,,,,,,,Natural,Federal,Terra da União (Unidade de Conservação),,,,,,,,10.4359317275124,1.21977528921022,121.977528921022,2.66465152944996,,,,Rio,,,,PARÁ,AUGUSTO CORRÊA,,,hid_trecho_massa_dagua_a_bc250k_2015,,,,,,,,,,,,,,,,7119412
50711.0,35574.0,,,,,,,,Natural,Federal,Terra da União (Unidade de Conservação),,,,,,,,2.00670877035356,0.146409853567578,14.6409853567578,1.47893233364303,,,,Lago/Lagoa,,Permanente,,PARÁ,MAGALHÃES BARATA,,,hid_massa_dagua_a_bc250k_2015,,,,,,,,,,,,,,,,
54130.0,58977.0,,,,,,,,Natural,Federal,Terra da União (Unidade de Conservação),,,,,,,,9.51724262946052,0.924261214676022,92.4261214676022,2.79166232203644,,,,Rio,,,Igarapé do Simoa,PARÁ,CURUÇÁ,,,hid_trecho_massa_dagua_a_bc250k_2015,,,,,,,,,,,,,,,7111932,711186
19732.0,39263.0,,,,,,,,Natural,Estadual,Corpo Hídrico Estadual,,,,,,,,5.77179105996847,0.632697045218245,63.2697045218245,2.04626467184954,,,,Lago/Lagoa,,Permanente,,PARÁ,MOJU,,,hid_massa_dagua_a_bc250k_2015,,,,,,,,,,,,,,,,
26244.0,59164.0,,,,,,,,Natural,Estadual,Corpo Hídrico Estadual,,,,,,,,10.6028961536523,3.29103654525597,329.103654525597,1.6481899578756,,,,Rio,,,,PARÁ,QUATIPURU,,,hid_trecho_massa_dagua_a_bc250k_2015,,,,,,,,,,,,,,,,711596
57941.0,37649.0,,,,,,,,Natural,Estadual,Corpo Hídrico Estadual,,,,,,,,3.45879985356146,0.522731960264946,52.2731960264946,1.34907164159883,,,,Lago/Lagoa,,Permanente,,PARÁ,PRAINHA,,,hid_massa_dagua_a_bc250k_2015,,,,,,,,,,,,,,,,
16922.0,59098.0,6877.0,,,,,,,Artificial,Estadual,Corpo Hídrico Estadual,ESTADO,,,,,,,2.84996523980139,0.163584726633153,16.3584726633153,1.98708888966106,,,,Represa/Açude,,,,PARÁ,BONITO,,,hid_trecho_massa_dagua_a_bc250k_2015,,,,,,,,,,,,,,,,
28882.0,55932.0,,,,,,,,Artificial,Estadual,Corpo Hídrico Estadual,ESTADO,,,,,,,2.45341572454177,0.228590054466853,22.8590054466853,1.4470768212534,,,,Represa/Açude,,,,PARÁ,BONITO,,,hid_trecho_massa_dagua_a_bc250k_2015,,,,,,,,,,,,,,,,
30920.0,36857.0,,,,,,,,Artificial,Estadual,Corpo Hídrico Estadual,ESTADO,,,,,,,1.67335452567576,0.106884216604053,10.6884216604053,1.44337866541816,,,,Represa/Açude,,Permanente,,PARÁ,VITÓRIA DO XINGU,,,hid_massa_dagua_a_bc250k_2015,,,,,,,,,,,,,,,,
50512.0,38974.0,,,,,,,,Natural,Estadual,Corpo Hídrico Estadual,,,,,,,,2.98454864126891,0.172355764543275,17.2355764543275,2.02728526127102,,,,Lago/Lagoa,,Permanente,,PARÁ,PRAINHA,,,hid_massa_dagua_a_bc250k_2015,,,,,,,,,,,,,,,,
16286.0,49423.0,,,,,,,,Natural,Estadual,Corpo Hídrico Estadual,,,,,,,,2.80462458697581,0.296094425395299,29.6094425395299,1.45347889428569,,,,Lago/Lagoa,,Permanente,,PARÁ,"IPIXUNA DO PARÁ, PARAGOMINAS",,,hid_massa_dagua_a_bc250k_2015,,,,,,,,,,,,,,,,
27326.0,54753.0,,,,,,,,Natural,Federal,Terra da União (Unidade de Conservação),,,,,,,,4.63066418777022,0.350212239034601,35.0212239034601,2.20661586335848,,,,,,,,PARÁ,CURUÇÁ,,,hid_trecho_massa_dagua_a_bc250k_2015,,,,,,,,,,,,,,,,
7383.0,49305.0,,,,,,,,Natural,Estadual,Corpo Hídrico Estadual,,,,,,,,1.54418832985168,0.090516560061389,9.05165600613887,1.44738928699111,,,,Lago/Lagoa,,Permanente,,PARÁ,IPIXUNA DO PARÁ,,,hid_massa_dagua_a_bc250k_2015,,,,,,,,,,,,,,,,
241598.0,243151.0,,,,,,,,Artificial,Federal,Corpo Hídrico Federal,ANA,,,,,,,1.92619557106396,0.208962422419503,20.8962422419503,1.18827070707959,,,,,,,,PARÁ,NOVO PROGRESSO,,,hid_trecho_massa_dagua_a_bc250k_2015,Revisado,,,,,,,,,,,,,,,
50280.0,39136.0,,,,,,,,Natural,Estadual,Corpo Hídrico Estadual,,,,,,,,1.73898185103844,0.127416840267918,12.7416840267918,1.37382287152453,,,,Lago/Lagoa,,Permanente,,PARÁ,PONTA DE PEDRAS,,,hid_massa_dagua_a_bc250k_2015,,,,,,,,,,,,,,,,
53310.0,39748.0,,,,,,,,Natural,Estadual,Corpo Hídrico Estadual,,,,,,,,1.63812959124584,0.128843547081224,12.8843547081224,1.28696290041339,,,,Lago/Lagoa,,Permanente,,PARÁ,MOJU,,,hid_massa_dagua_a_bc250k_2015,,,,,,,,,,,,,,,,
25045.0,58790.0,,,,,,,,Natural,Estadual,Corpo Hídrico Estadual,,,,,,,,1.19888011824381,0.066970262715215,6.69702627152154,1.30642314260892,,,,,,,,PARÁ,ALTAMIRA,,,hid_trecho_massa_dagua_a_bc250k_2015,,,,,,,,,,,,,,,,
48129.0,62105.0,,,,,,,,Natural,Estadual,Corpo Hídrico Estadual,,,,,,,,2.9987927904159,0.20183518924839,20.183518924839,1.88233589166703,,,,,,,,PARÁ,SÃO FÉLIX DO XINGU,,,hid_trecho_massa_dagua_a_bc250k_2015,,,,,,,,,,,,,,,,
46036.0,37609.0,,,,,,,,Natural,Federal,Terra da União (Terra Indígena),,,,,,,,1.53570572353785,0.062153590838608,6.21535908386081,1.73709671484335,,,,Lago/Lagoa,,Permanente,,PARÁ,ALTAMIRA,,,hid_massa_dagua_a_bc250k_2015,,,,,,,,,,,,,,,,
13896.0,38077.0,,,,,,,,Natural,Federal,Corpo Hídrico Federal,,,,,,,,4.15294938981487,0.408932928281536,40.8932928281536,1.83138522319327,,,,Lago/Lagoa,,Permanente,,PARÁ,ÓBIDOS,,,hid_massa_dagua_a_bc250k_2015,,,,,,,,,,,,,,,,
45571.0,54415.0,,,,,,,,Artificial,Estadual,Corpo Hídrico Estadual,ESTADO,,,,,,,1.24580616498072,0.071599907579203,7.15999075792028,1.3129353848917,,,,Represa/Açude,,,,PARÁ,VISEU,,,hid_trecho_massa_dagua_a_bc250k_2015,,,,,,,,,,,,,,,,
14220.0,38150.0,,,,,,,,Natural,Estadual,Corpo Hídrico Estadual,,,,,,,,1.61714546308148,0.087065856646889,8.70658566468892,1.5455186719129,,,,Lago/Lagoa,,Permanente,,PARÁ,PRAINHA,,,hid_massa_dagua_a_bc250k_2015,,,,,,,,,,,,,,,,
41437.0,60499.0,,,,,,,,Natural,Estadual,Corpo Hídrico Estadual,,,,,,,,0.859930838984174,0.038953171001556,3.89531710015556,1.22868688768651,,,,,,,,PARÁ,NOVO PROGRESSO,,,hid_trecho_massa_dagua_a_bc250k_2015,,,,,,,,,,,,,,,,
15295.0,61239.0,,,,,,,,Natural,Estadual,Corpo Hídrico Estadual,,,,,,,,2.08236097941168,0.156881870644425,15.6881870644425,1.48258207772831,,,,,,,,PARÁ,ITAITUBA,,,hid_trecho_massa_dagua_a_bc250k_2015,,,,,,,,,,,,,,,,
51110.0,60337.0,,,,,,,,Natural,Federal,Terra da União (Unidade de Conservação),,,,,,,,1.13593027550883,0.068564150726424,6.85641507264244,1.22335424307271,,,,,,,,PARÁ,CANAÃ DOS CARAJÁS,,,hid_trecho_massa_dagua_a_bc250k_2015,,,,,,,,,,,,,,,,
45397.0,61855.0,,,,,,,,Natural,Estadual,Corpo Hídrico Estadual,,,,,,,,2.48085281017241,0.095784441706783,9.57844417067834,2.26049015754088,,,,,,,,PARÁ,PARAGOMINAS,,,hid_trecho_massa_dagua_a_bc250k_2015,,,,,,,,,,,,,,,,
37133.0,36351.0,,,,,,,,Natural,Estadual,Corpo Hídrico Estadual,,,,,,,,1.4649351419346,0.085614043460783,8.56140434607834,1.41187094590917,,,,Lago/Lagoa,,Permanente,,PARÁ,ÓBIDOS,,,hid_massa_dagua_a_bc250k_2015,,,,,,,,,,,,,,,,
27865.0,62222.0,,,,,,,,Natural,Estadual,Corpo Hídrico Estadual,,,,,,,,1.06969945292001,0.065097103324108,6.50971033241085,1.18230642610084,,,,,,,,PARÁ,NOVO PROGRESSO,,,hid_trecho_massa_dagua_a_bc250k_2015,,,,,,,,,,,,,,,,
47695.0,62195.0,,,,,,,,Natural,Federal,Terra da União (Unidade de Conservação),,,,,,,,2.3318218787204,0.15570893831184,15.570893831184,1.66643243260051,,,,,,,,PARÁ,ALTAMIRA,,,hid_trecho_massa_dagua_a_bc250k_2015,,,,,,,,,,,,,,,,
32290.0,37348.0,,,,,,,,Natural,Estadual,Corpo Hídrico Estadual,,,,,,,,2.05796770644126,0.179022239738921,17.9022239738921,1.37162114224176,,,,Lago/Lagoa,,Permanente,,PARÁ,PRAINHA,,,hid_massa_dagua_a_bc250k_2015,,,,,,,,,,,,,,,,
50824.0,36009.0,,,,,,,,Natural,Estadual,Corpo Hídrico Estadual,,,,,,,,2.29048081867298,0.171142115683466,17.1142115683466,1.56133940035431,,,,Lago/Lagoa,,Permanente,,PARÁ,MUANÁ,,,hid_massa_dagua_a_bc250k_2015,,,,,,,,,,,,,,,,
920.0,6511.0,,,,,,,,Natural,Estadual,Corpo Hídrico Estadual,,,,,,,,44.9772015602996,6.5498615764273,654.98615764273,4.95593358785305,,,,,,,,PARÁ,SALVATERRA,,Geocover S-22-00_2000,bho_massa_dagua,,,,,,,,,,,,,,,,
17894.0,61089.0,,,,,,,,Natural,Estadual,Corpo Hídrico Estadual,,,,,,,,4.65962832113228,0.239922660383978,23.9922660383978,2.68265454317704,,,,,,,,PARÁ,TAILÂNDIA,,,hid_trecho_massa_dagua_a_bc250k_2015,,,,,,,,,,,,,,,,
53391.0,39296.0,,,,,,,,Natural,Estadual,Corpo Hídrico Estadual,,,,,,,,3.25436573578097,0.154986315363016,15.4986315363016,2.33114232846148,,,,Lago/Lagoa,,Permanente,,PARÁ,ALMEIRIM,,,hid_massa_dagua_a_bc250k_2015,,,,,,,,,,,,,,,,
5312.0,56020.0,,,,,,,,Natural,Estadual,Corpo Hídrico Estadual,,,,,,,,8.26192692439865,1.35613080902425,135.613080902425,2.00068937818161,,,,Laguna,,,,PARÁ,"PRIMAVERA, QUATIPURU",,,hid_trecho_massa_dagua_a_bc250k_2015,,,,,,,,,,,,,,,,
37172.0,37154.0,,,,,,,,Natural,Estadual,Corpo Hídrico Estadual,,,,,,,,2.76408870060924,0.218380794781981,21.8380794781981,1.66799161378666,,,,Lago/Lagoa,,Permanente,,PARÁ,MOJU,,,hid_massa_dagua_a_bc250k_2015,,,,,,,,,,,,,,,,
21484.0,39706.0,,,,,,,,Natural,Federal,Corpo Hídrico Federal,,,,,,,,2.15598520624846,0.214317234828107,21.4317234828107,1.31330723322253,,,,Lago/Lagoa,,Permanente,,PARÁ,ALMEIRIM,,,hid_massa_dagua_a_bc250k_2015,,,,,,,,,,,,,,,,
13181.0,39616.0,,,,,,,,Natural,Estadual,Corpo Hídrico Estadual,,,,,,,,3.32206320480081,0.173976199336218,17.3976199336218,2.24601203871069,,,,Lago/Lagoa,,Permanente,,PARÁ,ORIXIMINÁ,,,hid_massa_dagua_a_bc250k_2015,,,,,,,,,,,,,,,,
59409.0,35828.0,,,,,,,,Natural,Estadual,Corpo Hídrico Estadual,,,,,,,,2.96996513218009,0.212479460342253,21.2479460342253,1.81694583882094,,,,Lago/Lagoa,,Permanente,,PARÁ,"IPIXUNA DO PARÁ, PARAGOMINAS",,,hid_massa_dagua_a_bc250k_2015,,,,,,,,,,,,,,,,
29626.0,37903.0,,,,,,,,Natural,Estadual,Corpo Hídrico Estadual,,,,,,,,4.44777397312837,0.282535739476962,28.2535739476962,2.35969092082029,,,,Lago/Lagoa,,Permanente,,PARÁ,PRAINHA,,,hid_massa_dagua_a_bc250k_2015,,,,,,,,,,,,,,,,
31841.0,37389.0,,,,,,,,Natural,Estadual,Corpo Hídrico Estadual,,,,,,,,2.49602629131522,0.363273809463958,36.3273809463958,1.16783428176929,,,,Lago/Lagoa,,Permanente,,PARÁ,ALMEIRIM,,,hid_massa_dagua_a_bc250k_2015,,,,,,,,,,,,,,,,
50572.0,39113.0,,,,,,,,Natural,Estadual,Corpo Hídrico Estadual,,,,,,,,1.2057140593547,0.10493489317634,10.493489317634,1.04962331988104,,,,Lago/Lagoa,,Permanente,,PARÁ,MONTE ALEGRE,,,hid_massa_dagua_a_bc250k_2015,,,,,,,,,,,,,,,,
50646.0,39158.0,,,,,,,,Natural,Estadual,Corpo Hídrico Estadual,,,,,,,,2.82428902910189,0.119911747530147,11.9911747530147,2.29999759152904,,,,Lago/Lagoa,,Permanente,,PARÁ,PARAGOMINAS,,,hid_massa_dagua_a_bc250k_2015,,,,,,,,,,,,,,,,
17159.0,62089.0,,,,,,,,Natural,Federal,Terra da União (Terra Indígena),,,,,,,,1.73511826651493,0.133092588834143,13.3092588834143,1.34122380747519,,,,,,,,PARÁ,JACAREACANGA,,,hid_trecho_massa_dagua_a_bc250k_2015,,,,,,,,,,,,,,,,
44413.0,38784.0,,,,,,,,Natural,Estadual,Corpo Hídrico Estadual,,,,,,,,1.42995497596352,0.096173525236391,9.61735252363912,1.30030042341867,,,,Lago/Lagoa,,Permanente,,PARÁ,JURUTI,,,hid_massa_dagua_a_bc250k_2015,,,,,,,,,,,,,,,,
10369.0,60426.0,,,,,,,,Natural,Federal,Terra da União (Unidade de Conservação),,,,,,,,2.77084608980061,0.157228624108957,15.7228624108957,1.97058741257399,,,,,,,,PARÁ,ALTAMIRA,,,hid_trecho_massa_dagua_a_bc250k_2015,,,,,,,,,,,,,,,,
47532.0,60891.0,,,,,,,,Natural,Federal,Terra da União (Unidade de Conservação),,,,,,,,1.53885752142131,0.135002742759914,13.5002742759914,1.18107159278753,,,,,,,,PARÁ,ORIXIMINÁ,,,hid_trecho_massa_dagua_a_bc250k_2015,,,,,,,,,,,,,,,,
27437.0,58882.0,,,,,,,,Natural,Federal,Terra da União (Unidade de Conservação),,,,,,,,2.08884967357891,0.126417400077145,12.6417400077145,1.6567343155544,,,,,,,,PARÁ,AUGUSTO CORRÊA,,,hid_trecho_massa_dagua_a_bc250k_2015,,,,,,,,,,,,,,,,
3471.0,56876.0,,,,,,,,Artificial,Estadual,Corpo Hídrico Estadual,ESTADO,,,,,,,4.05547966246887,0.141219285686139,14.1219285686139,3.04329695130928,,,,Represa/Açude,,,,PARÁ,PARAGOMINAS,,,hid_trecho_massa_dagua_a_bc250k_2015,,,,,,,,,,,,,,,,
27775.0,61510.0,,,,,,,,Natural,Federal,Terra da União (Unidade de Conservação),,,,,,,,1.39710593721054,0.124766429892678,12.4766429892678,1.11539725785213,,,,,,,,PARÁ,TRAIRÃO,,,hid_trecho_massa_dagua_a_bc250k_2015,,,,,,,,,,,,,,,,
43744.0,62165.0,,,,,,,,Natural,Estadual,Corpo Hídrico Estadual,,,,,,,,1.41494791646581,0.055925223404073,5.59252234040735,1.68727432700273,,,,,,,,PARÁ,ALENQUER,,,hid_trecho_massa_dagua_a_bc250k_2015,,,,,,,,,,,,,,,,
25749.0,38498.0,,,,,,,,Natural,Estadual,Corpo Hídrico Estadual,,,,,,,,3.47656394654698,0.218574150396452,21.8574150396452,2.09700724480213,,,,Lago/Lagoa,,Permanente,,PARÁ,ALENQUER,,,hid_massa_dagua_a_bc250k_2015,,,,,,,,,,,,,,,,
42998.0,58981.0,,,,,,,,Natural,Federal,Terra da União (Unidade de Conservação),,,,,,,,21.570766101784,3.91315060404143,391.315060404143,3.07504444072799,,,,Rio,,,,PARÁ,VISEU,,,hid_trecho_massa_dagua_a_bc250k_2015,,,,,,,,,,,,,,,,711992
51008.0,49405.0,,,,,,,,Natural,Federal,Terra da União (Unidade de Conservação),,,,,,,,4.67345338759613,0.260529717466829,26.0529717466829,2.5820127918234,,,,Lago/Lagoa,,Permanente,,PARÁ,BRAGANÇA,,,hid_massa_dagua_a_bc250k_2015,,,,,,,,,,,,,,,,
48064.0,38523.0,,,,,,,,Natural,Federal,Terra da União (Terra Indígena),,,,,,,,1.07072031355773,0.075999945994455,7.59999459944549,1.09526323192174,,,,Lago/Lagoa,,Permanente,,PARÁ,ALTAMIRA,,,hid_massa_dagua_a_bc250k_2015,,,,,,,,,,,,,,,,
51978.0,38407.0,,,,,,,,Natural,Estadual,Corpo Hídrico Estadual,,,,,,,,2.68471101828093,0.202604851621401,20.2604851621401,1.68198350756755,,,,Lago/Lagoa,,Permanente,,PARÁ,ORIXIMINÁ,,,hid_massa_dagua_a_bc250k_2015,,,,,,,,,,,,,,,,
46627.0,57242.0,,,,,,,,Natural,Estadual,Corpo Hídrico Estadual,,,,,,,,6.54505097107521,0.741656703153076,74.1656703153076,2.14319001994068,,,,Rio,,,,PARÁ,CACHOEIRA DO ARARI,,,hid_trecho_massa_dagua_a_bc250k_2015,,,,,,,,,,,,,,,6164,6164
47038.0,36159.0,,,,,,,,Natural,Federal,Terra da União (Terra Indígena),,,,,,,,2.66733101012895,0.101862763079495,10.1862763079495,2.35677594152145,,,,Meandro abandonado,,Permanente,,PARÁ,JACAREACANGA,,,hid_massa_dagua_a_bc250k_2015,,,,,,,,,,,,,,,,
12917.0,36223.0,,,,,,,,Natural,Estadual,Corpo Hídrico Estadual,,,,,,,,3.17773970769463,0.324036873993235,32.4036873993235,1.57423735002831,,,,Lago/Lagoa,,Permanente,,PARÁ,MONTE ALEGRE,,,hid_massa_dagua_a_bc250k_2015,,,,,,,,,,,,,,,,
34324.0,38173.0,,,,,,,,Natural,Estadual,Corpo Hídrico Estadual,,,,,,,,4.59258387640962,0.560092981382505,56.0092981382505,1.73051807518321,,,,Lago/Lagoa,,Permanente,,PARÁ,PONTA DE PEDRAS,,,hid_massa_dagua_a_bc250k_2015,,,,,,,,,,,,,,,,
48191.0,39464.0,,,,,,,,Natural,Federal,Terra da União (Terra Indígena),,,,,,,,3.07560368319537,0.235039181126204,23.5039181126204,1.78899591111546,,,,Lago/Lagoa,,Permanente,,PARÁ,ALTAMIRA,,,hid_massa_dagua_a_bc250k_2015,,,,,,,,,,,,,,,,
28811.0,56613.0,,,,,,,,Natural,Federal,Terra da União (Unidade de Conservação),,,,,,,,10.0044533968098,1.61917294447825,161.917294447825,2.21715397482663,,,,Rio,,,,PARÁ,TRACUATEUA,,,hid_trecho_massa_dagua_a_bc250k_2015,,,,,,,,,,,,,,,,711736
22325.0,38435.0,,,,,,,,Natural,Estadual,Corpo Hídrico Estadual,,,,,,,,1.36533092462632,0.083845763913685,8.38457639136852,1.32967796685981,,,,Lago/Lagoa,,Permanente,,PARÁ,ORIXIMINÁ,,,hid_massa_dagua_a_bc250k_2015,,,,,,,,,,,,,,,,
19374.0,35559.0,,,,,,,,Natural,Estadual,Corpo Hídrico Estadual,,,,,,,,1.59110614315125,0.08148865057795,8.14886505779501,1.57180873443616,,,,Lago/Lagoa,,Permanente,,PARÁ,IPIXUNA DO PARÁ,,,hid_massa_dagua_a_bc250k_2015,,,,,,,,,,,,,,,,
37650.0,38089.0,,,,,,,,Natural,Estadual,Corpo Hídrico Estadual,,,,,,,,3.24248606998492,0.211780806090288,21.1780806090288,1.98693622999751,,,,Lago/Lagoa,,Permanente,,PARÁ,JURUTI,,,hid_massa_dagua_a_bc250k_2015,,,,,,,,,,,,,,,,
48562.0,54385.0,,,,,,,,Natural,Estadual,Corpo Hídrico Estadual,,,,,,,,1.6946827544511,0.152586845158734,15.2586845158734,1.22342956530578,,,,Laguna,,,,PARÁ,PARAGOMINAS,,,hid_trecho_massa_dagua_a_bc250k_2015,,,,,,,,,,,,,,,,
59959.0,56270.0,,,,,,,,Artificial,Estadual,Corpo Hídrico Estadual,ESTADO,,,,,,,3.70544840956546,0.221856780547961,22.1856780547961,2.21846982582949,,,,Represa/Açude,,,,PARÁ,CAPITÃO POÇO,,,hid_trecho_massa_dagua_a_bc250k_2015,,,,,,,,,,,,,,,,
15762.0,35573.0,,,,,,,,Natural,Federal,Terra da União (Terra Indígena),,,,,,,,1.39982495596785,0.108573083709129,10.8573083709129,1.19801361499669,,,,Lago/Lagoa,,Permanente,,PARÁ,JACAREACANGA,,,hid_massa_dagua_a_bc250k_2015,,,,,,,,,,,,,,,,
47246.0,36539.0,,,,,,,,Natural,Federal,Terra da União (Terra Indígena),,,,,,,,2.58950459691821,0.165421159356751,16.5421159356751,1.79543738743898,,,,Lago/Lagoa,,Permanente,,PARÁ,PARAGOMINAS,,,hid_massa_dagua_a_bc250k_2015,,,,,,,,,,,,,,,,
11548.0,37532.0,,,,,,,,Natural,Estadual,Corpo Hídrico Estadual,,,,,,,,1.81825925218976,0.22360479276566,22.360479276566,1.08433720807077,,,,Lago/Lagoa,,Permanente,,PARÁ,MUANÁ,,,hid_massa_dagua_a_bc250k_2015,,,,,,,,,,,,,,,,
39450.0,36687.0,,,Lagoa dos Bois,,Lagoa,dos,Bois,Natural,Federal,Terra da União (Terra Indígena),,,,,,,,3.61207328339666,0.261304703484988,26.1304703484988,1.99265469899954,,,,Lago/Lagoa,,Permanente,,PARÁ,SÃO FÉLIX DO XINGU,,,hid_massa_dagua_a_bc250k_2015,,,,,,,,,,,,,,,,
30817.0,35537.0,,,Lagoa da Josefa,,Lagoa,da,Josefa,Natural,Estadual,Corpo Hídrico Estadual,,,,,,,,5.2647367860444,0.586042481969394,58.6042481969394,1.93937245073195,,,,Lago/Lagoa,,Permanente,,PARÁ,ORIXIMINÁ,,,hid_massa_dagua_a_bc250k_2015,,,,,,,,,,,,,,,,
631.0,57028.0,,,Baía de Santo Antônio,,Baía,de,Santo Antônio,Natural,Federal,Corpo Hídrico Federal,,,,,,,,57.6370328277033,94.3600297158587,9436.00297158587,1.67323403120459,,,,Rio,,,Baía de Santo Antônio,PARÁ,BELÉM,,,hid_trecho_massa_dagua_a_bc250k_2015,,,,,,,,,,,,,,,61174,61174
31787.0,60330.0,,,Rio Barreto,,Rio,,Barreto,Natural,Estadual,Corpo Hídrico Estadual,,,,,,,,0.709377071171091,0.003876158723478,0.38761587234785,3.21310915051399,,,,,,,,PARÁ,CACHOEIRA DO ARARI,,,hid_trecho_massa_dagua_a_bc250k_2015,,,,,,,,,,,,,,,,
33738.0,39092.0,,,Lagoa Pai Domingos,,Lagoa,,Pai Domingos,Natural,Estadual,Corpo Hídrico Estadual,,,,,,,,3.09969369663681,0.298213972980242,29.8213972980242,1.6006776983374,,,,Lago/Lagoa,,Permanente,,PARÁ,"ÓBIDOS, ORIXIMINÁ",,,hid_massa_dagua_a_bc250k_2015,,,,,,,,,,,,,,,,
10220.0,38483.0,,,Lago Norte 5,,Lago,,Norte 5,Natural,Federal,Terra da União (Unidade de Conservação),,,,,,,,1.42178484260009,0.120860502244258,12.0860502244258,1.15329601384002,,,,Lago/Lagoa,,Permanente,,PARÁ,PARAUAPEBAS,,,hid_massa_dagua_a_bc250k_2015,,,,,,,,,,,,,,,,
4559.0,37999.0,,,Lagoa Lagoinha,,Lagoa,,Lagoinha,Natural,Federal,Terra da União (Unidade de Conservação),,,,,,,,1.64903464242151,0.141236128760236,14.1236128760236,1.23738824223132,,,,Lago/Lagoa,,Permanente,,PARÁ,ORIXIMINÁ,,,hid_massa_dagua_a_bc250k_2015,,,,,,,,,,,,,,,,
46263.0,38010.0,,,Lagoa Lagoinha,,Lagoa,,Lagoinha,Natural,Federal,Terra da União (Unidade de Conservação),,,,,,,,1.67241821123849,0.121741308157851,12.1741308157851,1.35168350585638,,,,Lago/Lagoa,,Permanente,,PARÁ,ORIXIMINÁ,,,hid_massa_dagua_a_bc250k_2015,,,,,,,,,,,,,,,,
41876.0,36602.0,,,Lagoa Garrafa,,Lagoa,,Garrafa,Natural,Estadual,Corpo Hídrico Estadual,,,,,,,,1.84951743234767,0.110587875326553,11.0587875326553,1.56838897313074,,,,Lago/Lagoa,,Permanente,,PARÁ,ORIXIMINÁ,,,hid_massa_dagua_a_bc250k_2015,,,,,,,,,,,,,,,,
719.0,53854.0,,,Furo Grande,,Furo,,Grande,Natural,Federal,Corpo Hídrico Federal,,,,,,,,60.1158688781783,7.4333080013848,743.33080013848,6.21794924446842,,,,Rio,,,,PARÁ,AFUÁ,,,hid_trecho_massa_dagua_a_bc250k_2015,,,,,,,,,,,,,,,4,4
9681.0,37920.0,,,,,,,,Natural,Federal,Terra da União (Unidade de Conservação),,,,,,,,1.6314367227259,0.176922965041546,17.6922965041546,1.09377309837745,,,,Lago/Lagoa,,Permanente,,PARÁ,OEIRAS DO PARÁ,,,hid_massa_dagua_a_bc250k_2015,,,,,,,,,,,,,,,,
233.0,54010.0,,,,,,,,Natural,Estadual,Corpo Hídrico Estadual,,,,,,,,4.6951744193003,0.371888708343298,37.1888708343298,2.17117256517952,,,,,,,,PARÁ,ORIXIMINÁ,,,hid_trecho_massa_dagua_a_bc250k_2015,,,,,,,,,,,,,,,,
241058.0,242967.0,,,,,,,,Natural,Estadual,Corpo Hídrico Estadual,,,,,,,,21.4928368731363,2.31887187463575,231.887187463575,3.98019614061718,,,,Rio,,,Furo Arrozal,PARÁ,BARCARENA,,,hid_trecho_massa_dagua_a_bc250k_2015,,,,,,,,,,,,,,,6176,6176
57250.0,62961.0,,,,,,,,Natural,Estadual,Corpo Hídrico Estadual,,,,,,,,82.8737052382691,8.53844749960099,853.844749960099,7.99790807966144,,,,,,,,PARÁ,PRAINHA,,,bho_massa_dagua_2019,Atualizada geometria em 09/2016,,,,,,,,,,,,,,,
45289.0,53733.0,,,Rio Mojurucá Grande,,Rio,,Mojurucá Grande,Natural,Estadual,Corpo Hídrico Estadual,,,,,,,,28.6021273387903,3.36421204756005,336.421204756005,4.39749914083019,,,,Rio,,,Rio Mojurucá Grande,PARÁ,"LIMOEIRO DO AJURU, OEIRAS DO PARÁ",,,hid_trecho_massa_dagua_a_bc250k_2015,,,,,,,,,,,,,,,62192,62192
43263.0,37743.0,,,,,,,,Natural,Estadual,Corpo Hídrico Estadual,,,,,,,,4.08765314586032,0.183686522655759,18.3686522655759,2.68958020041029,,,,Lago/Lagoa,,Permanente,,PARÁ,ITAITUBA,,,hid_massa_dagua_a_bc250k_2015,,,,,,,,,,,,,,,,
43819.0,15615.0,,,,,,,,Natural,Federal,Corpo Hídrico Federal,,,,,,,,2.44079218121919,0.366634566595485,36.6634566595485,1.13674540578018,,,,,,,,PARÁ,SANTARÉM,,167-103_20041217,bho_massa_dagua,,,,,,,,,,,,,,,,
624.0,57275.0,,,Igarapé Água Preta,,Igarapé,,Água Preta,Natural,Estadual,Corpo Hídrico Estadual,,,,,,,,5.43221149826671,0.260546968111233,26.0546968111233,3.00111589397671,,,,,,,,PARÁ,BAGRE,,,hid_trecho_massa_dagua_a_bc250k_2015,,,,,,,,,,,,,,,,
52615.0,53741.0,,,,,,,,Natural,Estadual,Corpo Hídrico Estadual,,,,,,,,2.0668069106074,0.300143156556851,30.0143156556851,1.06386076013218,,,,,,,,PARÁ,SÃO FÉLIX DO XINGU,,,hid_trecho_massa_dagua_a_bc250k_2015,,,,,,,,,,,,,,,,
39139.0,37261.0,,,,,,,,Natural,Federal,Terra da União (Unidade de Conservação),,,,,,,,1.42469859878939,0.139575552472849,13.9575552472849,1.07539355091194,,,,Lago/Lagoa,,Permanente,,PARÁ,PARAUAPEBAS,,,hid_massa_dagua_a_bc250k_2015,,,,,,,,,,,,,,,,
47752.0,39605.0,,,,,,,,Natural,Estadual,Corpo Hídrico Estadual,,,,,,,,1.44024330590877,0.063615961492331,6.36159614923313,1.61028195394789,,,,Lago/Lagoa,,Permanente,,PARÁ,TOMÉ-AÇU,,,hid_massa_dagua_a_bc250k_2015,,,,,,,,,,,,,,,,
37552.0,37176.0,,,,,,,,Natural,Estadual,Corpo Hídrico Estadual,,,,,,,,1.4686838932961,0.123979392076624,12.3979392076624,1.17625826809711,,,,Lago/Lagoa,,Permanente,,PARÁ,ALMEIRIM,,,hid_massa_dagua_a_bc250k_2015,,,,,,,,,,,,,,,,
52145.0,6651.0,,,,,,,,Natural,Federal,Terra da União (Unidade de Conservação),,,,,,,,5.98339727064996,1.18341613806268,118.341613806268,1.55105859133189,,,,,,,,PARÁ,PORTO DE MOZ,,166-103_20050716,bho_massa_dagua,,,,,,,,,,,,,,,,
12844.0,15025.0,,,,,,,,Natural,Estadual,Corpo Hídrico Estadual,,,,,,,,4.68192358767484,0.404043838041491,40.4043838041491,2.07710851363134,,,,,,,,PARÁ,ALENQUER,,167-102_20050903,bho_massa_dagua,,,,,,,,,,,,,,,,
3809.0,59110.0,,,,,,,,Natural,Estadual,Corpo Hídrico Estadual,,,,,,,,3.48708789033437,0.144631007320925,14.4631007320925,2.58571882057602,,,,,,,,PARÁ,SÃO MIGUEL DO GUAMÁ,,,hid_trecho_massa_dagua_a_bc250k_2015,,,,,,,,,,,,,,,,
44489.0,39217.0,,,,,,,,Natural,Estadual,Corpo Hídrico Estadual,,,,,,,,1.32847582375293,0.110614438944418,11.0614438944418,1.1264109228924,,,,Lago/Lagoa,,Permanente,,PARÁ,ÓBIDOS,,,hid_massa_dagua_a_bc250k_2015,,,,,,,,,,,,,,,,
241067.0,243909.0,,,Baía do Vieira Grande,,Baía,do,Vieira Grande,Natural,Estadual,Corpo Hídrico Estadual,,,,,,,,25.4962729401696,4.7508223601717,475.08223601717,3.29868930235192,,,,Rio,,,Furo Piraiauara,PARÁ,AFUÁ,,,hid_trecho_massa_dagua_a_bc250k_2015,,,,,,,,,,,,,,,5614,5414
241046.0,62878.0,,,Rio Anapu,,Rio,,Anapu,Natural,Estadual,Corpo Hídrico Estadual,,,,,,,,336.233340363961,128.704727938426,12870.4727938426,8.35781267600112,,,,Rio,,,Rio Anapu,PARÁ,PORTEL,,,bho_massa_dagua_2019,Atualizada geometria em 09/2016,,,,,,,,,,,,,,626,626
14168.0,38257.0,,,,,,,,Natural,Federal,Terra da União (Terra Indígena),,,,,,,,3.56290389131921,0.16007832263289,16.007832263289,2.51123267372257,,,,Lago/Lagoa,,Permanente,,PARÁ,JACAREACANGA,,,hid_massa_dagua_a_bc250k_2015,,,,,,,,,,,,,,,,
37564.0,63001.0,,,,,,,,Natural,Estadual,Corpo Hídrico Estadual,,,,,,,,765.987866003935,246.164664225841,24616.4664225841,13.7675969139264,,,,,,,,PARÁ,"PACAJÁ, PORTEL",,,bho_massa_dagua_2019,Atualizada geometria em 09/2016,,,,,,,,,,,,,,,
47728.0,38993.0,,,,,,,,Natural,Federal,Terra da União (Terra Indígena),,,,,,,,1.60948813790997,0.099437523572155,9.9437523572155,1.43933451089417,,,,Lago/Lagoa,,Permanente,,PARÁ,JACAREACANGA,,,hid_massa_dagua_a_bc250k_2015,,,,,,,,,,,,,,,,
42815.0,58944.0,,,,,,,,Natural,Federal,Terra da União (Unidade de Conservação),,,,,,,,1.49997712565986,0.06728363335761,6.72836333576102,1.63071860724869,,,,,,,,PARÁ,AUGUSTO CORRÊA,,,hid_trecho_massa_dagua_a_bc250k_2015,,,,,,,,,,,,,,,,
38329.0,15587.0,,,,,,,,Natural,Federal,Corpo Hídrico Federal,,,,,,,,43.1038273824883,31.0766547533363,3107.66547533363,2.18045843146733,,,,,,,,PARÁ,SANTARÉM,,167-103_20041217,bho_massa_dagua,,,,,,,,,,,,,,,,
58152.0,36621.0,,,,,,,,Natural,Federal,Terra da União (Terra Indígena),,,,,,,,1.78290337591738,0.092568873123915,9.25688731239147,1.65251125913477,,,,Lago/Lagoa,,Permanente,,PARÁ,ALTAMIRA,,,hid_massa_dagua_a_bc250k_2015,,,,,,,,,,,,,,,,
53276.0,55975.0,,,,,,,,Natural,Estadual,Corpo Hídrico Estadual,,,,,,,,7.86595837612469,0.59251614973634,59.251614973634,2.88171253903882,,,,,,,,PARÁ,CURUÁ,,,hid_trecho_massa_dagua_a_bc250k_2015,,,,,,,,,,,,,,,,
12117.0,39055.0,,,,,,,,Natural,Estadual,Corpo Hídrico Estadual,,,,,,,,4.17322974464296,0.504950059635104,50.4950059635104,1.65614054128029,,,,Lago/Lagoa,,Permanente,,PARÁ,JURUTI,,,hid_massa_dagua_a_bc250k_2015,,,,,,,,,,,,,,,,
241053.0,242963.0,,,,,,,,Natural,Estadual,Corpo Hídrico Estadual,,,,,,,,6.92080787596293,0.411080938323566,41.1080938323566,3.04398306529043,,,,Rio,,,Igarapé Patauateua,PARÁ,MUANÁ,,,hid_trecho_massa_dagua_a_bc250k_2015,,,,,,,,,,,,,,,61962,61962
21065.0,53904.0,,,,,,,,Natural,Estadual,Corpo Hídrico Estadual,,,,,,,,3.64317094294254,0.47656803787858,47.656803787858,1.48821679628852,,,,,,,,PARÁ,ALTAMIRA,,,hid_trecho_massa_dagua_a_bc250k_2015,,,,,,,,,,,,,,,,
17373.0,57002.0,,,,,,,,Natural,Estadual,Corpo Hídrico Estadual,,,,,,,,1.72227250156163,0.157047410358921,15.7047410358921,1.2255628449983,,,,,,,,PARÁ,PRAINHA,,,hid_trecho_massa_dagua_a_bc250k_2015,,,,,,,,,,,,,,,,
55055.0,39316.0,,,,,,,,Natural,Federal,Terra da União (Terra Indígena),,,,,,,,1.50001517895869,0.093067460071322,9.30674600713224,1.3865828723107,,,,Lago/Lagoa,,Permanente,,PARÁ,JACAREACANGA,,,hid_massa_dagua_a_bc250k_2015,,,,,,,,,,,,,,,,
48065.0,38544.0,,,,,,,,Natural,Federal,Terra da União (Terra Indígena),,,,,,,,3.08401304968415,0.210648365211461,21.0648365211461,1.89489988252845,,,,Meandro abandonado,,Permanente,,PARÁ,JACAREACANGA,,,hid_massa_dagua_a_bc250k_2015,,,,,,,,,,,,,,,,
49207.0,15719.0,,,,,,,,Natural,Federal,Corpo Hídrico Federal,,,,,,,,5.62972931642415,0.525513415402093,52.5513415402093,2.19000304500901,,,,,,,,PARÁ,JURUTI,,169-103_20050923,bho_massa_dagua,,,,,,,,,,,,,,,,
44686.0,37384.0,,,,,,,,Natural,Estadual,Corpo Hídrico Estadual,,,,,,,,1.93956440432617,0.157874589644142,15.7874589644142,1.37656649914682,,,,Lago/Lagoa,,Permanente,,PARÁ,ITAITUBA,,,hid_massa_dagua_a_bc250k_2015,,,,,,,,,,,,,,,,
760.0,62880.0,,,,,,,,Natural,Federal,Terra da União (Unidade de Conservação),,,,,,,,57.7994339551385,3.40384768662888,340.384768662888,8.8346151248637,,,,,,,,PARÁ,ALTAMIRA,,,bho_massa_dagua_2019,,,,,,,,,,,,,,,,
25901.0,35687.0,,,,,,,,Natural,Federal,Corpo Hídrico Federal,,,,,,,,3.14780562423525,0.207700926862399,20.7700926862399,1.94777056325038,,,,Lago/Lagoa,,Permanente,,PARÁ,SANTARÉM,,,hid_massa_dagua_a_bc250k_2015,,,,,,,,,,,,,,,,
43571.0,38424.0,,,,,,,,Natural,Estadual,Corpo Hídrico Estadual,,,,,,,,2.12325341276227,0.256234710372285,25.6234710372285,1.18285622282533,,,,Lago/Lagoa,,Permanente,,PARÁ,MONTE ALEGRE,,,hid_massa_dagua_a_bc250k_2015,,,,,,,,,,,,,,,,
6462.0,37314.0,,,,,,,,Natural,Federal,Corpo Hídrico Federal,,,,,,,,1.97238185420504,0.250353862225558,25.0353862225558,1.11163691134682,,,,Lago/Lagoa,,Permanente,,PARÁ,CURUÁ,,,hid_massa_dagua_a_bc250k_2015,,,,,,,,,,,,,,,,
42404.0,53912.0,,,,,,,,Natural,Estadual,Corpo Hídrico Estadual,,,,,,,,17.322671088779,0.991646062014572,99.1646062014572,4.90552645213683,,,,Rio,,,Rio Caji,PARÁ,IGARAPÉ-MIRI,,,hid_trecho_massa_dagua_a_bc250k_2015,,,,,,,,,,,,,,,618,618
54292.0,39648.0,,,,,,,,Natural,Estadual,Corpo Hídrico Estadual,,,,,,,,3.57002817870854,0.349080279795941,34.9080279795941,1.70395489586465,,,,Lago/Lagoa,,Permanente,,PARÁ,MOJU,,,hid_massa_dagua_a_bc250k_2015,,,,,,,,,,,,,,,,
53355.0,37527.0,,,,,,,,Natural,Estadual,Corpo Hídrico Estadual,,,,,,,,4.43213046972487,0.298712641142031,29.8712641142031,2.28683507003469,,,,Lago/Lagoa,,Permanente,,PARÁ,PRAINHA,,,hid_massa_dagua_a_bc250k_2015,,,,,,,,,,,,,,,,
29165.0,22958.0,,,,,,,,Natural,Federal,Terra da União (Unidade de Conservação),,,,,,,,3.46695406023067,0.448089356363843,44.8089356363843,1.46054479464003,,,,,,,,PARÁ,BAIÃO,,162-103_20040824,bho_massa_dagua,,,,,,,,,,,,,,,,
1845.0,37919.0,,,,,,,,Natural,Estadual,Corpo Hídrico Estadual,,,,,,,,1.41321837581822,0.096479318702103,9.64793187021034,1.28304317305084,,,,Lago/Lagoa,,Permanente,,PARÁ,ORIXIMINÁ,,,hid_massa_dagua_a_bc250k_2015,,,,,,,,,,,,,,,,
46879.0,38086.0,,,,,,,,Natural,Federal,Terra da União (Unidade de Conservação),,,,,,,,1.94076437288592,0.095282050569048,9.52820505690476,1.77303117548574,,,,Lago/Lagoa,,Permanente,,PARÁ,ALTAMIRA,,,hid_massa_dagua_a_bc250k_2015,,,,,,,,,,,,,,,,
40792.0,57198.0,,,Furo da Rapariga,,Furo,da,Rapariga,Natural,Estadual,Corpo Hídrico Estadual,,,,,,,,23.9820525037857,2.30824582449084,230.824582449084,4.45137752231059,,,,Rio,,,Furo da Rapariga,PARÁ,BREVES,,,hid_trecho_massa_dagua_a_bc250k_2015,,,,,,,,,,,,,,,5246,52586
44568.0,58901.0,,,,,,,,Artificial,Estadual,Corpo Hídrico Estadual,ESTADO,,,,,,,2.11530756940838,0.147058123433084,14.7058123433084,1.55552903498216,,,,Represa/Açude,,,,PARÁ,PEIXE-BOI,,,hid_trecho_massa_dagua_a_bc250k_2015,,,,,,,,,,,,,,,,
48633.0,35545.0,,,,,,,,Natural,Estadual,Corpo Hídrico Estadual,,,,,,,,1.75187383636055,0.107788926938512,10.7788926938512,1.50475176266019,,,,Lago/Lagoa,,Permanente,,PARÁ,MOJU,,,hid_massa_dagua_a_bc250k_2015,,,,,,,,,,,,,,,,
1899.0,244528.0,5056.0,19158.0,UHE São Manoel,,UHE,,São Manoel,Artificial,Federal,Corpo Hídrico Federal,ANEEL,Empresa de Energia São Manoel S.A.,COSER/ANA (RSB2018),29/07/2017,COSER/ANA (RSB2018),577.22,COSER/ANA (RSB2018),177.060408550858,41.2935120184867,4129.35120184866,7.77015459617664,Hidrelétrica,COSER/ANA (RSB2018),UHE,,,,,"MATO GROSSO, PARÁ","JACAREACANGA, PARANAÍTA",,,bho_massa_dagua_2019,Atualizada geometria em 09/2016,,,,,,,,,,,,,,,
39215.0,59114.0,,,,,,,,Natural,Federal,Terra da União (Unidade de Conservação),,,,,,,,23.0379091154584,5.94340705259867,594.340705259867,2.66486020427089,,,,Rio,,,,PARÁ,BRAGANÇA,,,hid_trecho_massa_dagua_a_bc250k_2015,,,,,,,,,,,,,,,,71178
2441.0,14932.0,,,Lagoa do Tucunaré,,Lagoa,do,Tucunaré,Natural,Estadual,Corpo Hídrico Estadual,,,,,,,,4.09807774165311,0.318803076283107,31.8803076283107,2.04676531838894,,,,,,,,PARÁ,ÓBIDOS,Carta 1:100000,169-101_20050923,bho_massa_dagua,,,,,,,,,,,,,,,,
