id,uf,name,city,area_ha,VERSION,SOURCE,CATEG_ID,LEVEL_1,LEVEL_3,GEOCODE,LEVEL_2,NAME_STD
AM0013000,AM,PA VILA AMAZÔNIA (AM0013000),PARINTINS,85406.11,1,"INCRA, 2024",63,Brasil,,AM0013000,PA VILA AMAZÔNIA (AM0013000),LEVEL_2
AP0053000,AP,PAE ILHA DE ARUAS (AP0053000),VITORIA DO JARI,5557.11,1,"INCRA, 2024",63,Brasil,,AP0053000,PAE ILHA DE ARUAS (AP0053000),LEVEL_2
AT0006000,PA,PA SURUBIM (AT0006000),MEDICILANDIA,203034.41,1,"INCRA, 2024",63,Brasil,,AT0006000,PA SURUBIM (AT0006000),LEVEL_2
AT0009000,PA,PA ASSURINI (AT0009000),ALTAMIRA,36109.62,1,"INCRA, 2024",63,Brasil,,AT0009000,PA ASSURINI (AT0009000),LEVEL_2
AT0010000,PA,PA RIO DO PEIXE (AT0010000),URUARA,25696.46,1,"INCRA, 2024",63,Brasil,,AT0010000,PA RIO DO PEIXE (AT0010000),LEVEL_2
AT0019000,PA,PA UIRAPURU (AT0019000),URUARA,21968.22,1,"INCRA, 2024",63,Brasil,,AT0019000,PA UIRAPURU (AT0019000),LEVEL_2
AT0020000,PA,PA TUTUÍ SUL (AT0020000),URUARA,20320.88,1,"INCRA, 2024",63,Brasil,,AT0020000,PA TUTUÍ SUL (AT0020000),LEVEL_2
AT0021000,PA,PA GROTÃO DA ONÇA (AT0021000),ANAPU,15824.43,1,"INCRA, 2024",63,Brasil,,AT0021000,PA GROTÃO DA ONÇA (AT0021000),LEVEL_2
AT0022000,PA,PA RIO TRAIRÃO (AT0022000),URUARA,16043.97,1,"INCRA, 2024",63,Brasil,,AT0022000,PA RIO TRAIRÃO (AT0022000),LEVEL_2
AT0023000,PA,PA CANOÉ (AT0023000),SENADOR JOSE PORFIRIO,36477.27,1,"INCRA, 2024",63,Brasil,,AT0023000,PA CANOÉ (AT0023000),LEVEL_2
AT0024000,PA,PA ARARAQUARA (AT0024000),SENADOR JOSE PORFIRIO,13714.17,1,"INCRA, 2024",63,Brasil,,AT0024000,PA ARARAQUARA (AT0024000),LEVEL_2
AT0026000,PA,PA PILÃO POENTE (AT0026000),ANAPU,19972.72,1,"INCRA, 2024",63,Brasil,,AT0026000,PA PILÃO POENTE (AT0026000),LEVEL_2
AT0028000,PA,PA BRASIL NOVO (AT0028000),BRASIL NOVO,7116.93,1,"INCRA, 2024",63,Brasil,,AT0028000,PA BRASIL NOVO (AT0028000),LEVEL_2
AT0036000,PA,PA BOM JARDIM (AT0036000),PACAJA,95051.17,1,"INCRA, 2024",63,Brasil,,AT0036000,PA BOM JARDIM (AT0036000),LEVEL_2
AT0037000,PA,PA RIO ARATAÚ (AT0037000),PACAJA,69129.43,1,"INCRA, 2024",63,Brasil,,AT0037000,PA RIO ARATAÚ (AT0037000),LEVEL_2
AT0039000,PA,PA PILÃO POENTE III (AT0039000),ANAPU,31567.74,1,"INCRA, 2024",63,Brasil,,AT0039000,PA PILÃO POENTE III (AT0039000),LEVEL_2
AT0040000,PA,PA PILÃO POENTE II (AT0040000),ANAPU,83914.9,1,"INCRA, 2024",63,Brasil,,AT0040000,PA PILÃO POENTE II (AT0040000),LEVEL_2
AT0041000,PA,PA ALTO PARÁ (AT0041000),PLACAS,45047.41,1,"INCRA, 2024",63,Brasil,,AT0041000,PA ALTO PARÁ (AT0041000),LEVEL_2
AT0044000,PA,PA PLACAS (AT0044000),PLACAS,28678.44,1,"INCRA, 2024",63,Brasil,,AT0044000,PA PLACAS (AT0044000),LEVEL_2
AT0045000,PA,PA RIO DAS PEDRAS (AT0045000),PLACAS,24148.81,1,"INCRA, 2024",63,Brasil,,AT0045000,PA RIO DAS PEDRAS (AT0045000),LEVEL_2
AT0046000,PA,PA CURUÁ-UNA (AT0046000),PLACAS,17224.89,1,"INCRA, 2024",63,Brasil,,AT0046000,PA CURUÁ-UNA (AT0046000),LEVEL_2
AT0048000,PA,PA IGARAPÉ FLORES (AT0048000),BRASIL NOVO,22126.82,1,"INCRA, 2024",63,Brasil,,AT0048000,PA IGARAPÉ FLORES (AT0048000),LEVEL_2
AT0049000,PA,PA PENETECAUA (AT0049000),BRASIL NOVO,22744.78,1,"INCRA, 2024",63,Brasil,,AT0049000,PA PENETECAUA (AT0049000),LEVEL_2
AT0051000,PA,PA LARANJAL (AT0051000),BRASIL NOVO,12726.03,1,"INCRA, 2024",63,Brasil,,AT0051000,PA LARANJAL (AT0051000),LEVEL_2
AT0058000,PA,PA RESSACA (AT0058000),SENADOR JOSE PORFIRIO,41022.23,1,"INCRA, 2024",63,Brasil,,AT0058000,PA RESSACA (AT0058000),LEVEL_2
AT0059000,PA,PA MORRO DOS ARARAS (AT0059000),ALTAMIRA,16104.92,1,"INCRA, 2024",63,Brasil,,AT0059000,PA MORRO DOS ARARAS (AT0059000),LEVEL_2
AT0060000,PA,PA ITAPUAMA (AT0060000),ALTAMIRA,63539.21,1,"INCRA, 2024",63,Brasil,,AT0060000,PA ITAPUAMA (AT0060000),LEVEL_2
AT0061000,PA,PA JURAUÁ (AT0061000),SENADOR JOSE PORFIRIO,9205.67,1,"INCRA, 2024",63,Brasil,,AT0061000,PA JURAUÁ (AT0061000),LEVEL_2
AT0062000,PA,PA ARAPARI (AT0062000),SENADOR JOSE PORFIRIO,8909.14,1,"INCRA, 2024",63,Brasil,,AT0062000,PA ARAPARI (AT0062000),LEVEL_2
AT0064000,PA,PA TUTUÍ NORTE (AT0064000),URUARA,24558.47,1,"INCRA, 2024",63,Brasil,,AT0064000,PA TUTUÍ NORTE (AT0064000),LEVEL_2
AT0067000,PA,PDS ANAPU I (AT0067000),ANAPU,20421.36,1,"INCRA, 2024",63,Brasil,,AT0067000,PDS ANAPU I (AT0067000),LEVEL_2
AT0070000,PA,PDS VIROLA JATOBÁ (AT0070000),ANAPU,41646.49,1,"INCRA, 2024",63,Brasil,,AT0070000,PDS VIROLA JATOBÁ (AT0070000),LEVEL_2
AT0101000,PA,PDS ADEMIR FREDERICCE (AT0101000),MEDICILANDIA,234307.65,1,"INCRA, 2024",63,Brasil,,AT0101000,PDS ADEMIR FREDERICCE (AT0101000),LEVEL_2
AT0118000,PA,PDS BRASÍLIA (AT0118000),ALTAMIRA,19798.96,1,"INCRA, 2024",63,Brasil,,AT0118000,PDS BRASÍLIA (AT0118000),LEVEL_2
AT0126000,PA,PDS ÁGUA PRETA (AT0126000),PLACAS,24860.14,1,"INCRA, 2024",63,Brasil,,AT0126000,PDS ÁGUA PRETA (AT0126000),LEVEL_2
AT0127000,PA,PDS CASTANHEIRA (AT0127000),PLACAS,25813.94,1,"INCRA, 2024",63,Brasil,,AT0127000,PDS CASTANHEIRA (AT0127000),LEVEL_2
AT0128000,PA,PA RENASCER (AT0128000),PACAJA,8574.71,1,"INCRA, 2024",63,Brasil,,AT0128000,PA RENASCER (AT0128000),LEVEL_2
AT0129000,PA,PA CUPUZAL (AT0129000),PACAJA,11302.22,1,"INCRA, 2024",63,Brasil,,AT0129000,PA CUPUZAL (AT0129000),LEVEL_2
AT0130000,PA,PA TERRA PARA PAZ (AT0130000),PACAJA,63919.09,1,"INCRA, 2024",63,Brasil,,AT0130000,PA TERRA PARA PAZ (AT0130000),LEVEL_2
AT0171000,PA,PA ANAPUZINHO (AT0171000),PACAJA,18139.38,1,"INCRA, 2024",63,Brasil,,AT0171000,PA ANAPUZINHO (AT0171000),LEVEL_2
AT0172000,PA,PDS SANTA CLARA (AT0172000),URUARA,24177.01,1,"INCRA, 2024",63,Brasil,,AT0172000,PDS SANTA CLARA (AT0172000),LEVEL_2
AT0177000,PA,PDS HORIZONTE NOVO (AT0177000),PORTO DE MOZ,22274.73,1,"INCRA, 2024",63,Brasil,,AT0177000,PDS HORIZONTE NOVO (AT0177000),LEVEL_2
AT0181000,PA,PA MACANÃ I (AT0181000),PLACAS,26106.71,1,"INCRA, 2024",63,Brasil,,AT0181000,PA MACANÃ I (AT0181000),LEVEL_2
AT0182000,PA,PA MACANÃ II (AT0182000),PLACAS,31411.03,1,"INCRA, 2024",63,Brasil,,AT0182000,PA MACANÃ II (AT0182000),LEVEL_2
AT0183000,PA,PDS ITATÁ (AT0183000),ALTAMIRA,52405.4,1,"INCRA, 2024",63,Brasil,,AT0183000,PDS ITATÁ (AT0183000),LEVEL_2
AT0208000,PA,PDS ARTHUR FALEIRO (AT0208000),PLACAS,22709.92,1,"INCRA, 2024",63,Brasil,,AT0208000,PDS ARTHUR FALEIRO (AT0208000),LEVEL_2
AT0209000,PA,PDS AVELINO RIBEIRO (AT0209000),PLACAS,21653.24,1,"INCRA, 2024",63,Brasil,,AT0209000,PDS AVELINO RIBEIRO (AT0209000),LEVEL_2
AT0238000,PA,PAC OURO BRANCO I (AT0238000),URUARA,39840.46,1,"INCRA, 2024",63,Brasil,,AT0238000,PAC OURO BRANCO I (AT0238000),LEVEL_2
AT0215000,PA,PDS MÃE MENININHA (AT0215000),ALTAMIRA,12201.75,1,"INCRA, 2024",63,Brasil,,AT0215000,PDS MÃE MENININHA (AT0215000),LEVEL_2
AT0216000,PA,PDS ESPERANÇA (AT0216000),ALTAMIRA,18010.88,1,"INCRA, 2024",63,Brasil,,AT0216000,PDS ESPERANÇA (AT0216000),LEVEL_2
AT0217000,PA,PA ESPERANÇA (AT0217000),ALTAMIRA,14952.25,1,"INCRA, 2024",63,Brasil,,AT0217000,PA ESPERANÇA (AT0217000),LEVEL_2
AT0239000,PA,PAC OURO BRANCO II (AT0239000),URUARA,37077.27,1,"INCRA, 2024",63,Brasil,,AT0239000,PAC OURO BRANCO II (AT0239000),LEVEL_2
AT0246000,PA,PDS IRMÃ DOROTHY (AT0246000),URUARA,30508.49,1,"INCRA, 2024",63,Brasil,,AT0246000,PDS IRMÃ DOROTHY (AT0246000),LEVEL_2
AT0263000,PA,PDS CASTANHEIRA II (AT0263000),SENADOR JOSE PORFIRIO,7447.31,1,"INCRA, 2024",63,Brasil,,AT0263000,PDS CASTANHEIRA II (AT0263000),LEVEL_2
AT0264000,PA,PA MATA PRETA (AT0264000),ANAPU,12189.71,1,"INCRA, 2024",63,Brasil,,AT0264000,PA MATA PRETA (AT0264000),LEVEL_2
AT0266000,PA,PDS NOVA REPUBLICA (AT0266000),URUARA,2946.05,1,"INCRA, 2024",63,Brasil,,AT0266000,PDS NOVA REPUBLICA (AT0266000),LEVEL_2
AT0267000,PA,PA DIVINO PAI ETERNO (AT0267000),URUARA,5318.65,1,"INCRA, 2024",63,Brasil,,AT0267000,PA DIVINO PAI ETERNO (AT0267000),LEVEL_2
AT0268000,PA,PA TERRA NOVA (AT0268000),MEDICILANDIA,1411.52,1,"INCRA, 2024",63,Brasil,,AT0268000,PA TERRA NOVA (AT0268000),LEVEL_2
AT0234000,PA,PA PARAÍSO DO NORTE (AT0234000),MEDICILANDIA,112944.74,1,"INCRA, 2024",63,Brasil,,AT0234000,PA PARAÍSO DO NORTE (AT0234000),LEVEL_2
AT0235000,PA,PAC SÃO SEBASTIÃO DO TUTUÍ (AT0235000),URUARA,39833.88,1,"INCRA, 2024",63,Brasil,,AT0235000,PAC SÃO SEBASTIÃO DO TUTUÍ (AT0235000),LEVEL_2
AT0236000,PA,PAC NOVA UNIÃO (AT0236000),URUARA,31622.06,1,"INCRA, 2024",63,Brasil,,AT0236000,PAC NOVA UNIÃO (AT0236000),LEVEL_2
AT0237000,PA,PDS OURO BRANCO (AT0237000),URUARA,54586.27,1,"INCRA, 2024",63,Brasil,,AT0237000,PDS OURO BRANCO (AT0237000),LEVEL_2
MA0462000,MA,PA GURUPI (MA0462000),ITINGA DO MARANHAO,12469.18,1,"INCRA, 2024",63,Brasil,,MA0462000,PA GURUPI (MA0462000),LEVEL_2
MA0618000,MA,PA VALE DO IPÊ (MA0618000),ITINGA DO MARANHAO,417.23,1,"INCRA, 2024",63,Brasil,,MA0618000,PA VALE DO IPÊ (MA0618000),LEVEL_2
MA1002000,MA,PA FÊNIX (MA1002000),ITINGA DO MARANHAO,9361.92,1,"INCRA, 2024",63,Brasil,,MA1002000,PA FÊNIX (MA1002000),LEVEL_2
MB0001000,PA,PA RIBEIRÃO DE FOGO (MB0001000),REDENCAO,7796.45,1,"INCRA, 2024",63,Brasil,,MB0001000,PA RIBEIRÃO DE FOGO (MB0001000),LEVEL_2
MB0002000,PA,PA CASTANHAL ARARAS (MB0002000),SAO JOAO DO ARAGUAIA,4999.36,1,"INCRA, 2024",63,Brasil,,MB0002000,PA CASTANHAL ARARAS (MB0002000),LEVEL_2
MB0004000,PA,PA TUERE (MB0004000),NOVO REPARTIMENTO,140149.89,1,"INCRA, 2024",63,Brasil,,MB0004000,PA TUERE (MB0004000),LEVEL_2
MB0005000,PA,PA JONCON/3 IRMÃOS (MB0005000),CONCEICAO DO ARAGUAIA,25930.88,1,"INCRA, 2024",63,Brasil,,MB0005000,PA JONCON/3 IRMÃOS (MB0005000),LEVEL_2
MB0006000,PA,PA JACUNDA (MB0006000),JACUNDA,13678.92,1,"INCRA, 2024",63,Brasil,,MB0006000,PA JACUNDA (MB0006000),LEVEL_2
MB0007000,PA,PA INGÁ (MB0007000),CONCEICAO DO ARAGUAIA,10732.17,1,"INCRA, 2024",63,Brasil,,MB0007000,PA INGÁ (MB0007000),LEVEL_2
MB0008000,PA,PA RIO DA ESQUERDA (MB0008000),ITUPIRANGA,39544.92,1,"INCRA, 2024",63,Brasil,,MB0008000,PA RIO DA ESQUERDA (MB0008000),LEVEL_2
MB0009000,PA,PA INDEPENDENCIA (MB0009000),SAO GERALDO DO ARAGUAIA,1804.08,1,"INCRA, 2024",63,Brasil,,MB0009000,PA INDEPENDENCIA (MB0009000),LEVEL_2
MB0010000,PA,PA ARRAIAPORÃ (MB0010000),REDENCAO,8212.03,1,"INCRA, 2024",63,Brasil,,MB0010000,PA ARRAIAPORÃ (MB0010000),LEVEL_2
MB0011000,PA,PA CARAJAS II E III (MB0011000),CANAA DOS CARAJAS,28183.16,1,"INCRA, 2024",63,Brasil,,MB0011000,PA CARAJAS II E III (MB0011000),LEVEL_2
MB0013000,PA,PA SERENO (MB0013000),MARABA,19840.33,1,"INCRA, 2024",63,Brasil,,MB0013000,PA SERENO (MB0013000),LEVEL_2
MB0014000,PA,PA CINZEIRO (MB0014000),MARABA,5526.45,1,"INCRA, 2024",63,Brasil,,MB0014000,PA CINZEIRO (MB0014000),LEVEL_2
MB0015000,PA,PA CARAJAS/TAMBORIL (MB0015000),MARABA,13908.85,1,"INCRA, 2024",63,Brasil,,MB0015000,PA CARAJAS/TAMBORIL (MB0015000),LEVEL_2
MB0016000,PA,PA SÃO JORGE (MB0016000),RIO MARIA,4559.37,1,"INCRA, 2024",63,Brasil,,MB0016000,PA SÃO JORGE (MB0016000),LEVEL_2
MB0017000,PA,PA MENINA MOÇA (MB0017000),CONCEICAO DO ARAGUAIA,3197.61,1,"INCRA, 2024",63,Brasil,,MB0017000,PA MENINA MOÇA (MB0017000),LEVEL_2
MB0018000,PA,PA ITAIPAVAS/LOTE-143 (MB0018000),XINGUARA,4519.46,1,"INCRA, 2024",63,Brasil,,MB0018000,PA ITAIPAVAS/LOTE-143 (MB0018000),LEVEL_2
MB0019000,PA,PA LAGOA BONITA (MB0019000),SAO GERALDO DO ARAGUAIA,19661.78,1,"INCRA, 2024",63,Brasil,,MB0019000,PA LAGOA BONITA (MB0019000),LEVEL_2
MB0020000,PA,PA ABÓBORA (MB0020000),SAO GERALDO DO ARAGUAIA,12387.69,1,"INCRA, 2024",63,Brasil,,MB0020000,PA ABÓBORA (MB0020000),LEVEL_2
MB0021000,PA,PA PAULO FONTELES (MB0021000),SAO DOMINGOS DO ARAGUAIA,16744.13,1,"INCRA, 2024",63,Brasil,,MB0021000,PA PAULO FONTELES (MB0021000),LEVEL_2
MB0022000,PA,PA GROTÃO DOS CABOCLOS (MB0022000),ELDORADO DOS CARAJAS,40999.09,1,"INCRA, 2024",63,Brasil,,MB0022000,PA GROTÃO DOS CABOCLOS (MB0022000),LEVEL_2
MB0024000,PA,PA VENEZA (MB0024000),SAO DOMINGOS DO ARAGUAIA,10036.82,1,"INCRA, 2024",63,Brasil,,MB0024000,PA VENEZA (MB0024000),LEVEL_2
MB0027000,PA,PA BELA VISTA (MB0027000),FLORESTA DO ARAGUAIA,18591.58,1,"INCRA, 2024",63,Brasil,,MB0027000,PA BELA VISTA (MB0027000),LEVEL_2
MB0028000,PA,PA ARRAIAS (MB0028000),CONCEICAO DO ARAGUAIA,3647.9,1,"INCRA, 2024",63,Brasil,,MB0028000,PA ARRAIAS (MB0028000),LEVEL_2
MB0029000,PA,PA CINTURAO VERDE I E II (MB0029000),ITUPIRANGA,82151.02,1,"INCRA, 2024",63,Brasil,,MB0029000,PA CINTURAO VERDE I E II (MB0029000),LEVEL_2
MB0025000,PA,PA TUCUMA (MB0025000),TUCUMA,392545.3,1,"INCRA, 2024",63,Brasil,,MB0025000,PA TUCUMA (MB0025000),LEVEL_2
MB0026000,PA,PA JUSSAMA (MB0026000),FLORESTA DO ARAGUAIA,6245.68,1,"INCRA, 2024",63,Brasil,,MB0026000,PA JUSSAMA (MB0026000),LEVEL_2
MB0031000,PA,PA CENTRO DA MATA (MB0031000),CONCEICAO DO ARAGUAIA,4454.23,1,"INCRA, 2024",63,Brasil,,MB0031000,PA CENTRO DA MATA (MB0031000),LEVEL_2
MB0032000,PA,PA ITAIPAVAS/LOTE 142 (MB0032000),XINGUARA,4361.6,1,"INCRA, 2024",63,Brasil,,MB0032000,PA ITAIPAVAS/LOTE 142 (MB0032000),LEVEL_2
MB0033000,PA,PA JOÃO CANUTO (MB0033000),RIO MARIA,2983.27,1,"INCRA, 2024",63,Brasil,,MB0033000,PA JOÃO CANUTO (MB0033000),LEVEL_2
MB0034000,PA,PA MARAJOARA (MB0034000),XINGUARA,4780.12,1,"INCRA, 2024",63,Brasil,,MB0034000,PA MARAJOARA (MB0034000),LEVEL_2
MB0035000,PA,PA PALMEIRAS (MB0035000),ITUPIRANGA,24701.12,1,"INCRA, 2024",63,Brasil,,MB0035000,PA PALMEIRAS (MB0035000),LEVEL_2
MB0037000,PA,PA RIO GELADO (MB0037000),NOVO REPARTIMENTO,166792.99,1,"INCRA, 2024",63,Brasil,,MB0037000,PA RIO GELADO (MB0037000),LEVEL_2
MB0038000,PA,PA SÃO JOSÉ DOS TRÊS MORROS (MB0038000),CONCEICAO DO ARAGUAIA,2407.19,1,"INCRA, 2024",63,Brasil,,MB0038000,PA SÃO JOSÉ DOS TRÊS MORROS (MB0038000),LEVEL_2
MB0039000,PA,PA SAGITARIO (MB0039000),NOVO REPARTIMENTO,2430.2,1,"INCRA, 2024",63,Brasil,,MB0039000,PA SAGITARIO (MB0039000),LEVEL_2
MB0040000,PA,PA AGUA FRIA (MB0040000),ELDORADO DOS CARAJAS,7912.23,1,"INCRA, 2024",63,Brasil,,MB0040000,PA AGUA FRIA (MB0040000),LEVEL_2
MB0041000,PA,PA CACHOEIRA PRETA (MB0041000),MARABA,2055.43,1,"INCRA, 2024",63,Brasil,,MB0041000,PA CACHOEIRA PRETA (MB0041000),LEVEL_2
MB0042000,PA,PA IPIRANGA (MB0042000),CURIONOPOLIS,3147.43,1,"INCRA, 2024",63,Brasil,,MB0042000,PA IPIRANGA (MB0042000),LEVEL_2
MB0043000,PA,PA JUSSARA (MB0043000),AGUA AZUL DO NORTE,3005.3,1,"INCRA, 2024",63,Brasil,,MB0043000,PA JUSSARA (MB0043000),LEVEL_2
MB0044000,PA,PA GAMELEIRA (MB0044000),ELDORADO DOS CARAJAS,40061.77,1,"INCRA, 2024",63,Brasil,,MB0044000,PA GAMELEIRA (MB0044000),LEVEL_2
MB0045000,PA,PA VALE FORMOSO (MB0045000),PICARRA,3352.71,1,"INCRA, 2024",63,Brasil,,MB0045000,PA VALE FORMOSO (MB0045000),LEVEL_2
MB0046000,PA,PA RIO BRANCO (MB0046000),MARABA,11890.88,1,"INCRA, 2024",63,Brasil,,MB0046000,PA RIO BRANCO (MB0046000),LEVEL_2
MB0047000,PA,PA INGÁ II (MB0047000),CONCEICAO DO ARAGUAIA,2630.78,1,"INCRA, 2024",63,Brasil,,MB0047000,PA INGÁ II (MB0047000),LEVEL_2
MB0048000,PA,PA INGÁ III (MB0048000),CONCEICAO DO ARAGUAIA,3829.5,1,"INCRA, 2024",63,Brasil,,MB0048000,PA INGÁ III (MB0048000),LEVEL_2
MB0049000,PA,PA JACARE (MB0049000),NOVA IPIXUNA,2978.58,1,"INCRA, 2024",63,Brasil,,MB0049000,PA JACARE (MB0049000),LEVEL_2
MB0050000,PA,PA RIO VERMELHO (MB0050000),ELDORADO DOS CARAJAS,6200.27,1,"INCRA, 2024",63,Brasil,,MB0050000,PA RIO VERMELHO (MB0050000),LEVEL_2
MB0051000,PA,PA ELDORADO (MB0051000),ELDORADO DOS CARAJAS,7791.07,1,"INCRA, 2024",63,Brasil,,MB0051000,PA ELDORADO (MB0051000),LEVEL_2
MB0052000,PA,PA CASTANHEIRA (MB0052000),MARABA,5905.95,1,"INCRA, 2024",63,Brasil,,MB0052000,PA CASTANHEIRA (MB0052000),LEVEL_2
MB0053000,PA,PA TANCREDO NEVES (MB0053000),SAO FELIX DO XINGU,21962.83,1,"INCRA, 2024",63,Brasil,,MB0053000,PA TANCREDO NEVES (MB0053000),LEVEL_2
MB0054000,PA,PA COLONIA S. JOSE DO XINGU (MB0054000),SAO FELIX DO XINGU,68628.71,1,"INCRA, 2024",63,Brasil,,MB0054000,PA COLONIA S. JOSE DO XINGU (MB0054000),LEVEL_2
MB0055000,PA,PA APERTAR DA HORA (MB0055000),CONCEICAO DO ARAGUAIA,4377.17,1,"INCRA, 2024",63,Brasil,,MB0055000,PA APERTAR DA HORA (MB0055000),LEVEL_2
MB0056000,PA,PA ITACAIUNAS-AÇU (MB0056000),MARABA,4419.17,1,"INCRA, 2024",63,Brasil,,MB0056000,PA ITACAIUNAS-AÇU (MB0056000),LEVEL_2
MB0057000,PA,PA CEDRINHO (MB0057000),MARABA,2918.32,1,"INCRA, 2024",63,Brasil,,MB0057000,PA CEDRINHO (MB0057000),LEVEL_2
MB0058000,PA,PA FORTALEZA I E II (MB0058000),NOVA IPIXUNA,5768.81,1,"INCRA, 2024",63,Brasil,,MB0058000,PA FORTALEZA I E II (MB0058000),LEVEL_2
MB0059000,PA,PA JOVENCRELANDIA I E II (MB0059000),ITUPIRANGA,3082.77,1,"INCRA, 2024",63,Brasil,,MB0059000,PA JOVENCRELANDIA I E II (MB0059000),LEVEL_2
MB0060000,PA,PA ALDEIA I E II (MB0060000),SANTA MARIA DAS BARREIRAS,8578.61,1,"INCRA, 2024",63,Brasil,,MB0060000,PA ALDEIA I E II (MB0060000),LEVEL_2
MB0061000,PA,PA LONTRA (MB0061000),CONCEICAO DO ARAGUAIA,2413.7,1,"INCRA, 2024",63,Brasil,,MB0061000,PA LONTRA (MB0061000),LEVEL_2
MB0062000,PA,PA PECOSA (MB0062000),CONCEICAO DO ARAGUAIA,7619.9,1,"INCRA, 2024",63,Brasil,,MB0062000,PA PECOSA (MB0062000),LEVEL_2
MB0063000,PA,PA ARAGUAXIM II (MB0063000),BANNACH,34958.69,1,"INCRA, 2024",63,Brasil,,MB0063000,PA ARAGUAXIM II (MB0063000),LEVEL_2
MB0064000,PA,PA SÃO DOMINGOS (MB0064000),CONCEICAO DO ARAGUAIA,2903.06,1,"INCRA, 2024",63,Brasil,,MB0064000,PA SÃO DOMINGOS (MB0064000),LEVEL_2
MB0065000,PA,PA TUPÃ-CIRETÃ - LOTE 160 (MB0065000),XINGUARA,4375.88,1,"INCRA, 2024",63,Brasil,,MB0065000,PA TUPÃ-CIRETÃ - LOTE 160 (MB0065000),LEVEL_2
MB0066000,PA,PA PARAUAPEBAS I (MB0066000),AGUA AZUL DO NORTE,2940.76,1,"INCRA, 2024",63,Brasil,,MB0066000,PA PARAUAPEBAS I (MB0066000),LEVEL_2
MB0067000,PA,PA PALMARES (MB0067000),PARAUAPEBAS,14837.16,1,"INCRA, 2024",63,Brasil,,MB0067000,PA PALMARES (MB0067000),LEVEL_2
MB0068000,PA,PA ESTRELA DO PARÁ (MB0068000),RIO MARIA,2601.52,1,"INCRA, 2024",63,Brasil,,MB0068000,PA ESTRELA DO PARÁ (MB0068000),LEVEL_2
MB0069000,PA,PA JACIRA II (MB0069000),BANNACH,1282.99,1,"INCRA, 2024",63,Brasil,,MB0069000,PA JACIRA II (MB0069000),LEVEL_2
MB0070000,PA,PA SANTO ANTONIO (MB0070000),CONCEICAO DO ARAGUAIA,3631.91,1,"INCRA, 2024",63,Brasil,,MB0070000,PA SANTO ANTONIO (MB0070000),LEVEL_2
MB0071000,PA,PA ITAIPAVAS II - LOTE 134 (MB0071000),RIO MARIA,4467.67,1,"INCRA, 2024",63,Brasil,,MB0071000,PA ITAIPAVAS II - LOTE 134 (MB0071000),LEVEL_2
MB0072000,PA,PA ITAIPAVAS III-LOTE 147 (MB0072000),XINGUARA,4421.45,1,"INCRA, 2024",63,Brasil,,MB0072000,PA ITAIPAVAS III-LOTE 147 (MB0072000),LEVEL_2
MB0073000,PA,PA ITACAIUNAS (MB0073000),MARABA,5226.42,1,"INCRA, 2024",63,Brasil,,MB0073000,PA ITACAIUNAS (MB0073000),LEVEL_2
MB0074000,PA,PA SANTA CRISTINA (MB0074000),SANTANA DO ARAGUAIA,8985.48,1,"INCRA, 2024",63,Brasil,,MB0074000,PA SANTA CRISTINA (MB0074000),LEVEL_2
MB0075000,PA,PA MATA AZUL I (MB0075000),FLORESTA DO ARAGUAIA,4354.29,1,"INCRA, 2024",63,Brasil,,MB0075000,PA MATA AZUL I (MB0075000),LEVEL_2
MB0076000,PA,PA ANGELIN (MB0076000),BAIAO,11173.24,1,"INCRA, 2024",63,Brasil,,MB0076000,PA ANGELIN (MB0076000),LEVEL_2
MB0077000,PA,PA CURRAL DE PEDRAS (MB0077000),CONCEICAO DO ARAGUAIA,8986.07,1,"INCRA, 2024",63,Brasil,,MB0077000,PA CURRAL DE PEDRAS (MB0077000),LEVEL_2
MB0078000,PA,PA CANARANA (MB0078000),CONCEICAO DO ARAGUAIA,12031.97,1,"INCRA, 2024",63,Brasil,,MB0078000,PA CANARANA (MB0078000),LEVEL_2
MB0079000,PA,PA REDENÇÃO (MB0079000),NOVO REPARTIMENTO,3065.65,1,"INCRA, 2024",63,Brasil,,MB0079000,PA REDENÇÃO (MB0079000),LEVEL_2
MB0080000,PA,PA AGRISA (MB0080000),FLORESTA DO ARAGUAIA,9161.43,1,"INCRA, 2024",63,Brasil,,MB0080000,PA AGRISA (MB0080000),LEVEL_2
MB0081000,PA,PA PARAUAPEBAS II (MB0081000),AGUA AZUL DO NORTE,2938.28,1,"INCRA, 2024",63,Brasil,,MB0081000,PA PARAUAPEBAS II (MB0081000),LEVEL_2
MB0082000,PA,PA MARIA LUIZA (MB0082000),CONCEICAO DO ARAGUAIA,3864.61,1,"INCRA, 2024",63,Brasil,,MB0082000,PA MARIA LUIZA (MB0082000),LEVEL_2
MB0083000,PA,PA MATA VERDE (MB0083000),CUMARU DO NORTE,31107.04,1,"INCRA, 2024",63,Brasil,,MB0083000,PA MATA VERDE (MB0083000),LEVEL_2
MB0084000,PA,PA SÃO SEBASTIÃO - LOTE 86 (MB0084000),FLORESTA DO ARAGUAIA,2792.06,1,"INCRA, 2024",63,Brasil,,MB0084000,PA SÃO SEBASTIÃO - LOTE 86 (MB0084000),LEVEL_2
MB0085000,PA,PA 17 DE ABRIL (MB0085000),ELDORADO DOS CARAJAS,17845.73,1,"INCRA, 2024",63,Brasil,,MB0085000,PA 17 DE ABRIL (MB0085000),LEVEL_2
MB0086000,PA,PA NOVO ARAGUAIA - LOTE 03 (MB0086000),CONCEICAO DO ARAGUAIA,3901.07,1,"INCRA, 2024",63,Brasil,,MB0086000,PA NOVO ARAGUAIA - LOTE 03 (MB0086000),LEVEL_2
MB0088000,PA,PA SUDOESTE (MB0088000),SAO FELIX DO XINGU,38067.55,1,"INCRA, 2024",63,Brasil,,MB0088000,PA SUDOESTE (MB0088000),LEVEL_2
MB0089000,PA,PA GROTÃO (MB0089000),REDENCAO,3599.85,1,"INCRA, 2024",63,Brasil,,MB0089000,PA GROTÃO (MB0089000),LEVEL_2
MB0090000,PA,PA AGROPECUS (MB0090000),SANTA MARIA DAS BARREIRAS,40758.83,1,"INCRA, 2024",63,Brasil,,MB0090000,PA AGROPECUS (MB0090000),LEVEL_2
MB0091000,PA,PA EMBAUBAL (MB0091000),PALESTINA DO PARA,1773.94,1,"INCRA, 2024",63,Brasil,,MB0091000,PA EMBAUBAL (MB0091000),LEVEL_2
MB0092000,PA,PA SÃO FRANCISCO (MB0092000),ELDORADO DOS CARAJAS,7410.77,1,"INCRA, 2024",63,Brasil,,MB0092000,PA SÃO FRANCISCO (MB0092000),LEVEL_2
MB0093000,PA,PA CAMPOS ALTOS (MB0093000),OURILANDIA DO NORTE,8905.39,1,"INCRA, 2024",63,Brasil,,MB0093000,PA CAMPOS ALTOS (MB0093000),LEVEL_2
MB0094000,PA,PA UBA (MB0094000),SAO DOMINGOS DO ARAGUAIA,4164.06,1,"INCRA, 2024",63,Brasil,,MB0094000,PA UBA (MB0094000),LEVEL_2
MB0095000,PA,PA SANTA MARIA DO PONTAL (MB0095000),ELDORADO DOS CARAJAS,4680.3,1,"INCRA, 2024",63,Brasil,,MB0095000,PA SANTA MARIA DO PONTAL (MB0095000),LEVEL_2
MB0096000,PA,PA SUÇUAPARA (MB0096000),SANTANA DO ARAGUAIA,8911.1,1,"INCRA, 2024",63,Brasil,,MB0096000,PA SUÇUAPARA (MB0096000),LEVEL_2
MB0097000,PA,PA RECANTÃO (MB0097000),RIO MARIA,2920.19,1,"INCRA, 2024",63,Brasil,,MB0097000,PA RECANTÃO (MB0097000),LEVEL_2
MB0098000,PA,PA TOCANTINS (MB0098000),NOVA IPIXUNA,2106.3,1,"INCRA, 2024",63,Brasil,,MB0098000,PA TOCANTINS (MB0098000),LEVEL_2
MB0099000,PA,PA MONTES BELOS (MB0099000),PACAJA,32599.56,1,"INCRA, 2024",63,Brasil,,MB0099000,PA MONTES BELOS (MB0099000),LEVEL_2
MB0100000,PA,PA NAZARÉ (MB0100000),CONCEICAO DO ARAGUAIA,12135.93,1,"INCRA, 2024",63,Brasil,,MB0100000,PA NAZARÉ (MB0100000),LEVEL_2
MB0101000,PA,PA JEQUIÉ (MB0101000),AGUA AZUL DO NORTE,2465.4,1,"INCRA, 2024",63,Brasil,,MB0101000,PA JEQUIÉ (MB0101000),LEVEL_2
MB0102000,PA,PA DIACUI (MB0102000),RONDON DO PARA,3000.67,1,"INCRA, 2024",63,Brasil,,MB0102000,PA DIACUI (MB0102000),LEVEL_2
MB0103000,PA,PA INAJÁ (MB0103000),REDENCAO,6275.82,1,"INCRA, 2024",63,Brasil,,MB0103000,PA INAJÁ (MB0103000),LEVEL_2
MB0104000,PA,PA BURITIRANA (MB0104000),ITUPIRANGA,43707.07,1,"INCRA, 2024",63,Brasil,,MB0104000,PA BURITIRANA (MB0104000),LEVEL_2
MB0105000,PA,PAE PRAIALTA PIRANHEIRA (MB0105000),NOVA IPIXUNA,19723.57,1,"INCRA, 2024",63,Brasil,,MB0105000,PAE PRAIALTA PIRANHEIRA (MB0105000),LEVEL_2
MB0106000,PA,PA GAÚCHA (MB0106000),CONCEICAO DO ARAGUAIA,3942.39,1,"INCRA, 2024",63,Brasil,,MB0106000,PA GAÚCHA (MB0106000),LEVEL_2
MB0107000,PA,PA PEDRO MONTEIRO DA SILVA (MB0107000),AGUA AZUL DO NORTE,1071.67,1,"INCRA, 2024",63,Brasil,,MB0107000,PA PEDRO MONTEIRO DA SILVA (MB0107000),LEVEL_2
MB0108000,PA,PA ESCALADA DO NORTE (MB0108000),XINGUARA,2962.21,1,"INCRA, 2024",63,Brasil,,MB0108000,PA ESCALADA DO NORTE (MB0108000),LEVEL_2
MB0109000,PA,PA MANAH (MB0109000),SANTANA DO ARAGUAIA,8727.62,1,"INCRA, 2024",63,Brasil,,MB0109000,PA MANAH (MB0109000),LEVEL_2
MB0110000,PA,PA BARRA MANSA (MB0110000),RIO MARIA,3085.03,1,"INCRA, 2024",63,Brasil,,MB0110000,PA BARRA MANSA (MB0110000),LEVEL_2
MB0111000,PA,PA RIO PRETO (MB0111000),SANTANA DO ARAGUAIA,29339.58,1,"INCRA, 2024",63,Brasil,,MB0111000,PA RIO PRETO (MB0111000),LEVEL_2
MB0112000,PA,PA ESCALADA DO NORTE II LOTE 28 (MB0112000),XINGUARA,4131.27,1,"INCRA, 2024",63,Brasil,,MB0112000,PA ESCALADA DO NORTE II LOTE 28 (MB0112000),LEVEL_2
MB0113000,PA,PA PRIMAVERA E OUTROS (MB0113000),CONCEICAO DO ARAGUAIA,2761.27,1,"INCRA, 2024",63,Brasil,,MB0113000,PA PRIMAVERA E OUTROS (MB0113000),LEVEL_2
MB0115000,PA,PA RAIMUNDO CORREIA - LOTE 81 (MB0115000),SANTANA DO ARAGUAIA,4891.67,1,"INCRA, 2024",63,Brasil,,MB0115000,PA RAIMUNDO CORREIA - LOTE 81 (MB0115000),LEVEL_2
MB0116000,PA,PA MAGDALENA NICOLINA RIVETTI (MB0116000),PAU D'ARCO,13898.65,1,"INCRA, 2024",63,Brasil,,MB0116000,PA MAGDALENA NICOLINA RIVETTI (MB0116000),LEVEL_2
MB0117000,PA,PA TRÊS RIOS (MB0117000),RIO MARIA,5187.19,1,"INCRA, 2024",63,Brasil,,MB0117000,PA TRÊS RIOS (MB0117000),LEVEL_2
MB0118000,PA,PA MILHOMEM (MB0118000),CONCEICAO DO ARAGUAIA,1531.49,1,"INCRA, 2024",63,Brasil,,MB0118000,PA MILHOMEM (MB0118000),LEVEL_2
MB0030000,PA,PA VERMELHO E PRETO (MB0030000),RIO MARIA,4241.43,1,"INCRA, 2024",63,Brasil,,MB0030000,PA VERMELHO E PRETO (MB0030000),LEVEL_2
MB0123000,PA,PA BENFICA (MB0123000),ITUPIRANGA,9509.19,1,"INCRA, 2024",63,Brasil,,MB0123000,PA BENFICA (MB0123000),LEVEL_2
MB0124000,PA,PA LUCIANA (MB0124000),OURILANDIA DO NORTE,63681.79,1,"INCRA, 2024",63,Brasil,,MB0124000,PA LUCIANA (MB0124000),LEVEL_2
MB0119000,PA,PA PE JOSIMO TAVARES (MB0119000),CONCEICAO DO ARAGUAIA,61378.7,1,"INCRA, 2024",63,Brasil,,MB0119000,PA PE JOSIMO TAVARES (MB0119000),LEVEL_2
MB0120000,PA,PA POÇO RICO (MB0120000),XINGUARA,3693.99,1,"INCRA, 2024",63,Brasil,,MB0120000,PA POÇO RICO (MB0120000),LEVEL_2
MB0121000,PA,PA OZIEL PEREIRA (MB0121000),PICARRA,13598.99,1,"INCRA, 2024",63,Brasil,,MB0121000,PA OZIEL PEREIRA (MB0121000),LEVEL_2
MB0122000,PA,PA PROGRESSO (MB0122000),ELDORADO DOS CARAJAS,10206.24,1,"INCRA, 2024",63,Brasil,,MB0122000,PA PROGRESSO (MB0122000),LEVEL_2
MB0127000,PA,PA AÇAIZAL (MB0127000),PALESTINA DO PARA,3730.55,1,"INCRA, 2024",63,Brasil,,MB0127000,PA AÇAIZAL (MB0127000),LEVEL_2
MB0128000,PA,PA PATAUÁ (MB0128000),MARABA,6882.07,1,"INCRA, 2024",63,Brasil,,MB0128000,PA PATAUÁ (MB0128000),LEVEL_2
MB0129000,PA,PA LINDOESTE (MB0129000),SAO FELIX DO XINGU,11988.01,1,"INCRA, 2024",63,Brasil,,MB0129000,PA LINDOESTE (MB0129000),LEVEL_2
MB0130000,PA,PA ANGICAL (MB0130000),PALESTINA DO PARA,4248.05,1,"INCRA, 2024",63,Brasil,,MB0130000,PA ANGICAL (MB0130000),LEVEL_2
MB0131000,PA,PA JOSE MARTINS PESSOA (MB0131000),NOVO REPARTIMENTO,2010.47,1,"INCRA, 2024",63,Brasil,,MB0131000,PA JOSE MARTINS PESSOA (MB0131000),LEVEL_2
MB0132000,PA,PA COCALÃNDIA (MB0132000),NOVO REPARTIMENTO,4023.75,1,"INCRA, 2024",63,Brasil,,MB0132000,PA COCALÃNDIA (MB0132000),LEVEL_2
MB0133000,PA,PA JAGUATIARA (MB0133000),NOVO REPARTIMENTO,3056.18,1,"INCRA, 2024",63,Brasil,,MB0133000,PA JAGUATIARA (MB0133000),LEVEL_2
MB0134000,PA,PA BARREIRO COCAL (MB0134000),CURIONOPOLIS,8182.36,1,"INCRA, 2024",63,Brasil,,MB0134000,PA BARREIRO COCAL (MB0134000),LEVEL_2
MB0135000,PA,PA MORESCHI (MB0135000),SAO JOAO DO ARAGUAIA,4145.57,1,"INCRA, 2024",63,Brasil,,MB0135000,PA MORESCHI (MB0135000),LEVEL_2
MB0136000,PA,PA LAJEDO (MB0136000),MARABA,5366.85,1,"INCRA, 2024",63,Brasil,,MB0136000,PA LAJEDO (MB0136000),LEVEL_2
MB0137000,PA,PA PARAISO DO ARAGUAIA (MB0137000),XINGUARA,4519.43,1,"INCRA, 2024",63,Brasil,,MB0137000,PA PARAISO DO ARAGUAIA (MB0137000),LEVEL_2
MB0138000,PA,PA 1º DE MARÇO (MB0138000),SAO JOAO DO ARAGUAIA,10909.69,1,"INCRA, 2024",63,Brasil,,MB0138000,PA 1º DE MARÇO (MB0138000),LEVEL_2
MB0139000,PA,PA SÃO PAULO DAS CACHOEIRAS (MB0139000),BREU BRANCO,8492.06,1,"INCRA, 2024",63,Brasil,,MB0139000,PA SÃO PAULO DAS CACHOEIRAS (MB0139000),LEVEL_2
MB0146000,PA,PA INDIAPORÃ (MB0146000),CONCEICAO DO ARAGUAIA,2787.42,1,"INCRA, 2024",63,Brasil,,MB0146000,PA INDIAPORÃ (MB0146000),LEVEL_2
MB0147000,PA,PA AGROPECUS II (MB0147000),SANTA MARIA DAS BARREIRAS,5115.87,1,"INCRA, 2024",63,Brasil,,MB0147000,PA AGROPECUS II (MB0147000),LEVEL_2
MB0148000,PA,PA ARAXÁ (MB0148000),PAU D'ARCO,1644.4,1,"INCRA, 2024",63,Brasil,,MB0148000,PA ARAXÁ (MB0148000),LEVEL_2
MB0150000,PA,PA ENTRE RIOS  I LOTES 76 (MB0150000),FLORESTA DO ARAGUAIA,4306.26,1,"INCRA, 2024",63,Brasil,,MB0150000,PA ENTRE RIOS  I LOTES 76 (MB0150000),LEVEL_2
MB0152000,PA,PA MURIÇOCA (MB0152000),BANNACH,1340.98,1,"INCRA, 2024",63,Brasil,,MB0152000,PA MURIÇOCA (MB0152000),LEVEL_2
MB0153000,PA,PA DIUTÁ (MB0153000),RIO MARIA,1152.99,1,"INCRA, 2024",63,Brasil,,MB0153000,PA DIUTÁ (MB0153000),LEVEL_2
MB0155000,PA,PA FRUTÃO (MB0155000),MARABA,17341.13,1,"INCRA, 2024",63,Brasil,,MB0155000,PA FRUTÃO (MB0155000),LEVEL_2
MB0156000,PA,PA SERRA AZUL (MB0156000),MARABA,3719.68,1,"INCRA, 2024",63,Brasil,,MB0156000,PA SERRA AZUL (MB0156000),LEVEL_2
MB0157000,PA,PA PRIMAVERA DO ARAGUAIA (MB0157000),SAO JOAO DO ARAGUAIA,3293.05,1,"INCRA, 2024",63,Brasil,,MB0157000,PA PRIMAVERA DO ARAGUAIA (MB0157000),LEVEL_2
MB0158000,PA,PA BOA ESPERANÇA (MB0158000),BREU BRANCO,1846.7,1,"INCRA, 2024",63,Brasil,,MB0158000,PA BOA ESPERANÇA (MB0158000),LEVEL_2
MB0159000,PA,PA VOLTA DO TAPIRAPÉ (MB0159000),MARABA,20988.13,1,"INCRA, 2024",63,Brasil,,MB0159000,PA VOLTA DO TAPIRAPÉ (MB0159000),LEVEL_2
MB0160000,PA,PA ESCADA ALTA (MB0160000),MARABA,3276.62,1,"INCRA, 2024",63,Brasil,,MB0160000,PA ESCADA ALTA (MB0160000),LEVEL_2
MB0161000,PA,PA SANTA CRUZ (MB0161000),CONCEICAO DO ARAGUAIA,1913.87,1,"INCRA, 2024",63,Brasil,,MB0161000,PA SANTA CRUZ (MB0161000),LEVEL_2
MB0163000,PA,PA PIMENTEIRA (MB0163000),SAO JOAO DO ARAGUAIA,3334.78,1,"INCRA, 2024",63,Brasil,,MB0163000,PA PIMENTEIRA (MB0163000),LEVEL_2
MB0164000,PA,PA PENSÃO DA ONÇA (MB0164000),ITUPIRANGA,6057.27,1,"INCRA, 2024",63,Brasil,,MB0164000,PA PENSÃO DA ONÇA (MB0164000),LEVEL_2
MB0165000,PA,PA NOVA ESPERANÇA (MB0165000),ITUPIRANGA,10902.78,1,"INCRA, 2024",63,Brasil,,MB0165000,PA NOVA ESPERANÇA (MB0165000),LEVEL_2
MB0166000,PA,PA SÃO BRAZ (MB0166000),ITUPIRANGA,2994.84,1,"INCRA, 2024",63,Brasil,,MB0166000,PA SÃO BRAZ (MB0166000),LEVEL_2
MB0167000,PA,PA DOS BANDEIRANTES (MB0167000),MARABA,4748.74,1,"INCRA, 2024",63,Brasil,,MB0167000,PA DOS BANDEIRANTES (MB0167000),LEVEL_2
MB0170000,PA,PA VOLTA GRANDE (MB0170000),MARABA,13993.54,1,"INCRA, 2024",63,Brasil,,MB0170000,PA VOLTA GRANDE (MB0170000),LEVEL_2
MB0171000,PA,PA SÃO RAIMUNDO (MB0171000),CONCEICAO DO ARAGUAIA,975.98,1,"INCRA, 2024",63,Brasil,,MB0171000,PA SÃO RAIMUNDO (MB0171000),LEVEL_2
MB0172000,PA,PA LANA (MB0172000),MARABA,2394.57,1,"INCRA, 2024",63,Brasil,,MB0172000,PA LANA (MB0172000),LEVEL_2
MB0173000,PA,PA BARRO PRETO (MB0173000),MARABA,2574.39,1,"INCRA, 2024",63,Brasil,,MB0173000,PA BARRO PRETO (MB0173000),LEVEL_2
MB0174000,PA,PA CALIFORNIA (MB0174000),ITUPIRANGA,2213.06,1,"INCRA, 2024",63,Brasil,,MB0174000,PA CALIFORNIA (MB0174000),LEVEL_2
MB0175000,PA,PA DO MEIO (MB0175000),MARABA,3425.42,1,"INCRA, 2024",63,Brasil,,MB0175000,PA DO MEIO (MB0175000),LEVEL_2
MB0176000,PA,PA GAMELEIRA AÇÚ (MB0176000),MARABA,3322.53,1,"INCRA, 2024",63,Brasil,,MB0176000,PA GAMELEIRA AÇÚ (MB0176000),LEVEL_2
MB0177000,PA,PA GRANDE VITORIA (MB0177000),MARABA,4655.51,1,"INCRA, 2024",63,Brasil,,MB0177000,PA GRANDE VITORIA (MB0177000),LEVEL_2
MB0178000,PA,PA TERRA ROXA (MB0178000),MARABA,3093.68,1,"INCRA, 2024",63,Brasil,,MB0178000,PA TERRA ROXA (MB0178000),LEVEL_2
MB0181000,PA,PA ENTRE RIOS II LOTE 79 (MB0181000),FLORESTA DO ARAGUAIA,3667.45,1,"INCRA, 2024",63,Brasil,,MB0181000,PA ENTRE RIOS II LOTE 79 (MB0181000),LEVEL_2
MB0182000,PA,PA ENTRE RIOS III LOTE 80 (MB0182000),FLORESTA DO ARAGUAIA,4413.53,1,"INCRA, 2024",63,Brasil,,MB0182000,PA ENTRE RIOS III LOTE 80 (MB0182000),LEVEL_2
MB0183000,PA,PA MANUELITO (MB0183000),NOVO REPARTIMENTO,2181.97,1,"INCRA, 2024",63,Brasil,,MB0183000,PA MANUELITO (MB0183000),LEVEL_2
MB0184000,PA,PA SERRA QUEBRADA (MB0184000),NOVO REPARTIMENTO,2116.91,1,"INCRA, 2024",63,Brasil,,MB0184000,PA SERRA QUEBRADA (MB0184000),LEVEL_2
MB0185000,PA,PA SANTA AMÉLIA (MB0185000),NOVO REPARTIMENTO,1942.12,1,"INCRA, 2024",63,Brasil,,MB0185000,PA SANTA AMÉLIA (MB0185000),LEVEL_2
MB0186000,PA,PA CIGANA (MB0186000),NOVO REPARTIMENTO,1895.66,1,"INCRA, 2024",63,Brasil,,MB0186000,PA CIGANA (MB0186000),LEVEL_2
MB0187000,PA,PA SAO GABRIEL (MB0187000),NOVO REPARTIMENTO,2037.87,1,"INCRA, 2024",63,Brasil,,MB0187000,PA SAO GABRIEL (MB0187000),LEVEL_2
MB0188000,PA,PA CROÁ (MB0188000),SAO DOMINGOS DO ARAGUAIA,1623.15,1,"INCRA, 2024",63,Brasil,,MB0188000,PA CROÁ (MB0188000),LEVEL_2
MB0189000,PA,PA OITO BARRACAS (MB0189000),SAO DOMINGOS DO ARAGUAIA,3786.39,1,"INCRA, 2024",63,Brasil,,MB0189000,PA OITO BARRACAS (MB0189000),LEVEL_2
MB0190000,PA,PA RIO MAR (MB0190000),PALESTINA DO PARA,3608.35,1,"INCRA, 2024",63,Brasil,,MB0190000,PA RIO MAR (MB0190000),LEVEL_2
MB0191000,PA,PA SÃO JOSÉ DO ARAGUAIA (MB0191000),XINGUARA,4190.49,1,"INCRA, 2024",63,Brasil,,MB0191000,PA SÃO JOSÉ DO ARAGUAIA (MB0191000),LEVEL_2
MB0192000,PA,PA MANOEL DOS REIS (MB0192000),XINGUARA,4351.14,1,"INCRA, 2024",63,Brasil,,MB0192000,PA MANOEL DOS REIS (MB0192000),LEVEL_2
MB0193000,PA,PA FRANCISCO NUNES TEIXEIRA (MB0193000),PICARRA,9536.43,1,"INCRA, 2024",63,Brasil,,MB0193000,PA FRANCISCO NUNES TEIXEIRA (MB0193000),LEVEL_2
MB0194000,PA,PA DJALMA CASTRO (MB0194000),PICARRA,15835.68,1,"INCRA, 2024",63,Brasil,,MB0194000,PA DJALMA CASTRO (MB0194000),LEVEL_2
MB0195000,PA,PA CARLOS PEREIRA NUNES (MB0195000),PICARRA,2960.59,1,"INCRA, 2024",63,Brasil,,MB0195000,PA CARLOS PEREIRA NUNES (MB0195000),LEVEL_2
MB0196000,PA,PA VINAGRE (MB0196000),MARABA,2718.54,1,"INCRA, 2024",63,Brasil,,MB0196000,PA VINAGRE (MB0196000),LEVEL_2
MB0197000,PA,PA RIO PRETO MALHA II (MB0197000),MARABA,3619.75,1,"INCRA, 2024",63,Brasil,,MB0197000,PA RIO PRETO MALHA II (MB0197000),LEVEL_2
MB0198000,PA,PA GOIANOS (MB0198000),MARABA,5211.55,1,"INCRA, 2024",63,Brasil,,MB0198000,PA GOIANOS (MB0198000),LEVEL_2
MB0200000,PA,PA CASTANHEIRA II (MB0200000),BREJO GRANDE DO ARAGUAIA,3775.81,1,"INCRA, 2024",63,Brasil,,MB0200000,PA CASTANHEIRA II (MB0200000),LEVEL_2
MB0201000,PA,PA CRISTO REI (MB0201000),ITUPIRANGA,3262.47,1,"INCRA, 2024",63,Brasil,,MB0201000,PA CRISTO REI (MB0201000),LEVEL_2
MB0202000,PA,PA BETH (MB0202000),SAO DOMINGOS DO ARAGUAIA,1544.31,1,"INCRA, 2024",63,Brasil,,MB0202000,PA BETH (MB0202000),LEVEL_2
MB0203000,PA,PA BELO HORIZONTE (MB0203000),SAO DOMINGOS DO ARAGUAIA,3527.81,1,"INCRA, 2024",63,Brasil,,MB0203000,PA BELO HORIZONTE (MB0203000),LEVEL_2
MB0204000,PA,PA ARRAIALANDIA (MB0204000),MARABA,6327.51,1,"INCRA, 2024",63,Brasil,,MB0204000,PA ARRAIALANDIA (MB0204000),LEVEL_2
MB0206000,PA,PA RIO ITACOROA (MB0206000),BAIAO,3781.11,1,"INCRA, 2024",63,Brasil,,MB0206000,PA RIO ITACOROA (MB0206000),LEVEL_2
MB0208000,PA,PA SANTA FÉ (MB0208000),PACAJA,3169.62,1,"INCRA, 2024",63,Brasil,,MB0208000,PA SANTA FÉ (MB0208000),LEVEL_2
MB0209000,PA,PA LA ESTANÇIA (MB0209000),ITUPIRANGA,3324.03,1,"INCRA, 2024",63,Brasil,,MB0209000,PA LA ESTANÇIA (MB0209000),LEVEL_2
MB0210000,PA,PA CONQUISTA (MB0210000),MARABA,2778.26,1,"INCRA, 2024",63,Brasil,,MB0210000,PA CONQUISTA (MB0210000),LEVEL_2
MB0211000,PA,PA MURAJUBA (MB0211000),MARABA,2402.79,1,"INCRA, 2024",63,Brasil,,MB0211000,PA MURAJUBA (MB0211000),LEVEL_2
MB0212000,PA,PA PRINCESA (MB0212000),MARABA,3009.51,1,"INCRA, 2024",63,Brasil,,MB0212000,PA PRINCESA (MB0212000),LEVEL_2
MB0213000,PA,PA TARTARUGA (MB0213000),MARABA,3557.79,1,"INCRA, 2024",63,Brasil,,MB0213000,PA TARTARUGA (MB0213000),LEVEL_2
MB0214000,PA,PA IGUAÇU (MB0214000),MARABA,1118.04,1,"INCRA, 2024",63,Brasil,,MB0214000,PA IGUAÇU (MB0214000),LEVEL_2
MB0217000,PA,PA BARREIRA BRANCA (MB0217000),PICARRA,3149.56,1,"INCRA, 2024",63,Brasil,,MB0217000,PA BARREIRA BRANCA (MB0217000),LEVEL_2
MB0218000,PA,PA VALE DO MUCURA (MB0218000),SAO GERALDO DO ARAGUAIA,2517.74,1,"INCRA, 2024",63,Brasil,,MB0218000,PA VALE DO MUCURA (MB0218000),LEVEL_2
MB0219000,PA,PA DOURADA (MB0219000),MARABA,1947.27,1,"INCRA, 2024",63,Brasil,,MB0219000,PA DOURADA (MB0219000),LEVEL_2
MB0220000,PA,PA VOLTINHA DO ITACAIUNAS (MB0220000),MARABA,1524.24,1,"INCRA, 2024",63,Brasil,,MB0220000,PA VOLTINHA DO ITACAIUNAS (MB0220000),LEVEL_2
MB0221000,PA,PA BRASILESPANHA (MB0221000),SAO DOMINGOS DO ARAGUAIA,3574.42,1,"INCRA, 2024",63,Brasil,,MB0221000,PA BRASILESPANHA (MB0221000),LEVEL_2
MB0222000,PA,PA BRASIL NOVO (MB0222000),MARABA,2606.12,1,"INCRA, 2024",63,Brasil,,MB0222000,PA BRASIL NOVO (MB0222000),LEVEL_2
MB0223000,PA,PA ALTO BONITO (MB0223000),MARABA,3863.04,1,"INCRA, 2024",63,Brasil,,MB0223000,PA ALTO BONITO (MB0223000),LEVEL_2
MB0224000,PA,PA JATOBÁ (MB0224000),ITUPIRANGA,1984.24,1,"INCRA, 2024",63,Brasil,,MB0224000,PA JATOBÁ (MB0224000),LEVEL_2
MB0225000,PA,PA SAPUCAIA (MB0225000),ELDORADO DOS CARAJAS,3172.27,1,"INCRA, 2024",63,Brasil,,MB0225000,PA SAPUCAIA (MB0225000),LEVEL_2
MB0226000,PA,PA SÃO SEBASTIÃO DO XINGÚ (MB0226000),SAO FELIX DO XINGU,12442.79,1,"INCRA, 2024",63,Brasil,,MB0226000,PA SÃO SEBASTIÃO DO XINGÚ (MB0226000),LEVEL_2
MB0227000,PA,PA MARIA RITA (MB0227000),XINGUARA,2826.85,1,"INCRA, 2024",63,Brasil,,MB0227000,PA MARIA RITA (MB0227000),LEVEL_2
MB0228000,PA,PA PIMENTA (MB0228000),SANTANA DO ARAGUAIA,9119.65,1,"INCRA, 2024",63,Brasil,,MB0228000,PA PIMENTA (MB0228000),LEVEL_2
MB0229000,PA,PA PAU BRASIL (MB0229000),SANTANA DO ARAGUAIA,21119.22,1,"INCRA, 2024",63,Brasil,,MB0229000,PA PAU BRASIL (MB0229000),LEVEL_2
MB0230000,PA,PA AIRTON SENA (MB0230000),SANTANA DO ARAGUAIA,12646.47,1,"INCRA, 2024",63,Brasil,,MB0230000,PA AIRTON SENA (MB0230000),LEVEL_2
MB0231000,PA,PA RIO CRISTALINO (MB0231000),SANTANA DO ARAGUAIA,15827.66,1,"INCRA, 2024",63,Brasil,,MB0231000,PA RIO CRISTALINO (MB0231000),LEVEL_2
MB0232000,PA,PA NICOBRAN (MB0232000),SANTA MARIA DAS BARREIRAS,28192.62,1,"INCRA, 2024",63,Brasil,,MB0232000,PA NICOBRAN (MB0232000),LEVEL_2
MB0233000,PA,PA RIO CAMPO ALEGRE (MB0233000),SANTANA DO ARAGUAIA,13162.55,1,"INCRA, 2024",63,Brasil,,MB0233000,PA RIO CAMPO ALEGRE (MB0233000),LEVEL_2
MB0234000,PA,PA PAJEÚ (MB0234000),NOVO REPARTIMENTO,2702.18,1,"INCRA, 2024",63,Brasil,,MB0234000,PA PAJEÚ (MB0234000),LEVEL_2
MB0235000,PA,PA SANTA IZABEL (MB0235000),NOVO REPARTIMENTO,2319.39,1,"INCRA, 2024",63,Brasil,,MB0235000,PA SANTA IZABEL (MB0235000),LEVEL_2
MB0236000,PA,PA CODESPAR (MB0236000),SANTA MARIA DAS BARREIRAS,17242.06,1,"INCRA, 2024",63,Brasil,,MB0236000,PA CODESPAR (MB0236000),LEVEL_2
MB0237000,PA,PA INAJA II (MB0237000),SANTA MARIA DAS BARREIRAS,10988.41,1,"INCRA, 2024",63,Brasil,,MB0237000,PA INAJA II (MB0237000),LEVEL_2
MB0238000,PA,PA EXPEDITO RIBEIRO (MB0238000),RIO MARIA,2531.31,1,"INCRA, 2024",63,Brasil,,MB0238000,PA EXPEDITO RIBEIRO (MB0238000),LEVEL_2
MB0239000,PA,PA BRASIL 500 (MB0239000),SANTA MARIA DAS BARREIRAS,8944.25,1,"INCRA, 2024",63,Brasil,,MB0239000,PA BRASIL 500 (MB0239000),LEVEL_2
MB0240000,PA,PA NOVO MUNDO (MB0240000),SANTA MARIA DAS BARREIRAS,11748.79,1,"INCRA, 2024",63,Brasil,,MB0240000,PA NOVO MUNDO (MB0240000),LEVEL_2
MB0241000,PA,PA ALTO BONITO DO AXIXÁ (MB0241000),ELDORADO DOS CARAJAS,6491.84,1,"INCRA, 2024",63,Brasil,,MB0241000,PA ALTO BONITO DO AXIXÁ (MB0241000),LEVEL_2
MB0242000,PA,PA RAINHA (MB0242000),ITUPIRANGA,4519.35,1,"INCRA, 2024",63,Brasil,,MB0242000,PA RAINHA (MB0242000),LEVEL_2
MB0244000,PA,PA BOM JARDIM DA VOLTINHA (MB0244000),MARABA,3033.74,1,"INCRA, 2024",63,Brasil,,MB0244000,PA BOM JARDIM DA VOLTINHA (MB0244000),LEVEL_2
MB0245000,PA,PA SÃO GERALDO (MB0245000),BOM JESUS DO TOCANTINS,6085.35,1,"INCRA, 2024",63,Brasil,,MB0245000,PA SÃO GERALDO (MB0245000),LEVEL_2
MB0246000,PA,PA MOÇA BONITA (MB0246000),ELDORADO DOS CARAJAS,3434.56,1,"INCRA, 2024",63,Brasil,,MB0246000,PA MOÇA BONITA (MB0246000),LEVEL_2
MB0247000,PA,PA NOVA ITAPERUNA (MB0247000),MARABA,2728.48,1,"INCRA, 2024",63,Brasil,,MB0247000,PA NOVA ITAPERUNA (MB0247000),LEVEL_2
MB0248000,PA,PA CASARÃO (MB0248000),NOVA IPIXUNA,3042.23,1,"INCRA, 2024",63,Brasil,,MB0248000,PA CASARÃO (MB0248000),LEVEL_2
MB0249000,PA,PA BOA ESPERANÇA DO BURGO (MB0249000),MARABA,3525.67,1,"INCRA, 2024",63,Brasil,,MB0249000,PA BOA ESPERANÇA DO BURGO (MB0249000),LEVEL_2
MB0250000,PA,PA SABINO SÃO PEDRO (MB0250000),MARABA,2123.97,1,"INCRA, 2024",63,Brasil,,MB0250000,PA SABINO SÃO PEDRO (MB0250000),LEVEL_2
MB0251000,PA,PA TERRA NOVA (MB0251000),SAO GERALDO DO ARAGUAIA,5739.43,1,"INCRA, 2024",63,Brasil,,MB0251000,PA TERRA NOVA (MB0251000),LEVEL_2
MB0252000,PA,PA BOM LUGAR (MB0252000),SAO GERALDO DO ARAGUAIA,2377.48,1,"INCRA, 2024",63,Brasil,,MB0252000,PA BOM LUGAR (MB0252000),LEVEL_2
MB0253000,PA,PA TIRA CATINGA (MB0253000),SAO GERALDO DO ARAGUAIA,1413.22,1,"INCRA, 2024",63,Brasil,,MB0253000,PA TIRA CATINGA (MB0253000),LEVEL_2
MB0254000,PA,PA CUPÚ (MB0254000),MARABA,8100.31,1,"INCRA, 2024",63,Brasil,,MB0254000,PA CUPÚ (MB0254000),LEVEL_2
MB0255000,PA,PA CABANAGEM (MB0255000),MARABA,2464.37,1,"INCRA, 2024",63,Brasil,,MB0255000,PA CABANAGEM (MB0255000),LEVEL_2
MB0256000,PA,PA CÖCO (MB0256000),ITUPIRANGA,11302.29,1,"INCRA, 2024",63,Brasil,,MB0256000,PA CÖCO (MB0256000),LEVEL_2
MB0257000,PA,PA MARAVILHA (MB0257000),MARABA,9489.38,1,"INCRA, 2024",63,Brasil,,MB0257000,PA MARAVILHA (MB0257000),LEVEL_2
MB0258000,PA,PA CARLOS FONSECA (MB0258000),PARAUAPEBAS,4431.13,1,"INCRA, 2024",63,Brasil,,MB0258000,PA CARLOS FONSECA (MB0258000),LEVEL_2
MB0259000,PA,PA CAJARANA (MB0259000),ITUPIRANGA,1497.21,1,"INCRA, 2024",63,Brasil,,MB0259000,PA CAJARANA (MB0259000),LEVEL_2
MB0260000,PA,PA SANTA MARIA DO ITACAIUNAS (MB0260000),MARABA,2405.94,1,"INCRA, 2024",63,Brasil,,MB0260000,PA SANTA MARIA DO ITACAIUNAS (MB0260000),LEVEL_2
MB0262000,PA,PA CONTINENTAL (MB0262000),AGUA AZUL DO NORTE,3091.8,1,"INCRA, 2024",63,Brasil,,MB0262000,PA CONTINENTAL (MB0262000),LEVEL_2
MB0263000,PA,PA LAGO VERMELHO (MB0263000),ITUPIRANGA,5764.28,1,"INCRA, 2024",63,Brasil,,MB0263000,PA LAGO VERMELHO (MB0263000),LEVEL_2
MB0264000,PA,PA MONTEPIO (MB0264000),AGUA AZUL DO NORTE,7973.1,1,"INCRA, 2024",63,Brasil,,MB0264000,PA MONTEPIO (MB0264000),LEVEL_2
MB0265000,PA,PA BRASILIA (MB0265000),AGUA AZUL DO NORTE,5476.32,1,"INCRA, 2024",63,Brasil,,MB0265000,PA BRASILIA (MB0265000),LEVEL_2
MB0266000,PA,PA CHICO MENDES II (MB0266000),PACAJA,3337.1,1,"INCRA, 2024",63,Brasil,,MB0266000,PA CHICO MENDES II (MB0266000),LEVEL_2
MB0267000,PA,PA NOSSA SENHORA  DO PERPÉTUO SOCORRO (MB0267000),MARABA,1631.14,1,"INCRA, 2024",63,Brasil,,MB0267000,PA NOSSA SENHORA  DO PERPÉTUO SOCORRO (MB0267000),LEVEL_2
MB0268000,PA,PA CHICO MENDES I (MB0268000),BAIAO,2139.69,1,"INCRA, 2024",63,Brasil,,MB0268000,PA CHICO MENDES I (MB0268000),LEVEL_2
MB0269000,PA,PA ALEGRIA (MB0269000),MARABA,3612.34,1,"INCRA, 2024",63,Brasil,,MB0269000,PA ALEGRIA (MB0269000),LEVEL_2
MB0270000,PA,PA MÃE MARIA (MB0270000),BOM JESUS DO TOCANTINS,3414.42,1,"INCRA, 2024",63,Brasil,,MB0270000,PA MÃE MARIA (MB0270000),LEVEL_2
MB0271000,PA,PA ESTRELA DO NORTE (MB0271000),MARABA,4406.83,1,"INCRA, 2024",63,Brasil,,MB0271000,PA ESTRELA DO NORTE (MB0271000),LEVEL_2
MB0272000,PA,PA BOA SORTE (MB0272000),BAIAO,1922.68,1,"INCRA, 2024",63,Brasil,,MB0272000,PA BOA SORTE (MB0272000),LEVEL_2
MB0273000,PA,PA CAPSS (MB0273000),SANTA MARIA DAS BARREIRAS,17368.18,1,"INCRA, 2024",63,Brasil,,MB0273000,PA CAPSS (MB0273000),LEVEL_2
MB0274000,PA,PA CASA BRANCA (MB0274000),MARABA,1579.85,1,"INCRA, 2024",63,Brasil,,MB0274000,PA CASA BRANCA (MB0274000),LEVEL_2
MB0275000,PA,PA CHIBIL (MB0275000),CONCEICAO DO ARAGUAIA,2686.92,1,"INCRA, 2024",63,Brasil,,MB0275000,PA CHIBIL (MB0275000),LEVEL_2
MB0276000,PA,PA SANTA EUDOXIA (MB0276000),CONCEICAO DO ARAGUAIA,2982.2,1,"INCRA, 2024",63,Brasil,,MB0276000,PA SANTA EUDOXIA (MB0276000),LEVEL_2
MB0277000,PA,PA BARRA DO CEDRO (MB0277000),CURIONOPOLIS,982.61,1,"INCRA, 2024",63,Brasil,,MB0277000,PA BARRA DO CEDRO (MB0277000),LEVEL_2
MB0278000,PA,PA MARINGÁ (MB0278000),XINGUARA,4227.78,1,"INCRA, 2024",63,Brasil,,MB0278000,PA MARINGÁ (MB0278000),LEVEL_2
MB0279000,PA,PA MIGUEL GOMES DA SILVA (MB0279000),SAO GERALDO DO ARAGUAIA,1289.17,1,"INCRA, 2024",63,Brasil,,MB0279000,PA MIGUEL GOMES DA SILVA (MB0279000),LEVEL_2
MB0280000,PA,PA LAGO AZUL (MB0280000),NOVA IPIXUNA,2998.39,1,"INCRA, 2024",63,Brasil,,MB0280000,PA LAGO AZUL (MB0280000),LEVEL_2
MB0281000,PA,PA BOQUEIRÃO (MB0281000),SAO GERALDO DO ARAGUAIA,2591.04,1,"INCRA, 2024",63,Brasil,,MB0281000,PA BOQUEIRÃO (MB0281000),LEVEL_2
MB0282000,PA,PA PEDRA PRETA (MB0282000),CONCEICAO DO ARAGUAIA,2608.95,1,"INCRA, 2024",63,Brasil,,MB0282000,PA PEDRA PRETA (MB0282000),LEVEL_2
MB0283000,PA,PA UIRAPURÚ (MB0283000),ITUPIRANGA,3072.61,1,"INCRA, 2024",63,Brasil,,MB0283000,PA UIRAPURÚ (MB0283000),LEVEL_2
MB0284000,PA,PA RANCHARIA (MB0284000),ITUPIRANGA,3126.69,1,"INCRA, 2024",63,Brasil,,MB0284000,PA RANCHARIA (MB0284000),LEVEL_2
MB0286000,PA,PA VISTA ALEGRE (MB0286000),PACAJA,2099.05,1,"INCRA, 2024",63,Brasil,,MB0286000,PA VISTA ALEGRE (MB0286000),LEVEL_2
MB0287000,PA,PA ACAPU (MB0287000),GOIANESIA DO PARA,1020.94,1,"INCRA, 2024",63,Brasil,,MB0287000,PA ACAPU (MB0287000),LEVEL_2
MB0288000,PA,PA VALE DA SERRA (MB0288000),RIO MARIA,1887.25,1,"INCRA, 2024",63,Brasil,,MB0288000,PA VALE DA SERRA (MB0288000),LEVEL_2
MB0125000,PA,PA LIMÃO (MB0125000),ELDORADO DOS CARAJAS,10938.65,1,"INCRA, 2024",63,Brasil,,MB0125000,PA LIMÃO (MB0125000),LEVEL_2
MB0291000,PA,PA MARIA DE LOURDES RODRIGUES (MB0291000),CANAA DOS CARAJAS,4183.41,1,"INCRA, 2024",63,Brasil,,MB0291000,PA MARIA DE LOURDES RODRIGUES (MB0291000),LEVEL_2
MB0292000,PA,PA LARANJEIRAS (MB0292000),ITUPIRANGA,10597.83,1,"INCRA, 2024",63,Brasil,,MB0292000,PA LARANJEIRAS (MB0292000),LEVEL_2
MB0289000,PA,PA UNIAO DA VITORIA (MB0289000),AGUA AZUL DO NORTE,4160.36,1,"INCRA, 2024",63,Brasil,,MB0289000,PA UNIAO DA VITORIA (MB0289000),LEVEL_2
MB0290000,PA,PA JERONIMO NUNES LACERDA (MB0290000),AGUA AZUL DO NORTE,3757.46,1,"INCRA, 2024",63,Brasil,,MB0290000,PA JERONIMO NUNES LACERDA (MB0290000),LEVEL_2
MB0293000,PA,PA RIO PARA (MB0293000),SAO FELIX DO XINGU,5421.82,1,"INCRA, 2024",63,Brasil,,MB0293000,PA RIO PARA (MB0293000),LEVEL_2
MB0294000,PA,PA RIO CINZA (MB0294000),SAO FELIX DO XINGU,5850.99,1,"INCRA, 2024",63,Brasil,,MB0294000,PA RIO CINZA (MB0294000),LEVEL_2
MB0295000,PA,PA RIO NEGRO (MB0295000),SAO FELIX DO XINGU,4332.09,1,"INCRA, 2024",63,Brasil,,MB0295000,PA RIO NEGRO (MB0295000),LEVEL_2
MB0296000,PA,PA ARAPARI (MB0296000),SAO FELIX DO XINGU,14467.28,1,"INCRA, 2024",63,Brasil,,MB0296000,PA ARAPARI (MB0296000),LEVEL_2
MB0297000,PA,PA EMÍDIO BATISTA DE MOURA (MB0297000),SAO GERALDO DO ARAGUAIA,10930.87,1,"INCRA, 2024",63,Brasil,,MB0297000,PA EMÍDIO BATISTA DE MOURA (MB0297000),LEVEL_2
MB0298000,PA,PA 21 DE ABRIL (MB0298000),SAO JOAO DO ARAGUAIA,1741.31,1,"INCRA, 2024",63,Brasil,,MB0298000,PA 21 DE ABRIL (MB0298000),LEVEL_2
MB0299000,PA,PA VALENTIM SERRA (MB0299000),MARABA,2294.41,1,"INCRA, 2024",63,Brasil,,MB0299000,PA VALENTIM SERRA (MB0299000),LEVEL_2
MB0306000,PA,PA BEIRA RIO (MB0306000),MARABA,1975.19,1,"INCRA, 2024",63,Brasil,,MB0306000,PA BEIRA RIO (MB0306000),LEVEL_2
MB0307000,PA,PA BURGO (MB0307000),MARABA,1388.37,1,"INCRA, 2024",63,Brasil,,MB0307000,PA BURGO (MB0307000),LEVEL_2
MB0308000,PA,PA CARIMÃ (MB0308000),MARABA,2073.27,1,"INCRA, 2024",63,Brasil,,MB0308000,PA CARIMÃ (MB0308000),LEVEL_2
MB0309000,PA,PA BELO MIRAR (MB0309000),ELDORADO DOS CARAJAS,3400.57,1,"INCRA, 2024",63,Brasil,,MB0309000,PA BELO MIRAR (MB0309000),LEVEL_2
MB0310000,PA,PA NOSSA SENHORA DAS GRAÇAS (MB0310000),ELDORADO DOS CARAJAS,3547.41,1,"INCRA, 2024",63,Brasil,,MB0310000,PA NOSSA SENHORA DAS GRAÇAS (MB0310000),LEVEL_2
MB0311000,PA,PA BOCA DO LAGO (MB0311000),ELDORADO DOS CARAJAS,3372.62,1,"INCRA, 2024",63,Brasil,,MB0311000,PA BOCA DO LAGO (MB0311000),LEVEL_2
MB0313000,PA,PA BORRACHEIRA (MB0313000),ITUPIRANGA,2588.27,1,"INCRA, 2024",63,Brasil,,MB0313000,PA BORRACHEIRA (MB0313000),LEVEL_2
MB0314000,PA,PA ARICA (MB0314000),AGUA AZUL DO NORTE,1579.31,1,"INCRA, 2024",63,Brasil,,MB0314000,PA ARICA (MB0314000),LEVEL_2
MB0315000,PA,PA MINEIRO PRETO (MB0315000),NOVO REPARTIMENTO,9942.62,1,"INCRA, 2024",63,Brasil,,MB0315000,PA MINEIRO PRETO (MB0315000),LEVEL_2
MB0316000,PA,PA ALTO PACAJÁ (MB0316000),NOVO REPARTIMENTO,13211.21,1,"INCRA, 2024",63,Brasil,,MB0316000,PA ALTO PACAJÁ (MB0316000),LEVEL_2
MB0317000,PA,PA BOCA LARGA (MB0317000),NOVO REPARTIMENTO,7061.42,1,"INCRA, 2024",63,Brasil,,MB0317000,PA BOCA LARGA (MB0317000),LEVEL_2
MB0318000,PA,PA JACARÉ-AÇÚ (MB0318000),NOVO REPARTIMENTO,11231.31,1,"INCRA, 2024",63,Brasil,,MB0318000,PA JACARÉ-AÇÚ (MB0318000),LEVEL_2
MB0319000,PA,PA JOSÉ CIRILO GOMES (MB0319000),NOVO REPARTIMENTO,10171.12,1,"INCRA, 2024",63,Brasil,,MB0319000,PA JOSÉ CIRILO GOMES (MB0319000),LEVEL_2
MB0320000,PA,PA RIO PRETO (MB0320000),NOVO REPARTIMENTO,5922.18,1,"INCRA, 2024",63,Brasil,,MB0320000,PA RIO PRETO (MB0320000),LEVEL_2
MB0321000,PA,PA CASCALHO (MB0321000),ITUPIRANGA,2669.11,1,"INCRA, 2024",63,Brasil,,MB0321000,PA CASCALHO (MB0321000),LEVEL_2
MB0322000,PA,PA NOVA VIDA (MB0322000),MARABA,5697.04,1,"INCRA, 2024",63,Brasil,,MB0322000,PA NOVA VIDA (MB0322000),LEVEL_2
MB0323000,PA,PA CASTANHAL RATO II (MB0323000),MARABA,1472.63,1,"INCRA, 2024",63,Brasil,,MB0323000,PA CASTANHAL RATO II (MB0323000),LEVEL_2
MB0324000,PA,PA SANTA MARIA (MB0324000),NOVO REPARTIMENTO,2158.08,1,"INCRA, 2024",63,Brasil,,MB0324000,PA SANTA MARIA (MB0324000),LEVEL_2
MB0325000,PA,PA SANTA LIDUINA (MB0325000),NOVO REPARTIMENTO,1910.25,1,"INCRA, 2024",63,Brasil,,MB0325000,PA SANTA LIDUINA (MB0325000),LEVEL_2
MB0326000,PA,PA IOLANDA (MB0326000),NOVO REPARTIMENTO,2312.83,1,"INCRA, 2024",63,Brasil,,MB0326000,PA IOLANDA (MB0326000),LEVEL_2
MB0327000,PA,PA SÃO JOSE (MB0327000),SAO GERALDO DO ARAGUAIA,4501.97,1,"INCRA, 2024",63,Brasil,,MB0327000,PA SÃO JOSE (MB0327000),LEVEL_2
MB0328000,PA,PA PAU FERRADO (MB0328000),SAO GERALDO DO ARAGUAIA,2155.7,1,"INCRA, 2024",63,Brasil,,MB0328000,PA PAU FERRADO (MB0328000),LEVEL_2
MB0329000,PA,PA BEIJA FLOR II (MB0329000),BAIAO,1166.03,1,"INCRA, 2024",63,Brasil,,MB0329000,PA BEIJA FLOR II (MB0329000),LEVEL_2
MB0330000,PA,PA AMAPÁ I (MB0330000),TUCURUI,2483.89,1,"INCRA, 2024",63,Brasil,,MB0330000,PA AMAPÁ I (MB0330000),LEVEL_2
MB0331000,PA,PA ALTO AMAZONAS (MB0331000),NOVO REPARTIMENTO,2411.37,1,"INCRA, 2024",63,Brasil,,MB0331000,PA ALTO AMAZONAS (MB0331000),LEVEL_2
MB0332000,PA,PA BARRAGEIRA (MB0332000),PACAJA,2973.98,1,"INCRA, 2024",63,Brasil,,MB0332000,PA BARRAGEIRA (MB0332000),LEVEL_2
MB0333000,PA,PA CACHOEIRINHA (MB0333000),NOVO REPARTIMENTO,1239.25,1,"INCRA, 2024",63,Brasil,,MB0333000,PA CACHOEIRINHA (MB0333000),LEVEL_2
MB0334000,PA,PA AMAPA II (MB0334000),BAIAO,2929.06,1,"INCRA, 2024",63,Brasil,,MB0334000,PA AMAPA II (MB0334000),LEVEL_2
MB0335000,PA,PA SÃO GERALDO DO REPARTIMENTO (MB0335000),NOVO REPARTIMENTO,1992.31,1,"INCRA, 2024",63,Brasil,,MB0335000,PA SÃO GERALDO DO REPARTIMENTO (MB0335000),LEVEL_2
MB0336000,PA,PA NOVO MUNDO DO ITUPIRANGA (MB0336000),ITUPIRANGA,1241.06,1,"INCRA, 2024",63,Brasil,,MB0336000,PA NOVO MUNDO DO ITUPIRANGA (MB0336000),LEVEL_2
MB0337000,PA,PA BOA ESPERANÇA DO ARAGUAIA (MB0337000),SAO GERALDO DO ARAGUAIA,2623.86,1,"INCRA, 2024",63,Brasil,,MB0337000,PA BOA ESPERANÇA DO ARAGUAIA (MB0337000),LEVEL_2
MB0338000,PA,PA UNIÃO (MB0338000),MARABA,2746.68,1,"INCRA, 2024",63,Brasil,,MB0338000,PA UNIÃO (MB0338000),LEVEL_2
MB0339000,PA,PA JERUZALÉM (MB0339000),MARABA,1140.91,1,"INCRA, 2024",63,Brasil,,MB0339000,PA JERUZALÉM (MB0339000),LEVEL_2
MB0340000,PA,PA SANTA TEREZINHA (MB0340000),XINGUARA,2469.92,1,"INCRA, 2024",63,Brasil,,MB0340000,PA SANTA TEREZINHA (MB0340000),LEVEL_2
MB0341000,PA,PA SAMAUMA (MB0341000),MARABA,1353.84,1,"INCRA, 2024",63,Brasil,,MB0341000,PA SAMAUMA (MB0341000),LEVEL_2
MB0342000,PA,PA MARRECAS DO ARAGUAIA (MB0342000),CONCEICAO DO ARAGUAIA,3646.93,1,"INCRA, 2024",63,Brasil,,MB0342000,PA MARRECAS DO ARAGUAIA (MB0342000),LEVEL_2
MB0343000,PA,PA CUXIÚ (MB0343000),ITUPIRANGA,495.53,1,"INCRA, 2024",63,Brasil,,MB0343000,PA CUXIÚ (MB0343000),LEVEL_2
MB0344000,PA,PA JOSE PINHEIRO LIMA (MB0344000),MARABA,3840.77,1,"INCRA, 2024",63,Brasil,,MB0344000,PA JOSE PINHEIRO LIMA (MB0344000),LEVEL_2
MB0345000,PA,PA JURUNA (MB0345000),ITUPIRANGA,12211.62,1,"INCRA, 2024",63,Brasil,,MB0345000,PA JURUNA (MB0345000),LEVEL_2
MB0346000,PA,PA PALMARES SUL (MB0346000),PARAUAPEBAS,9607.74,1,"INCRA, 2024",63,Brasil,,MB0346000,PA PALMARES SUL (MB0346000),LEVEL_2
MB0347000,PA,PA ALCOBAÇA (MB0347000),BREU BRANCO,4573.35,1,"INCRA, 2024",63,Brasil,,MB0347000,PA ALCOBAÇA (MB0347000),LEVEL_2
MB0351000,PA,PA IGARAPE DO RATO (MB0351000),MARABA,2306.0,1,"INCRA, 2024",63,Brasil,,MB0351000,PA IGARAPE DO RATO (MB0351000),LEVEL_2
MB0352000,PA,PA ARAÇATUBA CARAJÁS (MB0352000),PARAUAPEBAS,1416.01,1,"INCRA, 2024",63,Brasil,,MB0352000,PA ARAÇATUBA CARAJÁS (MB0352000),LEVEL_2
MB0353000,PA,PA 4 DE JUNHO (MB0353000),SAO JOAO DO ARAGUAIA,1250.62,1,"INCRA, 2024",63,Brasil,,MB0353000,PA 4 DE JUNHO (MB0353000),LEVEL_2
MB0354000,PA,PA JARDIM (MB0354000),MARABA,2439.94,1,"INCRA, 2024",63,Brasil,,MB0354000,PA JARDIM (MB0354000),LEVEL_2
MB0355000,PA,PA FÊNIX (MB0355000),XINGUARA,1453.96,1,"INCRA, 2024",63,Brasil,,MB0355000,PA FÊNIX (MB0355000),LEVEL_2
MB0356000,PA,PA JOSÉ DUTRA DA COSTA (MB0356000),RONDON DO PARA,2934.6,1,"INCRA, 2024",63,Brasil,,MB0356000,PA JOSÉ DUTRA DA COSTA (MB0356000),LEVEL_2
MB0357000,PA,PA BONANZA (MB0357000),ITUPIRANGA,1348.17,1,"INCRA, 2024",63,Brasil,,MB0357000,PA BONANZA (MB0357000),LEVEL_2
MB0358000,PA,PA NOSSA SENHORA APARECIDA (MB0358000),RONDON DO PARA,3404.75,1,"INCRA, 2024",63,Brasil,,MB0358000,PA NOSSA SENHORA APARECIDA (MB0358000),LEVEL_2
MB0359000,PA,PA NOVA VITORIA (MB0359000),RONDON DO PARA,5934.57,1,"INCRA, 2024",63,Brasil,,MB0359000,PA NOVA VITORIA (MB0359000),LEVEL_2
MB0360000,PA,PA UNIDOS PARA VENCER (MB0360000),RONDON DO PARA,2107.23,1,"INCRA, 2024",63,Brasil,,MB0360000,PA UNIDOS PARA VENCER (MB0360000),LEVEL_2
MB0361000,PA,PA PIQUIÁ (MB0361000),MARABA,3324.84,1,"INCRA, 2024",63,Brasil,,MB0361000,PA PIQUIÁ (MB0361000),LEVEL_2
MB0363000,PA,PA PIRASSUNUNGA (MB0363000),BAIAO,490.51,1,"INCRA, 2024",63,Brasil,,MB0363000,PA PIRASSUNUNGA (MB0363000),LEVEL_2
MB0364000,PA,PA POUSO ALEGRE (MB0364000),MARABA,1559.8,1,"INCRA, 2024",63,Brasil,,MB0364000,PA POUSO ALEGRE (MB0364000),LEVEL_2
MB0365000,PA,PA SANTA RITA (MB0365000),MARABA,690.69,1,"INCRA, 2024",63,Brasil,,MB0365000,PA SANTA RITA (MB0365000),LEVEL_2
MB0366000,PA,PA POUSO BONITO (MB0366000),BAIAO,1421.73,1,"INCRA, 2024",63,Brasil,,MB0366000,PA POUSO BONITO (MB0366000),LEVEL_2
MB0367000,PA,PA BOA SORTE II (MB0367000),BAIAO,719.47,1,"INCRA, 2024",63,Brasil,,MB0367000,PA BOA SORTE II (MB0367000),LEVEL_2
MB0368000,PA,PA SANTA MARTA (MB0368000),BAIAO,1215.91,1,"INCRA, 2024",63,Brasil,,MB0368000,PA SANTA MARTA (MB0368000),LEVEL_2
MB0369000,PA,PA 8 DE MARÇO (MB0369000),TUCURUI,1497.8,1,"INCRA, 2024",63,Brasil,,MB0369000,PA 8 DE MARÇO (MB0369000),LEVEL_2
MB0370000,PA,PA NOSSA SENHORA DA GUIA (MB0370000),NOVO REPARTIMENTO,2246.25,1,"INCRA, 2024",63,Brasil,,MB0370000,PA NOSSA SENHORA DA GUIA (MB0370000),LEVEL_2
MB0371000,PA,PA VALE DO ARATAU (MB0371000),NOVO REPARTIMENTO,2008.87,1,"INCRA, 2024",63,Brasil,,MB0371000,PA VALE DO ARATAU (MB0371000),LEVEL_2
MB0372000,PA,PA NOVA UNIÃO (MB0372000),TUCURUI,1305.84,1,"INCRA, 2024",63,Brasil,,MB0372000,PA NOVA UNIÃO (MB0372000),LEVEL_2
MB0373000,PA,PA COCALÂNDIA II (MB0373000),NOVO REPARTIMENTO,1647.1,1,"INCRA, 2024",63,Brasil,,MB0373000,PA COCALÂNDIA II (MB0373000),LEVEL_2
MB0379000,PA,PA CABANOS (MB0379000),ELDORADO DOS CARAJAS,2910.07,1,"INCRA, 2024",63,Brasil,,MB0379000,PA CABANOS (MB0379000),LEVEL_2
MB0374000,PA,PA PARAUNA (MB0374000),TUCURUI,2078.73,1,"INCRA, 2024",63,Brasil,,MB0374000,PA PARAUNA (MB0374000),LEVEL_2
MB0375000,PA,PA REUNIDAS (MB0375000),TUCURUI,4312.72,1,"INCRA, 2024",63,Brasil,,MB0375000,PA REUNIDAS (MB0375000),LEVEL_2
MB0376000,PA,PA PALMEIRA JUSSARA (MB0376000),MARABA,958.49,1,"INCRA, 2024",63,Brasil,,MB0376000,PA PALMEIRA JUSSARA (MB0376000),LEVEL_2
MB0377000,PA,PA CONSPEL (MB0377000),PALESTINA DO PARA,1049.4,1,"INCRA, 2024",63,Brasil,,MB0377000,PA CONSPEL (MB0377000),LEVEL_2
MB0378000,PA,PA JOÃO LANARI DO VAL (MB0378000),CUMARU DO NORTE,4803.85,1,"INCRA, 2024",63,Brasil,,MB0378000,PA JOÃO LANARI DO VAL (MB0378000),LEVEL_2
MB0381000,PA,PA CASTANHAL ALMESCÃO (MB0381000),SAO DOMINGOS DO ARAGUAIA,3573.38,1,"INCRA, 2024",63,Brasil,,MB0381000,PA CASTANHAL ALMESCÃO (MB0381000),LEVEL_2
MB0382000,PA,PA NOVO PROJETO (MB0382000),REDENCAO,1931.66,1,"INCRA, 2024",63,Brasil,,MB0382000,PA NOVO PROJETO (MB0382000),LEVEL_2
MB0383000,PA,PA MATA AZUL III (MB0383000),RIO MARIA,2808.91,1,"INCRA, 2024",63,Brasil,,MB0383000,PA MATA AZUL III (MB0383000),LEVEL_2
MB0385000,PA,PA IRMÃ DULCE (MB0385000),SANTA MARIA DAS BARREIRAS,4357.81,1,"INCRA, 2024",63,Brasil,,MB0385000,PA IRMÃ DULCE (MB0385000),LEVEL_2
MB0387000,PA,PA AQUARIUS CRUZEIRO DO SUL (MB0387000),TUCURUI,3690.27,1,"INCRA, 2024",63,Brasil,,MB0387000,PA AQUARIUS CRUZEIRO DO SUL (MB0387000),LEVEL_2
MB0388000,PA,PA BELO HORIZONTE II (MB0388000),SAO DOMINGOS DO ARAGUAIA,2384.37,1,"INCRA, 2024",63,Brasil,,MB0388000,PA BELO HORIZONTE II (MB0388000),LEVEL_2
MB0389000,PA,PA PEDRA DE AMOLAR (MB0389000),SAO DOMINGOS DO ARAGUAIA,936.22,1,"INCRA, 2024",63,Brasil,,MB0389000,PA PEDRA DE AMOLAR (MB0389000),LEVEL_2
MB0390000,PA,PA ZUMBI DOS PALMARES (MB0390000),PACAJA,3776.45,1,"INCRA, 2024",63,Brasil,,MB0390000,PA ZUMBI DOS PALMARES (MB0390000),LEVEL_2
MB0391000,PA,PA SOL NASCENTE (MB0391000),SAO DOMINGOS DO ARAGUAIA,1201.85,1,"INCRA, 2024",63,Brasil,,MB0391000,PA SOL NASCENTE (MB0391000),LEVEL_2
MB0392000,PA,PA GABRIEL PIMENTA (MB0392000),MARABA,5020.8,1,"INCRA, 2024",63,Brasil,,MB0392000,PA GABRIEL PIMENTA (MB0392000),LEVEL_2
MB0393000,PA,PA NOVA ESPERANÇA (MB0393000),MARABA,5552.97,1,"INCRA, 2024",63,Brasil,,MB0393000,PA NOVA ESPERANÇA (MB0393000),LEVEL_2
MB0394000,PA,PA JOÃO VAZ (MB0394000),NOVA IPIXUNA,3328.62,1,"INCRA, 2024",63,Brasil,,MB0394000,PA JOÃO VAZ (MB0394000),LEVEL_2
MB0395000,PA,PA LIBERDADE (MB0395000),MARABA,5547.97,1,"INCRA, 2024",63,Brasil,,MB0395000,PA LIBERDADE (MB0395000),LEVEL_2
MB0396000,PA,PA BOM JESUS (MB0396000),BREJO GRANDE DO ARAGUAIA,4812.84,1,"INCRA, 2024",63,Brasil,,MB0396000,PA BOM JESUS (MB0396000),LEVEL_2
MB0397000,PA,PA SANTA LUCIA (MB0397000),SAO DOMINGOS DO ARAGUAIA,1251.74,1,"INCRA, 2024",63,Brasil,,MB0397000,PA SANTA LUCIA (MB0397000),LEVEL_2
MB0398000,PA,PA ESTRELA DALVA (MB0398000),MARABA,2747.72,1,"INCRA, 2024",63,Brasil,,MB0398000,PA ESTRELA DALVA (MB0398000),LEVEL_2
MB0400000,PA,PA VALE DA LIBERDADE (MB0400000),MARABA,917.76,1,"INCRA, 2024",63,Brasil,,MB0400000,PA VALE DA LIBERDADE (MB0400000),LEVEL_2
MB0401000,PA,PA GROTÃO DO SEVERINO (MB0401000),NOVA IPIXUNA,762.99,1,"INCRA, 2024",63,Brasil,,MB0401000,PA GROTÃO DO SEVERINO (MB0401000),LEVEL_2
MB0402000,PA,PA TALISMÃ (MB0402000),MARABA,2312.55,1,"INCRA, 2024",63,Brasil,,MB0402000,PA TALISMÃ (MB0402000),LEVEL_2
MB0404000,PA,PA CANUDOS (MB0404000),ELDORADO DOS CARAJAS,2741.56,1,"INCRA, 2024",63,Brasil,,MB0404000,PA CANUDOS (MB0404000),LEVEL_2
MB0405000,PA,PA TARUMÃ (MB0405000),ITUPIRANGA,4395.96,1,"INCRA, 2024",63,Brasil,,MB0405000,PA TARUMÃ (MB0405000),LEVEL_2
MB0406000,PA,PA ESPERANÇA (MB0406000),AGUA AZUL DO NORTE,2264.07,1,"INCRA, 2024",63,Brasil,,MB0406000,PA ESPERANÇA (MB0406000),LEVEL_2
MB0407000,PA,PA LIMEIRA (MB0407000),ITUPIRANGA,1341.96,1,"INCRA, 2024",63,Brasil,,MB0407000,PA LIMEIRA (MB0407000),LEVEL_2
MB0408000,PA,PA ANTARES (MB0408000),SAO FELIX DO XINGU,6959.71,1,"INCRA, 2024",63,Brasil,,MB0408000,PA ANTARES (MB0408000),LEVEL_2
MB0409000,PA,PA PARAGOMINAS (MB0409000),CONCEICAO DO ARAGUAIA,1599.38,1,"INCRA, 2024",63,Brasil,,MB0409000,PA PARAGOMINAS (MB0409000),LEVEL_2
MB0410000,PA,PA TRES LAGOAS (MB0410000),ELDORADO DOS CARAJAS,5281.08,1,"INCRA, 2024",63,Brasil,,MB0410000,PA TRES LAGOAS (MB0410000),LEVEL_2
MB0411000,PA,PA CARUMBÉ (MB0411000),PICARRA,3208.83,1,"INCRA, 2024",63,Brasil,,MB0411000,PA CARUMBÉ (MB0411000),LEVEL_2
MB0380000,PA,PA BELO VALE (MB0380000),MARABA,1302.56,1,"INCRA, 2024",63,Brasil,,MB0380000,PA BELO VALE (MB0380000),LEVEL_2
MB0413000,PA,PA MUTUÃ (MB0413000),PICARRA,3662.03,1,"INCRA, 2024",63,Brasil,,MB0413000,PA MUTUÃ (MB0413000),LEVEL_2
MB0420000,PA,PA CACHOEIRA PRETA II (MB0420000),MARABA,5333.29,1,"INCRA, 2024",63,Brasil,,MB0420000,PA CACHOEIRA PRETA II (MB0420000),LEVEL_2
MB0414000,PA,PA PONTA DA SERRA (MB0414000),PICARRA,5375.72,1,"INCRA, 2024",63,Brasil,,MB0414000,PA PONTA DA SERRA (MB0414000),LEVEL_2
MB0415000,PA,PA VALE DO MUCURA II (MB0415000),SAO GERALDO DO ARAGUAIA,9092.61,1,"INCRA, 2024",63,Brasil,,MB0415000,PA VALE DO MUCURA II (MB0415000),LEVEL_2
MB0416000,PA,PA COCALINHO (MB0416000),CONCEICAO DO ARAGUAIA,1281.97,1,"INCRA, 2024",63,Brasil,,MB0416000,PA COCALINHO (MB0416000),LEVEL_2
MB0417000,PA,PA RAINHA DA PAZ (MB0417000),RONDON DO PARA,3922.59,1,"INCRA, 2024",63,Brasil,,MB0417000,PA RAINHA DA PAZ (MB0417000),LEVEL_2
MB0418000,PA,PA GAVIÃO (MB0418000),RONDON DO PARA,9382.99,1,"INCRA, 2024",63,Brasil,,MB0418000,PA GAVIÃO (MB0418000),LEVEL_2
MB0419000,PA,PA MANTENHA (MB0419000),RONDON DO PARA,1125.48,1,"INCRA, 2024",63,Brasil,,MB0419000,PA MANTENHA (MB0419000),LEVEL_2
MB0424000,PA,PA DOMINGOS OLIVEIRA BEZERRA (MB0424000),SANTANA DO ARAGUAIA,7211.97,1,"INCRA, 2024",63,Brasil,,MB0424000,PA DOMINGOS OLIVEIRA BEZERRA (MB0424000),LEVEL_2
MB0425000,PA,PA SÃO SEBASTIÃO DO CRISTALINO (MB0425000),SANTANA DO ARAGUAIA,5670.13,1,"INCRA, 2024",63,Brasil,,MB0425000,PA SÃO SEBASTIÃO DO CRISTALINO (MB0425000),LEVEL_2
MB0426000,PA,PA SÃO PEDRO II (MB0426000),SANTA MARIA DAS BARREIRAS,5334.38,1,"INCRA, 2024",63,Brasil,,MB0426000,PA SÃO PEDRO II (MB0426000),LEVEL_2
MB0427000,PA,PA PIONEIRA (MB0427000),PACAJA,2035.8,1,"INCRA, 2024",63,Brasil,,MB0427000,PA PIONEIRA (MB0427000),LEVEL_2
MB0428000,PA,PA RIBEIRÃO DAS PEDRAS (MB0428000),PACAJA,2016.53,1,"INCRA, 2024",63,Brasil,,MB0428000,PA RIBEIRÃO DAS PEDRAS (MB0428000),LEVEL_2
MB0430000,PA,PA ARIZONA (MB0430000),SANTANA DO ARAGUAIA,7405.85,1,"INCRA, 2024",63,Brasil,,MB0430000,PA ARIZONA (MB0430000),LEVEL_2
MB0431000,PA,PA CONSOLAÇÃO (MB0431000),CONCEICAO DO ARAGUAIA,4821.37,1,"INCRA, 2024",63,Brasil,,MB0431000,PA CONSOLAÇÃO (MB0431000),LEVEL_2
MB0432000,PA,PA PANORAMA (MB0432000),SANTA MARIA DAS BARREIRAS,3551.01,1,"INCRA, 2024",63,Brasil,,MB0432000,PA PANORAMA (MB0432000),LEVEL_2
MB0433000,PA,PA CRISTO VIVE (MB0433000),SANTANA DO ARAGUAIA,6925.0,1,"INCRA, 2024",63,Brasil,,MB0433000,PA CRISTO VIVE (MB0433000),LEVEL_2
MB0434000,PA,PA SERRA GRANDE (MB0434000),SANTA MARIA DAS BARREIRAS,6866.58,1,"INCRA, 2024",63,Brasil,,MB0434000,PA SERRA GRANDE (MB0434000),LEVEL_2
MB0436000,PA,PA ITAMARATY (MB0436000),SANTANA DO ARAGUAIA,6876.89,1,"INCRA, 2024",63,Brasil,,MB0436000,PA ITAMARATY (MB0436000),LEVEL_2
MB0437000,PA,PA ÁGUA BOA (MB0437000),SAO GERALDO DO ARAGUAIA,647.28,1,"INCRA, 2024",63,Brasil,,MB0437000,PA ÁGUA BOA (MB0437000),LEVEL_2
MB0438000,PA,PA SUMAUMA II (MB0438000),SAO FELIX DO XINGU,5117.04,1,"INCRA, 2024",63,Brasil,,MB0438000,PA SUMAUMA II (MB0438000),LEVEL_2
MB0439000,PA,PA CAMPOS VERDES (MB0439000),SANTA MARIA DAS BARREIRAS,4627.63,1,"INCRA, 2024",63,Brasil,,MB0439000,PA CAMPOS VERDES (MB0439000),LEVEL_2
MB0440000,PA,PA BOM FUTURO (MB0440000),PACAJA,3466.42,1,"INCRA, 2024",63,Brasil,,MB0440000,PA BOM FUTURO (MB0440000),LEVEL_2
MB0441000,PA,PA SUNIL (MB0441000),NOVO REPARTIMENTO,2357.66,1,"INCRA, 2024",63,Brasil,,MB0441000,PA SUNIL (MB0441000),LEVEL_2
MB0442000,PA,PA JORDÃO (MB0442000),NOVO REPARTIMENTO,3029.63,1,"INCRA, 2024",63,Brasil,,MB0442000,PA JORDÃO (MB0442000),LEVEL_2
MB0443000,PA,PA CARAJÁS (MB0443000),NOVO REPARTIMENTO,5098.48,1,"INCRA, 2024",63,Brasil,,MB0443000,PA CARAJÁS (MB0443000),LEVEL_2
MB0444000,PA,PA VIDA NOVA (MB0444000),ITUPIRANGA,5818.29,1,"INCRA, 2024",63,Brasil,,MB0444000,PA VIDA NOVA (MB0444000),LEVEL_2
MB0445000,PA,PA BARRACA DO MEIO (MB0445000),ITUPIRANGA,4377.55,1,"INCRA, 2024",63,Brasil,,MB0445000,PA BARRACA DO MEIO (MB0445000),LEVEL_2
MB0446000,PA,PA UXI (MB0446000),ITUPIRANGA,7017.65,1,"INCRA, 2024",63,Brasil,,MB0446000,PA UXI (MB0446000),LEVEL_2
MB0447000,PA,PA BERRANTE DE OURO (MB0447000),ITUPIRANGA,6685.71,1,"INCRA, 2024",63,Brasil,,MB0447000,PA BERRANTE DE OURO (MB0447000),LEVEL_2
MB0448000,PA,PA PEDRA BRANCA (MB0448000),ITUPIRANGA,5387.45,1,"INCRA, 2024",63,Brasil,,MB0448000,PA PEDRA BRANCA (MB0448000),LEVEL_2
MB0450000,PA,PA RIO BANDEIRA (MB0450000),PACAJA,11147.73,1,"INCRA, 2024",63,Brasil,,MB0450000,PA RIO BANDEIRA (MB0450000),LEVEL_2
MB0451000,PA,PA SANTIAGO (MB0451000),SAO FELIX DO XINGU,3712.76,1,"INCRA, 2024",63,Brasil,,MB0451000,PA SANTIAGO (MB0451000),LEVEL_2
MB0452000,PA,PA NOVA DESCOBERTA (MB0452000),PICARRA,3678.18,1,"INCRA, 2024",63,Brasil,,MB0452000,PA NOVA DESCOBERTA (MB0452000),LEVEL_2
MB0453000,PA,PA LIMPEZA (MB0453000),SAO GERALDO DO ARAGUAIA,3757.21,1,"INCRA, 2024",63,Brasil,,MB0453000,PA LIMPEZA (MB0453000),LEVEL_2
MB0454000,PA,PA MAL ARRUMADO (MB0454000),SAO GERALDO DO ARAGUAIA,799.34,1,"INCRA, 2024",63,Brasil,,MB0454000,PA MAL ARRUMADO (MB0454000),LEVEL_2
MB0455000,PA,PA JOSÉ INOCÊNCIO NERES (MB0455000),SANTA MARIA DAS BARREIRAS,3938.94,1,"INCRA, 2024",63,Brasil,,MB0455000,PA JOSÉ INOCÊNCIO NERES (MB0455000),LEVEL_2
MB0456000,PA,PA ÁGUA BRANCA (MB0456000),RONDON DO PARA,3633.88,1,"INCRA, 2024",63,Brasil,,MB0456000,PA ÁGUA BRANCA (MB0456000),LEVEL_2
MB0458000,PA,PA COLÔNIA PODEROSA (MB0458000),SANTA MARIA DAS BARREIRAS,7485.74,1,"INCRA, 2024",63,Brasil,,MB0458000,PA COLÔNIA PODEROSA (MB0458000),LEVEL_2
MB0459000,PA,PA OESTE (MB0459000),SAO FELIX DO XINGU,5490.36,1,"INCRA, 2024",63,Brasil,,MB0459000,PA OESTE (MB0459000),LEVEL_2
MB0422000,PA,PA PADRE JOSIMO TAVARES II (MB0422000),MARABA,1087.69,1,"INCRA, 2024",63,Brasil,,MB0422000,PA PADRE JOSIMO TAVARES II (MB0422000),LEVEL_2
MB0423000,PA,PA REINO ENCANTADO (MB0423000),TUCURUI,2327.86,1,"INCRA, 2024",63,Brasil,,MB0423000,PA REINO ENCANTADO (MB0423000),LEVEL_2
MB0462000,PA,PA NOVA JERUZALÉM (MB0462000),SAO GERALDO DO ARAGUAIA,577.06,1,"INCRA, 2024",63,Brasil,,MB0462000,PA NOVA JERUZALÉM (MB0462000),LEVEL_2
MB0463000,PA,PA SÃO VICENTE (MB0463000),TUCURUI,5546.08,1,"INCRA, 2024",63,Brasil,,MB0463000,PA SÃO VICENTE (MB0463000),LEVEL_2
MB0467000,PA,PA HAMILTON CORDEIRO CELSO (MB0467000),SANTA MARIA DAS BARREIRAS,13939.41,1,"INCRA, 2024",63,Brasil,,MB0467000,PA HAMILTON CORDEIRO CELSO (MB0467000),LEVEL_2
MB0468000,PA,PA SERRA VERDE (MB0468000),SANTA MARIA DAS BARREIRAS,13876.46,1,"INCRA, 2024",63,Brasil,,MB0468000,PA SERRA VERDE (MB0468000),LEVEL_2
MB0469000,PA,PA CENTRO NOVO (MB0469000),PICARRA,3543.46,1,"INCRA, 2024",63,Brasil,,MB0469000,PA CENTRO NOVO (MB0469000),LEVEL_2
MB0470000,PA,PA CENTRO DOS MARANHENSES (MB0470000),SAO FELIX DO XINGU,2116.07,1,"INCRA, 2024",63,Brasil,,MB0470000,PA CENTRO DOS MARANHENSES (MB0470000),LEVEL_2
MB0460000,PA,PA RIO CURURUÍ (MB0460000),PACAJA,78188.19,1,"INCRA, 2024",63,Brasil,,MB0460000,PA RIO CURURUÍ (MB0460000),LEVEL_2
MB0461000,PA,PA PETRONÍLIO ALVES BATISTA (MB0461000),SAO GERALDO DO ARAGUAIA,650.88,1,"INCRA, 2024",63,Brasil,,MB0461000,PA PETRONÍLIO ALVES BATISTA (MB0461000),LEVEL_2
MB0475000,PA,PA NOSSA SENHORA APARECIDA II (MB0475000),REDENCAO,2237.4,1,"INCRA, 2024",63,Brasil,,MB0475000,PA NOSSA SENHORA APARECIDA II (MB0475000),LEVEL_2
MB0476000,PA,PA TIRADENTES (MB0476000),REDENCAO,4306.05,1,"INCRA, 2024",63,Brasil,,MB0476000,PA TIRADENTES (MB0476000),LEVEL_2
MB0477000,PA,PA ARARANDEUA (MB0477000),GOIANESIA DO PARA,15207.08,1,"INCRA, 2024",63,Brasil,,MB0477000,PA ARARANDEUA (MB0477000),LEVEL_2
MB0478000,PA,PA IRMÃ DOROTY (MB0478000),RONDON DO PARA,3092.64,1,"INCRA, 2024",63,Brasil,,MB0478000,PA IRMÃ DOROTY (MB0478000),LEVEL_2
MB0479000,PA,PA BOM JESUS (MB0479000),RONDON DO PARA,1516.49,1,"INCRA, 2024",63,Brasil,,MB0479000,PA BOM JESUS (MB0479000),LEVEL_2
MB0480000,PA,PA COSME E DAMIÃO (MB0480000),AGUA AZUL DO NORTE,1547.27,1,"INCRA, 2024",63,Brasil,,MB0480000,PA COSME E DAMIÃO (MB0480000),LEVEL_2
MB0481000,PA,PA SANTA CECILIA (MB0481000),PORTEL,933.93,1,"INCRA, 2024",63,Brasil,,MB0481000,PA SANTA CECILIA (MB0481000),LEVEL_2
MB0483000,PA,PA CENTRO NOVO II (MB0483000),SAO GERALDO DO ARAGUAIA,1965.73,1,"INCRA, 2024",63,Brasil,,MB0483000,PA CENTRO NOVO II (MB0483000),LEVEL_2
MB0484000,PA,PA SANTA ELIZA (MB0484000),SANTA MARIA DAS BARREIRAS,960.79,1,"INCRA, 2024",63,Brasil,,MB0484000,PA SANTA ELIZA (MB0484000),LEVEL_2
MB0485000,PA,PA MORADA NOVA (MB0485000),PACAJA,14812.39,1,"INCRA, 2024",63,Brasil,,MB0485000,PA MORADA NOVA (MB0485000),LEVEL_2
MB0486000,PA,PA MORADA NOVA II (MB0486000),PACAJA,11304.1,1,"INCRA, 2024",63,Brasil,,MB0486000,PA MORADA NOVA II (MB0486000),LEVEL_2
MB0487000,PA,PA COLONIA MURAD (MB0487000),SAO FELIX DO XINGU,2577.99,1,"INCRA, 2024",63,Brasil,,MB0487000,PA COLONIA MURAD (MB0487000),LEVEL_2
MB0489000,PA,PA DEUS É PAZ (MB0489000),REDENCAO,4682.17,1,"INCRA, 2024",63,Brasil,,MB0489000,PA DEUS É PAZ (MB0489000),LEVEL_2
MB0491000,PA,PA POMBAL (MB0491000),SAO FELIX DO XINGU,90814.62,1,"INCRA, 2024",63,Brasil,,MB0491000,PA POMBAL (MB0491000),LEVEL_2
MB0492000,PA,PA FELICIDADE (MB0492000),MARABA,5285.7,1,"INCRA, 2024",63,Brasil,,MB0492000,PA FELICIDADE (MB0492000),LEVEL_2
MB0493000,PA,PA 1º DE MAIO (MB0493000),MARABA,2975.87,1,"INCRA, 2024",63,Brasil,,MB0493000,PA 1º DE MAIO (MB0493000),LEVEL_2
MB0494000,PA,PA OURO VERDE (MB0494000),ITUPIRANGA,2910.23,1,"INCRA, 2024",63,Brasil,,MB0494000,PA OURO VERDE (MB0494000),LEVEL_2
MB0496000,PA,PA BEIRA RIO II (MB0496000),SANTANA DO ARAGUAIA,3425.58,1,"INCRA, 2024",63,Brasil,,MB0496000,PA BEIRA RIO II (MB0496000),LEVEL_2
MB0497000,PA,PA RECANTO DA IARA (MB0497000),REDENCAO,1713.32,1,"INCRA, 2024",63,Brasil,,MB0497000,PA RECANTO DA IARA (MB0497000),LEVEL_2
MB0499000,PA,PA ANTONIO NONATO (MB0499000),GOIANESIA DO PARA,4484.88,1,"INCRA, 2024",63,Brasil,,MB0499000,PA ANTONIO NONATO (MB0499000),LEVEL_2
MB0500000,PA,PA UNIÃO DA VITÓRIA (MB0500000),PARAUAPEBAS,1011.9,1,"INCRA, 2024",63,Brasil,,MB0500000,PA UNIÃO DA VITÓRIA (MB0500000),LEVEL_2
MB0501000,PA,PA MARIA PRETA (MB0501000),OURILANDIA DO NORTE,2893.13,1,"INCRA, 2024",63,Brasil,,MB0501000,PA MARIA PRETA (MB0501000),LEVEL_2
MB0503000,PA,PA PROGRESSO (MB0503000),SANTA MARIA DAS BARREIRAS,1462.78,1,"INCRA, 2024",63,Brasil,,MB0503000,PA PROGRESSO (MB0503000),LEVEL_2
MB0471000,PA,PA ÁGUA DA SAÚDE (MB0471000),NOVO REPARTIMENTO,1856.24,1,"INCRA, 2024",63,Brasil,,MB0471000,PA ÁGUA DA SAÚDE (MB0471000),LEVEL_2
MB0504000,PA,PA BARRA MANSA (MB0504000),SAO FELIX DO XINGU,18184.87,1,"INCRA, 2024",63,Brasil,,MB0504000,PA BARRA MANSA (MB0504000),LEVEL_2
MB0505000,PA,PA 26 DE MARÇO (MB0505000),MARABA,10259.89,1,"INCRA, 2024",63,Brasil,,MB0505000,PA 26 DE MARÇO (MB0505000),LEVEL_2
MB0506000,PA,PA MAMUI (MB0506000),ITUPIRANGA,2004.02,1,"INCRA, 2024",63,Brasil,,MB0506000,PA MAMUI (MB0506000),LEVEL_2
MB0507000,PA,PA AGUA FRIA DOS MENDES (MB0507000),SAO DOMINGOS DO ARAGUAIA,3512.39,1,"INCRA, 2024",63,Brasil,,MB0507000,PA AGUA FRIA DOS MENDES (MB0507000),LEVEL_2
MB0508000,PA,PA UNIAO BATENTE (MB0508000),CONCEICAO DO ARAGUAIA,3930.59,1,"INCRA, 2024",63,Brasil,,MB0508000,PA UNIAO BATENTE (MB0508000),LEVEL_2
MB0509000,PA,PA PRATA (MB0509000),SAO JOAO DO ARAGUAIA,2788.18,1,"INCRA, 2024",63,Brasil,,MB0509000,PA PRATA (MB0509000),LEVEL_2
MB0512000,PA,PA SANTA RITA DO ITACAIUNAS (MB0512000),MARABA,650.52,1,"INCRA, 2024",63,Brasil,,MB0512000,PA SANTA RITA DO ITACAIUNAS (MB0512000),LEVEL_2
MB0513000,PA,PA BAGUA (MB0513000),ELDORADO DOS CARAJAS,5466.05,1,"INCRA, 2024",63,Brasil,,MB0513000,PA BAGUA (MB0513000),LEVEL_2
MB0514000,PA,PA AGUAS CLARAS (MB0514000),CONCEICAO DO ARAGUAIA,1452.98,1,"INCRA, 2024",63,Brasil,,MB0514000,PA AGUAS CLARAS (MB0514000),LEVEL_2
MB0515000,PA,PA SANTA MARIANA (MB0515000),CONCEICAO DO ARAGUAIA,1843.38,1,"INCRA, 2024",63,Brasil,,MB0515000,PA SANTA MARIANA (MB0515000),LEVEL_2
MB0516000,PA,PA SANTA PAULA (MB0516000),GOIANESIA DO PARA,5637.21,1,"INCRA, 2024",63,Brasil,,MB0516000,PA SANTA PAULA (MB0516000),LEVEL_2
MB0517000,PA,PA SAO SEBASTIAO (MB0517000),GOIANESIA DO PARA,2817.27,1,"INCRA, 2024",63,Brasil,,MB0517000,PA SAO SEBASTIAO (MB0517000),LEVEL_2
MB0519000,PA,PA BELAUTO (MB0519000),SAO FELIX DO XINGU,25226.83,1,"INCRA, 2024",63,Brasil,,MB0519000,PA BELAUTO (MB0519000),LEVEL_2
MB0520000,PA,PA RAINHA II (MB0520000),ITUPIRANGA,2609.66,1,"INCRA, 2024",63,Brasil,,MB0520000,PA RAINHA II (MB0520000),LEVEL_2
MB0520001,PA,PA SALVADOR ALLENDE PIRATININGA (MB0520001),BAIAO,7261.56,1,"INCRA, 2024",63,Brasil,,MB0520001,PA SALVADOR ALLENDE PIRATININGA (MB0520001),LEVEL_2
MB0524000,PA,PA PIROSCA (MB0524000),FLORESTA DO ARAGUAIA,4242.09,1,"INCRA, 2024",63,Brasil,,MB0524000,PA PIROSCA (MB0524000),LEVEL_2
MB0525000,PA,PA PEDRO LAURINDO DA SILVA (MB0525000),MARABA,3539.38,1,"INCRA, 2024",63,Brasil,,MB0525000,PA PEDRO LAURINDO DA SILVA (MB0525000),LEVEL_2
MB0529000,PA,PDS JOAO CANUTO II (MB0529000),XINGUARA,3630.28,1,"INCRA, 2024",63,Brasil,,MB0529000,PDS JOAO CANUTO II (MB0529000),LEVEL_2
MB0531000,PA,PA JAHU (MB0531000),SANTA MARIA DAS BARREIRAS,23393.07,1,"INCRA, 2024",63,Brasil,,MB0531000,PA JAHU (MB0531000),LEVEL_2
MB0534000,PA,PA MARAJAI DOS CARAJAS (MB0534000),CURIONOPOLIS,4841.4,1,"INCRA, 2024",63,Brasil,,MB0534000,PA MARAJAI DOS CARAJAS (MB0534000),LEVEL_2
MB0535000,PA,PA TRES ILHAS (MB0535000),MARABA,3191.24,1,"INCRA, 2024",63,Brasil,,MB0535000,PA TRES ILHAS (MB0535000),LEVEL_2
MB0472000,PA,PA BACURIZINHO (MB0472000),SAO JOAO DO ARAGUAIA,1375.67,1,"INCRA, 2024",63,Brasil,,MB0472000,PA BACURIZINHO (MB0472000),LEVEL_2
MB0473000,PA,PA SOL NASCENTE (MB0473000),PACAJA,5860.2,1,"INCRA, 2024",63,Brasil,,MB0473000,PA SOL NASCENTE (MB0473000),LEVEL_2
MB0474000,PA,PA CLÉZINHO (MB0474000),GOIANESIA DO PARA,4612.45,1,"INCRA, 2024",63,Brasil,,MB0474000,PA CLÉZINHO (MB0474000),LEVEL_2
MT0130000,MT,PA ALVORADA (MT0130000),VILA RICA,2987.43,1,"INCRA, 2024",63,Brasil,,MT0130000,PA ALVORADA (MT0130000),LEVEL_2
PA0006000,PA,PA MIRITIPITANGA (PA0006000),TOME-ACU,3386.02,1,"INCRA, 2024",63,Brasil,,PA0006000,PA MIRITIPITANGA (PA0006000),LEVEL_2
PA0016000,PA,PA MANOEL CRESCÊNCIO DE SOUZA (PA0016000),AURORA DO PARA,18875.33,1,"INCRA, 2024",63,Brasil,,PA0016000,PA MANOEL CRESCÊNCIO DE SOUZA (PA0016000),LEVEL_2
PA0017000,PA,PA COLONIA REUNIDAS (PA0017000),PARAGOMINAS,4362.35,1,"INCRA, 2024",63,Brasil,,PA0017000,PA COLONIA REUNIDAS (PA0017000),LEVEL_2
PA0019000,PA,PA CONCREIN (PA0019000),DOM ELISEU,4083.91,1,"INCRA, 2024",63,Brasil,,PA0019000,PA CONCREIN (PA0019000),LEVEL_2
PA0027000,PA,PA UNIÃO I (PA0027000),IPIXUNA DO PARA,13634.99,1,"INCRA, 2024",63,Brasil,,PA0027000,PA UNIÃO I (PA0027000),LEVEL_2
PA0028000,PA,PA SAO PEDRO (PA0028000),CAPITAO POCO,9825.15,1,"INCRA, 2024",63,Brasil,,PA0028000,PA SAO PEDRO (PA0028000),LEVEL_2
PA0030000,PA,PA BENEDITO ALVES BANDEIRA (PA0030000),ACARA,8305.31,1,"INCRA, 2024",63,Brasil,,PA0030000,PA BENEDITO ALVES BANDEIRA (PA0030000),LEVEL_2
PA0055000,PA,PA BARCELONA (PA0055000),IPIXUNA DO PARA,1619.26,1,"INCRA, 2024",63,Brasil,,PA0055000,PA BARCELONA (PA0055000),LEVEL_2
PA0063000,PA,PA PARAGOMINAS/FAISCÃO (PA0063000),ULIANOPOLIS,12951.69,1,"INCRA, 2024",63,Brasil,,PA0063000,PA PARAGOMINAS/FAISCÃO (PA0063000),LEVEL_2
PA0066000,PA,PA SANTA MARIA I E II (PA0066000),ACARA,4451.93,1,"INCRA, 2024",63,Brasil,,PA0066000,PA SANTA MARIA I E II (PA0066000),LEVEL_2
PA0068000,PA,PA JOAO BATISTA (PA0068000),IPIXUNA DO PARA,3194.94,1,"INCRA, 2024",63,Brasil,,PA0068000,PA JOAO BATISTA (PA0068000),LEVEL_2
PA0069000,PA,PA SURUBIJU (PA0069000),ULIANOPOLIS,3651.67,1,"INCRA, 2024",63,Brasil,,PA0069000,PA SURUBIJU (PA0069000),LEVEL_2
PA0080000,PA,PA BOM JESUS (PA0080000),IPIXUNA DO PARA,7805.55,1,"INCRA, 2024",63,Brasil,,PA0080000,PA BOM JESUS (PA0080000),LEVEL_2
PA0081000,PA,PA CIDAPAR 1ª PARTE (PA0081000),CACHOEIRA DO PIRIA,230499.99,1,"INCRA, 2024",63,Brasil,,PA0081000,PA CIDAPAR 1ª PARTE (PA0081000),LEVEL_2
PA0082000,PA,PA CIDAPAR 3ª PARTE (PA0082000),VISEU,54567.0,1,"INCRA, 2024",63,Brasil,,PA0082000,PA CIDAPAR 3ª PARTE (PA0082000),LEVEL_2
PA0085000,PA,PA ITABOCAL (PA0085000),CAPITAO POCO,41213.98,1,"INCRA, 2024",63,Brasil,,PA0085000,PA ITABOCAL (PA0085000),LEVEL_2
PA0088000,PA,PA CIDAPAR 2ª PARTE (PA0088000),NOVA ESPERANCA DO PIRIA,21669.96,1,"INCRA, 2024",63,Brasil,,PA0088000,PA CIDAPAR 2ª PARTE (PA0088000),LEVEL_2
PA0097000,PA,PA TROPICÁLIA (PA0097000),TOME-ACU,4396.33,1,"INCRA, 2024",63,Brasil,,PA0097000,PA TROPICÁLIA (PA0097000),LEVEL_2
PA0105000,PA,PA MINAS PARÁ (PA0105000),IPIXUNA DO PARA,10309.0,1,"INCRA, 2024",63,Brasil,,PA0105000,PA MINAS PARÁ (PA0105000),LEVEL_2
PA0150000,PA,PA ARAPUA SIMEIRA (PA0150000),NOVA ESPERANCA DO PIRIA,69064.82,1,"INCRA, 2024",63,Brasil,,PA0150000,PA ARAPUA SIMEIRA (PA0150000),LEVEL_2
PA0154000,PA,PA CAMAPUÃ (PA0154000),PARAGOMINAS,7328.65,1,"INCRA, 2024",63,Brasil,,PA0154000,PA CAMAPUÃ (PA0154000),LEVEL_2
PA0163000,PA,PA MARAVILHA (PA0163000),MOJU,8425.78,1,"INCRA, 2024",63,Brasil,,PA0163000,PA MARAVILHA (PA0163000),LEVEL_2
PA0164000,PA,PA FLORESTA GURUPI I (PA0164000),ULIANOPOLIS,39560.46,1,"INCRA, 2024",63,Brasil,,PA0164000,PA FLORESTA GURUPI I (PA0164000),LEVEL_2
PA0165000,PA,PA VALE DO BACABA (PA0165000),CAPITAO POCO,13913.5,1,"INCRA, 2024",63,Brasil,,PA0165000,PA VALE DO BACABA (PA0165000),LEVEL_2
PA0166000,PA,PA DEL REY (PA0166000),PARAGOMINAS,8710.32,1,"INCRA, 2024",63,Brasil,,PA0166000,PA DEL REY (PA0166000),LEVEL_2
PA0167000,PA,PA SERRA NEGRA (PA0167000),TAILANDIA,2519.35,1,"INCRA, 2024",63,Brasil,,PA0167000,PA SERRA NEGRA (PA0167000),LEVEL_2
PA0168000,PA,PA CANDIRU (PA0168000),IPIXUNA DO PARA,9076.44,1,"INCRA, 2024",63,Brasil,,PA0168000,PA CANDIRU (PA0168000),LEVEL_2
PA0171000,PA,PA ÁGUIA (PA0171000),ULIANOPOLIS,8480.94,1,"INCRA, 2024",63,Brasil,,PA0171000,PA ÁGUIA (PA0171000),LEVEL_2
PA0178000,PA,PAQ ESPECIAL QUILOMBOLA ITAMAUARI (PA0178000),CACHOEIRA DO PIRIA,5382.46,1,"INCRA, 2024",63,Brasil,,PA0178000,PAQ ESPECIAL QUILOMBOLA ITAMAUARI (PA0178000),LEVEL_2
PA0179000,PA,PA PARAGONORTE (PA0179000),PARAGOMINAS,32099.21,1,"INCRA, 2024",63,Brasil,,PA0179000,PA PARAGONORTE (PA0179000),LEVEL_2
PA0180000,PA,PA RIO JABUTI (PA0180000),CAPITAO POCO,15885.28,1,"INCRA, 2024",63,Brasil,,PA0180000,PA RIO JABUTI (PA0180000),LEVEL_2
PA0193000,PA,PA PARANOA (PA0193000),CAPITAO POCO,17456.16,1,"INCRA, 2024",63,Brasil,,PA0193000,PA PARANOA (PA0193000),LEVEL_2
PA0194000,PA,PA ÁGUA AZUL (PA0194000),CAPITAO POCO,4123.0,1,"INCRA, 2024",63,Brasil,,PA0194000,PA ÁGUA AZUL (PA0194000),LEVEL_2
PA0210000,PA,PA CALMARIA I (PA0210000),ACARA,9300.68,1,"INCRA, 2024",63,Brasil,,PA0210000,PA CALMARIA I (PA0210000),LEVEL_2
PA0211000,PA,PA CALMARIA II (PA0211000),MOJU,12870.07,1,"INCRA, 2024",63,Brasil,,PA0211000,PA CALMARIA II (PA0211000),LEVEL_2
PA0212000,PA,PA OLHO D AGUA I (PA0212000),MOJU,9661.12,1,"INCRA, 2024",63,Brasil,,PA0212000,PA OLHO D AGUA I (PA0212000),LEVEL_2
PA0224000,PA,PA LUIZ LOPES SOBRINHO (PA0224000),SAO FRANCISCO DO PARA,4521.97,1,"INCRA, 2024",63,Brasil,,PA0224000,PA LUIZ LOPES SOBRINHO (PA0224000),LEVEL_2
PA0225000,PA,PA CRISTAL (PA0225000),SANTA LUZIA DO PARA,1385.26,1,"INCRA, 2024",63,Brasil,,PA0225000,PA CRISTAL (PA0225000),LEVEL_2
PA0229000,PA,PA ENALCO (PA0229000),IPIXUNA DO PARA,11297.19,1,"INCRA, 2024",63,Brasil,,PA0229000,PA ENALCO (PA0229000),LEVEL_2
PA0230000,PA,PA IMPERASSU (PA0230000),AURORA DO PARA,1927.9,1,"INCRA, 2024",63,Brasil,,PA0230000,PA IMPERASSU (PA0230000),LEVEL_2
PA0248000,PA,PA CUPIÚBA (PA0248000),CASTANHAL,1350.61,1,"INCRA, 2024",63,Brasil,,PA0248000,PA CUPIÚBA (PA0248000),LEVEL_2
PA0250000,PA,PA JOÃO BATISTA II (PA0250000),CASTANHAL,2115.45,1,"INCRA, 2024",63,Brasil,,PA0250000,PA JOÃO BATISTA II (PA0250000),LEVEL_2
PA0251000,PA,PA CANAÃ (PA0251000),CAPITAO POCO,3921.21,1,"INCRA, 2024",63,Brasil,,PA0251000,PA CANAÃ (PA0251000),LEVEL_2
PA0253000,PA,PA TRÊS IRMÃOS (PA0253000),AURORA DO PARA,3472.54,1,"INCRA, 2024",63,Brasil,,PA0253000,PA TRÊS IRMÃOS (PA0253000),LEVEL_2
PA0254000,PA,PA TIMBORANA (PA0254000),CAPITAO POCO,3242.28,1,"INCRA, 2024",63,Brasil,,PA0254000,PA TIMBORANA (PA0254000),LEVEL_2
PA0255000,PA,PA RIO ACAMPAMENTO (PA0255000),DOM ELISEU,6479.28,1,"INCRA, 2024",63,Brasil,,PA0255000,PA RIO ACAMPAMENTO (PA0255000),LEVEL_2
PA0256000,PA,PA NOVA CONQUISTA (PA0256000),CAPITAO POCO,1398.13,1,"INCRA, 2024",63,Brasil,,PA0256000,PA NOVA CONQUISTA (PA0256000),LEVEL_2
PA0257000,PA,PA OLHO D ÁGUA II (PA0257000),MOJU,8179.83,1,"INCRA, 2024",63,Brasil,,PA0257000,PA OLHO D ÁGUA II (PA0257000),LEVEL_2
PA0258000,PA,PA RIO DAS CRUZES (PA0258000),PARAGOMINAS,3904.09,1,"INCRA, 2024",63,Brasil,,PA0258000,PA RIO DAS CRUZES (PA0258000),LEVEL_2
PA0259000,PA,PA ESPERANÇA (PA0259000),AURORA DO PARA,5594.28,1,"INCRA, 2024",63,Brasil,,PA0259000,PA ESPERANÇA (PA0259000),LEVEL_2
PA0261000,PA,PCA MÁRTIRES DE ABRIL (PA0261000),BELEM,408.28,1,"INCRA, 2024",63,Brasil,,PA0261000,PCA MÁRTIRES DE ABRIL (PA0261000),LEVEL_2
PA0267000,PA,PA PIRAMIDE (PA0267000),BUJARU,239.67,1,"INCRA, 2024",63,Brasil,,PA0267000,PA PIRAMIDE (PA0267000),LEVEL_2
PA0268000,PA,PA BACABAL (PA0268000),IPIXUNA DO PARA,2298.94,1,"INCRA, 2024",63,Brasil,,PA0268000,PA BACABAL (PA0268000),LEVEL_2
PA0269000,PA,PA PROGRESSO (PA0269000),PARAGOMINAS,3727.94,1,"INCRA, 2024",63,Brasil,,PA0269000,PA PROGRESSO (PA0269000),LEVEL_2
PA0270000,PA,PA NOVA SANTA MARIA (PA0270000),CONCORDIA DO PARA,903.02,1,"INCRA, 2024",63,Brasil,,PA0270000,PA NOVA SANTA MARIA (PA0270000),LEVEL_2
PA0271000,PA,PA TAPERUSSU (PA0271000),SAO DOMINGOS DO CAPIM,4163.61,1,"INCRA, 2024",63,Brasil,,PA0271000,PA TAPERUSSU (PA0271000),LEVEL_2
PA0272000,PA,PA VALE DO MOJU (PA0272000),MOJU,20601.78,1,"INCRA, 2024",63,Brasil,,PA0272000,PA VALE DO MOJU (PA0272000),LEVEL_2
PA0273000,PA,PA INÁCIA (PA0273000),CONCORDIA DO PARA,2658.03,1,"INCRA, 2024",63,Brasil,,PA0273000,PA INÁCIA (PA0273000),LEVEL_2
PA0275000,PA,PAE SÃO JOÃO BATISTA (PA0275000),ABAETETUBA,472.04,1,"INCRA, 2024",63,Brasil,,PA0275000,PAE SÃO JOÃO BATISTA (PA0275000),LEVEL_2
PA0276000,PA,PAE NOSSA SENHORA DO LIVRAMENTO (PA0276000),ABAETETUBA,207.58,1,"INCRA, 2024",63,Brasil,,PA0276000,PAE NOSSA SENHORA DO LIVRAMENTO (PA0276000),LEVEL_2
PA0278000,PA,PCA ELIZABETE TEIXEIRA (PA0278000),BELEM,71.65,1,"INCRA, 2024",63,Brasil,,PA0278000,PCA ELIZABETE TEIXEIRA (PA0278000),LEVEL_2
PA0286000,PA,PA MANDACARU (PA0286000),PARAGOMINAS,4387.58,1,"INCRA, 2024",63,Brasil,,PA0286000,PA MANDACARU (PA0286000),LEVEL_2
PA0287000,PA,PA DIAMANTINA II (PA0287000),IPIXUNA DO PARA,2260.84,1,"INCRA, 2024",63,Brasil,,PA0287000,PA DIAMANTINA II (PA0287000),LEVEL_2
PA0288000,PA,PA ALTA FLORESTA (PA0288000),PARAGOMINAS,3987.57,1,"INCRA, 2024",63,Brasil,,PA0288000,PA ALTA FLORESTA (PA0288000),LEVEL_2
PA0289000,PA,PA TERRA NOVA (PA0289000),SAO DOMINGOS DO CAPIM,5828.71,1,"INCRA, 2024",63,Brasil,,PA0289000,PA TERRA NOVA (PA0289000),LEVEL_2
PA0290000,PA,PA SUÇUARANA (PA0290000),ULIANOPOLIS,4221.5,1,"INCRA, 2024",63,Brasil,,PA0290000,PA SUÇUARANA (PA0290000),LEVEL_2
PA0291000,PA,PAE ILHA DAS ONÇAS (PA0291000),BARCARENA,8027.51,1,"INCRA, 2024",63,Brasil,,PA0291000,PAE ILHA DAS ONÇAS (PA0291000),LEVEL_2
PA0292000,PA,PAE JOÃO PILATOS (PA0292000),ANANINDEUA,3849.74,1,"INCRA, 2024",63,Brasil,,PA0292000,PAE JOÃO PILATOS (PA0292000),LEVEL_2
PA0293000,PA,PAE SANTO ANTONIO (PA0293000),ABAETETUBA,1360.22,1,"INCRA, 2024",63,Brasil,,PA0293000,PAE SANTO ANTONIO (PA0293000),LEVEL_2
PA0294000,PA,PAE NOSSA SENHORA DE NAZARÉ (PA0294000),ABAETETUBA,1007.3,1,"INCRA, 2024",63,Brasil,,PA0294000,PAE NOSSA SENHORA DE NAZARÉ (PA0294000),LEVEL_2
PA0295000,PA,PAE NOSSA SENHORA DO PERPETUO SOCORRO (PA0295000),ABAETETUBA,2750.71,1,"INCRA, 2024",63,Brasil,,PA0295000,PAE NOSSA SENHORA DO PERPETUO SOCORRO (PA0295000),LEVEL_2
PA0296000,PA,PAE ILHA SANTA ROSA (PA0296000),ANANINDEUA,405.45,1,"INCRA, 2024",63,Brasil,,PA0296000,PAE ILHA SANTA ROSA (PA0296000),LEVEL_2
PA0298000,PA,PAE ILHA VIÇOSA (PA0298000),ANANINDEUA,379.77,1,"INCRA, 2024",63,Brasil,,PA0298000,PAE ILHA VIÇOSA (PA0298000),LEVEL_2
PA0299000,PA,PAE ILHA ARAPIRANGA (PA0299000),BARCARENA,3792.58,1,"INCRA, 2024",63,Brasil,,PA0299000,PAE ILHA ARAPIRANGA (PA0299000),LEVEL_2
PA0300000,PA,PAE SANTA MARIA (PA0300000),ABAETETUBA,759.6,1,"INCRA, 2024",63,Brasil,,PA0300000,PAE SANTA MARIA (PA0300000),LEVEL_2
PA0301000,PA,PAE SANTO AFONSO (PA0301000),ABAETETUBA,2237.82,1,"INCRA, 2024",63,Brasil,,PA0301000,PAE SANTO AFONSO (PA0301000),LEVEL_2
PA0302000,PA,PAE NOSSA SENHORA DAS GRAÇAS (PA0302000),ABAETETUBA,1952.95,1,"INCRA, 2024",63,Brasil,,PA0302000,PAE NOSSA SENHORA DAS GRAÇAS (PA0302000),LEVEL_2
PA0303000,PA,PAE SANTO ANTONIO II (PA0303000),ABAETETUBA,1252.61,1,"INCRA, 2024",63,Brasil,,PA0303000,PAE SANTO ANTONIO II (PA0303000),LEVEL_2
PA0304000,PA,PAE SÃO FRANCISCO DE ASSIS (PA0304000),ABAETETUBA,494.93,1,"INCRA, 2024",63,Brasil,,PA0304000,PAE SÃO FRANCISCO DE ASSIS (PA0304000),LEVEL_2
PA0305000,PA,PAE SÃO RAIMUNDO (PA0305000),ABAETETUBA,2643.43,1,"INCRA, 2024",63,Brasil,,PA0305000,PAE SÃO RAIMUNDO (PA0305000),LEVEL_2
PA0306000,PA,PA PAULO FONTELES (PA0306000),BELEM,846.42,1,"INCRA, 2024",63,Brasil,,PA0306000,PA PAULO FONTELES (PA0306000),LEVEL_2
PA0307000,PA,PA ALTO BONITO (PA0307000),DOM ELISEU,2427.43,1,"INCRA, 2024",63,Brasil,,PA0307000,PA ALTO BONITO (PA0307000),LEVEL_2
PA0308000,PA,PA SANTA PAULA I (PA0308000),CAPITAO POCO,352.47,1,"INCRA, 2024",63,Brasil,,PA0308000,PA SANTA PAULA I (PA0308000),LEVEL_2
PA0309000,PA,PAE ILHA MAMANGAL (PA0309000),IGARAPE-MIRI,2590.09,1,"INCRA, 2024",63,Brasil,,PA0309000,PAE ILHA MAMANGAL (PA0309000),LEVEL_2
PA0310000,PA,PAE ILHA URUBUOCA (PA0310000),BARCARENA,356.86,1,"INCRA, 2024",63,Brasil,,PA0310000,PAE ILHA URUBUOCA (PA0310000),LEVEL_2
PA0311000,PA,PAE ILHA LONGA (PA0311000),BARCARENA,195.67,1,"INCRA, 2024",63,Brasil,,PA0311000,PAE ILHA LONGA (PA0311000),LEVEL_2
PA0312000,PA,PAE ILHA SUMAUMA (PA0312000),IGARAPE-MIRI,4743.72,1,"INCRA, 2024",63,Brasil,,PA0312000,PAE ILHA SUMAUMA (PA0312000),LEVEL_2
PA0315000,PA,PAE ILHA MUCURA (PA0315000),BARCARENA,483.41,1,"INCRA, 2024",63,Brasil,,PA0315000,PAE ILHA MUCURA (PA0315000),LEVEL_2
PA0313000,PA,PAE ILHA GRANDE - PACAJAI (PA0313000),PORTEL,36982.76,1,"INCRA, 2024",63,Brasil,,PA0313000,PAE ILHA GRANDE - PACAJAI (PA0313000),LEVEL_2
PA0314000,PA,PAE ILHA BUÇU (PA0314000),IGARAPE-MIRI,506.71,1,"INCRA, 2024",63,Brasil,,PA0314000,PAE ILHA BUÇU (PA0314000),LEVEL_2
PA0323000,PA,PAE NOSSA SENHORA DA PAZ (PA0323000),ABAETETUBA,2201.66,1,"INCRA, 2024",63,Brasil,,PA0323000,PAE NOSSA SENHORA DA PAZ (PA0323000),LEVEL_2
PA0324000,PA,PAE SÃO JOÃO BATISTA II (PA0324000),ABAETETUBA,3223.53,1,"INCRA, 2024",63,Brasil,,PA0324000,PAE SÃO JOÃO BATISTA II (PA0324000),LEVEL_2
PA0325000,PA,PAE ILHA UMARITUBA (PA0325000),SAO SEBASTIAO DA BOA VISTA,757.93,1,"INCRA, 2024",63,Brasil,,PA0325000,PAE ILHA UMARITUBA (PA0325000),LEVEL_2
PA0326000,PA,PAE ILHA DO PAULO (PA0326000),SAO SEBASTIAO DA BOA VISTA,400.66,1,"INCRA, 2024",63,Brasil,,PA0326000,PAE ILHA DO PAULO (PA0326000),LEVEL_2
PA0327000,PA,PAE ILHA DO TESO (PA0327000),SAO SEBASTIAO DA BOA VISTA,1095.75,1,"INCRA, 2024",63,Brasil,,PA0327000,PAE ILHA DO TESO (PA0327000),LEVEL_2
PA0328000,PA,PAE ILHA RAQUEL (PA0328000),SAO SEBASTIAO DA BOA VISTA,1659.79,1,"INCRA, 2024",63,Brasil,,PA0328000,PAE ILHA RAQUEL (PA0328000),LEVEL_2
PA0329000,PA,PAE ILHA CAETÉ (PA0329000),SAO SEBASTIAO DA BOA VISTA,1153.54,1,"INCRA, 2024",63,Brasil,,PA0329000,PAE ILHA CAETÉ (PA0329000),LEVEL_2
PA0330000,PA,PAE ILHA CUXIPIARI (PA0330000),CAMETA,3783.14,1,"INCRA, 2024",63,Brasil,,PA0330000,PAE ILHA CUXIPIARI (PA0330000),LEVEL_2
PA0331000,PA,PAE ILHA JACARÉ XINGU (PA0331000),CAMETA,964.4,1,"INCRA, 2024",63,Brasil,,PA0331000,PAE ILHA JACARÉ XINGU (PA0331000),LEVEL_2
PA0332000,PA,PAE ILHA JAITUBA (PA0332000),CAMETA,978.23,1,"INCRA, 2024",63,Brasil,,PA0332000,PAE ILHA JAITUBA (PA0332000),LEVEL_2
PA0333000,PA,PAE ILHA JOROCA (PA0333000),CAMETA,2329.03,1,"INCRA, 2024",63,Brasil,,PA0333000,PAE ILHA JOROCA (PA0333000),LEVEL_2
PA0334000,PA,PAE ILHA MANOEL RAIMUNDO (PA0334000),CAMETA,1208.11,1,"INCRA, 2024",63,Brasil,,PA0334000,PAE ILHA MANOEL RAIMUNDO (PA0334000),LEVEL_2
PA0335000,PA,PAE ILHA DO CARMO (PA0335000),CAMETA,91.15,1,"INCRA, 2024",63,Brasil,,PA0335000,PAE ILHA DO CARMO (PA0335000),LEVEL_2
PA0337000,PA,PAE ILHA GAMA (PA0337000),CAMETA,138.1,1,"INCRA, 2024",63,Brasil,,PA0337000,PAE ILHA GAMA (PA0337000),LEVEL_2
PA0338000,PA,PAE ILHA GUAJARÁ (PA0338000),CAMETA,490.48,1,"INCRA, 2024",63,Brasil,,PA0338000,PAE ILHA GUAJARÁ (PA0338000),LEVEL_2
PA0339000,PA,PAE ILHA CACOAL (PA0339000),CAMETA,535.42,1,"INCRA, 2024",63,Brasil,,PA0339000,PAE ILHA CACOAL (PA0339000),LEVEL_2
PA0340000,PA,PAE ILHA JARACUERA (PA0340000),CAMETA,724.76,1,"INCRA, 2024",63,Brasil,,PA0340000,PAE ILHA JARACUERA (PA0340000),LEVEL_2
PA0341000,PA,PAE ILHA MAPEUÁ (PA0341000),CAMETA,413.21,1,"INCRA, 2024",63,Brasil,,PA0341000,PAE ILHA MAPEUÁ (PA0341000),LEVEL_2
PA0342000,PA,PAE ILHA MOIRABA (PA0342000),CAMETA,269.58,1,"INCRA, 2024",63,Brasil,,PA0342000,PAE ILHA MOIRABA (PA0342000),LEVEL_2
PA0343000,PA,PAE ILHA TABATINGA DO CARAPAJÓ (PA0343000),CAMETA,541.84,1,"INCRA, 2024",63,Brasil,,PA0343000,PAE ILHA TABATINGA DO CARAPAJÓ (PA0343000),LEVEL_2
PA0344000,PA,PAE ILHA PARURU (PA0344000),ABAETETUBA,3885.58,1,"INCRA, 2024",63,Brasil,,PA0344000,PAE ILHA PARURU (PA0344000),LEVEL_2
PA0345000,PA,PAE ILHA CARIPETUBA (PA0345000),ABAETETUBA,3796.85,1,"INCRA, 2024",63,Brasil,,PA0345000,PAE ILHA CARIPETUBA (PA0345000),LEVEL_2
PA0346000,PA,PAE ILHA URUÁ I (PA0346000),ABAETETUBA,1655.33,1,"INCRA, 2024",63,Brasil,,PA0346000,PAE ILHA URUÁ I (PA0346000),LEVEL_2
PA0347000,PA,PAE ILHA PIQUIARANA (PA0347000),ABAETETUBA,816.11,1,"INCRA, 2024",63,Brasil,,PA0347000,PAE ILHA PIQUIARANA (PA0347000),LEVEL_2
PA0348000,PA,PAE COMUNIDADE XIPAIÁ (PA0348000),CACHOEIRA DO ARARI,1260.23,1,"INCRA, 2024",63,Brasil,,PA0348000,PAE COMUNIDADE XIPAIÁ (PA0348000),LEVEL_2
PA0349000,PA,PAE ILHA GRANDE BELÉM (PA0349000),BELEM,921.65,1,"INCRA, 2024",63,Brasil,,PA0349000,PAE ILHA GRANDE BELÉM (PA0349000),LEVEL_2
PA0350000,PA,PAE ILHA JUTUBA (PA0350000),BELEM,512.94,1,"INCRA, 2024",63,Brasil,,PA0350000,PAE ILHA JUTUBA (PA0350000),LEVEL_2
PA0351000,PA,PAE ILHA MURUTUCU (PA0351000),BELEM,876.39,1,"INCRA, 2024",63,Brasil,,PA0351000,PAE ILHA MURUTUCU (PA0351000),LEVEL_2
PA0352000,PA,PAE ILHA PAQUETÁ (PA0352000),BELEM,801.41,1,"INCRA, 2024",63,Brasil,,PA0352000,PAE ILHA PAQUETÁ (PA0352000),LEVEL_2
PA0353000,PA,PAE ILHA SANTANA (PA0353000),PONTA DE PEDRAS,4673.83,1,"INCRA, 2024",63,Brasil,,PA0353000,PAE ILHA SANTANA (PA0353000),LEVEL_2
PA0354000,PA,PAE ILHA JUPATITUBA (PA0354000),MUANA,52.29,1,"INCRA, 2024",63,Brasil,,PA0354000,PAE ILHA JUPATITUBA (PA0354000),LEVEL_2
PA0355000,PA,PAE ILHA URUÁ (PA0355000),MUANA,595.5,1,"INCRA, 2024",63,Brasil,,PA0355000,PAE ILHA URUÁ (PA0355000),LEVEL_2
PA0356000,PA,PAE ILHA SANTARÉM (PA0356000),MUANA,4322.0,1,"INCRA, 2024",63,Brasil,,PA0356000,PAE ILHA SANTARÉM (PA0356000),LEVEL_2
PA0357000,PA,PAE ILHA CASTANHAL (PA0357000),MUANA,1379.8,1,"INCRA, 2024",63,Brasil,,PA0357000,PAE ILHA CASTANHAL (PA0357000),LEVEL_2
PA0358000,PA,PAE ILHA UNIÃO (PA0358000),MUANA,698.88,1,"INCRA, 2024",63,Brasil,,PA0358000,PAE ILHA UNIÃO (PA0358000),LEVEL_2
PA0359000,PA,PAE ILHA DAS CINZAS (PA0359000),GURUPA,2919.19,1,"INCRA, 2024",63,Brasil,,PA0359000,PAE ILHA DAS CINZAS (PA0359000),LEVEL_2
PA0360000,PA,PAE ILHA PALHETA (PA0360000),MUANA,435.4,1,"INCRA, 2024",63,Brasil,,PA0360000,PAE ILHA PALHETA (PA0360000),LEVEL_2
PA0361000,PA,PAE ILHA DAS PRACUUBINHAS (PA0361000),GURUPA,808.11,1,"INCRA, 2024",63,Brasil,,PA0361000,PAE ILHA DAS PRACUUBINHAS (PA0361000),LEVEL_2
PA0362000,PA,PAE ILHA CHIQUEIRO (PA0362000),MUANA,2644.98,1,"INCRA, 2024",63,Brasil,,PA0362000,PAE ILHA CHIQUEIRO (PA0362000),LEVEL_2
PA0363000,PA,PAE ILHA CAMPUMPEMA (PA0363000),MUANA,340.53,1,"INCRA, 2024",63,Brasil,,PA0363000,PAE ILHA CAMPUMPEMA (PA0363000),LEVEL_2
PA0364000,PA,PAE ILHA URUTAÍ (PA0364000),GURUPA,31032.81,1,"INCRA, 2024",63,Brasil,,PA0364000,PAE ILHA URUTAÍ (PA0364000),LEVEL_2
PA0365000,PA,PAE ILHA MURUMURU (PA0365000),MUANA,1729.24,1,"INCRA, 2024",63,Brasil,,PA0365000,PAE ILHA MURUMURU (PA0365000),LEVEL_2
PA0366000,PA,PAE ILHA GOIABAL (PA0366000),MUANA,1212.11,1,"INCRA, 2024",63,Brasil,,PA0366000,PAE ILHA GOIABAL (PA0366000),LEVEL_2
PA0367000,PA,PAE ILHA BACURI (PA0367000),ABAETETUBA,2150.08,1,"INCRA, 2024",63,Brasil,,PA0367000,PAE ILHA BACURI (PA0367000),LEVEL_2
PA0368000,PA,PAE ILHA SANTO AMARO (PA0368000),MELGACO,4613.95,1,"INCRA, 2024",63,Brasil,,PA0368000,PAE ILHA SANTO AMARO (PA0368000),LEVEL_2
PA0369000,PA,PAE ILHA PIQUIARANA MIRIM (PA0369000),ABAETETUBA,580.76,1,"INCRA, 2024",63,Brasil,,PA0369000,PAE ILHA PIQUIARANA MIRIM (PA0369000),LEVEL_2
PA0370000,PA,PA PALHETA (PA0370000),SAO DOMINGOS DO CAPIM,6637.57,1,"INCRA, 2024",63,Brasil,,PA0370000,PA PALHETA (PA0370000),LEVEL_2
PA0371000,PA,PAE ILHA SACAJÓS GRANDE (PA0371000),OEIRAS DO PARA,3472.62,1,"INCRA, 2024",63,Brasil,,PA0371000,PAE ILHA SACAJÓS GRANDE (PA0371000),LEVEL_2
PA0372000,PA,PAE ILHA PRAIA GRANDE (PA0372000),OEIRAS DO PARA,5482.78,1,"INCRA, 2024",63,Brasil,,PA0372000,PAE ILHA PRAIA GRANDE (PA0372000),LEVEL_2
PA0373000,PA,PAE ILHA MURUJUCÁ MIRI (PA0373000),LIMOEIRO DO AJURU,2298.23,1,"INCRA, 2024",63,Brasil,,PA0373000,PAE ILHA MURUJUCÁ MIRI (PA0373000),LEVEL_2
PA0374000,PA,PAE ILHA ATURIÁ GRANDE (PA0374000),OEIRAS DO PARA,488.16,1,"INCRA, 2024",63,Brasil,,PA0374000,PAE ILHA ATURIÁ GRANDE (PA0374000),LEVEL_2
PA0375000,PA,PAE ILHA DAMIÃO (PA0375000),OEIRAS DO PARA,4617.73,1,"INCRA, 2024",63,Brasil,,PA0375000,PAE ILHA DAMIÃO (PA0375000),LEVEL_2
PA0376000,PA,PAE ILHA CAÍ GRANDE (PA0376000),OEIRAS DO PARA,674.71,1,"INCRA, 2024",63,Brasil,,PA0376000,PAE ILHA CAÍ GRANDE (PA0376000),LEVEL_2
PA0377000,PA,PAE ILHA JARIMBU (PA0377000),IGARAPE-MIRI,8670.73,1,"INCRA, 2024",63,Brasil,,PA0377000,PAE ILHA JARIMBU (PA0377000),LEVEL_2
PA0378000,PA,PAE ILHA PANACAUERA-MIRI (PA0378000),IGARAPE-MIRI,4257.6,1,"INCRA, 2024",63,Brasil,,PA0378000,PAE ILHA PANACAUERA-MIRI (PA0378000),LEVEL_2
PA0379000,PA,PAE ILHA DO CUMBU (PA0379000),BELEM,1506.94,1,"INCRA, 2024",63,Brasil,,PA0379000,PAE ILHA DO CUMBU (PA0379000),LEVEL_2
PA0380000,PA,PAE ILHA PAULISTA (PA0380000),LIMOEIRO DO AJURU,1649.44,1,"INCRA, 2024",63,Brasil,,PA0380000,PAE ILHA PAULISTA (PA0380000),LEVEL_2
PA0381000,PA,PAE ILHA CONCEIÇÃO (PA0381000),LIMOEIRO DO AJURU,4870.6,1,"INCRA, 2024",63,Brasil,,PA0381000,PAE ILHA CONCEIÇÃO (PA0381000),LEVEL_2
PA0382000,PA,PAE ILHA MUTIRÃO (PA0382000),IGARAPE-MIRI,1522.06,1,"INCRA, 2024",63,Brasil,,PA0382000,PAE ILHA MUTIRÃO (PA0382000),LEVEL_2
PA0383000,PA,PA AREIA BRANCA (PA0383000),PARAGOMINAS,1424.89,1,"INCRA, 2024",63,Brasil,,PA0383000,PA AREIA BRANCA (PA0383000),LEVEL_2
PA0384000,PA,PA LUIZ INÁCIO (PA0384000),PARAGOMINAS,34316.74,1,"INCRA, 2024",63,Brasil,,PA0384000,PA LUIZ INÁCIO (PA0384000),LEVEL_2
PA0385000,PA,PAE ILHA COMPRIDA (PA0385000),OEIRAS DO PARA,56.64,1,"INCRA, 2024",63,Brasil,,PA0385000,PAE ILHA COMPRIDA (PA0385000),LEVEL_2
PA0386000,PA,PAE ILHA MAUBA (PA0386000),IGARAPE-MIRI,915.79,1,"INCRA, 2024",63,Brasil,,PA0386000,PAE ILHA MAUBA (PA0386000),LEVEL_2
PA0388000,PA,PAE COMPLEXO MARACUJÁ (PA0388000),BELEM,823.86,1,"INCRA, 2024",63,Brasil,,PA0388000,PAE COMPLEXO MARACUJÁ (PA0388000),LEVEL_2
PA0389000,PA,PAE ILHA ANUERÁ (PA0389000),OEIRAS DO PARA,305.61,1,"INCRA, 2024",63,Brasil,,PA0389000,PAE ILHA ANUERÁ (PA0389000),LEVEL_2
PA0390000,PA,PAE ILHA DE MELGAÇO (PA0390000),MELGACO,14005.55,1,"INCRA, 2024",63,Brasil,,PA0390000,PAE ILHA DE MELGAÇO (PA0390000),LEVEL_2
PA0391000,PA,PAE ILHA MUJIRUM (PA0391000),MELGACO,15694.93,1,"INCRA, 2024",63,Brasil,,PA0391000,PAE ILHA MUJIRUM (PA0391000),LEVEL_2
PA0393000,PA,PA NAZARE (PA0393000),ACARA,5126.4,1,"INCRA, 2024",63,Brasil,,PA0393000,PA NAZARE (PA0393000),LEVEL_2
PA0394000,PA,PAE TRÊS IRMÃS (PA0394000),CAMETA,1089.68,1,"INCRA, 2024",63,Brasil,,PA0394000,PAE TRÊS IRMÃS (PA0394000),LEVEL_2
PA0395000,PA,PAE ILHA COROA NOVA (PA0395000),CAMETA,851.65,1,"INCRA, 2024",63,Brasil,,PA0395000,PAE ILHA COROA NOVA (PA0395000),LEVEL_2
PA0396000,PA,PAE ILHA MARINTEUA (PA0396000),CAMETA,463.66,1,"INCRA, 2024",63,Brasil,,PA0396000,PAE ILHA MARINTEUA (PA0396000),LEVEL_2
PA0397000,PA,PAE ILHA PACUÍ (PA0397000),CAMETA,851.33,1,"INCRA, 2024",63,Brasil,,PA0397000,PAE ILHA PACUÍ (PA0397000),LEVEL_2
PA0398000,PA,PAE ILHA ITANDUBA (PA0398000),CAMETA,989.8,1,"INCRA, 2024",63,Brasil,,PA0398000,PAE ILHA ITANDUBA (PA0398000),LEVEL_2
PA0399000,PA,PAE ILHA ITAUNA (PA0399000),CAMETA,978.7,1,"INCRA, 2024",63,Brasil,,PA0399000,PAE ILHA ITAUNA (PA0399000),LEVEL_2
PA0400000,PA,PAE ILHA AJARAÍ (PA0400000),CAMETA,407.14,1,"INCRA, 2024",63,Brasil,,PA0400000,PAE ILHA AJARAÍ (PA0400000),LEVEL_2
PA0401000,PA,PAE ILHA SANTANA DE CAMETÁ (PA0401000),CAMETA,2777.83,1,"INCRA, 2024",63,Brasil,,PA0401000,PAE ILHA SANTANA DE CAMETÁ (PA0401000),LEVEL_2
PA0402000,PA,PA NOVA VIDA (PA0402000),PARAGOMINAS,3951.29,1,"INCRA, 2024",63,Brasil,,PA0402000,PA NOVA VIDA (PA0402000),LEVEL_2
PA0403000,PA,PA GLEBINHA (PA0403000),PARAGOMINAS,1748.61,1,"INCRA, 2024",63,Brasil,,PA0403000,PA GLEBINHA (PA0403000),LEVEL_2
PA0404000,PA,PAE ILHA NOVA (PA0404000),BELEM,273.59,1,"INCRA, 2024",63,Brasil,,PA0404000,PAE ILHA NOVA (PA0404000),LEVEL_2
PA0317000,PA,PAE ILHA MOCAJUBA (PA0317000),BUJARU,170.61,1,"INCRA, 2024",63,Brasil,,PA0317000,PAE ILHA MOCAJUBA (PA0317000),LEVEL_2
PA0318000,PA,PA NOVO JAUARA (PA0318000),AURORA DO PARA,1460.52,1,"INCRA, 2024",63,Brasil,,PA0318000,PA NOVO JAUARA (PA0318000),LEVEL_2
PA0319000,PA,PA ARAXITEUA (PA0319000),ACARA,1466.35,1,"INCRA, 2024",63,Brasil,,PA0319000,PA ARAXITEUA (PA0319000),LEVEL_2
PA0320000,PA,PA FLOR DE MINAS (PA0320000),AURORA DO PARA,2609.55,1,"INCRA, 2024",63,Brasil,,PA0320000,PA FLOR DE MINAS (PA0320000),LEVEL_2
PA0321000,PA,PAE ILHA SÃO MATEUS (PA0321000),BARCARENA,1761.7,1,"INCRA, 2024",63,Brasil,,PA0321000,PAE ILHA SÃO MATEUS (PA0321000),LEVEL_2
PA0322000,PA,PAE ILHA GRANDE CAMETÁ (PA0322000),CAMETA,7646.9,1,"INCRA, 2024",63,Brasil,,PA0322000,PAE ILHA GRANDE CAMETÁ (PA0322000),LEVEL_2
PA0411000,PA,PA JUTAÍ MIRIM (PA0411000),CONCORDIA DO PARA,2192.17,1,"INCRA, 2024",63,Brasil,,PA0411000,PA JUTAÍ MIRIM (PA0411000),LEVEL_2
PA0412000,PA,PAE ILHA COROCA (PA0412000),SAO SEBASTIAO DA BOA VISTA,1901.23,1,"INCRA, 2024",63,Brasil,,PA0412000,PAE ILHA COROCA (PA0412000),LEVEL_2
PA0413000,PA,PAE ILHA PAQUETÁ II (PA0413000),SAO SEBASTIAO DA BOA VISTA,813.99,1,"INCRA, 2024",63,Brasil,,PA0413000,PAE ILHA PAQUETÁ II (PA0413000),LEVEL_2
PA0414000,PA,PAE ILHA BOA VISTA (PA0414000),SAO SEBASTIAO DA BOA VISTA,925.0,1,"INCRA, 2024",63,Brasil,,PA0414000,PAE ILHA BOA VISTA (PA0414000),LEVEL_2
PA0415000,PA,PAE ILHA CHAVES (PA0415000),SAO SEBASTIAO DA BOA VISTA,1002.71,1,"INCRA, 2024",63,Brasil,,PA0415000,PAE ILHA CHAVES (PA0415000),LEVEL_2
PA0416000,PA,PAE ILHA LARANJA (PA0416000),SAO SEBASTIAO DA BOA VISTA,1579.4,1,"INCRA, 2024",63,Brasil,,PA0416000,PAE ILHA LARANJA (PA0416000),LEVEL_2
PA0417000,PA,PAE ILHA SÃO JOÃO (PA0417000),SAO SEBASTIAO DA BOA VISTA,790.13,1,"INCRA, 2024",63,Brasil,,PA0417000,PAE ILHA SÃO JOÃO (PA0417000),LEVEL_2
PA0418000,PA,PAE ILHA TUCUPI GRANDE (PA0418000),SAO SEBASTIAO DA BOA VISTA,1550.45,1,"INCRA, 2024",63,Brasil,,PA0418000,PAE ILHA TUCUPI GRANDE (PA0418000),LEVEL_2
PA0419000,PA,PAE ILHA SANTO ANTÔNIO III (PA0419000),SAO SEBASTIAO DA BOA VISTA,1414.79,1,"INCRA, 2024",63,Brasil,,PA0419000,PAE ILHA SANTO ANTÔNIO III (PA0419000),LEVEL_2
PA0430000,PA,PA PATAUATEUA (PA0430000),SAO DOMINGOS DO CAPIM,2756.96,1,"INCRA, 2024",63,Brasil,,PA0430000,PA PATAUATEUA (PA0430000),LEVEL_2
PA0431000,PA,PA FE EM DEUS (PA0431000),SAO DOMINGOS DO CAPIM,384.63,1,"INCRA, 2024",63,Brasil,,PA0431000,PA FE EM DEUS (PA0431000),LEVEL_2
PA0433000,PA,PA PEDRO SOUZA (PA0433000),AURORA DO PARA,1151.75,1,"INCRA, 2024",63,Brasil,,PA0433000,PA PEDRO SOUZA (PA0433000),LEVEL_2
PA0436000,PA,PAE ILHA SANTA MARIA (PA0436000),MUANA,1185.5,1,"INCRA, 2024",63,Brasil,,PA0436000,PAE ILHA SANTA MARIA (PA0436000),LEVEL_2
PA0437000,PA,PAE ILHA MARITUBINHA (PA0437000),MUANA,4464.7,1,"INCRA, 2024",63,Brasil,,PA0437000,PAE ILHA MARITUBINHA (PA0437000),LEVEL_2
PA0438000,PA,PAE ILHA ATATAZINHO (PA0438000),MUANA,2072.04,1,"INCRA, 2024",63,Brasil,,PA0438000,PAE ILHA ATATAZINHO (PA0438000),LEVEL_2
PA0441000,PA,PAE ILHA SANTA CATARINA (PA0441000),CURRALINHO,401.38,1,"INCRA, 2024",63,Brasil,,PA0441000,PAE ILHA SANTA CATARINA (PA0441000),LEVEL_2
PA0442000,PA,PAE ILHA TRACUATEUA (PA0442000),CURRALINHO,946.57,1,"INCRA, 2024",63,Brasil,,PA0442000,PAE ILHA TRACUATEUA (PA0442000),LEVEL_2
PA0443000,PA,PAE ILHA BELA PATRIA (PA0443000),CURRALINHO,421.7,1,"INCRA, 2024",63,Brasil,,PA0443000,PAE ILHA BELA PATRIA (PA0443000),LEVEL_2
PA0444000,PA,PAE ILHA SÃO RAIMUNDO (PA0444000),CURRALINHO,2969.54,1,"INCRA, 2024",63,Brasil,,PA0444000,PAE ILHA SÃO RAIMUNDO (PA0444000),LEVEL_2
PA0445000,PA,PAE ILHA SORVA (PA0445000),CURRALINHO,1438.19,1,"INCRA, 2024",63,Brasil,,PA0445000,PAE ILHA SORVA (PA0445000),LEVEL_2
PA0447000,PA,PAE ILHA SÃO JOÃO I (PA0447000),CURRALINHO,4067.07,1,"INCRA, 2024",63,Brasil,,PA0447000,PAE ILHA SÃO JOÃO I (PA0447000),LEVEL_2
PA0448000,PA,PAE ILHA CALHEIRA (PA0448000),CURRALINHO,2373.21,1,"INCRA, 2024",63,Brasil,,PA0448000,PAE ILHA CALHEIRA (PA0448000),LEVEL_2
PA0405000,PA,PAE ILHA JUPATITUBA DE CURRALINHO (PA0405000),CURRALINHO,11170.26,1,"INCRA, 2024",63,Brasil,,PA0405000,PAE ILHA JUPATITUBA DE CURRALINHO (PA0405000),LEVEL_2
PA0406000,PA,PAE ILHA CANATICU (PA0406000),CURRALINHO,1535.53,1,"INCRA, 2024",63,Brasil,,PA0406000,PAE ILHA CANATICU (PA0406000),LEVEL_2
PA0407000,PA,PAE ILHA DO MUTUM (PA0407000),CURRALINHO,5261.88,1,"INCRA, 2024",63,Brasil,,PA0407000,PAE ILHA DO MUTUM (PA0407000),LEVEL_2
PA0408000,PA,PAE ILHA DO FURO GRANDE (PA0408000),ABAETETUBA,1367.17,1,"INCRA, 2024",63,Brasil,,PA0408000,PAE ILHA DO FURO GRANDE (PA0408000),LEVEL_2
PA0409000,PA,PAE ILHA ITABOCA (PA0409000),IGARAPE-MIRI,2291.96,1,"INCRA, 2024",63,Brasil,,PA0409000,PAE ILHA ITABOCA (PA0409000),LEVEL_2
PA0410000,PA,PAE ILHA PINDOBAL GRANDE (PA0410000),IGARAPE-MIRI,4110.07,1,"INCRA, 2024",63,Brasil,,PA0410000,PAE ILHA PINDOBAL GRANDE (PA0410000),LEVEL_2
PA0450000,PA,PAE ILHA SAMANAJÓS (PA0450000),CURRALINHO,2573.75,1,"INCRA, 2024",63,Brasil,,PA0450000,PAE ILHA SAMANAJÓS (PA0450000),LEVEL_2
PA0451000,PA,PAE ILHA ARARAS (PA0451000),CURRALINHO,350.05,1,"INCRA, 2024",63,Brasil,,PA0451000,PAE ILHA ARARAS (PA0451000),LEVEL_2
PA0452000,PA,PAE ILHA SAO PEDRO E BARBOSA (PA0452000),CURRALINHO,886.44,1,"INCRA, 2024",63,Brasil,,PA0452000,PAE ILHA SAO PEDRO E BARBOSA (PA0452000),LEVEL_2
PA0453000,PA,PAE ILHA GRANDE DO LAGUNA (PA0453000),MELGACO,176850.65,1,"INCRA, 2024",63,Brasil,,PA0453000,PAE ILHA GRANDE DO LAGUNA (PA0453000),LEVEL_2
PA0454000,PA,PAE ILHA SANTA MARIA I (PA0454000),MELGACO,1185.39,1,"INCRA, 2024",63,Brasil,,PA0454000,PAE ILHA SANTA MARIA I (PA0454000),LEVEL_2
PA0455000,PA,PAE ILHA MACUJUBIM (PA0455000),BREVES,12272.65,1,"INCRA, 2024",63,Brasil,,PA0455000,PAE ILHA MACUJUBIM (PA0455000),LEVEL_2
PA0456000,PA,PAE ILHA ATURIÁ (PA0456000),BREVES,13504.11,1,"INCRA, 2024",63,Brasil,,PA0456000,PAE ILHA ATURIÁ (PA0456000),LEVEL_2
PA0457000,PA,PAE ILHA DOS MACACOS (PA0457000),BREVES,129590.09,1,"INCRA, 2024",63,Brasil,,PA0457000,PAE ILHA DOS MACACOS (PA0457000),LEVEL_2
PA0458000,PA,PA RIO BUJARU (PA0458000),CONCORDIA DO PARA,8079.48,1,"INCRA, 2024",63,Brasil,,PA0458000,PA RIO BUJARU (PA0458000),LEVEL_2
PA0459000,PA,PA TARIRATEUA (PA0459000),SAO DOMINGOS DO CAPIM,3435.97,1,"INCRA, 2024",63,Brasil,,PA0459000,PA TARIRATEUA (PA0459000),LEVEL_2
PA0461000,PA,PAE ILHA CARARUÁ-GRANDE (PA0461000),BAGRE,7171.35,1,"INCRA, 2024",63,Brasil,,PA0461000,PAE ILHA CARARUÁ-GRANDE (PA0461000),LEVEL_2
PA0462000,PA,PAE LUZ DA VIDA (PA0462000),BAGRE,3650.63,1,"INCRA, 2024",63,Brasil,,PA0462000,PAE LUZ DA VIDA (PA0462000),LEVEL_2
PA0464000,PA,PAE ILHA JURUPARI (PA0464000),BAGRE,4376.45,1,"INCRA, 2024",63,Brasil,,PA0464000,PAE ILHA JURUPARI (PA0464000),LEVEL_2
PA0465000,PA,PAE ILHA TAQUARI (PA0465000),BAGRE,6747.39,1,"INCRA, 2024",63,Brasil,,PA0465000,PAE ILHA TAQUARI (PA0465000),LEVEL_2
PA0466000,PA,PAE ILHA ITAPERA (PA0466000),BAGRE,5820.71,1,"INCRA, 2024",63,Brasil,,PA0466000,PAE ILHA ITAPERA (PA0466000),LEVEL_2
PA0467000,PA,PAE ILHA URUÁ II (PA0467000),CURRALINHO,2918.55,1,"INCRA, 2024",63,Brasil,,PA0467000,PAE ILHA URUÁ II (PA0467000),LEVEL_2
PA0468000,PA,PAE ILHA SANTA APOLONIA (PA0468000),CURRALINHO,1774.59,1,"INCRA, 2024",63,Brasil,,PA0468000,PAE ILHA SANTA APOLONIA (PA0468000),LEVEL_2
PA0469000,PA,PAE ILHA PANACU (PA0469000),CURRALINHO,5171.27,1,"INCRA, 2024",63,Brasil,,PA0469000,PAE ILHA PANACU (PA0469000),LEVEL_2
PA0470000,PA,PAE ILHA SAPATEIRO (PA0470000),CURRALINHO,296.7,1,"INCRA, 2024",63,Brasil,,PA0470000,PAE ILHA SAPATEIRO (PA0470000),LEVEL_2
PA0471000,PA,PAE SANTA ROSA DO MARACATI (PA0471000),CURRALINHO,3172.3,1,"INCRA, 2024",63,Brasil,,PA0471000,PAE SANTA ROSA DO MARACATI (PA0471000),LEVEL_2
PA0472000,PA,PAE ILHA SANTA MARIA II (PA0472000),CURRALINHO,918.79,1,"INCRA, 2024",63,Brasil,,PA0472000,PAE ILHA SANTA MARIA II (PA0472000),LEVEL_2
PA0473000,PA,PAE ILHA SANTA MARIA III (PA0473000),CURRALINHO,92.49,1,"INCRA, 2024",63,Brasil,,PA0473000,PAE ILHA SANTA MARIA III (PA0473000),LEVEL_2
PA0474000,PA,PAE ILHA MARIANA (PA0474000),CURRALINHO,310.2,1,"INCRA, 2024",63,Brasil,,PA0474000,PAE ILHA MARIANA (PA0474000),LEVEL_2
PA0475000,PA,PAE ILHA NOSSA SENHORA DO LIVRAMENTO I (PA0475000),CURRALINHO,2150.44,1,"INCRA, 2024",63,Brasil,,PA0475000,PAE ILHA NOSSA SENHORA DO LIVRAMENTO I (PA0475000),LEVEL_2
PA0477000,PA,PAE ILHA ENTRE-ILHAS (PA0477000),CAMETA,55.02,1,"INCRA, 2024",63,Brasil,,PA0477000,PAE ILHA ENTRE-ILHAS (PA0477000),LEVEL_2
PA0478000,PA,PAE ILHA JACAREUÁ (PA0478000),CAMETA,1114.69,1,"INCRA, 2024",63,Brasil,,PA0478000,PAE ILHA JACAREUÁ (PA0478000),LEVEL_2
PA0479000,PA,PAE ILHA BIRIBATUBA (PA0479000),CAMETA,287.52,1,"INCRA, 2024",63,Brasil,,PA0479000,PAE ILHA BIRIBATUBA (PA0479000),LEVEL_2
PA0480000,PA,PAE ILHA DO MEIO (PA0480000),AFUA,26411.83,1,"INCRA, 2024",63,Brasil,,PA0480000,PAE ILHA DO MEIO (PA0480000),LEVEL_2
PA0481000,PA,PAE ILHA MARACUJÁ I (PA0481000),AFUA,22960.23,1,"INCRA, 2024",63,Brasil,,PA0481000,PAE ILHA MARACUJÁ I (PA0481000),LEVEL_2
PA0482000,PA,PAE ILHA RASA (PA0482000),AFUA,2757.82,1,"INCRA, 2024",63,Brasil,,PA0482000,PAE ILHA RASA (PA0482000),LEVEL_2
PA0483000,PA,PAE ILHA DO TELES (PA0483000),AFUA,3784.04,1,"INCRA, 2024",63,Brasil,,PA0483000,PAE ILHA DO TELES (PA0483000),LEVEL_2
PA0484000,PA,PAE ILHA CALDEIRÃO (PA0484000),AFUA,8244.49,1,"INCRA, 2024",63,Brasil,,PA0484000,PAE ILHA CALDEIRÃO (PA0484000),LEVEL_2
PA0485000,PA,PAE ILHA CONCEIÇÃO I (PA0485000),AFUA,13203.79,1,"INCRA, 2024",63,Brasil,,PA0485000,PAE ILHA CONCEIÇÃO I (PA0485000),LEVEL_2
PA0486000,PA,PAE ILHA SALVADOR (PA0486000),AFUA,27016.29,1,"INCRA, 2024",63,Brasil,,PA0486000,PAE ILHA SALVADOR (PA0486000),LEVEL_2
PA0487000,PA,PAE ILHA QUEIMADA (PA0487000),AFUA,87203.69,1,"INCRA, 2024",63,Brasil,,PA0487000,PAE ILHA QUEIMADA (PA0487000),LEVEL_2
PA0488000,PA,PAE ILHA DOS CARÁS (PA0488000),AFUA,13620.92,1,"INCRA, 2024",63,Brasil,,PA0488000,PAE ILHA DOS CARÁS (PA0488000),LEVEL_2
PA0489000,PA,PAE ILHA PANEMA (PA0489000),AFUA,7811.25,1,"INCRA, 2024",63,Brasil,,PA0489000,PAE ILHA PANEMA (PA0489000),LEVEL_2
PA0490000,PA,PAE ILHA JURUPARI I (PA0490000),AFUA,40212.28,1,"INCRA, 2024",63,Brasil,,PA0490000,PAE ILHA JURUPARI I (PA0490000),LEVEL_2
PA0491000,PA,PAE ILHA BAIANO (PA0491000),AFUA,3895.03,1,"INCRA, 2024",63,Brasil,,PA0491000,PAE ILHA BAIANO (PA0491000),LEVEL_2
PA0492000,PA,PAE ILHA TRAMBIOCA (PA0492000),BARCARENA,7576.88,1,"INCRA, 2024",63,Brasil,,PA0492000,PAE ILHA TRAMBIOCA (PA0492000),LEVEL_2
PA0493000,PA,PA LUIS CARLOS PRESTES (PA0493000),IRITUIA,1242.69,1,"INCRA, 2024",63,Brasil,,PA0493000,PA LUIS CARLOS PRESTES (PA0493000),LEVEL_2
PA0494000,PA,PA MARIA BONITA (PA0494000),IRITUIA,1336.7,1,"INCRA, 2024",63,Brasil,,PA0494000,PA MARIA BONITA (PA0494000),LEVEL_2
PA0495000,PA,PAE ILHA PIRARUAIA (PA0495000),BAGRE,600.93,1,"INCRA, 2024",63,Brasil,,PA0495000,PAE ILHA PIRARUAIA (PA0495000),LEVEL_2
PA0496000,PA,PAE ILHA IOIÁS (PA0496000),BAGRE,297.61,1,"INCRA, 2024",63,Brasil,,PA0496000,PAE ILHA IOIÁS (PA0496000),LEVEL_2
PA0497000,PA,PAE ILHA DO CABO DICO (PA0497000),BAGRE,554.49,1,"INCRA, 2024",63,Brasil,,PA0497000,PAE ILHA DO CABO DICO (PA0497000),LEVEL_2
PA0498000,PA,PAE TIRIRICA (PA0498000),BAGRE,3008.56,1,"INCRA, 2024",63,Brasil,,PA0498000,PAE TIRIRICA (PA0498000),LEVEL_2
PA0499000,PA,PAE ILHA DO BOI (PA0499000),LIMOEIRO DO AJURU,2601.22,1,"INCRA, 2024",63,Brasil,,PA0499000,PAE ILHA DO BOI (PA0499000),LEVEL_2
PA0500000,PA,PAE ILHA JAPIIM SECO (PA0500000),LIMOEIRO DO AJURU,2318.44,1,"INCRA, 2024",63,Brasil,,PA0500000,PAE ILHA JAPIIM SECO (PA0500000),LEVEL_2
PA0501000,PA,PAE ILHA MURUMURU I (PA0501000),MUANA,5351.15,1,"INCRA, 2024",63,Brasil,,PA0501000,PAE ILHA MURUMURU I (PA0501000),LEVEL_2
PA0502000,PA,PAE ILHA DO TANGARAZINHO (PA0502000),MUANA,1879.56,1,"INCRA, 2024",63,Brasil,,PA0502000,PAE ILHA DO TANGARAZINHO (PA0502000),LEVEL_2
PA0503000,PA,PAE ILHA FURO MUANÁ (PA0503000),MUANA,2289.87,1,"INCRA, 2024",63,Brasil,,PA0503000,PAE ILHA FURO MUANÁ (PA0503000),LEVEL_2
PA0504000,PA,PAE COMPLEXO BATUQUE (PA0504000),IGARAPE-MIRI,335.47,1,"INCRA, 2024",63,Brasil,,PA0504000,PAE COMPLEXO BATUQUE (PA0504000),LEVEL_2
PA0505000,PA,PAE ILHA MIRITIAPINA (PA0505000),BREVES,19091.37,1,"INCRA, 2024",63,Brasil,,PA0505000,PAE ILHA MIRITIAPINA (PA0505000),LEVEL_2
PA0449000,PA,PAE ILHA MOSSORO (PA0449000),CURRALINHO,755.24,1,"INCRA, 2024",63,Brasil,,PA0449000,PAE ILHA MOSSORO (PA0449000),LEVEL_2
PA0507000,PA,PA ABRIL VERMELHO (PA0507000),SANTA BARBARA DO PARA,6662.03,1,"INCRA, 2024",63,Brasil,,PA0507000,PA ABRIL VERMELHO (PA0507000),LEVEL_2
PA0508000,PA,PAE ILHA PRACAXI (PA0508000),BREVES,12494.45,1,"INCRA, 2024",63,Brasil,,PA0508000,PAE ILHA PRACAXI (PA0508000),LEVEL_2
PA0509000,PA,PAE ILHA BUIUSSU (PA0509000),BREVES,19236.22,1,"INCRA, 2024",63,Brasil,,PA0509000,PAE ILHA BUIUSSU (PA0509000),LEVEL_2
PA0510000,PA,PAE ILHA LIMÃO (PA0510000),BREVES,42159.92,1,"INCRA, 2024",63,Brasil,,PA0510000,PAE ILHA LIMÃO (PA0510000),LEVEL_2
PA0506000,PA,PAE ILHA ITUQUARA (PA0506000),BREVES,29502.14,1,"INCRA, 2024",63,Brasil,,PA0506000,PAE ILHA ITUQUARA (PA0506000),LEVEL_2
PA0511000,PA,PAE ILHA PEREIRA (PA0511000),BREVES,9354.38,1,"INCRA, 2024",63,Brasil,,PA0511000,PAE ILHA PEREIRA (PA0511000),LEVEL_2
PA0512000,PA,PAE ILHA SANTO AMARO II (PA0512000),BREVES,11263.33,1,"INCRA, 2024",63,Brasil,,PA0512000,PAE ILHA SANTO AMARO II (PA0512000),LEVEL_2
PA0513000,PA,PAE ILHA JEJUTEUA (PA0513000),BREVES,4351.4,1,"INCRA, 2024",63,Brasil,,PA0513000,PAE ILHA JEJUTEUA (PA0513000),LEVEL_2
PA0514000,PA,PAE ILHA BOM SAMARITANO (PA0514000),SAO SEBASTIAO DA BOA VISTA,6200.49,1,"INCRA, 2024",63,Brasil,,PA0514000,PAE ILHA BOM SAMARITANO (PA0514000),LEVEL_2
PA0515000,PA,PAE ILHA PRACUUBA-GRANDE (PA0515000),SAO SEBASTIAO DA BOA VISTA,3738.8,1,"INCRA, 2024",63,Brasil,,PA0515000,PAE ILHA PRACUUBA-GRANDE (PA0515000),LEVEL_2
PA0516000,PA,PAE ILHA CARIÁ-GUAJARÁ (PA0516000),SAO SEBASTIAO DA BOA VISTA,4111.68,1,"INCRA, 2024",63,Brasil,,PA0516000,PAE ILHA CARIÁ-GUAJARÁ (PA0516000),LEVEL_2
PA0517000,PA,PAE ILHA SÃO RAIMUNDO II (PA0517000),SAO SEBASTIAO DA BOA VISTA,6946.16,1,"INCRA, 2024",63,Brasil,,PA0517000,PAE ILHA SÃO RAIMUNDO II (PA0517000),LEVEL_2
PA0518000,PA,PAE COMUNIDADE CENTRAL (PA0518000),SAO SEBASTIAO DA BOA VISTA,31640.03,1,"INCRA, 2024",63,Brasil,,PA0518000,PAE COMUNIDADE CENTRAL (PA0518000),LEVEL_2
PA0519000,PA,PAE BAIXO ANAJÁS I (PA0519000),ANAJAS,16294.42,1,"INCRA, 2024",63,Brasil,,PA0519000,PAE BAIXO ANAJÁS I (PA0519000),LEVEL_2
PA0527000,PA,PAE ILHA TERÊ (PA0527000),LIMOEIRO DO AJURU,4481.28,1,"INCRA, 2024",63,Brasil,,PA0527000,PAE ILHA TERÊ (PA0527000),LEVEL_2
PA0529000,PA,PAE ILHA PAQUETÁ III (PA0529000),LIMOEIRO DO AJURU,355.84,1,"INCRA, 2024",63,Brasil,,PA0529000,PAE ILHA PAQUETÁ III (PA0529000),LEVEL_2
PA0530000,PA,PAE ILHA ARARAIM (PA0530000),LIMOEIRO DO AJURU,832.91,1,"INCRA, 2024",63,Brasil,,PA0530000,PAE ILHA ARARAIM (PA0530000),LEVEL_2
PA0531000,PA,PAE ILHA SARACÁ (PA0531000),LIMOEIRO DO AJURU,1422.85,1,"INCRA, 2024",63,Brasil,,PA0531000,PAE ILHA SARACÁ (PA0531000),LEVEL_2
PA0532000,PA,PAE ILHA TATUOCA-JAPIIM (PA0532000),LIMOEIRO DO AJURU,21969.8,1,"INCRA, 2024",63,Brasil,,PA0532000,PAE ILHA TATUOCA-JAPIIM (PA0532000),LEVEL_2
PA0534000,PA,PAE ILHA UMARITUBA JUACARA (PA0534000),LIMOEIRO DO AJURU,2372.5,1,"INCRA, 2024",63,Brasil,,PA0534000,PAE ILHA UMARITUBA JUACARA (PA0534000),LEVEL_2
PA0535000,PA,PAE ILHA ANAJAI (PA0535000),LIMOEIRO DO AJURU,1399.12,1,"INCRA, 2024",63,Brasil,,PA0535000,PAE ILHA ANAJAI (PA0535000),LEVEL_2
PA0536000,PA,PAE ILHA VITÓRIA (PA0536000),LIMOEIRO DO AJURU,2007.02,1,"INCRA, 2024",63,Brasil,,PA0536000,PAE ILHA VITÓRIA (PA0536000),LEVEL_2
PA0537000,PA,PAE ILHA ANGAPIJO (PA0537000),MOCAJUBA,972.16,1,"INCRA, 2024",63,Brasil,,PA0537000,PAE ILHA ANGAPIJO (PA0537000),LEVEL_2
PA0538000,PA,PAE ILHA URUBUQUARA (PA0538000),CACHOEIRA DO ARARI,3163.08,1,"INCRA, 2024",63,Brasil,,PA0538000,PAE ILHA URUBUQUARA (PA0538000),LEVEL_2
PA0539000,PA,PAE ILHA CONCEICAO DE MOCAJUBA (PA0539000),MOCAJUBA,1635.46,1,"INCRA, 2024",63,Brasil,,PA0539000,PAE ILHA CONCEICAO DE MOCAJUBA (PA0539000),LEVEL_2
PA0540000,PA,PAE ILHA GRANDE DE VISEU (PA0540000),MOCAJUBA,1499.17,1,"INCRA, 2024",63,Brasil,,PA0540000,PAE ILHA GRANDE DE VISEU (PA0540000),LEVEL_2
PA0541000,PA,PAE ILHA TAUARE (PA0541000),MOCAJUBA,2175.22,1,"INCRA, 2024",63,Brasil,,PA0541000,PAE ILHA TAUARE (PA0541000),LEVEL_2
PA0542000,PA,PAE ILHA CURUPIRA (PA0542000),LIMOEIRO DO AJURU,991.52,1,"INCRA, 2024",63,Brasil,,PA0542000,PAE ILHA CURUPIRA (PA0542000),LEVEL_2
PA0543000,PA,PAE ILHA TURUÇU (PA0543000),LIMOEIRO DO AJURU,1984.06,1,"INCRA, 2024",63,Brasil,,PA0543000,PAE ILHA TURUÇU (PA0543000),LEVEL_2
PA0544000,PA,PAE ILHA MACHADO (PA0544000),LIMOEIRO DO AJURU,2040.47,1,"INCRA, 2024",63,Brasil,,PA0544000,PAE ILHA MACHADO (PA0544000),LEVEL_2
PA0555000,PA,PAE ILHA MACACAA (PA0555000),LIMOEIRO DO AJURU,6946.19,1,"INCRA, 2024",63,Brasil,,PA0555000,PAE ILHA MACACAA (PA0555000),LEVEL_2
PA0556000,PA,PAE ILHA ACAJUI (PA0556000),LIMOEIRO DO AJURU,896.13,1,"INCRA, 2024",63,Brasil,,PA0556000,PAE ILHA ACAJUI (PA0556000),LEVEL_2
PA0557000,PA,PAE ILHA CUPIJO MIRIM (PA0557000),LIMOEIRO DO AJURU,1971.62,1,"INCRA, 2024",63,Brasil,,PA0557000,PAE ILHA CUPIJO MIRIM (PA0557000),LEVEL_2
PA0559000,PA,PA SOROROCA (PA0559000),IRITUIA,914.38,1,"INCRA, 2024",63,Brasil,,PA0559000,PA SOROROCA (PA0559000),LEVEL_2
PA0560000,PA,PA CANDEUA (PA0560000),IRITUIA,694.1,1,"INCRA, 2024",63,Brasil,,PA0560000,PA CANDEUA (PA0560000),LEVEL_2
PA0561000,PA,PA MARIAHI (PA0561000),BUJARU,2862.08,1,"INCRA, 2024",63,Brasil,,PA0561000,PA MARIAHI (PA0561000),LEVEL_2
PA0562000,PA,PA CARLOS LAMARCA (PA0562000),CAPITAO POCO,935.96,1,"INCRA, 2024",63,Brasil,,PA0562000,PA CARLOS LAMARCA (PA0562000),LEVEL_2
PA0563000,PA,PA SAO LOURENCO (PA0563000),ACARA,1256.79,1,"INCRA, 2024",63,Brasil,,PA0563000,PA SAO LOURENCO (PA0563000),LEVEL_2
PA0564000,PA,PA FORTALEZA (PA0564000),ACARA,1916.25,1,"INCRA, 2024",63,Brasil,,PA0564000,PA FORTALEZA (PA0564000),LEVEL_2
PA0565000,PA,PA VALE DO ARIACAUA (PA0565000),SAO DOMINGOS DO CAPIM,8560.41,1,"INCRA, 2024",63,Brasil,,PA0565000,PA VALE DO ARIACAUA (PA0565000),LEVEL_2
PA0566000,PA,PA ANUERÁ (PA0566000),AURORA DO PARA,2287.08,1,"INCRA, 2024",63,Brasil,,PA0566000,PA ANUERÁ (PA0566000),LEVEL_2
PA0567000,PA,PAE ILHA JAPICHAUA (PA0567000),BREVES,49858.56,1,"INCRA, 2024",63,Brasil,,PA0567000,PAE ILHA JAPICHAUA (PA0567000),LEVEL_2
PA0568000,PA,PA SERRAGEM SANTANA (PA0568000),ACARA,1018.97,1,"INCRA, 2024",63,Brasil,,PA0568000,PA SERRAGEM SANTANA (PA0568000),LEVEL_2
PA0569000,PA,PAE ILHA SETUBAL (PA0569000),PONTA DE PEDRAS,180.68,1,"INCRA, 2024",63,Brasil,,PA0569000,PAE ILHA SETUBAL (PA0569000),LEVEL_2
PA0570000,PA,PAE ILHA SOBERANA (PA0570000),PONTA DE PEDRAS,297.28,1,"INCRA, 2024",63,Brasil,,PA0570000,PAE ILHA SOBERANA (PA0570000),LEVEL_2
PA0571000,PA,PAE ILHA MUTUNQUARA (PA0571000),BREVES,16505.4,1,"INCRA, 2024",63,Brasil,,PA0571000,PAE ILHA MUTUNQUARA (PA0571000),LEVEL_2
PA0572000,PA,PAE ILHA ARANAI (PA0572000),BREVES,16012.04,1,"INCRA, 2024",63,Brasil,,PA0572000,PAE ILHA ARANAI (PA0572000),LEVEL_2
PA0573000,PA,PAE ILHA QUANGUERA (PA0573000),CAMETA,128.83,1,"INCRA, 2024",63,Brasil,,PA0573000,PAE ILHA QUANGUERA (PA0573000),LEVEL_2
PA0574000,PA,PAE ILHA BITUBA (PA0574000),CAMETA,143.1,1,"INCRA, 2024",63,Brasil,,PA0574000,PAE ILHA BITUBA (PA0574000),LEVEL_2
PA0576000,PA,PAE ILHA CAPITEUA (PA0576000),CAMETA,139.44,1,"INCRA, 2024",63,Brasil,,PA0576000,PAE ILHA CAPITEUA (PA0576000),LEVEL_2
PA0579000,PA,PA ESTRELA DE DAVI (PA0579000),ACARA,1539.45,1,"INCRA, 2024",63,Brasil,,PA0579000,PA ESTRELA DE DAVI (PA0579000),LEVEL_2
PA0580000,PA,PAE ILHA SOROROCA (PA0580000),ANANINDEUA,572.96,1,"INCRA, 2024",63,Brasil,,PA0580000,PAE ILHA SOROROCA (PA0580000),LEVEL_2
PA0581000,PA,PA FE EM DEUS II (PA0581000),VISEU,1072.15,1,"INCRA, 2024",63,Brasil,,PA0581000,PA FE EM DEUS II (PA0581000),LEVEL_2
PA0582000,PA,PAE ILHA PURURE (PA0582000),BREVES,15358.57,1,"INCRA, 2024",63,Brasil,,PA0582000,PAE ILHA PURURE (PA0582000),LEVEL_2
PA0583000,PA,PAE ILHA MUTUTI (PA0583000),BREVES,50091.94,1,"INCRA, 2024",63,Brasil,,PA0583000,PAE ILHA MUTUTI (PA0583000),LEVEL_2
PA0585000,PA,PA PAIXAO (PA0585000),GARRAFAO DO NORTE,2149.76,1,"INCRA, 2024",63,Brasil,,PA0585000,PA PAIXAO (PA0585000),LEVEL_2
PA0586000,PA,PA GALILEIA (PA0586000),GARRAFAO DO NORTE,3039.14,1,"INCRA, 2024",63,Brasil,,PA0586000,PA GALILEIA (PA0586000),LEVEL_2
PA0587000,PA,PA ALTO ALEGRE (PA0587000),GARRAFAO DO NORTE,1682.65,1,"INCRA, 2024",63,Brasil,,PA0587000,PA ALTO ALEGRE (PA0587000),LEVEL_2
PA0588000,PA,PA JERICO (PA0588000),GARRAFAO DO NORTE,2959.59,1,"INCRA, 2024",63,Brasil,,PA0588000,PA JERICO (PA0588000),LEVEL_2
PA0589000,PA,PA MACARANDUBA (PA0589000),GARRAFAO DO NORTE,1264.07,1,"INCRA, 2024",63,Brasil,,PA0589000,PA MACARANDUBA (PA0589000),LEVEL_2
PA0590000,PA,PAE ILHA MARAJOZINHO (PA0590000),AFUA,1809.19,1,"INCRA, 2024",63,Brasil,,PA0590000,PAE ILHA MARAJOZINHO (PA0590000),LEVEL_2
PA0591000,PA,PAE ILHA ARARAMA I (PA0591000),AFUA,9400.07,1,"INCRA, 2024",63,Brasil,,PA0591000,PAE ILHA ARARAMA I (PA0591000),LEVEL_2
PA0592000,PA,PAE ILHA CAJUUNA (PA0592000),AFUA,3514.51,1,"INCRA, 2024",63,Brasil,,PA0592000,PAE ILHA CAJUUNA (PA0592000),LEVEL_2
PA0593000,PA,PAE ILHA JURARA (PA0593000),AFUA,2661.7,1,"INCRA, 2024",63,Brasil,,PA0593000,PAE ILHA JURARA (PA0593000),LEVEL_2
PA0596000,PA,PA BERAJUBA (PA0596000),AURORA DO PARA,4062.12,1,"INCRA, 2024",63,Brasil,,PA0596000,PA BERAJUBA (PA0596000),LEVEL_2
PA0597000,PA,PAE ILHA QUATI (PA0597000),MUANA,427.96,1,"INCRA, 2024",63,Brasil,,PA0597000,PAE ILHA QUATI (PA0597000),LEVEL_2
PA0598000,PA,PAE ILHA PERIQUITÃO (PA0598000),MUANA,132.41,1,"INCRA, 2024",63,Brasil,,PA0598000,PAE ILHA PERIQUITÃO (PA0598000),LEVEL_2
PA0599000,PA,PAE ILHA PROVIDENCIA (PA0599000),MUANA,522.99,1,"INCRA, 2024",63,Brasil,,PA0599000,PAE ILHA PROVIDENCIA (PA0599000),LEVEL_2
PA0650000,PA,PAE ILHA SANTA LUZIA (PA0650000),MUANA,2166.73,1,"INCRA, 2024",63,Brasil,,PA0650000,PAE ILHA SANTA LUZIA (PA0650000),LEVEL_2
PA0651000,PA,PAE ILHA BUIUSSU DO ATATA (PA0651000),MUANA,768.4,1,"INCRA, 2024",63,Brasil,,PA0651000,PAE ILHA BUIUSSU DO ATATA (PA0651000),LEVEL_2
PA0652000,PA,PAE ILHA CIPOTEUA (PA0652000),MUANA,174.43,1,"INCRA, 2024",63,Brasil,,PA0652000,PAE ILHA CIPOTEUA (PA0652000),LEVEL_2
PA0653000,PA,PAE ILHA BOM SUCESSO (PA0653000),MUANA,771.13,1,"INCRA, 2024",63,Brasil,,PA0653000,PAE ILHA BOM SUCESSO (PA0653000),LEVEL_2
PA0655000,PA,PAE ILHA CAMALEOES (PA0655000),CHAVES,4144.4,1,"INCRA, 2024",63,Brasil,,PA0655000,PAE ILHA CAMALEOES (PA0655000),LEVEL_2
PA0656000,PA,PAE ILHA POAMPE (PA0656000),CHAVES,666.66,1,"INCRA, 2024",63,Brasil,,PA0656000,PAE ILHA POAMPE (PA0656000),LEVEL_2
PA0657000,PA,PAE ILHA CRAJURU (PA0657000),CURRALINHO,247.07,1,"INCRA, 2024",63,Brasil,,PA0657000,PAE ILHA CRAJURU (PA0657000),LEVEL_2
PA0658000,PA,PAE ILHA ITABOCA II (PA0658000),CURRALINHO,397.72,1,"INCRA, 2024",63,Brasil,,PA0658000,PAE ILHA ITABOCA II (PA0658000),LEVEL_2
PA0659000,PA,PAE ILHA AZEITE (PA0659000),CURRALINHO,198.81,1,"INCRA, 2024",63,Brasil,,PA0659000,PAE ILHA AZEITE (PA0659000),LEVEL_2
PA0660000,PA,PAE ILHA SANTA CRUZ (PA0660000),CURRALINHO,375.44,1,"INCRA, 2024",63,Brasil,,PA0660000,PAE ILHA SANTA CRUZ (PA0660000),LEVEL_2
PA0661000,PA,PAE ILHA JACAREZINHO (PA0661000),BREVES,32461.8,1,"INCRA, 2024",63,Brasil,,PA0661000,PAE ILHA JACAREZINHO (PA0661000),LEVEL_2
PA0663000,PA,PAE ILHA ARAJAPANEMA II (PA0663000),CAMETA,72.64,1,"INCRA, 2024",63,Brasil,,PA0663000,PAE ILHA ARAJAPANEMA II (PA0663000),LEVEL_2
PA0664000,PA,PAE ILHA ITAPUPANA (PA0664000),CAMETA,163.35,1,"INCRA, 2024",63,Brasil,,PA0664000,PAE ILHA ITAPUPANA (PA0664000),LEVEL_2
PA0665000,PA,PAE ILHA ARICURA (PA0665000),CAMETA,393.85,1,"INCRA, 2024",63,Brasil,,PA0665000,PAE ILHA ARICURA (PA0665000),LEVEL_2
PA0666000,PA,PAE ILHA GRANDE DE GURUPA (PA0666000),GURUPA,299014.2,1,"INCRA, 2024",63,Brasil,,PA0666000,PAE ILHA GRANDE DE GURUPA (PA0666000),LEVEL_2
PA0667000,PA,PAE ILHA SANTA BARBARA (PA0667000),GURUPA,1281.54,1,"INCRA, 2024",63,Brasil,,PA0667000,PAE ILHA SANTA BARBARA (PA0667000),LEVEL_2
PA0668000,PA,PAE ILHA GURUPAI (PA0668000),GURUPA,6703.49,1,"INCRA, 2024",63,Brasil,,PA0668000,PAE ILHA GURUPAI (PA0668000),LEVEL_2
PA0669000,PA,PAE ILHA DO CORRE (PA0669000),BREVES,21304.13,1,"INCRA, 2024",63,Brasil,,PA0669000,PAE ILHA DO CORRE (PA0669000),LEVEL_2
PA0670000,PA,PA SANTA LUZIA (PA0670000),ACARA,738.6,1,"INCRA, 2024",63,Brasil,,PA0670000,PA SANTA LUZIA (PA0670000),LEVEL_2
PA0672000,PA,PA ICUI (PA0672000),ACARA,725.62,1,"INCRA, 2024",63,Brasil,,PA0672000,PA ICUI (PA0672000),LEVEL_2
PA0679000,PA,PAE ILHA GUARIBAS (PA0679000),BREVES,13567.82,1,"INCRA, 2024",63,Brasil,,PA0679000,PAE ILHA GUARIBAS (PA0679000),LEVEL_2
PA0680000,PA,PAE ILHA NAZARE (PA0680000),BREVES,12126.57,1,"INCRA, 2024",63,Brasil,,PA0680000,PAE ILHA NAZARE (PA0680000),LEVEL_2
PA0715000,PA,PA SAO BENEDITO (PA0715000),AURORA DO PARA,1309.97,1,"INCRA, 2024",63,Brasil,,PA0715000,PA SAO BENEDITO (PA0715000),LEVEL_2
PA0520000,PA,PAE BAIXO ANAJÁS II (PA0520000),ANAJAS,103934.37,1,"INCRA, 2024",63,Brasil,,PA0520000,PAE BAIXO ANAJÁS II (PA0520000),LEVEL_2
PA0525000,PA,PAE ILHA CHARAPUCU (PA0525000),AFUA,201924.7,1,"INCRA, 2024",63,Brasil,,PA0525000,PAE ILHA CHARAPUCU (PA0525000),LEVEL_2
PA0526000,PA,PAE ILHA DO PARÁ (PA0526000),AFUA,43567.92,1,"INCRA, 2024",63,Brasil,,PA0526000,PAE ILHA DO PARÁ (PA0526000),LEVEL_2
SM0001000,PA,PIC MONTE ALEGRE (SM0001000),MONTE ALEGRE,416515.93,1,"INCRA, 2024",63,Brasil,,SM0001000,PIC MONTE ALEGRE (SM0001000),LEVEL_2
SM0002000,PA,PIC ITAITUBA (SM0002000),AVEIRO,15917.69,1,"INCRA, 2024",63,Brasil,,SM0002000,PIC ITAITUBA (SM0002000),LEVEL_2
SM0004000,PA,PA NOVO HORIZONTE (SM0004000),ALENQUER,11022.05,1,"INCRA, 2024",63,Brasil,,SM0004000,PA NOVO HORIZONTE (SM0004000),LEVEL_2
SM0005000,PA,PA ITUQUI (SM0005000),SANTAREM,16113.84,1,"INCRA, 2024",63,Brasil,,SM0005000,PA ITUQUI (SM0005000),LEVEL_2
SM0011000,PA,PA RIO CUPARI (SM0011000),AVEIRO,36721.93,1,"INCRA, 2024",63,Brasil,,SM0011000,PA RIO CUPARI (SM0011000),LEVEL_2
SM0012000,PA,PA TAPAJÓS (SM0012000),AVEIRO,22412.26,1,"INCRA, 2024",63,Brasil,,SM0012000,PA TAPAJÓS (SM0012000),LEVEL_2
SM0013000,PA,PA CAMPO VERDE (SM0013000),RUROPOLIS,24427.11,1,"INCRA, 2024",63,Brasil,,SM0013000,PA CAMPO VERDE (SM0013000),LEVEL_2
SM0016000,PA,PA MOJU I E II (SM0016000),PLACAS,134927.43,1,"INCRA, 2024",63,Brasil,,SM0016000,PA MOJU I E II (SM0016000),LEVEL_2
SM0017000,PA,PAQ ESPECIAL QUILOMBOLA PACOVAL (SM0017000),ALENQUER,7561.4,1,"INCRA, 2024",63,Brasil,,SM0017000,PAQ ESPECIAL QUILOMBOLA PACOVAL (SM0017000),LEVEL_2
SM0018000,PA,PAQ ESPECIAL QUILOMBOLA ÁGUA FRIA (SM0018000),ORIXIMINA,527.87,1,"INCRA, 2024",63,Brasil,,SM0018000,PAQ ESPECIAL QUILOMBOLA ÁGUA FRIA (SM0018000),LEVEL_2
SM0031000,PA,PA TAPERA VELHA (SM0031000),SANTAREM,12638.46,1,"INCRA, 2024",63,Brasil,,SM0031000,PA TAPERA VELHA (SM0031000),LEVEL_2
SM0032000,PA,PA CORTA CORDA (SM0032000),SANTAREM,78294.3,1,"INCRA, 2024",63,Brasil,,SM0032000,PA CORTA CORDA (SM0032000),LEVEL_2
SM0033000,PA,PA CRUZEIRÃO (SM0033000),OBIDOS,44403.09,1,"INCRA, 2024",63,Brasil,,SM0033000,PA CRUZEIRÃO (SM0033000),LEVEL_2
SM0034000,PA,PA SOCÓ I (SM0034000),JURUTI,23587.42,1,"INCRA, 2024",63,Brasil,,SM0034000,PA SOCÓ I (SM0034000),LEVEL_2
SM0035000,PA,PA PARAÍSO (SM0035000),RUROPOLIS,129210.59,1,"INCRA, 2024",63,Brasil,,SM0035000,PA PARAÍSO (SM0035000),LEVEL_2
SM0038000,PA,PA JACARÉ (SM0038000),JACAREACANGA,27349.9,1,"INCRA, 2024",63,Brasil,,SM0038000,PA JACARÉ (SM0038000),LEVEL_2
SM0025000,PA,PA CRISTALINO II (SM0025000),AVEIRO,6218.58,1,"INCRA, 2024",63,Brasil,,SM0025000,PA CRISTALINO II (SM0025000),LEVEL_2
SM0029000,PA,PA RIO BONITO (SM0029000),TRAIRAO,8577.24,1,"INCRA, 2024",63,Brasil,,SM0029000,PA RIO BONITO (SM0029000),LEVEL_2
SM0030000,PA,PA BUERU (SM0030000),SANTAREM,2994.79,1,"INCRA, 2024",63,Brasil,,SM0030000,PA BUERU (SM0030000),LEVEL_2
SM0043000,PA,PA NOVA ESPERANÇA (SM0043000),JURUTI,4524.3,1,"INCRA, 2024",63,Brasil,,SM0043000,PA NOVA ESPERANÇA (SM0043000),LEVEL_2
SM0047000,PA,PA AREIA (SM0047000),TRAIRAO,19950.56,1,"INCRA, 2024",63,Brasil,,SM0047000,PA AREIA (SM0047000),LEVEL_2
SM0052000,PA,PA CAMPOS DE PILAR (SM0052000),ALENQUER,3642.41,1,"INCRA, 2024",63,Brasil,,SM0052000,PA CAMPOS DE PILAR (SM0052000),LEVEL_2
SM0053000,PA,PA YPIRANGA (SM0053000),ITAITUBA,42178.79,1,"INCRA, 2024",63,Brasil,,SM0053000,PA YPIRANGA (SM0053000),LEVEL_2
SM0055000,PA,PA CAMPOS DO POPÓ (SM0055000),MONTE ALEGRE,8072.17,1,"INCRA, 2024",63,Brasil,,SM0055000,PA CAMPOS DO POPÓ (SM0055000),LEVEL_2
SM0056000,PA,PAQ ESPECIAL QUILOMBOLA EREPECURÚ (SM0056000),ORIXIMINA,149982.5,1,"INCRA, 2024",63,Brasil,,SM0056000,PAQ ESPECIAL QUILOMBOLA EREPECURÚ (SM0056000),LEVEL_2
SM0057000,PA,PA SÃO BENEDITO (SM0057000),ITAITUBA,10601.7,1,"INCRA, 2024",63,Brasil,,SM0057000,PA SÃO BENEDITO (SM0057000),LEVEL_2
SM0063000,PA,PAQ ESPECIAL QUILOMBOLA ÁREA DAS CABECEIRAS (SM0063000),OBIDOS,17482.38,1,"INCRA, 2024",63,Brasil,,SM0063000,PAQ ESPECIAL QUILOMBOLA ÁREA DAS CABECEIRAS (SM0063000),LEVEL_2
SM0065000,PA,PA ÁREA CUMINÁ E TROMBETAS (SM0065000),ORIXIMINA,25910.31,1,"INCRA, 2024",63,Brasil,,SM0065000,PA ÁREA CUMINÁ E TROMBETAS (SM0065000),LEVEL_2
SM0073000,PA,PDS CUPARI (SM0073000),RUROPOLIS,24007.54,1,"INCRA, 2024",63,Brasil,,SM0073000,PDS CUPARI (SM0073000),LEVEL_2
SM0074000,PA,PDS DIVINÓPOLIS (SM0074000),RUROPOLIS,29484.73,1,"INCRA, 2024",63,Brasil,,SM0074000,PDS DIVINÓPOLIS (SM0074000),LEVEL_2
SM0075000,PA,PDS NOVO MUNDO (SM0075000),RUROPOLIS,25354.52,1,"INCRA, 2024",63,Brasil,,SM0075000,PDS NOVO MUNDO (SM0075000),LEVEL_2
SM0099000,PA,PDS SERRA AZUL (SM0099000),MONTE ALEGRE,78787.76,1,"INCRA, 2024",63,Brasil,,SM0099000,PDS SERRA AZUL (SM0099000),LEVEL_2
SM0039000,PA,PA MIRITITUBA (SM0039000),ITAITUBA,25297.99,1,"INCRA, 2024",63,Brasil,,SM0039000,PA MIRITITUBA (SM0039000),LEVEL_2
SM0042000,PA,PAQ  ESPECIAL QUILOMBOLA ÁREA TROMBETAS (SM0042000),ORIXIMINA,96791.37,1,"INCRA, 2024",63,Brasil,,SM0042000,PAQ  ESPECIAL QUILOMBOLA ÁREA TROMBETAS (SM0042000),LEVEL_2
SM0105000,PA,PA MARIPÁ (SM0105000),MONTE ALEGRE,7057.68,1,"INCRA, 2024",63,Brasil,,SM0105000,PA MARIPÁ (SM0105000),LEVEL_2
SM0106000,PA,PA BAIXÃO (SM0106000),MONTE ALEGRE,12066.66,1,"INCRA, 2024",63,Brasil,,SM0106000,PA BAIXÃO (SM0106000),LEVEL_2
SM0107000,PA,PA MORIÇOCA (SM0107000),MONTE ALEGRE,885.47,1,"INCRA, 2024",63,Brasil,,SM0107000,PA MORIÇOCA (SM0107000),LEVEL_2
SM0108000,PA,PA VAI QUEM QUER (SM0108000),MONTE ALEGRE,2053.55,1,"INCRA, 2024",63,Brasil,,SM0108000,PA VAI QUEM QUER (SM0108000),LEVEL_2
SM0109000,PA,PA MIRITI (SM0109000),ALENQUER,12664.25,1,"INCRA, 2024",63,Brasil,,SM0109000,PA MIRITI (SM0109000),LEVEL_2
SM0110000,PA,PA TERRA PRETA E OLHO D'ÁGUA (SM0110000),MONTE ALEGRE,3470.7,1,"INCRA, 2024",63,Brasil,,SM0110000,PA TERRA PRETA E OLHO D'ÁGUA (SM0110000),LEVEL_2
SM0111000,PA,PA CURUMU (SM0111000),ALENQUER,1682.99,1,"INCRA, 2024",63,Brasil,,SM0111000,PA CURUMU (SM0111000),LEVEL_2
SM0112000,PA,PA CAMBURÃO I (SM0112000),ALENQUER,12912.16,1,"INCRA, 2024",63,Brasil,,SM0112000,PA CAMBURÃO I (SM0112000),LEVEL_2
SM0113000,PA,PAE JURUTI VELHO (SM0113000),JURUTI,95955.95,1,"INCRA, 2024",63,Brasil,,SM0113000,PAE JURUTI VELHO (SM0113000),LEVEL_2
SM0114000,PA,PA URUCURITUBA (SM0114000),AVEIRO,15213.96,1,"INCRA, 2024",63,Brasil,,SM0114000,PA URUCURITUBA (SM0114000),LEVEL_2
SM0115000,PA,PA SANTA CRUZ (SM0115000),AVEIRO,21959.94,1,"INCRA, 2024",63,Brasil,,SM0115000,PA SANTA CRUZ (SM0115000),LEVEL_2
SM0116000,PA,PA DANIEL DE CARVALHO (SM0116000),AVEIRO,20224.88,1,"INCRA, 2024",63,Brasil,,SM0116000,PA DANIEL DE CARVALHO (SM0116000),LEVEL_2
SM0117000,PA,PA BRASÍLIA LEGAL (SM0117000),AVEIRO,26304.91,1,"INCRA, 2024",63,Brasil,,SM0117000,PA BRASÍLIA LEGAL (SM0117000),LEVEL_2
SM0119000,PA,PA CAMBURÃO II (SM0119000),ALENQUER,3953.8,1,"INCRA, 2024",63,Brasil,,SM0119000,PA CAMBURÃO II (SM0119000),LEVEL_2
SM0120000,PA,PA PORÃO (SM0120000),ALENQUER,2789.75,1,"INCRA, 2024",63,Brasil,,SM0120000,PA PORÃO (SM0120000),LEVEL_2
SM0121000,PA,PAE MISSIONÁRIO RUFINO (SM0121000),ALENQUER,6221.26,1,"INCRA, 2024",63,Brasil,,SM0121000,PAE MISSIONÁRIO RUFINO (SM0121000),LEVEL_2
SM0122000,PA,PAE VALE DO SALGADO (SM0122000),CURUA,18616.96,1,"INCRA, 2024",63,Brasil,,SM0122000,PAE VALE DO SALGADO (SM0122000),LEVEL_2
SM0123000,PA,PDS MALOCA (SM0123000),CURUA,31718.12,1,"INCRA, 2024",63,Brasil,,SM0123000,PDS MALOCA (SM0123000),LEVEL_2
SM0125000,PA,PDS VALE DO JAMANXIM (SM0125000),NOVO PROGRESSO,88929.62,1,"INCRA, 2024",63,Brasil,,SM0125000,PDS VALE DO JAMANXIM (SM0125000),LEVEL_2
SM0131000,PA,PA JAMARY (SM0131000),TERRA SANTA,31915.42,1,"INCRA, 2024",63,Brasil,,SM0131000,PA JAMARY (SM0131000),LEVEL_2
SM0135000,PA,PA CRISTO REI (SM0135000),MONTE ALEGRE,7597.07,1,"INCRA, 2024",63,Brasil,,SM0135000,PA CRISTO REI (SM0135000),LEVEL_2
SM0136000,PA,PA REPARTIMENTO (SM0136000),OBIDOS,7713.56,1,"INCRA, 2024",63,Brasil,,SM0136000,PA REPARTIMENTO (SM0136000),LEVEL_2
SM0137000,PA,PA MAMURU (SM0137000),OBIDOS,21525.22,1,"INCRA, 2024",63,Brasil,,SM0137000,PA MAMURU (SM0137000),LEVEL_2
SM0139000,PA,PA CIPOAL (SM0139000),OBIDOS,30675.79,1,"INCRA, 2024",63,Brasil,,SM0139000,PA CIPOAL (SM0139000),LEVEL_2
SM0140000,PA,PA VALE DO AÇAÍ (SM0140000),OBIDOS,19003.18,1,"INCRA, 2024",63,Brasil,,SM0140000,PA VALE DO AÇAÍ (SM0140000),LEVEL_2
SM0141000,PA,PAE EIXO FORTE (SM0141000),SANTAREM,11860.93,1,"INCRA, 2024",63,Brasil,,SM0141000,PAE EIXO FORTE (SM0141000),LEVEL_2
SM0104000,PA,PAE LAGO GRANDE (SM0104000),SANTAREM,282218.39,1,"INCRA, 2024",63,Brasil,,SM0104000,PAE LAGO GRANDE (SM0104000),LEVEL_2
SM0147000,PA,PA VIRA VOLTA (SM0147000),TERRA SANTA,7873.93,1,"INCRA, 2024",63,Brasil,,SM0147000,PA VIRA VOLTA (SM0147000),LEVEL_2
SM0148000,PA,PA ACOMEC (SM0148000),ORIXIMINA,16521.89,1,"INCRA, 2024",63,Brasil,,SM0148000,PA ACOMEC (SM0148000),LEVEL_2
SM0150000,PA,PDS NELSON DE OLIVEIRA (SM0150000),NOVO PROGRESSO,4661.57,1,"INCRA, 2024",63,Brasil,,SM0150000,PDS NELSON DE OLIVEIRA (SM0150000),LEVEL_2
SM0151000,PA,PDS TERRA NOSSA (SM0151000),ALTAMIRA,149792.84,1,"INCRA, 2024",63,Brasil,,SM0151000,PDS TERRA NOSSA (SM0151000),LEVEL_2
SM0153000,PA,PAE REGIÃO DO CUÇARI (SM0153000),PRAINHA,29280.5,1,"INCRA, 2024",63,Brasil,,SM0153000,PAE REGIÃO DO CUÇARI (SM0153000),LEVEL_2
SM0155000,PA,PDS ESPERANÇA DO TRAIRÃO (SM0155000),TRAIRAO,21317.59,1,"INCRA, 2024",63,Brasil,,SM0155000,PDS ESPERANÇA DO TRAIRÃO (SM0155000),LEVEL_2
SM0156000,PA,PDS NOVA UNIÃO (SM0156000),ITAITUBA,11682.67,1,"INCRA, 2024",63,Brasil,,SM0156000,PDS NOVA UNIÃO (SM0156000),LEVEL_2
SM0157000,PA,PA ARIXI (SM0157000),ITAITUBA,5755.64,1,"INCRA, 2024",63,Brasil,,SM0157000,PA ARIXI (SM0157000),LEVEL_2
SM0162000,PA,PAE CUÇARU (SM0162000),MONTE ALEGRE,1269.55,1,"INCRA, 2024",63,Brasil,,SM0162000,PAE CUÇARU (SM0162000),LEVEL_2
SM0163000,PA,PAE ILHAS REUNIDAS (SM0163000),PRAINHA,2782.91,1,"INCRA, 2024",63,Brasil,,SM0163000,PAE ILHAS REUNIDAS (SM0163000),LEVEL_2
SM0164000,PA,PAE PACOVAL/PRACOBAL (SM0164000),PRAINHA,2564.18,1,"INCRA, 2024",63,Brasil,,SM0164000,PAE PACOVAL/PRACOBAL (SM0164000),LEVEL_2
SM0165000,PA,PAE NAZARÉ (SM0165000),MONTE ALEGRE,4969.29,1,"INCRA, 2024",63,Brasil,,SM0165000,PAE NAZARÉ (SM0165000),LEVEL_2
SM0166000,PA,PAE CURRALINHO (SM0166000),MONTE ALEGRE,1123.63,1,"INCRA, 2024",63,Brasil,,SM0166000,PAE CURRALINHO (SM0166000),LEVEL_2
SM0167000,PA,PAE IGARAPE DO CUÇARI (SM0167000),PRAINHA,627.12,1,"INCRA, 2024",63,Brasil,,SM0167000,PAE IGARAPE DO CUÇARI (SM0167000),LEVEL_2
SM0168000,PA,PAE CUIEIRAS (SM0168000),MONTE ALEGRE,356.48,1,"INCRA, 2024",63,Brasil,,SM0168000,PAE CUIEIRAS (SM0168000),LEVEL_2
SM0169000,PA,PAE COSTA DO AMAZONAS (SM0169000),MONTE ALEGRE,1604.04,1,"INCRA, 2024",63,Brasil,,SM0169000,PAE COSTA DO AMAZONAS (SM0169000),LEVEL_2
SM0170000,PA,PAE ARITAPERA (SM0170000),SANTAREM,25221.98,1,"INCRA, 2024",63,Brasil,,SM0170000,PAE ARITAPERA (SM0170000),LEVEL_2
SM0173000,PA,PAE PIAPÓ (SM0173000),MONTE ALEGRE,444.82,1,"INCRA, 2024",63,Brasil,,SM0173000,PAE PIAPÓ (SM0173000),LEVEL_2
SM0174000,PA,PAE SÃO DIOGO (SM0174000),MONTE ALEGRE,788.3,1,"INCRA, 2024",63,Brasil,,SM0174000,PAE SÃO DIOGO (SM0174000),LEVEL_2
SM0175000,PA,PDS LIBERDADE I (SM0175000),PORTEL,447120.96,1,"INCRA, 2024",63,Brasil,,SM0175000,PDS LIBERDADE I (SM0175000),LEVEL_2
SM0143000,PA,PA ITAQUERA I (SM0143000),FARO,34360.22,1,"INCRA, 2024",63,Brasil,,SM0143000,PA ITAQUERA I (SM0143000),LEVEL_2
SM0144000,PA,PDS RENASCER II (SM0144000),SANTAREM,37388.27,1,"INCRA, 2024",63,Brasil,,SM0144000,PDS RENASCER II (SM0144000),LEVEL_2
SM0145000,PA,PA CURUÁ (SM0145000),PRAINHA,49886.01,1,"INCRA, 2024",63,Brasil,,SM0145000,PA CURUÁ (SM0145000),LEVEL_2
SM0146000,PA,PDS PARAÍSO (SM0146000),ALENQUER,266139.46,1,"INCRA, 2024",63,Brasil,,SM0146000,PDS PARAÍSO (SM0146000),LEVEL_2
SM0179000,PA,PAE SALVAÇÃO (SM0179000),ALENQUER,19072.41,1,"INCRA, 2024",63,Brasil,,SM0179000,PAE SALVAÇÃO (SM0179000),LEVEL_2
SM0180000,PA,PAE ATUMÃ (SM0180000),ALENQUER,32859.35,1,"INCRA, 2024",63,Brasil,,SM0180000,PAE ATUMÃ (SM0180000),LEVEL_2
SM0185000,PA,PAE MADALENA (SM0185000),CURUA,15768.34,1,"INCRA, 2024",63,Brasil,,SM0185000,PAE MADALENA (SM0185000),LEVEL_2
SM0187000,PA,PAC ARAIPACUPU (SM0187000),RUROPOLIS,22550.66,1,"INCRA, 2024",63,Brasil,,SM0187000,PAC ARAIPACUPU (SM0187000),LEVEL_2
SM0189000,PA,PA NOSSA SENHORA DE FATIMA (SM0189000),TRAIRAO,4240.4,1,"INCRA, 2024",63,Brasil,,SM0189000,PA NOSSA SENHORA DE FATIMA (SM0189000),LEVEL_2
SM0190000,PA,PA RIO CIGANO (SM0190000),TRAIRAO,2200.48,1,"INCRA, 2024",63,Brasil,,SM0190000,PA RIO CIGANO (SM0190000),LEVEL_2
SM0192000,PA,PDS BOA VISTA DO CARACOL (SM0192000),TRAIRAO,22751.97,1,"INCRA, 2024",63,Brasil,,SM0192000,PDS BOA VISTA DO CARACOL (SM0192000),LEVEL_2
SM0193000,PA,PAC NOVA ALTAMIRA (SM0193000),MONTE ALEGRE,2906.36,1,"INCRA, 2024",63,Brasil,,SM0193000,PAC NOVA ALTAMIRA (SM0193000),LEVEL_2
SM0194000,PA,PAC CAUÇU B E BALANÇA (SM0194000),MONTE ALEGRE,3615.42,1,"INCRA, 2024",63,Brasil,,SM0194000,PAC CAUÇU B E BALANÇA (SM0194000),LEVEL_2
SM0195000,PA,PAE PARANA DE BAIXO (SM0195000),OBIDOS,9709.7,1,"INCRA, 2024",63,Brasil,,SM0195000,PAE PARANA DE BAIXO (SM0195000),LEVEL_2
SM0196000,PA,PAE TRES ILHAS (SM0196000),OBIDOS,12689.93,1,"INCRA, 2024",63,Brasil,,SM0196000,PAE TRES ILHAS (SM0196000),LEVEL_2
SM0197000,PA,PAE MARIA TEREZA (SM0197000),OBIDOS,1523.25,1,"INCRA, 2024",63,Brasil,,SM0197000,PAE MARIA TEREZA (SM0197000),LEVEL_2
SM0198000,PA,PAE COSTA FRONTEIRA (SM0198000),OBIDOS,18018.62,1,"INCRA, 2024",63,Brasil,,SM0198000,PAE COSTA FRONTEIRA (SM0198000),LEVEL_2
SM0199000,PA,PAE PARU (SM0199000),OBIDOS,15390.7,1,"INCRA, 2024",63,Brasil,,SM0199000,PAE PARU (SM0199000),LEVEL_2
SM0200000,PA,PAE CACOAL GRANDE (SM0200000),OBIDOS,9729.6,1,"INCRA, 2024",63,Brasil,,SM0200000,PAE CACOAL GRANDE (SM0200000),LEVEL_2
SM0201000,PA,PAE SAO PEDRO (SM0201000),CURUA,10814.66,1,"INCRA, 2024",63,Brasil,,SM0201000,PAE SAO PEDRO (SM0201000),LEVEL_2
SM0203000,PA,PAE PAITUNA (SM0203000),MONTE ALEGRE,2825.28,1,"INCRA, 2024",63,Brasil,,SM0203000,PAE PAITUNA (SM0203000),LEVEL_2
SM0204000,PA,PAE REGIAO DOS LAGOS (SM0204000),MONTE ALEGRE,1257.71,1,"INCRA, 2024",63,Brasil,,SM0204000,PAE REGIAO DOS LAGOS (SM0204000),LEVEL_2
SM0205000,PA,PAE ACARA-AÇU (SM0205000),PRAINHA,2401.31,1,"INCRA, 2024",63,Brasil,,SM0205000,PAE ACARA-AÇU (SM0205000),LEVEL_2
SM0206000,PA,PAC BELA TERRA I (SM0206000),BELTERRA,10855.52,1,"INCRA, 2024",63,Brasil,,SM0206000,PAC BELA TERRA I (SM0206000),LEVEL_2
SM0207000,PA,PAC BELA TERRA II (SM0207000),BELTERRA,10993.45,1,"INCRA, 2024",63,Brasil,,SM0207000,PAC BELA TERRA II (SM0207000),LEVEL_2
SM0210000,PA,PAE PARANA DONA ROSA (SM0210000),JURUTI,22736.58,1,"INCRA, 2024",63,Brasil,,SM0210000,PAE PARANA DONA ROSA (SM0210000),LEVEL_2
SM0176000,PA,PAE URUCURITUBA (SM0176000),SANTAREM,36772.88,1,"INCRA, 2024",63,Brasil,,SM0176000,PAE URUCURITUBA (SM0176000),LEVEL_2
SM0214000,PA,PAE BALAIO (SM0214000),JURUTI,18582.74,1,"INCRA, 2024",63,Brasil,,SM0214000,PAE BALAIO (SM0214000),LEVEL_2
SM0218000,PA,PAC ANANIZAL (SM0218000),ORIXIMINA,2448.53,1,"INCRA, 2024",63,Brasil,,SM0218000,PAC ANANIZAL (SM0218000),LEVEL_2
SM0219000,PA,PAC ITAPECURU (SM0219000),ORIXIMINA,4900.18,1,"INCRA, 2024",63,Brasil,,SM0219000,PAC ITAPECURU (SM0219000),LEVEL_2
SM0220000,PA,PAC IRIPIXI (SM0220000),ORIXIMINA,2483.06,1,"INCRA, 2024",63,Brasil,,SM0220000,PAC IRIPIXI (SM0220000),LEVEL_2
SM0221000,PA,PAC MONTE MURIA (SM0221000),ORIXIMINA,4852.53,1,"INCRA, 2024",63,Brasil,,SM0221000,PAC MONTE MURIA (SM0221000),LEVEL_2
SM0222000,PA,PAE ARAMANAÍ (SM0222000),BELTERRA,3365.24,1,"INCRA, 2024",63,Brasil,,SM0222000,PAE ARAMANAÍ (SM0222000),LEVEL_2
SM0223000,PA,PAE PINDOBAL (SM0223000),BELTERRA,8225.91,1,"INCRA, 2024",63,Brasil,,SM0223000,PAE PINDOBAL (SM0223000),LEVEL_2
SM0224000,PA,PAE NHAMUNDA (SM0224000),ORIXIMINA,13177.26,1,"INCRA, 2024",63,Brasil,,SM0224000,PAE NHAMUNDA (SM0224000),LEVEL_2
SM0225000,PA,PAE CACHOERY (SM0225000),ORIXIMINA,38987.98,1,"INCRA, 2024",63,Brasil,,SM0225000,PAE CACHOERY (SM0225000),LEVEL_2
SM0226000,PA,PAE ITUQUI (SM0226000),SANTAREM,23092.14,1,"INCRA, 2024",63,Brasil,,SM0226000,PAE ITUQUI (SM0226000),LEVEL_2
SM0227000,PA,PAE CHICANTÃ (SM0227000),PRAINHA,7620.49,1,"INCRA, 2024",63,Brasil,,SM0227000,PAE CHICANTÃ (SM0227000),LEVEL_2
SM0228000,PA,PAE NOSSA SENHORA DO PERPÉTUO SOCORRO (SM0228000),PRAINHA,6523.4,1,"INCRA, 2024",63,Brasil,,SM0228000,PAE NOSSA SENHORA DO PERPÉTUO SOCORRO (SM0228000),LEVEL_2
SM0229000,PA,PAE ANEMA (SM0229000),PRAINHA,2975.83,1,"INCRA, 2024",63,Brasil,,SM0229000,PAE ANEMA (SM0229000),LEVEL_2
SM0230000,PA,PAE JACARECAPÁ (SM0230000),MONTE ALEGRE,1536.64,1,"INCRA, 2024",63,Brasil,,SM0230000,PAE JACARECAPÁ (SM0230000),LEVEL_2
SM0231000,PA,PAE JAQUARÁ (SM0231000),MONTE ALEGRE,1852.09,1,"INCRA, 2024",63,Brasil,,SM0231000,PAE JAQUARÁ (SM0231000),LEVEL_2
SM0232000,PA,PAE ALDEIA (SM0232000),MONTE ALEGRE,4395.63,1,"INCRA, 2024",63,Brasil,,SM0232000,PAE ALDEIA (SM0232000),LEVEL_2
SM0233000,PA,PAC BOM SOSSEGO (SM0233000),SANTAREM,88795.95,1,"INCRA, 2024",63,Brasil,,SM0233000,PAC BOM SOSSEGO (SM0233000),LEVEL_2
SM0241000,PA,PDS LARANJAL (SM0241000),JACAREACANGA,34347.82,1,"INCRA, 2024",63,Brasil,,SM0241000,PDS LARANJAL (SM0241000),LEVEL_2
SM0242000,PA,PDS PIMENTAL (SM0242000),TRAIRAO,3152.74,1,"INCRA, 2024",63,Brasil,,SM0242000,PDS PIMENTAL (SM0242000),LEVEL_2
SM0251000,PA,PAE CURUÁ II (SM0251000),PRAINHA,45522.02,1,"INCRA, 2024",63,Brasil,,SM0251000,PAE CURUÁ II (SM0251000),LEVEL_2
SM0253000,PA,PAE SAPUCUA TROMBETAS (SM0253000),ORIXIMINA,72766.97,1,"INCRA, 2024",63,Brasil,,SM0253000,PAE SAPUCUA TROMBETAS (SM0253000),LEVEL_2
SM0260000,PA,PAE MONTANHA E MANGABAL (SM0260000),ITAITUBA,54486.9,1,"INCRA, 2024",63,Brasil,,SM0260000,PAE MONTANHA E MANGABAL (SM0260000),LEVEL_2
SM0270000,PA,PA UNIVERSO (SM0270000),ITAITUBA,16356.73,1,"INCRA, 2024",63,Brasil,,SM0270000,PA UNIVERSO (SM0270000),LEVEL_2
SM0271000,PA,PDS MAMURU (SM0271000),ITAITUBA,10151.6,1,"INCRA, 2024",63,Brasil,,SM0271000,PDS MAMURU (SM0271000),LEVEL_2
SM0273000,PA,PDS COCALINO (SM0273000),ITAITUBA,4603.33,1,"INCRA, 2024",63,Brasil,,SM0273000,PDS COCALINO (SM0273000),LEVEL_2
SM0211000,PA,PAE SANTA RITA (SM0211000),JURUTI,12306.1,1,"INCRA, 2024",63,Brasil,,SM0211000,PAE SANTA RITA (SM0211000),LEVEL_2
SM0212000,PA,PAE VALHA-ME DEUS (SM0212000),JURUTI,4893.07,1,"INCRA, 2024",63,Brasil,,SM0212000,PAE VALHA-ME DEUS (SM0212000),LEVEL_2
SM0213000,PA,PAE SALÉ (SM0213000),JURUTI,33155.45,1,"INCRA, 2024",63,Brasil,,SM0213000,PAE SALÉ (SM0213000),LEVEL_2
