,Dataset,Nome,unit_id,Área_Total,Área sobreposta com CAR,CARs na interseção,Percentual sobreposto
,FPND,ÁREA DE PROTEÇÃO AMBIENTAL DAS REENTRÂNCIAS MARANHENSES,,7.331077530961262,0.0,0,0.0
,FPND,ÁREA DE PROTEÇÃO AMBIENTAL PAYTUNA,,89.07915282775016,0.0,0,0.0
,FPND,ÁREA DE PROTEÇÃO AMBIENTAL DO ARQUIPÉLAGO DO MARAJÓ,,41.843380691448225,0.0,0,0.0
,FPND,ÁREA DE PROTEÇÃO AMBIENTAL TRIUNFO DO XINGU,,559.5456931415248,0.0,0,0.0
,FPND,ÁREA DE PROTEÇÃO AMBIENTAL NHAMUNDÁ,,16.143204311266103,0.0,0,0.0
,FPND,ÁREA DE PROTEÇÃO AMBIENTAL DO IGARAPÉ GELADO,,147.46665144770313,0.0,0,0.0
,FPND,ÁREA DE PROTEÇÃO AMBIENTAL DE ALTER DO CHÃO,,135.13981388814932,0.0,0,0.0
,FPND,ÁREA DE PROTEÇÃO AMBIENTAL DO JUÁ,,0.9546292751841262,0.0,0,0.0
,FPND,PAE MONTANHA E MANGABAL / PF CACHIMBO - GLEBA DAMIÃO,,0.049800405432850615,0.0,0,0.0
,FPND,ESTACAO ECOLOGICA DO GRAO PARA,,41550.94690269073,0.0,0,0.0
,FPND,ESTAÇÃO ECOLÓGICA DA TERRA DO MEIO,,33860.600943445614,0.0,0,0.0
,FPND,ESTAÇÃO ECOLÓGICA DO JARI,,1634.9872563748154,0.0,0,0.0
,FPND,ESTAÇÃO ECOLÓGICA DA TERRA DO MEIO / FLORESTA ESTADUAL DE IRIRI,,8.29159022249098,0.0,0,0.0
,FPND,ESTAÇÃO ECOLÓGICA DO JARI / RESERVA DE DESENVOLVIMENTO SUSTENTÁVEL DO RIO IRATAPURU,,0.34270488544615346,0.0,0,0.0
,FPND,FLORESTA NACIONAL DE CAXIUANÃ,,3178.375009672743,0.0,0,0.0
,FPND,FLORESTA NACIONAL DE ITAITUBA II,,2435.789361114166,0.0,0,0.0
,FPND,FLORESTA NACIONAL DE SARACÁ-TAQUERA,,4407.858046883777,0.0,0,0.0
,FPND,FLORESTA NACIONAL DO CREPORI,,7443.958390889681,0.0,0,0.0
,FPND,FLORESTA NACIONAL ALTAMIRA,,7247.792131264534,0.0,0,0.0
,FPND,FLORESTA NACIONAL DE CARAJÁS,,3305.1153281519246,0.0,0,0.0
,FPND,FLORESTA NACIONAL DE ITACAIUNAS,,547.5492302884796,0.0,0,0.0
,FPND,FLORESTA NACIONAL DE PAU-ROSA,,0.00017934733381368321,0.0,0,0.0
,FPND,FLORESTA NACIONAL DE TAPAJÓS,,4930.6978885847575,0.0,0,0.0
,FPND,FLORESTA NACIONAL DE TAPIRAPÉ-AQUIRI,,1146.4680314239372,0.0,0,0.0
,FPND,FLORESTA NACIONAL DE ITAITUBA I,,18.126778251206755,0.0,0,0.0
,FPND,FLORESTA NACIONAL DE MULATA,,2155.972799475864,0.0,0,0.0
,FPND,FLORESTA NACIONAL DE URUPADI,,11.47929093216384,0.0,0,0.0
,FPND,FLORESTA NACIONAL DO JAMANXIM,,12300.484283508884,0.0,0,0.0
,FPND,FLORESTA NACIONAL DO TRAIRAO,,2582.2788353031215,0.0,0,0.0
,FPND,FLORESTA NACIONAL DO AMANA,,5437.695418194189,0.0,0,0.0
,FPND,FLORESTA NACIONAL DE ITACAIUNAS / FLORESTA NACIONAL DE TAPIRAPÉ-AQUIRI,,825.1877978183173,0.0,0,0.0
,FPND,FLORESTA NACIONAL DE CARAJÁS / ÁREA DE PROTEÇÃO AMBIENTAL DO IGARAPÉ GELADO,,22.204641423002126,0.0,0,0.0
,FPND,FLORESTA NACIONAL ALTAMIRA / FLORESTA ESTADUAL DE IRIRI,,22.034663181692718,0.0,0,0.0
,FPND,FLORESTA NACIONAL DE MULATA / FLORESTA ESTADUAL DO PARU,,3.017116333712242,0.0,0,0.0
,FPND,FLORESTA NACIONAL DE MULATA / PDS SERRA AZUL,,1.3836841824377204,0.0,0,0.0
,FPND,FLORESTA NACIONAL DO JAMANXIM / PDS VALE DO JAMANXIM,,894.6467757194347,0.0,0,0.0
,FPND,FLORESTA NACIONAL DE ITAITUBA I / PF CACHIMBO - GLEBA DAMIÃO,,2115.232197350335,0.0,0,0.0
,FPND,FLORESTA NACIONAL DE ITAITUBA I / FLORESTA NACIONAL DE ITAITUBA II / PF CACHIMBO - GLEBA DAMIÃO,,2.729081877243609,0.0,0,0.0
,FPND,AGRO INDUSTRIAL BUJARU,,24.28465133760168,0.0,0,0.0
,FPND,ALOÍSIO JOSÉ DE RESENDE,,23.41428740304928,0.0,0,0.0
,FPND,ARCA INDUSTRIA AGROPECUARIA LTDA,,19.68249163694325,0.0,0,0.0
,FPND,ÁREA PARA CONCESSÃO  FLORESTAL E/OU GESTÃO DIRETA,,1024.3540462110905,0.0,0,0.0
,FPND,ÁREA PARA GESTÃO FLORESTAL E PROTEÇÃO DA BIODIVERSIDADE,,1263.2093449237864,0.0,0,0.0
,FPND,ÁREA PARA IMPLANTAÇÃO DE CENTRO DE TREINAMENTO,,310.38333430978184,0.0,0,0.0
,FPND,BENEDITO RIBEIRO DE OLIVEIRA,,19.62211333316345,0.0,0,0.0
,FPND,CARMEN CECÍLIA PEIL,,19.873548859079207,0.0,0,0.0
,FPND,ELDER EURE PEREIRA DE OLIVEIRA,,4.007233312227576,0.0,0,0.0
,FPND,ELMO BALBINOT,,17.288975007285956,0.0,0,0.0
,FPND,EMAPA,,82.71073579856902,0.0,0,0.0
,FPND,EMELCINDO DA COSTA CUNHA,,23.5643355648939,0.0,0,0.0
,FPND,FRANCISCO DE SOUZA,,24.31630157171928,0.0,0,0.0
,FPND,FRANCISCO MOREIRA DE CAMPOS NETO,,7.17532611464337,0.0,0,0.0
,FPND,GILBERTO AVANCE,,45.32670995373366,0.0,0,0.0
,FPND,GLOBAL IND COM E NAV LTDA,,53.963295622563244,0.0,0,0.0
,FPND,JEFERSON AURÉLIO AZULAY,,24.489880627574134,0.0,0,0.0
,FPND,LILIAM INEDINA TEIXEIRA MAINARDI,,22.41193364974373,0.0,0,0.0
,FPND,LIMA FLORESTAL (FAZ PIQUIA),,21.67078994287606,0.0,0,0.0
,FPND,MADEIRAS FILTER,,25.227075860425213,0.0,0,0.0
,FPND,MARILEI DOS SANTOS DE ALMEIDA,,19.49709684059286,0.0,0,0.0
,FPND,PEDRO ADAMI,,19.146914833550095,0.0,0,0.0
,FPND,PROMAP,,25.062739651074835,0.0,0,0.0
,FPND,RAIMUNDO PEREIRA DA GAMA,,24.578123305306377,0.0,0,0.0
,FPND,RIVALDO SALVIANO CAMPOS,,18.45051216464607,0.0,0,0.0
,FPND,ROSENIL VAZ DE SOUZA,,24.336384409668366,0.0,0,0.0
,FPND,SERRARIA LIMA_CASTANHEIRA,,24.46302638954184,0.0,0,0.0
,FPND,SERRARIA OLIVEIRA (MACASA),,20.215391347355496,0.0,0,0.0
,FPND,SILMAR GONÇALVES DOS SANTOS,,24.663404215218783,0.0,0,0.0
,FPND,THIAGO JOSÉ DE OLIVEIRA SÁ,,13.912035082308917,0.0,0,0.0
,FPND,ULISSES VIEIRA COUTINHO DOS SANTOS,,20.0290888746193,0.0,0,0.0
,FPND,VITÓRIA RÉGIA EXPORTADORA,,12.477831321192014,0.0,0,0.0
,FPND,ÁREA PARA REGULARIZAÇÃO FUNDIÁRIA DE COMUNIDADES TRADICIONAIS,,1434.3306977393456,0.0,0,0.0
,FPND,ÁREA PARA REGULARIZAÇÃO FUNDIÁRIA DE PERMUTAS,,615.133300492866,0.0,0,0.0
,FPND,ÁREA PARA REGULARIZAÇÃO FUNDIÁRIA DE PERMUTAS E/OU COOPERATIVAS,,1247.778078805757,0.0,0,0.0
,FPND,GLEBA ACANGATÁ,,600.3068139702742,0.0,0,0.0
,FPND,GLEBA ACUTIPEREIRA,,668.3964599743048,0.0,0,0.0
,FPND,GLEBA ALTO CAMARAPI,,686.790874631702,0.0,0,0.0
,FPND,GLEBA JACARÉ-PURU,,654.5798090845681,0.0,0,0.0
,FPND,GLEBA JOANA PERES II,,2283.6949593804566,0.0,0,0.0
,FPND,Glebas Mamuru-Arapiuns / Amazonia Florestal Ltda/UMF-III,,858.5099577867148,0.0,0,0.0
,FPND,Glebas Mamuru-Arapiuns / LN Guerra Industria e Comercio de Madeiras Ltda/UMF-I,,458.2914976669523,0.0,0,0.0
,FPND,Glebas Mamuru-Arapiuns / Rondobel Indústria e Comercio de Madeiras Ltda/UMF-II,,198.66617932248036,0.0,0,0.0
,FPND,FLORESTA ESTADUAL DE IRIRI,,4384.3444189993015,0.0,0,0.0
,FPND,FLORESTA ESTADUAL DO PARU,,36015.83605832421,0.0,0,0.0
,FPND,FLORESTA ESTADUAL DO TROMBETAS,,15529.076994253286,0.0,0,0.0
,FPND,PAE ACARA-AÇU,,24.294004121989786,0.0,0,0.0
,FPND,PAE ALDEIA,,11.7751813427304,0.0,0,0.0
,FPND,PAE ANEMA,,29.545222820785842,0.0,0,0.0
,FPND,PAE ARAMANAÍ,,14.729468179249933,0.0,0,0.0
,FPND,PAE BAIXO ANAJÁS I,,163.70454604315339,0.0,0,0.0
,FPND,PAE BAIXO ANAJÁS II,,1035.451679112916,0.0,0,0.0
,FPND,PAE BALAIO,,73.54652710553019,0.0,0,0.0
,FPND,PAE CACHOERY,,120.51366764690425,0.0,0,0.0
,FPND,PAE CHICANTÃ,,76.04341890593989,0.0,0,0.0
,FPND,PAE COMPLEXO BATUQUE,,1.088127341056941,0.0,0,0.0
,FPND,PAE COMPLEXO MARACUJÁ,,8.25138790800668,0.0,0,0.0
,FPND,PAE COMUNIDADE CENTRAL,,314.87114477497516,0.0,0,0.0
,FPND,PAE COSTA DO AMAZONAS,,16.225991321959746,0.0,0,0.0
,FPND,PAE CUÇARU,,7.439385491677926,0.0,0,0.0
,FPND,PAE CUIEIRAS,,3.0319616699844514,0.0,0,0.0
,FPND,PAE CURRALINHO,,11.277446153976594,0.0,0,0.0
,FPND,PAE EIXO FORTE,,104.63800635591362,0.0,0,0.0
,FPND,PAE IGARAPE DO CUÇARI,,6.385045074101925,0.0,0,0.0
,FPND,PAE ILHA ACAJUI,,8.907036935974228,0.0,0,0.0
,FPND,PAE ILHA AJARAÍ,,4.210371191995716,0.0,0,0.0
,FPND,PAE ILHA ANAJAI,,14.227128852027501,0.0,0,0.0
,FPND,PAE ILHA ANGAPIJO,,9.642566669968907,0.0,0,0.0
,FPND,PAE ILHA ANUERÁ,,3.0582811019811786,0.0,0,0.0
,FPND,PAE ILHA ARAJAPANEMA II,,0.6504220430159052,0.0,0,0.0
,FPND,PAE ILHA ARANAI,,160.31116835996332,0.0,0,0.0
,FPND,PAE ILHA ARAPARI,,30.00753464998796,0.0,0,0.0
,FPND,PAE ILHA ARAPIRANGA,,37.84014841797906,0.0,0,0.0
,FPND,PAE ILHA ARARAIM,,8.2181811479812,0.0,0,0.0
,FPND,PAE ILHA ARARAMA I,,93.90518429039443,0.0,0,0.0
,FPND,PAE ILHA ARARAS,,0.7603680999699785,0.0,0,0.0
,FPND,PAE ILHA ARICURA,,3.786554529749375,0.0,0,0.0
,FPND,PAE ILHA ATATAZINHO,,21.00050847001427,0.0,0,0.0
,FPND,PAE ILHA ATURIÁ,,136.77735306599115,0.0,0,0.0
,FPND,PAE ILHA ATURIÁ GRANDE,,4.761418926017987,0.0,0,0.0
,FPND,PAE ILHA AZEITE,,0.5648140364800562,0.0,0,0.0
,FPND,PAE ILHA BACURI,,22.298302592191696,0.0,0,0.0
,FPND,PAE ILHA BAIANO,,39.68595232200864,0.0,0,0.0
,FPND,PAE ILHA BELA PATRIA,,4.0637694960031725,0.0,0,0.0
,FPND,PAE ILHA BIRIBATUBA,,3.0497949299987823,0.0,0,0.0
,FPND,PAE ILHA BITUBA,,1.293587783998012,0.0,0,0.0
,FPND,PAE ILHA BOA VISTA,,9.277476734439054,0.0,0,0.0
,FPND,PAE ILHA BOM SAMARITANO,,62.45257684866818,0.0,0,0.0
,FPND,PAE ILHA BOM SUCESSO,,7.6113583560025075,0.0,0,0.0
,FPND,PAE ILHA BUÇU,,5.091272741989735,0.0,0,0.0
,FPND,PAE ILHA BUIUSSU,,193.28529655798988,0.0,0,0.0
,FPND,PAE ILHA BUIUSSU DO ATATA,,7.854567126001599,0.0,0,0.0
,FPND,PAE ILHA CACOAL,,2.212683855725933,0.0,0,0.0
,FPND,PAE ILHA CAETÉ,,11.904008520003634,0.0,0,0.0
,FPND,PAE ILHA CAÍ GRANDE,,6.653773788005408,0.0,0,0.0
,FPND,PAE ILHA CAJUUBINHA,,20.919828338311355,0.0,0,0.0
,FPND,PAE ILHA CAJUUNA,,35.033377775970656,0.0,0,0.0
,FPND,PAE ILHA CALDEIRÃO,,82.35842224799805,0.0,0,0.0
,FPND,PAE ILHA CALHEIRA,,24.149247246023652,0.0,0,0.0
,FPND,PAE ILHA CAMALEOES,,38.36013863000951,0.0,0,0.0
,FPND,PAE ILHA CAMPUMPEMA,,1.5705597952868928,0.0,0,0.0
,FPND,PAE ILHA CANATICU,,15.636446184489753,0.0,0,0.0
,FPND,PAE ILHA CAPITEUA,,1.3354037040004256,0.0,0,0.0
,FPND,PAE ILHA CARARUÁ-GRANDE,,72.65239376997994,0.0,0,0.0
,FPND,PAE ILHA CARIÁ-GUAJARÁ,,41.419898640030496,0.0,0,0.0
,FPND,PAE ILHA CARIPETUBA,,38.41333399199994,0.0,0,0.0
,FPND,PAE ILHA CASTANHAL,,14.019648096002426,0.0,0,0.0
,FPND,PAE ILHA CHAVES,,10.07450052601718,0.0,0,0.0
,FPND,PAE ILHA CHIQUEIRO,,25.987302909969927,0.0,0,0.0
,FPND,PAE ILHA CIPOTEUA,,1.6842591660055504,0.0,0,0.0
,FPND,PAE ILHA COMPRIDA,,0.4301991112708311,0.0,0,0.0
,FPND,PAE ILHA COMPRIDA,,0.3921472380024498,0.0,0,0.0
,FPND,PAE ILHA CONCEIÇÃO,,48.640032167946615,0.0,0,0.0
,FPND,PAE ILHA CONCEICAO DE MOCAJUBA,,16.547604942012203,0.0,0,0.0
,FPND,PAE ILHA CONCEIÇÃO I,,132.64661660402206,0.0,0,0.0
,FPND,PAE ILHA COROA NOVA,,8.38273909200416,0.0,0,0.0
,FPND,PAE ILHA COROCA,,19.00489273981761,0.0,0,0.0
,FPND,PAE ILHA CRAJURU,,2.3627839620020428,0.0,0,0.0
,FPND,PAE ILHA CUPIJO MIRIM,,19.64743834872766,0.0,0,0.0
,FPND,PAE ILHA CURUPIRA,,9.820222836003683,0.0,0,0.0
,FPND,PAE ILHA CUXIPIARI,,37.723125335992606,0.0,0,0.0
,FPND,PAE ILHA DAMIÃO,,46.23819950306972,0.0,0,0.0
,FPND,PAE ILHA DAS CINZAS,,33.31640380181354,0.0,0,0.0
,FPND,PAE ILHA DAS ONÇAS,,80.21750863800325,0.0,0,0.0
,FPND,PAE ILHA DAS PRACUUBINHAS,,8.0832633119985,0.0,0,0.0
,FPND,PAE ILHA DE MELGAÇO,,141.8203530179909,0.0,0,0.0
,FPND,PAE ILHA DO BOI,,25.980354084021336,0.0,0,0.0
,FPND,PAE ILHA DO CABO DICO,,5.200609074005753,0.0,0,0.0
,FPND,PAE ILHA DO CARMO,,0.8218673160647221,0.0,0,0.0
,FPND,PAE ILHA DO CORRE,,212.41116715890067,0.0,0,0.0
,FPND,PAE ILHA DO CUMBU,,15.102557435998634,0.0,0,0.0
,FPND,PAE ILHA DO FURO GRANDE,,14.44545878678162,0.0,0,0.0
,FPND,PAE ILHA DO MUTUM,,52.44405100800323,0.0,0,0.0
,FPND,PAE ILHA DO PARÁ,,435.46441102176124,0.0,0,0.0
,FPND,PAE ILHA DO PAULO,,3.8948454780124218,0.0,0,0.0
,FPND,PAE ILHA DO TANGARAZINHO,,18.594678708021473,0.0,0,0.0
,FPND,PAE ILHA DO TELES,,37.72595406001406,0.0,0,0.0
,FPND,PAE ILHA DO TESO,,11.289683459977297,0.0,0,0.0
,FPND,PAE ILHA DOS CARÁS,,136.17594174595604,0.0,0,0.0
,FPND,PAE ILHA DOS MACACOS,,1296.025775123908,0.0,0,0.0
,FPND,PAE ILHA ENTRE-ILHAS,,0.11815645196572476,0.0,0,0.0
,FPND,PAE ILHA FURO MUANÁ,,22.85049396600965,0.0,0,0.0
,FPND,PAE ILHA GAMA,,1.3760512380045444,0.0,0,0.0
,FPND,PAE ILHA GOIABAL,,12.077348220352578,0.0,0,0.0
,FPND,PAE ILHA GRANDE BELÉM,,9.119498705978176,0.0,0,0.0
,FPND,PAE ILHA GRANDE CAMETÁ,,76.52916003912223,0.0,0,0.0
,FPND,PAE ILHA GRANDE DE GURUPA,,2983.048410248711,0.0,0,0.0
,FPND,PAE ILHA GRANDE DE VISEU,,14.926869078005216,0.0,0,0.0
,FPND,PAE ILHA GUAJARÁ,,4.85728807198927,0.0,0,0.0
,FPND,PAE ILHA GUARIBAS,,135.74849695196585,0.0,0,0.0
,FPND,PAE ILHA GURUPAI,,67.00189459220645,0.0,0,0.0
,FPND,PAE ILHA IOIÁS,,1.1947520029078789,0.0,0,0.0
,FPND,PAE ILHA ITABOCA,,24.019187436024403,0.0,0,0.0
,FPND,PAE ILHA ITABOCA II,,4.032469050005903,0.0,0,0.0
,FPND,PAE ILHA ITANDUBA,,9.784433327982164,0.0,0,0.0
,FPND,PAE ILHA ITAPERA,,58.1238828240026,0.0,0,0.0
,FPND,PAE ILHA ITAPUPANA,,1.6415823299932049,0.0,0,0.0
,FPND,PAE ILHA ITUQUARA,,294.7270288379708,0.0,0,0.0
,FPND,PAE ILHA JACARÉ XINGU,,9.459622019997072,0.0,0,0.0
,FPND,PAE ILHA JACAREUÁ,,13.478746871974261,0.0,0,0.0
,FPND,PAE ILHA JACAREZINHO,,325.6572194640558,0.0,0,0.0
,FPND,PAE ILHA JAITUBA,,9.827171658009757,0.0,0,0.0
,FPND,PAE ILHA JAPICHAUA,,494.7386823829768,0.0,0,0.0
,FPND,PAE ILHA JAPIIM SECO,,24.002092103966593,0.0,0,0.0
,FPND,PAE ILHA JARIMBU,,87.78250051799994,0.0,0,0.0
,FPND,PAE ILHA JEJUTEUA,,43.68705943202103,0.0,0,0.0
,FPND,PAE ILHA JOROCA,,23.53590608999829,0.0,0,0.0
,FPND,PAE ILHA JUPATITUBA,,0.11421655705387769,0.0,0,0.0
,FPND,PAE ILHA JUPATITUBA DE CURRALINHO,,112.16419508402018,0.0,0,0.0
,FPND,PAE ILHA JURARA,,26.43886282516136,0.0,0,0.0
,FPND,PAE ILHA JURUPARI,,44.238599118026265,0.0,0,0.0
,FPND,PAE ILHA JURUPARI I,,401.9285351339891,0.0,0,0.0
,FPND,PAE ILHA JUTUBA,,5.017418447996113,0.0,0,0.0
,FPND,PAE ILHA LARANJA,,16.070973669489778,0.0,0,0.0
,FPND,PAE ILHA LIMÃO,,421.44322556153463,0.0,0,0.0
,FPND,PAE ILHA LONGA,,1.8800560619993072,0.0,0,0.0
,FPND,PAE ILHA MACACAA,,71.5696689120203,0.0,0,0.0
,FPND,PAE ILHA MACHADO,,20.610144557996975,0.0,0,0.0
,FPND,PAE ILHA MACUJUBIM,,124.04342152199246,0.0,0,0.0
,FPND,PAE ILHA MAMANGAL,,25.919721000027028,0.0,0,0.0
,FPND,PAE ILHA MANOEL RAIMUNDO,,12.036589583982918,0.0,0,0.0
,FPND,PAE ILHA MAPEUÁ,,3.9958801200004554,0.0,0,0.0
,FPND,PAE ILHA MARACUJÁ I,,230.37005268000692,0.0,0,0.0
,FPND,PAE ILHA MARAJOZINHO,,18.05125622999073,0.0,0,0.0
,FPND,PAE ILHA MARIANA,,3.050163893991248,0.0,0,0.0
,FPND,PAE ILHA MARINTEUA,,4.736584662181115,0.0,0,0.0
,FPND,PAE ILHA MARITUBINHA,,45.31794180601439,0.0,0,0.0
,FPND,PAE ILHA MAUBA,,9.368303429986614,0.0,0,0.0
,FPND,PAE ILHA MIRITIAPINA,,191.23990260942105,0.0,0,0.0
,FPND,PAE ILHA MOCAJUBA,,0.41356053275981136,0.0,0,0.0
,FPND,PAE ILHA MOIRABA,,2.652297728758151,0.0,0,0.0
,FPND,PAE ILHA MOSSORO,,7.434809081998616,0.0,0,0.0
,FPND,PAE ILHA MUCURA,,4.662536573977438,0.0,0,0.0
,FPND,PAE ILHA MUJIRUM,,156.91977425996285,0.0,0,0.0
,FPND,PAE ILHA MURUJUCÁ MIRI,,23.142187555576264,0.0,0,0.0
,FPND,PAE ILHA MURUMURU,,17.230803282041943,0.0,0,0.0
,FPND,PAE ILHA MURUMURU I,,53.355515076014946,0.0,0,0.0
,FPND,PAE ILHA MURUTUCU,,8.726859515997939,0.0,0,0.0
,FPND,PAE ILHA MUTIRÃO,,17.316095460000884,0.0,0,0.0
,FPND,PAE ILHA MUTUNQUARA,,164.90483165398035,0.0,0,0.0
,FPND,PAE ILHA MUTUTI,,500.81826641395514,0.0,0,0.0
,FPND,PAE ILHA NAZARE,,121.30380232798308,0.0,0,0.0
,FPND,PAE ILHA NOSSA SENHORA DO LIVRAMENTO I,,21.70697637873448,0.0,0,0.0
,FPND,PAE ILHA NOVA,,2.6492230140011834,0.0,0,0.0
,FPND,PAE ILHA PACUÍ,,8.609836444288405,0.0,0,0.0
,FPND,PAE ILHA PALHETA,,4.244377373994085,0.0,0,0.0
,FPND,PAE ILHA PANACAUERA-MIRI,,42.84459163199064,0.0,0,0.0
,FPND,PAE ILHA PANACU,,51.77911638602586,0.0,0,0.0
,FPND,PAE ILHA PANEMA,,78.08280592197963,0.0,0,0.0
,FPND,PAE ILHA PAQUETÁ,,7.907943918008442,0.0,0,0.0
,FPND,PAE ILHA PAQUETÁ II,,8.04095543999399,0.0,0,0.0
,FPND,PAE ILHA PAQUETÁ III,,3.34367475599595,0.0,0,0.0
,FPND,PAE ILHA PARURU,,39.235754748015694,0.0,0,0.0
,FPND,PAE ILHA PAULISTA,,16.411887683987395,0.0,0,0.0
,FPND,PAE ILHA PEREIRA,,93.42316065595841,0.0,0,0.0
,FPND,PAE ILHA PERIQUITÃO,,1.2359064119965897,0.0,0,0.0
,FPND,PAE ILHA PINDOBAL GRANDE,,41.786218398010334,0.0,0,0.0
,FPND,PAE ILHA PIQUIARANA,,8.134979766009414,0.0,0,0.0
,FPND,PAE ILHA PIQUIARANA MIRIM,,5.900349300002611,0.0,0,0.0
,FPND,PAE ILHA PIRARUAIA,,5.892539562001123,0.0,0,0.0
,FPND,PAE ILHA POAMPE,,4.272108422806626,0.0,0,0.0
,FPND,PAE ILHA PRACAXI,,126.52943945999012,0.0,0,0.0
,FPND,PAE ILHA PRACUUBA,,49.47333736200674,0.0,0,0.0
,FPND,PAE ILHA PRACUUBA-GRANDE,,37.45972037288819,0.0,0,0.0
,FPND,PAE ILHA PRAIA GRANDE,,54.715885343990756,0.0,0,0.0
,FPND,PAE ILHA PROVIDENCIA,,5.095577321985838,0.0,0,0.0
,FPND,PAE ILHA PURURE,,154.6620337558119,0.0,0,0.0
,FPND,PAE ILHA QUANGUERA,,1.5322459979995384,0.0,0,0.0
,FPND,PAE ILHA QUATI,,4.3671808919896495,0.0,0,0.0
,FPND,PAE ILHA QUEIMADA,,871.9791395639635,0.0,0,0.0
,FPND,PAE ILHA RAQUEL,,17.445581518920093,0.0,0,0.0
,FPND,PAE ILHA RASA,,27.716268209998354,0.0,0,0.0
,FPND,PAE ILHA SACAJÓS GRANDE,,34.69079470199948,0.0,0,0.0
,FPND,PAE ILHA SAMANAJÓS,,25.62614864398675,0.0,0,0.0
,FPND,PAE ILHA SANTA APOLONIA,,18.040925237987818,0.0,0,0.0
,FPND,PAE ILHA SANTA BARBARA,,12.777346308002496,0.0,0,0.0
,FPND,PAE ILHA SANTA CATARINA,,3.9983398799963066,0.0,0,0.0
,FPND,PAE ILHA SANTA CRUZ,,1.4031498909883882,0.0,0,0.0
,FPND,PAE ILHA SANTA LUZIA,,21.073743356775598,0.0,0,0.0
,FPND,PAE ILHA SANTA MARIA,,11.806540529980378,0.0,0,0.0
,FPND,PAE ILHA SANTA MARIA I,,12.123911064002751,0.0,0,0.0
,FPND,PAE ILHA SANTA MARIA II,,9.135794616033156,0.0,0,0.0
,FPND,PAE ILHA SANTA MARIA III,,0.9588759419985627,0.0,0,0.0
,FPND,PAE ILHA SANTA ROSA,,4.534383078001791,0.0,0,0.0
,FPND,PAE ILHA SANTANA,,46.5994767660016,0.0,0,0.0
,FPND,PAE ILHA SANTANA DE CAMETÁ,,28.457876734738978,0.0,0,0.0
,FPND,PAE ILHA SANTARÉM,,43.39594683598645,0.0,0,0.0
,FPND,PAE ILHA SANTO AMARO,,46.68458446198744,0.0,0,0.0
,FPND,PAE ILHA SANTO AMARO II,,112.84843882199712,0.0,0,0.0
,FPND,PAE ILHA SANTO ANTÔNIO III,,14.38141729796261,0.0,0,0.0
,FPND,PAE ILHA SÃO JOÃO,,8.072501862003495,0.0,0,0.0
,FPND,PAE ILHA SÃO JOÃO I,,40.90052031598765,0.0,0,0.0
,FPND,PAE ILHA SÃO MATEUS,,17.470814363996443,0.0,0,0.0
,FPND,PAE ILHA SAO PEDRO E BARBOSA,,8.803296557991102,0.0,0,0.0
,FPND,PAE ILHA SÃO RAIMUNDO,,30.027950657996385,0.0,0,0.0
,FPND,PAE ILHA SÃO RAIMUNDO II,,68.73047847205105,0.0,0,0.0
,FPND,PAE ILHA SAPATEIRO,,2.8889266259965316,0.0,0,0.0
,FPND,PAE ILHA SARACÁ,,14.061894473998688,0.0,0,0.0
,FPND,PAE ILHA SETUBAL,,1.6976648580100366,0.0,0,0.0
,FPND,PAE ILHA SOBERANA,,2.906021957990601,0.0,0,0.0
,FPND,PAE ILHA SOROROCA,,5.713530528004752,0.0,0,0.0
,FPND,PAE ILHA SORVA,,14.49318662801489,0.0,0,0.0
,FPND,PAE ILHA SUMAUMA,,48.08185113000817,0.0,0,0.0
,FPND,PAE ILHA TABATINGA DO CARAPAJÓ,,5.181238464001654,0.0,0,0.0
,FPND,PAE ILHA TAQUARI,,67.678021122011,0.0,0,0.0
,FPND,PAE ILHA TATUOCA-JAPIIM,,220.8289511099887,0.0,0,0.0
,FPND,PAE ILHA TAUARE,,21.606531839984008,0.0,0,0.0
,FPND,PAE ILHA TERÊ,,44.89080448197097,0.0,0,0.0
,FPND,PAE ILHA TRACUATEUA,,9.612680586011987,0.0,0,0.0
,FPND,PAE ILHA TRAMBIOCA,,75.6719951460034,0.0,0,0.0
,FPND,PAE ILHA TUCUPI GRANDE,,15.705506106011713,0.0,0,0.0
,FPND,PAE ILHA TURUÇU,,19.921657733988994,0.0,0,0.0
,FPND,PAE ILHA UMARITUBA,,7.660828004886338,0.0,0,0.0
,FPND,PAE ILHA UMARITUBA JUACARA,,24.11567152199588,0.0,0,0.0
,FPND,PAE ILHA UNIÃO,,7.1020650479998855,0.0,0,0.0
,FPND,PAE ILHA URUÁ,,5.915107859986008,0.0,0,0.0
,FPND,PAE ILHA URUÁ I,,17.142620886003204,0.0,0,0.0
,FPND,PAE ILHA URUÁ II,,29.037097835999596,0.0,0,0.0
,FPND,PAE ILHA URUBUOCA,,3.5550911279906834,0.0,0,0.0
,FPND,PAE ILHA URUBUQUARA,,31.405908209984126,0.0,0,0.0
,FPND,PAE ILHA URUTAÍ PARTE,,311.06328170621276,0.0,0,0.0
,FPND,PAE ILHA VIÇOSA,,3.929958552004022,0.0,0,0.0
,FPND,PAE ILHA VITÓRIA,,20.07377627983274,0.0,0,0.0
,FPND,PAE ILHA XIPAIÁ,,12.50437444201978,0.0,0,0.0
,FPND,PAE ILHAS REUNIDAS,,11.937991127323569,0.0,0,0.0
,FPND,PAE JACARECAPÁ,,15.32947025799909,0.0,0,0.0
,FPND,PAE JAQUARÁ,,18.47039933399188,0.0,0,0.0
,FPND,PAE JOÃO PILATOS,,38.90239577400114,0.0,0,0.0
,FPND,PAE LUZ DA VIDA,,36.35802002999082,0.0,0,0.0
,FPND,PAE MADALENA,,157.78671667197537,0.0,0,0.0
,FPND,PAE MARIA TEREZA,,14.292312491982354,0.0,0,0.0
,FPND,PAE MISSIONÁRIO RUFINO,,28.9712816520896,0.0,0,0.0
,FPND,PAE MONTANHA E MANGABAL,,543.1426152069882,0.0,0,0.0
,FPND,PAE NAZARÉ,,48.92814997756721,0.0,0,0.0
,FPND,PAE NHAMUNDA,,80.20199891052609,0.0,0,0.0
,FPND,PAE NOSSA SENHORA DA PAZ,,22.79969992200245,0.0,0,0.0
,FPND,PAE NOSSA SENHORA DAS GRAÇAS,,20.363799594023135,0.0,0,0.0
,FPND,PAE NOSSA SENHORA DE NAZARÉ,,10.66782993085474,0.0,0,0.0
,FPND,PAE NOSSA SENHORA DO LIVRAMENTO,,2.111826947995335,0.0,0,0.0
,FPND,PAE NOSSA SENHORA DO PERPETUO SOCORRO,,93.87711379537296,0.0,0,0.0
,FPND,PAE PACOVAL/PRACOBAL,,25.282827652706178,0.0,0,0.0
,FPND,PAE PAITUNA,,3.693639422991263,0.0,0,0.0
,FPND,PAE PARANA DE BAIXO,,96.94805829605005,0.0,0,0.0
,FPND,PAE PARANA DONA ROSA,,202.0155466264948,0.0,0,0.0
,FPND,PAE PARU,,32.271705750989106,0.0,0,0.0
,FPND,PAE PIAPÓ,,4.208280470827025,0.0,0,0.0
,FPND,PAE PINDOBAL,,50.08304020220664,0.0,0,0.0
,FPND,PAE REGIÃO DO CUÇARI,,293.12813569349476,0.0,0,0.0
,FPND,PAE REGIAO DOS LAGOS,,3.759677783145019,0.0,0,0.0
,FPND,PAE SALVAÇÃO,,190.77941605798136,0.0,0,0.0
,FPND,PAE SANTA MARIA,,6.3261837760827895,0.0,0,0.0
,FPND,PAE SANTA RITA,,119.81429631113872,0.0,0,0.0
,FPND,PAE SANTA ROSA DO MARACATI,,31.964581199990803,0.0,0,0.0
,FPND,PAE SANTO AFONSO,,27.48794098800026,0.0,0,0.0
,FPND,PAE SANTO ANTONIO,,13.852183836205997,0.0,0,0.0
,FPND,PAE SANTO ANTONIO II,,12.374560608021023,0.0,0,0.0
,FPND,PAE SÃO DIOGO,,7.800513899993443,0.0,0,0.0
,FPND,PAE SÃO FRANCISCO DE ASSIS,,5.076268205989673,0.0,0,0.0
,FPND,PAE SÃO JOÃO BATISTA,,4.559595617994444,0.0,0,0.0
,FPND,PAE SÃO JOÃO BATISTA II,,33.27702571411882,0.0,0,0.0
,FPND,PAE SAO PEDRO,,107.87338974001095,0.0,0,0.0
,FPND,PAE SÃO RAIMUNDO,,27.046229586001942,0.0,0,0.0
,FPND,PAE TAPARÁ,,118.7417778059601,0.0,0,0.0
,FPND,PAE TIRIRICA,,30.056114909992953,0.0,0,0.0
,FPND,PAE TRES ILHAS,,126.26852041800248,0.0,0,0.0
,FPND,PAE TRÊS IRMÃS,,11.054222933997648,0.0,0,0.0
,FPND,PAE URUCURITUBA,,36.33674728404453,0.0,0,0.0
,FPND,PAE VALE DO SALGADO,,45.49455465689504,0.0,0,0.0
,FPND,PAE VALHA-ME DEUS,,20.32169626435669,0.0,0,0.0
,FPND,PROJETO DE ASSENTAMENTO AGROEXTRATIVISTA ILHA DE ARUAS,,55.5343945251393,0.0,0,0.0
,FPND,ÁREA DE PROTEÇÃO AMBIENTAL DA REGIÃO METROPOLITANA DE BELÉM,,56.96602308281792,0.0,0,0.0
,FPND,PARQUE ESTADUAL DE MONTE ALEGRE,,36.145572074228376,0.0,0,0.0
,FPND,PARQUE ESTADUAL DA SERRA DOS MARTÍRIOS/ANDORINHAS,,251.54184564231355,0.0,0,0.0
,FPND,PARQUE ESTADUAL DO UTINGA,,11.589840347673313,0.0,0,0.0
,FPND,PE DO ENCONTRO DAS AGUAS,,1.1454564720402067,0.0,0,0.0
,FPND,PARQUE ESTADUAL CRISTALINO,,0.09104406778441278,0.0,0,0.0
,FPND,PARQUE ESTADUAL CRISTALINO II,,0.5181582885330756,0.0,0,0.0
,FPND,PARQUE ESTADUAL DE MONTE ALEGRE / PAE PAITUNA,,8.112789973336767,0.0,0,0.0
,FPND,PARQUE ESTADUAL CHARAPUCU / PAE ILHA CHARAPUCU,,652.9445849195774,0.0,0,0.0
,FPND,PARQUE ESTADUAL DO UTINGA / ÁREA DE PROTEÇÃO AMBIENTAL DA REGIÃO METROPOLITANA DE BELÉM,,2.379247385286089,0.0,0,0.0
,FPND,PARQUE ESTADUAL CRISTALINO II / GLEBA CACHIMBO,,0.01137935416722099,0.0,0,0.0
,FPND,BORBA GATO,,48.9451931676362,0.0,0,0.0
FPA-PA-S-2.9733W-55.843,FPND,REPARTIMENTO,FPA-PA-S-2.9733W-55.843,3.581359570672257,118.49456821947385,12,3308.6476205803388
,FPND,PARQUE NACIONAL DA AMAZÔNIA,,9620.419527399234,0.0,0,0.0
,FPND,PARQUE NACIONAL DA SERRA DO PARDO,,4472.589060674581,0.0,0,0.0
,FPND,PARQUE NACIONAL DOS CAMPOS FERRUGINOSOS,,190.69337227162367,0.0,0,0.0
,FPND,PARQUE NACIONAL MONTANHAS DO TUMUCUMAQUE,,10.638987473004192,0.0,0,0.0
,FPND,PARQUE NACIONAL DO JAMANXIM,,8594.984298723659,0.0,0,0.0
,FPND,PARQUE NACIONAL DO RIO NOVO,,5417.081091055173,0.0,0,0.0
,FPND,PARQUE NACIONAL DA AMAZÔNIA / FLORESTA NACIONAL DE PAU-ROSA,,0.5472074829500575,0.0,0,0.0
,FPND,PARQUE NACIONAL DO JAMANXIM / FLORESTA NACIONAL ALTAMIRA,,16.10192341543956,0.0,0,0.0
,FPND,PARQUE NACIONAL MONTANHAS DO TUMUCUMAQUE / FLORESTA ESTADUAL DO PARU,,40.23540232728023,0.0,0,0.0
,FPND,PARQUE NACIONAL DO JAMANXIM / PF CACHIMBO - GLEBA LIMÃO,,13.712955667361188,0.0,0,0.0
,FPND,PARQUE NACIONAL DO JAMANXIM / PF CACHIMBO - GLEBA PRATA,,6.081033761593379,0.0,0,0.0
,FPND,PDS ADEMIR FREDERICCE,,2332.6543313204443,0.0,0,0.0
,FPND,PDS AGUA AZUL,,206.70997427283694,0.0,0,0.0
,FPND,PDS ÁGUA PRETA,,249.78791957435678,0.0,0,0.0
,FPND,PDS ANAPU,,417.2248063168048,0.0,0,0.0
,FPND,PDS ANAPU I,,294.20100445179804,0.0,0,0.0
,FPND,PDS ANJO DA GUARDA,,54.73390687324367,0.0,0,0.0
,FPND,PDS ARTHUR FALEIRO,,227.49114935222389,0.0,0,0.0
,FPND,PDS AVELINO RIBEIRO,,215.2657120622596,0.0,0,0.0
,FPND,PDS BOA VISTA DO CARACOL,,227.608888030435,0.0,0,0.0
,FPND,PDS BRASÍLIA,,198.94952874817045,0.0,0,0.0
,FPND,PDS CASTANHEIRA,,258.4123006526961,0.0,0,0.0
,FPND,PDS CASTANHEIRA II,,74.49398319085441,0.0,0,0.0
,FPND,PDS CUPARI,,266.04861794277787,0.0,0,0.0
,FPND,PDS DIVINÓPOLIS,,283.6373066715225,0.0,0,0.0
,FPND,PDS ESPERANÇA,,181.54460642785054,0.0,0,0.0
,FPND,PDS ESPERANÇA DO TRAIRÃO,,243.56277218257227,0.0,0,0.0
,FPND,PDS HORIZONTE NOVO,,221.97655220157725,0.0,0,0.0
,FPND,PDS IRMÃ DOROTHY,,304.67148473909106,0.0,0,0.0
,FPND,PDS ITATÁ,,986.7288399039667,0.0,0,0.0
,FPND,PDS LARANJAL,,345.0897536757882,0.0,0,0.0
,FPND,PDS LIBERDADE,,2441.199109293562,0.0,0,0.0
,FPND,PDS LIBERDADE I,,4474.668844738396,0.0,0,0.0
,FPND,PDS MÃE MENININHA,,190.2907160697889,0.0,0,0.0
,FPND,PDS MÁRIO BRAULE PINTO DA SILVA,,67.42183628112662,0.0,0,0.0
,FPND,PDS NELSON DE OLIVEIRA,,45.86224639327157,0.0,0,0.0
,FPND,PDS NOVA BRASILIA II,,83.39096975362402,0.0,0,0.0
,FPND,PDS NOVA ESPERANCA,,260.52179790788654,0.0,0,0.0
,FPND,PDS NOVA UNIÃO,,15.50755955156491,0.0,0,0.0
,FPND,PDS NOVO MUNDO,,279.1204233273686,0.0,0,0.0
,FPND,PDS PARAÍSO,,2581.7039520738635,0.0,0,0.0
,FPND,PDS PIMENTAL,,31.530679687832592,0.0,0,0.0
,FPND,PDS RENASCER II,,371.52530147187724,0.0,0,0.0
,FPND,PDS SANTA CLARA,,241.2811039037968,0.0,0,0.0
,FPND,PDS SANTA LUZIA,,101.266593452969,0.0,0,0.0
,FPND,PDS SANTA RITA,,106.52180344175979,0.0,0,0.0
,FPND,PDS SERRA AZUL,,773.6435305257918,0.0,0,0.0
,FPND,PDS TABOARI,,61.06783908085425,0.0,0,0.0
,FPND,PDS TERRA NOSSA,,1506.1852359117697,0.0,0,0.0
,FPND,PDS VILA NOVA I E II,,39.97284291303674,0.0,0,0.0
,FPND,ARUÃ,,221.40636831780887,0.0,0,0.0
,FPND,CAMUTA DO PUCURUÍ,,164.743558799281,0.0,0,0.0
,FPND,MAJARI I,,373.84704759156017,0.0,0,0.0
,FPND,MARIAZINHA-ARACATI,,103.28812077786009,0.0,0,0.0
,FPND,PRUDENTE- MONTE SINAI,,55.890708593986666,0.0,0,0.0
,FPND,SAPUCUÁ- TROMBETAS,,713.8412635093416,0.0,0,0.0
,FPND,VISTA ALEGRE,,54.57926504116024,0.0,0,0.0
,FPND,BORBA GATO,,85.09698382924506,0.0,0,0.0
,FPND,CAMPO DOURADO,,37.29562085127213,0.0,0,0.0
,FPND,ITABIRA,,5.053917745358488,0.0,0,0.0
,FPND,ITAPEVA,,23.080537868993815,0.0,0,0.0
,FPND,MOCAJUBA,,6.453077970821436,0.0,0,0.0
FPA-PA-S-3.0109W-55.8507,FPND,REPARTIMENTO,FPA-PA-S-3.0109W-55.8507,80.40718101915223,252.42716077564108,36,313.9360907522866
,FPND,PIC ITAITUBA,,10.018858258026347,0.0,0,0.0
,FPND,PIC ITAITUBA,,149.49061385052093,0.0,0,0.0
,FPND,PARQUE NATURAL MUNICIPAL VEREDAS DOS CARAJAS,,8.3581060099124,0.0,0,0.0
,FPND,RESERVA DE DESENVOLVIMENTO SUSTENTÁVEL VITÓRIA DE SOUZEL,,229.75855926556514,0.0,0,0.0
,FPND,RESERVA DE DESENVOLVIMENTO SUSTENTAVEL ALCOBACA,,221.77054379684694,0.0,0,0.0
,FPND,RESERVA DE DESENVOLVIMENTO SUSTENTÁVEL PUCURUI - ARARAO,,292.2103505616224,0.0,0,0.0
,FPND,RESERVA DE DESENVOLVIMENTO SUSTENTÁVEL CAMPO DAS MANGABAS,,69.45343805117041,0.0,0,0.0
,FPND,RESERVA DE DESENVOLVIMENTO SUSTENTÁVEL DO RIO IRATAPURU,,2.3726026984150694,0.0,0,0.0
,FPND,RESERVA DE DESENVOLVIMENTO SUSTENTAVEL  ITATUPA-BAQUIA,,643.9264486426598,0.0,0,0.0
,FPND,RESERVA BIOLÓGICA DE MAICURU,,11244.524714022049,0.0,0,0.0
,FPND,RESERVA BIOLÓGICA DO GURUPI,,4.97642706160986,0.0,0,0.0
,FPND,RESERVA BIOLÓGICA DO TAPIRAPÉ,,994.8520861803937,0.0,0,0.0
,FPND,RESERVA BIOLÓGICA NASCENTES SERRA DO CACHIMBO,,3459.984693480838,0.0,0,0.0
,FPND,RESERVA BIOLOGICA DO RIO TROMBETAS,,4071.1430739059947,0.0,0,0.0
,FPND,RESERVA BIOLOGICA DO RIO TROMBETAS / FLORESTA NACIONAL DE SARACÁ-TAQUERA,,1.7053895729194597,0.0,0,0.0
,FPND,RESERVA BIOLÓGICA DE MAICURU / FLORESTA ESTADUAL DO PARU,,11.137983794825074,0.0,0,0.0
,FPND,RESERVA BIOLÓGICA DE MAICURU / PARQUE NACIONAL MONTANHAS DO TUMUCUMAQUE,,229.3041951203238,0.0,0,0.0
,FPND,RESERVA EXTRATIVISTA ARIÓCA PRUANÃ,,838.1556307081393,0.0,0,0.0
,FPND,RESERVA EXTRATIVISTA CHOCOARÉ-MATO GROSSO,,24.858564885440998,0.0,0,0.0
,FPND,RESERVA EXTRATIVISTA GURUPÁ-MELGAÇO,,1453.2563794784471,0.0,0,0.0
,FPND,RESERVA EXTRATIVISTA IPAÚ-ANILZINHO,,558.693426572629,0.0,0,0.0
,FPND,RESERVA EXTRATIVISTA MAPUÁ,,936.8682713681696,0.0,0,0.0
,FPND,RESERVA EXTRATIVISTA MARACANÃ,,209.99551229718023,0.0,0,0.0
,FPND,RESERVA EXTRATIVISTA MARINHA ARAI-PEROBA,,396.39850995419386,0.0,0,0.0
,FPND,RESERVA EXTRATIVISTA MARINHA CAETÉTAPERAÇU,,310.1419160120482,0.0,0,0.0
,FPND,RESERVA EXTRATIVISTA MARINHA CUINARANA,,110.02261411959029,0.0,0,0.0
,FPND,RESERVA EXTRATIVISTA MARINHA DE GURUPI-PIRIÁ,,496.2443319498809,0.0,0,0.0
,FPND,RESERVA EXTRATIVISTA MARINHA DE SOURE,,169.25338066672464,0.0,0,0.0
,FPND,RESERVA EXTRATIVISTA MARINHA MESTRE LUCINDO,,193.6931701552424,0.0,0,0.0
,FPND,RESERVA EXTRATIVISTA MARINHA MOCAPAJUBA,,148.0528740709876,0.0,0,0.0
,FPND,RESERVA EXTRATIVISTA MARINHA TRACUATEUA,,207.20145203006942,0.0,0,0.0
,FPND,RESERVA EXTRATIVISTA RENASCER,,2096.0152025166203,0.0,0,0.0
,FPND,RESERVA EXTRATIVISTA RIO IRIRI,,3990.2282066707703,0.0,0,0.0
,FPND,RESERVA EXTRATIVISTA RIO XINGU,,3037.6218084650736,0.0,0,0.0
,FPND,RESERVA EXTRATIVISTA SÃO JOÃO DA PONTA,,33.39945655980871,0.0,0,0.0
,FPND,RESERVA EXTRATIVISTA TERRA GRANDE PRACUUBA,,1947.4709158416395,0.0,0,0.0
,FPND,RESERVA EXTRATIVISTA VERDE PARA SEMPRE,,12891.476088789996,0.0,0,0.0
,FPND,RESERVA EXTRATIVISTA MAE GRANDE DE CURUÇA,,242.61270386013217,0.0,0,0.0
,FPND,RESERVA EXTRATIVISTA RIOZINHO DO ANFRISIO,,7369.442110980974,0.0,0,0.0
,FPND,RESERVA EXTRATIVISTA TAPAJOS-ARAPIUNS,,6774.178296820492,0.0,0,0.0
,FPND,RESERVA EXTRATIVISTA MARACANÃ / RESERVA EXTRATIVISTA CHOCOARÉ-MATO GROSSO,,2.951083810681519,0.0,0,0.0
,FPND,RESERVA EXTRATIVISTA RIO IRIRI / RESERVA EXTRATIVISTA RIOZINHO DO ANFRISIO,,9.315889035622105,0.0,0,0.0
,FPND,RESERVA EXTRATIVISTA ARAPIRANGA-TROMAÍ / ÁREA DE PROTEÇÃO AMBIENTAL DAS REENTRÂNCIAS MARANHENSES,,1.1885935237007013,0.0,0,0.0
,FPND,RESERVA EXTRATIVISTA MARINHA DE GURUPI-PIRIÁ / ÁREA DE PROTEÇÃO AMBIENTAL DAS REENTRÂNCIAS MARANHENSES,,2.4414688675664,0.0,0,0.0
,FPND,REFÚGIO DE VIDA SILVESTRE METRÓPOLE DA AMAZÔNIA,,1.4794837403373384,0.0,0,0.0
,FPND,REFÚGIO DE VIDA SILVESTRE TABULEIRO DO EMBAUBAL,,6.437072824435403,0.0,0,0.0
,FPND,REFUGIO DE VIDA SILVESTRE METROPOLE DA AMAZONIA,,61.94949917007785,0.0,0,0.0
FPA-PA-S-2.7382W-52.1344,FPND,JURUNA DO KM 17,FPA-PA-S-2.7382W-52.1344,23.553803719647554,0.0,0,0.0
FPA-PA-S-2.3262W-46.7198,FPND,TERRA INDIGENA ALTO RIO GUAMA,FPA-PA-S-2.3262W-46.7198,2819.838921827954,1429.488539412653,6,50.693978593854936
FPA-PA-S-2.6325W-46.517,FPND,TERRA INDIGENA ALTO RIO GUAMA,FPA-PA-S-2.6325W-46.517,0.15865011120069708,552.9387381266296,16,348527.16707342595
FPA-MA-S-2.865W-46.2545,FPND,TERRA INDIGENA ALTO TURIACU,FPA-MA-S-2.865W-46.2545,2.648575608828379,935.3179959866216,14,35314.00020709123
FPA-PA-S-2.8615W-49.3075,FPND,TERRA INDIGENA ANAMBE,FPA-PA-S-2.8615W-49.3075,85.958113372367,0.0,0,0.0
FPA-PA-S-5.6338W-52.0368,FPND,TERRA INDIGENA APYTEREWA,FPA-PA-S-5.6338W-52.0368,7768.389020405288,2.50727261628001,1,0.03227532258868779
FPA-PA-S-3.7558W-53.0631,FPND,TERRA INDIGENA ARARA,FPA-PA-S-3.7558W-53.0631,2752.3688600181113,0.0,0,0.0
FPA-PA-S-3.6007W-51.6763,FPND,TERRA INDIGENA ARARA DA VOLTA GRANDE DO XINGU,FPA-PA-S-3.6007W-51.6763,255.8355748922729,7.454020418284491,2,2.9135980879215984
FPA-PA-S-4.8901W-52.4547,FPND,TERRA INDIGENA ARAWETE IGARAPE IPIXUNA,FPA-PA-S-4.8901W-52.4547,9419.271752933933,37.035155119573346,6,0.3931849095237916
FPA-PA-S-8.8778W-52.013,FPND,TERRA INDIGENA BADJONKORE,FPA-PA-S-8.8778W-52.013,2245.9431505129696,34.62308083413176,4,1.5415831351841613
FPA-PA-S-3.2902W-48.4117,FPND,TERRA INDIGENA BARREIRINHA,FPA-PA-S-3.2902W-48.4117,23.70844786667357,0.0,0,0.0
FPA-PA-S-7.332W-54.471,FPND,TERRA INDIGENA BAU,FPA-PA-S-7.332W-54.471,15480.571644040287,13.97823154101529,5,0.0902953189483583
FPA-PA-S-4.3361W-54.1049,FPND,TERRA INDIGENA CACHOEIRA SECA,FPA-PA-S-4.3361W-54.1049,7318.396444271003,24.935920900718315,5,0.34072929897421295
,FPND,TERRA INDIGENA COBRA GRANDE,,89.0323689299629,0.0,0,0.0
FPA-PA-S-4.1064W-52.0004,FPND,TERRA INDIGENA ITUNA/ITATA (RESTRICAO DE USO),FPA-PA-S-4.1064W-52.0004,1310.5470952685716,3985.2677853054447,17,304.0919170088077
FPA-PA-S-4.1124W-52.9584,FPND,TERRA INDIGENA KARARAÔ,FPA-PA-S-4.1124W-52.9584,3301.8926184032334,3031.0357976797245,22,91.79692218899315
FPA-MT-S-8.6055W-57.4674,FPND,TERRA INDIGENA KAYABI,FPA-MT-S-8.6055W-57.4674,5849.44307580038,0.0,0,0.0
FPA-PA-S-7.7471W-51.9484,FPND,TERRA INDIGENA KAYAPO,FPA-PA-S-7.7471W-51.9484,33129.96161348245,1947.106422714321,21,5.877176814844041
FPA-PA-S-4.2977W-52.2809,FPND,TERRA INDIGENA KOATINEMO,FPA-PA-S-4.2977W-52.2809,3885.1340239111014,12881.166585920668,77,331.5501217369435
FPA-PA-S-5.7386W-54.5868,FPND,TERRA INDIGENA KURUAYA,FPA-PA-S-5.7386W-54.5868,1661.3214043773812,0.0,0,0.0
FPA-PA-S-7.8992W-49.9735,FPND,TERRA INDIGENA LAS CASAS,FPA-PA-S-7.8992W-49.9735,211.09300820108416,7370.721553809117,49,3491.693835159085
FPA-PA-S-5.1355W-48.9166,FPND,TERRA INDIGENA MAE MARIA,FPA-PA-S-5.1355W-48.9166,631.3809285254305,6774.137681593052,7,1072.908188312534
FPA-PA-S-2.3488W-47.9685,FPND,TERRA INDIGENA MARACAXI,FPA-PA-S-2.3488W-47.9685,7.221154755169545,0.0,0,0.0
FPA-PA-S-2.7817W-55.8178,FPND,TERRA INDIGENA MARO,FPA-PA-S-2.7817W-55.8178,421.78565196628074,9.315888611489289,2,2.208678405265914
FPA-MT-S-9.6432W-53.1534,FPND,TERRA INDIGENA MENKRAGNOTI,FPA-MT-S-9.6432W-53.1534,48315.620501007186,0.0,0,0.0
FPA-PA-S-7.427W-57.5643,FPND,TERRA INDIGENA MUNDURUKU,FPA-PA-S-7.427W-57.5643,24020.658674487302,0.0,0,0.0
FPA-AM-S-1.1444W-58.2881,FPND,TERRA INDIGENA NHAMUNDA/MAPUERA,FPA-AM-S-1.1444W-58.2881,8211.54850345364,0.0,0,0.0
,FPND,TERRA INDIGENA NOVA JACUNDÁ,,6.258961576576949,0.0,0,0.0
FPA-PA-S-9.5793W-54.0092,FPND,TERRA INDIGENA PANARA,FPA-PA-S-9.5793W-54.0092,3845.4249889096986,23.331432872138564,6,0.6067322321831006
FPA-PA-S-3.4524W-51.7712,FPND,TERRA INDIGENA PAQUICAMBA,FPA-PA-S-3.4524W-51.7712,201.14610603642123,0.0,0,0.0
FPA-AP-N2.1668W-54.8068,FPND,TERRA INDIGENA PARQUE DO TUMUCUMAQUE,FPA-AP-N2.1668W-54.8068,29990.94563276176,36.859594096134146,5,0.12290240710472682
FPA-PA-S-4.2823W-56.0276,FPND,TERRA INDIGENA PRAIA DO INDIO,FPA-PA-S-4.2823W-56.0276,0.3230444034543403,0.0,0,0.0
FPA-PA-S-4.2561W-55.9738,FPND,TERRA INDIGENA PRAIA DO MANGUE,FPA-PA-S-4.2561W-55.9738,0.3296106008960999,0.0,0,0.0
FPA-PA-N0.6392W-54.5169,FPND,TERRA INDIGENA RIO PARU DESTE,FPA-PA-N0.6392W-54.5169,11935.356290804073,4.841457251691229,1,0.040563994351986495
FPA-PA-S-6.4564W-57.9967,FPND,TERRA INDIGENA SAI-CINZA,FPA-PA-S-6.4564W-57.9967,1256.2813737454685,272.4326426910947,24,21.685638932850367
FPA-PA-S-3.0802W-48.0367,FPND,TERRA INDIGENA SARAUA,FPA-PA-S-3.0802W-48.0367,186.2471788369913,0.0,0,0.0
FPA-PA-S-5.9354W-48.6893,FPND,TERRA INDIGENA SORORO,FPA-PA-S-5.9354W-48.6893,262.24434141659935,6.864681216611605,2,2.6176660970184384
FPA-PA-S-2.685W-48.2731,FPND,TERRA INDIGENA TEMBE,FPA-PA-S-2.685W-48.2731,10.712659857403239,0.0,0,0.0
FPA-PA-S-4.6393W-51.4962,FPND,TERRA INDIGENA TRINCHEIRA BACAJA,FPA-PA-S-4.6393W-51.4962,16586.638043819446,9.753256627181894,3,0.05880188981887246
FPA-PA-S-3.5752W-49.7143,FPND,TERRA INDIGENA TROCARA,FPA-PA-S-3.5752W-49.7143,216.6156243006447,0.0,0,0.0
FPA-PA-S-3.6473W-49.8254,FPND,TERRA INDIGENA TROCARA - DOACAO,FPA-PA-S-3.6473W-49.8254,0.14059975819901419,2.9627786813817094,1,2107.243084435463
FPA-AM-S-0.4217W-59.2202,FPND,TERRA INDIGENA TROMBETAS/MAPUERA,FPA-AM-S-0.4217W-59.2202,21392.389045494525,961.1323323337308,187,4.4928704797286585
,FPND,TERRA INDIGENA TURÉ/MARIQUITA,,1.4875740275807194,0.0,0,0.0
FPA-PA-S-2.2847W-48.3518,FPND,TERRA INDIGENA TURE/MARIQUITA II,FPA-PA-S-2.2847W-48.3518,6.079323889439287,1235.7441724815496,262,20327.00009006307
FPA-PA-S-5.9305W-48.8144,FPND,TERRA INDIGENA TUWA APEKUOKAWERA,FPA-PA-S-5.9305W-48.8144,118.08603654778463,109.70988514645299,6,92.90673847119753
FPA-PA-S-6.3474W-50.8171,FPND,TERRA INDIGENA XIKRIN DO RIO CATETE,FPA-PA-S-6.3474W-50.8171,4378.598460680995,206.9203166617457,9,4.725720307990145
FPA-PA-S-5.4307W-54.6787,FPND,TERRA INDIGENA XIPAYA,FPA-PA-S-5.4307W-54.6787,1770.8902300986174,72.88100141946728,17,4.115500790549207
FPA-PA-S-0.1746W-55.7927,FPND,TERRA INDIGENA ZOE,FPA-PA-S-0.1746W-55.7927,6682.338245095283,10.38953717446859,3,0.15547757077538427
,FPND,TERRA INDIGENA ANDIRÁ-MARAU,,3802.4877868248427,0.0,0,0.0
,FPND,TERRA INDIGENA APIAKÁ DO PONTAL E ISOLADOS,,46.76371181769005,0.0,0,0.0
,FPND,TERRA INDIGENA BRAGANÇA-MARITUBA,,5.019961316792271,0.0,0,0.0
,FPND,TERRA INDIGENA KAXUYANA-TUNAYANA,,160.2363353244246,0.0,0,0.0
,FPND,TERRA INDIGENA MUNDURUKU-TAQUARA,,2.2429153300866154,0.0,0,0.0
FPA-PA-S-4.8005W-50.1169,FPND,TERRA INDIGENA PARAKANA / ÁREA DE PROTEÇÃO AMBIENTAL DO LAGO DE TUCURUI,FPA-PA-S-4.8005W-50.1169,0.2124686657456318,56.03124628414968,4,26371.533933022612
,FPND,TERRA INDIGENA SAWRÉ MUYBU (PIMENTAL),,241.32989288828506,0.0,0,0.0
,FPND,TERRA INDIGENA KAXUYANA-TUNAYANA / ESTAÇÃO ECOLÓGICA DO GRÃO PARÁ,,246.80865614202037,0.0,0,0.0
,FPND,TERRA INDIGENA BRAGANÇA-MARITUBA / FLORESTA NACIONAL DE TAPAJÓS,,130.15547411456657,0.0,0,0.0
,FPND,TERRA INDIGENA MUNDURUKU-TAQUARA / FLORESTA NACIONAL DE TAPAJÓS,,251.08134070034131,0.0,0,0.0
,FPND,TERRA INDIGENA SAWRÉ MUYBU (PIMENTAL) / FLORESTA NACIONAL DE ITAITUBA II,,1546.7668806420088,0.0,0,0.0
,FPND,TERRA INDIGENA KAXUYANA-TUNAYANA / FLORESTA ESTADUAL DE FARO,,3900.268513821334,0.0,0,0.0
,FPND,TERRA INDIGENA KAXUYANA-TUNAYANA / FLORESTA ESTADUAL DO TROMBETAS,,15739.675399389875,0.0,0,0.0
,FPND,TERRA INDIGENA TROMBETAS/MAPUERA / FLORESTA ESTADUAL DE FARO,,10.234309271306243,0.0,0,0.0
,FPND,TERRA INDIGENA ANDIRÁ-MARAU / PARQUE NACIONAL DA AMAZÔNIA,,899.9595711375675,0.0,0,0.0
,FPND,TERRA INDIGENA APIAKÁ DO PONTAL E ISOLADOS / PARQUE NACIONAL DO JURUENA,,0.00020822748960682284,0.0,0,0.0
,FPND,MA 10-0007,,0.11567435415740139,0.0,0,0.0
,FPND,PF CACHIMBO - GLEBA DAMIÃO,,115.08244487875588,0.0,0,0.0
,FPND,PF CACHIMBO - GLEBA LIMÃO,,451.3634396337329,0.0,0,0.0
,FPND,PF CACHIMBO - GLEBA PRATA,,80.22099394759655,0.0,0,0.0
,FPND,GLEBA CACHIMBO,,22346.89403527858,0.0,0,0.0
,FPND,ÁREA DE PROTEÇÃO AMBIENTAL DA SERRA DO SAUBAL,,1.6735423475955253,0.0,0,0.0
,FPND,PARQUE NATURAL MUNICIPAL DE REDENÇÃO,,0.165695571158579,0.0,0,0.0
,FPND,PARQUE NATURAL MUNICIPAL DE CASTANHAL/PARÁ,,0.15352978687362387,0.0,0,0.0
,FPND,PARQUE NATURAL MUNICIPAL DO MORRO DOS VENTOS,,0.4622855884988897,0.0,0,0.0
,FPND,PARQUE ESTADUAL DO CANTÃO,,24.976162712533803,0.0,0,0.0
FPA-PA-S-8.8796W-49.7695,FPND,TERRA INDIGENA KARAJA SANTANA DO ARAGUAIA,FPA-PA-S-8.8796W-49.7695,14.749949178315592,0.0,0,0.0
FPA-PA-S-8.8629W-49.706,FPND,TERRA INDIGENA MARANDUBA,FPA-PA-S-8.8629W-49.706,1.7971621178226973,78.64725021276323,30,4376.191186805459
,FPND,Gleba Vale do XV,,0.014489378771603808,0.0,0,0.0
,FPND,IMÓVEL BUIUÇÚ,,0.024305490625677845,0.0,0,0.0
,FPND,IRIRI,,0.005684300499445828,0.0,0,0.0
,FPND,RIO NOVO,,0.5335996306149091,0.0,0,0.0
,FPND,SANTANA,,167.05121584661242,0.0,0,0.0
,FPND,ANDORINHA,,0.489474415941713,0.0,0,0.0
,FPND,AQUIRI,,94.82826370642499,0.0,0,0.0
,FPND,ARRAIAS,,58.82928714766298,0.0,0,0.0
,FPND,BURITI - PARTE B,,41.30993371626083,0.0,0,0.0
,FPND,BURITI C,,0.27174493226635554,0.0,0,0.0
,FPND,CHICRIM,,28.70139039039896,0.0,0,0.0
,FPND,CHICRIM ''A'',,41.861905114623035,0.0,0,0.0
,FPND,ESTRELA,,54.05312583726712,0.0,0,0.0
,FPND,EXTREMA ''B'',,158.7733427428337,0.0,0,0.0
,FPND,F. B. CENTRAL,,132.69244947852806,0.0,0,0.0
,FPND,FLORESTA ''B'',,0.6298898373861989,0.0,0,0.0
,FPND,GLEBA ALACILANDIA A,,0.29115256544925544,0.0,0,0.0
,FPND,GLEBA ALACILANDIA A,,10.495587235972662,0.0,0,0.0
,FPND,GLEBA ALDEIA,,1.7271369633186004,0.0,0,0.0
,FPND,GLEBA CONCEIÇÃO - PARTE A,,0.0729224815602284,0.0,0,0.0
,FPND,GLEBA CONCEIÇÃO - PARTE B,,1.9815137369300926,0.0,0,0.0
,FPND,"GROTA RICA ""A""",,4.604084869932791,0.0,0,0.0
,FPND,"GROTA RICA ""B""",,2.604857246660869,0.0,0,0.0
,FPND,INAJÁ,,17.109245788245154,0.0,0,0.0
,FPND,INAJÁ,,50.34243159233113,0.0,0,0.0
,FPND,LAS CASAS,,28.108399595536202,0.0,0,0.0
,FPND,MARABÁ,,70.39138854555607,0.0,0,0.0
,FPND,MATA GERAL,,8.378445899405536,0.0,0,0.0
,FPND,NOVA GLÓRIA,,56.48036410910463,0.0,0,0.0
,FPND,NOVO DESCOBERTO,,15.190622053597938,0.0,0,0.0
,FPND,P. A. NICOBRAN,,54.9027389841679,0.0,0,0.0
,FPND,P. A. NOVO MUNDO,,6.501364042172047,0.0,0,0.0
,FPND,PAU D'ARCO,,1.4060225706418874,0.0,0,0.0
,FPND,POMBAL,,6.544358217879706,0.0,0,0.0
,FPND,SERENA - SUSSUAPARA E PEDRA CUMPRIDA,,118.51411545180541,0.0,0,0.0
,FPND,"SOROROZINHO I, II E III",,95.11066586580574,0.0,0,0.0
,FPND,TABOCA,,56.604931712333084,0.0,0,0.0
,FPND,VERDE,,1.3759612224829034,0.0,0,0.0
,FPND,XAMBIOÁ,,53.870931087531794,0.0,0,0.0
,FPND,SÃO PEDRO,,143.01983020989064,0.0,0,0.0
,FPND,CREPORI,,133.07154465891344,0.0,0,0.0
,FPND,GLEBA ACARÁ,,17.185747947310663,0.0,0,0.0
,FPND,GLEBA ARURI 1-I,,60.35958571143572,0.0,0,0.0
,FPND,LARANJAL,,59.13936856855915,0.0,0,0.0
,FPND,NOSSA SENHORA DO CARMO,,0.8472730007797865,0.0,0,0.0
,FPND,CURUÇAMBA,,67.82922161557583,0.0,0,0.0
,FPND,EREPECURU,,249.02172220769927,0.0,0,0.0
,FPND,GLEBA SURUBIM DESAFETADO,,99.17709029324526,0.0,0,0.0
,FPND,MAMIÁ,,63.438400043606165,0.0,0,0.0
,FPND,PARU DO OESTE,,310.62778361986625,0.0,0,0.0
,FPND,12 PIC/MARABÁ-ESTREITO,,1.2159562272683635,0.0,0,0.0
,FPND,14,,3.180379325747096,0.0,0,0.0
,FPND,16,,0.6853331468243603,0.0,0,0.0
,FPND,18,,0.7828033289996013,0.0,0,0.0
,FPND,20,,0.7529005822707813,0.0,0,0.0
,FPND,22,,0.1406126353054351,0.0,0,0.0
,FPND,ÁGUA AZUL - PARTE ''A'',,19.79968026874098,0.0,0,0.0
,FPND,ALTO-GUAMÁ I,,1.8173507570066993,0.0,0,0.0
,FPND,ALTO-GUAMÁ II,,17.461400901666373,0.0,0,0.0
,FPND,ARAPONGA,,0.46315985112773245,0.0,0,0.0
,FPND,CACHOEIRINHA,,109.80991252253366,0.0,0,0.0
,FPND,CANDIRU AÇU A-3,,1.1016064088716138,0.0,0,0.0
,FPND,CANDIRU AÇU A4,,0.9769175937410367,0.0,0,0.0
,FPND,CANDIRU AÇU A5,,10.866192226244033,0.0,0,0.0
,FPND,CANDIRU AÇU B-1,,32.22032097479922,0.0,0,0.0
,FPND,CANDIRU AÇU B1-A,,18.108706341190317,0.0,0,0.0
,FPND,CAPIM,,51.58265799716106,0.0,0,0.0
,FPND,CAPITÃO POÇO A-2,,1.7110655979356761,0.0,0,0.0
,FPND,CARIPE,,1.5689292793799736,0.0,0,0.0
,FPND,CARIPE / PARTE 8 A E B,,170.85187827435203,0.0,0,0.0
,FPND,CARRAPATINHO A-8,,3.689110862471487,0.0,0,0.0
,FPND,CARRAPATINHO A11,,18.969065378755104,0.0,0,0.0
,FPND,CARRAPATINHO A2/A4,,1.04108088105803,0.0,0,0.0
,FPND,CARRAPATINHO A3,,0.4107170937540977,0.0,0,0.0
,FPND,CARRAPATINHO A5,,7.937119277943712,0.0,0,0.0
,FPND,CARRAPATINHO A6,,19.30549345860156,0.0,0,0.0
,FPND,CARRAPATINHO A7,,13.991774322097527,0.0,0,0.0
,FPND,CAUAXI A-3,,9.622181603292978,0.0,0,0.0
,FPND,CAUAXI A-4,,6.947403376358492,0.0,0,0.0
,FPND,COLONE,,0.03612583881449953,0.0,0,0.0
,FPND,CROATA A-1,,5.416410364846041,0.0,0,0.0
,FPND,CROATÃ A-3,,10.795160071023709,0.0,0,0.0
,FPND,CROATA A-5,,21.099619487884148,0.0,0,0.0
,FPND,CROATÃ A-6,,2.6126420620119863,0.0,0,0.0
,FPND,CROATA A-7,,1.655015151215263,0.0,0,0.0
,FPND,DO MEIO,,210.88304469709738,0.0,0,0.0
,FPND,ENGANO,,52.647503098667315,0.0,0,0.0
,FPND,FAZENDA GURUPI,,0.013741669640284096,0.0,0,0.0
,FPND,FORTALEZA - PARTE IV,,95.49300643877773,0.0,0,0.0
,FPND,FORTALEZA IV - ÁREA I,,0.2930022613683119,0.0,0,0.0
,FPND,GARRAFÃO B E D,,44.53004272950343,0.0,0,0.0
,FPND,GLEBA 03,,0.6731314011594732,0.0,0,0.0
,FPND,GLEBA 11,,0.9277835895594914,0.0,0,0.0
,FPND,GLEBA 12 - ÁREA B,,0.15770283275091893,0.0,0,0.0
,FPND,GLEBA 15,,0.37467049971531946,0.0,0,0.0
,FPND,GLEBA 21,,0.7543695240781846,0.0,0,0.0
,FPND,GLEBA 23,,1.1708078553643297,0.0,0,0.0
,FPND,GLEBA ÁGUA LIMPA,,0.9584154947632789,0.0,0,0.0
,FPND,GLEBA BAIANA,,60.109996626640175,0.0,0,0.0
,FPND,GLEBA CROATÁ A2,,23.724052829040815,0.0,0,0.0
,FPND,GLEBA ESTRELA AZUL,,468.640845265749,0.0,0,0.0
,FPND,GLEBA P.I.C. SETOR SUL – MEDICILÂNDIA,,0.5698086457816598,0.0,0,0.0
,FPND,GLEBA PIMENTA,,68.58677447664591,0.0,0,0.0
,FPND,GLEBA RIO GUAMÁ II,,7.416675312910565,0.0,0,0.0
,FPND,GLEBA SÃO JOÃO A,,4.697400890429363,0.0,0,0.0
,FPND,GLEBA SEM NOME NA BASE,,0.8956005655576379,0.0,0,0.0
,FPND,GLEBA SOURE,,0.10242564206560838,0.0,0,0.0
,FPND,GLEBA SURUBIJU A4,,2.9327912444610256,0.0,0,0.0
,FPND,GLEBA SURUBIJU B,,6.295202694179292,0.0,0,0.0
,FPND,GLEBA SURUBIJU C,,1.58197583907673,0.0,0,0.0
,FPND,GUAMÁ II,,42.16724371468477,0.0,0,0.0
,FPND,ITINGA-AÇAILÂNDIA A,,0.007204964279030169,0.0,0,0.0
,FPND,ITINGA C,,1.041586613674723,0.0,0,0.0
,FPND,LIBERDADE,,11.72887110084162,0.0,0,0.0
,FPND,MOJÚ - PARTE 1,,105.64023108484518,0.0,0,0.0
,FPND,MOJÚ - PARTE 2,,27.26595068009908,0.0,0,0.0
,FPND,PACAJÁ,,138.687024122267,0.0,0,0.0
,FPND,PARAGOMINAS A-1,,0.21047459633172877,0.0,0,0.0
,FPND,PARAGOMINAS A-11,,1.651251052250889,0.0,0,0.0
,FPND,PARAGOMINAS A-2,,1.1093063821248694,0.0,0,0.0
,FPND,PARAGOMINAS A-3,,0.5522466214813211,0.0,0,0.0
,FPND,PARAGOMINAS A-4,,1.091727240292817,0.0,0,0.0
,FPND,PARAGOMINAS A-5,,4.872517457626234,0.0,0,0.0
,FPND,PARAGOMINAS A-8,,10.147666580352706,0.0,0,0.0
,FPND,PARAGOMINAS A-9,,4.168460165183483,0.0,0,0.0
,FPND,PARAGOMINAS A6,,0.45845305080816906,0.0,0,0.0
,FPND,PATAUÁ,,7.1016617029964255,0.0,0,0.0
,FPND,PAU DE REMO,,124.42242633444481,0.0,0,0.0
,FPND,PORTEL,,0.3796885227217094,0.0,0,0.0
,FPND,PRAINHA A-9,,0.11809987770235378,0.0,0,0.0
,FPND,PRIMAVERA,,270.5266595997838,0.0,0,0.0
,FPND,REPARTIMENTO - PARTE 2,,13.977426502657524,0.0,0,0.0
,FPND,RIO XINGU,,23.633490738205495,0.0,0,0.0
,FPND,SÃO JOÃO I,,65.63017755443038,0.0,0,0.0
,FPND,SÃO JOÃO III,,48.46719807235652,0.0,0,0.0
,FPND,SORORÓ,,25.197963415711076,0.0,0,0.0
,FPND,SORORÓ PARTE IV,,9.758442513250893,0.0,0,0.0
,FPND,SURUBIJU - LOTEAMENTO CABELUDO,,2.201459872217323,0.0,0,0.0
,FPND,SURUBIJU A2,,1.6115662315805583,0.0,0,0.0
,FPND,TRANSAMAZÖNICA,,46.87835134477821,0.0,0,0.0
,FPND,TUCURUI PARTE 1 A E B,,13.891746981879628,0.0,0,0.0
,FPND,TUCURUI PARTE 2 A E B,,17.5067931273692,0.0,0,0.0
,FPND,TUERÊ,,380.17818447191166,0.0,0,0.0
,FPND,MISTERIOSA,,4.908292863104e-07,0.0,0,0.0
,FPND,TAPIRAPÉ,,4.908292863104e-07,0.0,0,0.0
,FPND,PROJETO DE ASSENTAMENTO CANDEUA (OU LOTE 520  PROJETO DE ASSENTAMENTO CANDEUA),,2.8543308631508086e-07,0.0,0,0.0
,FPND,VILA RUA NOVA,,0.01881917336707149,0.0,0,0.0
,FPND,VILA DE IGARAPÉ DE AREIA,,0.035382229852649716,0.0,0,0.0
,FPND,VILA ENCHE CONCHA,,0.04676199591319185,0.0,0,0.0
,FPND,VILA SÃO FRANCISCO PIRIPINDEUA,,0.03887718412928527,0.0,0,0.0
,FPND,PA OITO BARRACAS,,0.0005177814069884042,0.0,0,0.0
,FPND,PA OITO BARRACAS,,3.532746507400641,0.0,0,0.0
,FPND,PA OITO BARRACAS,,0.003324907851993113,0.0,0,0.0
,FPND,PA SOL NASCENTE,,0.042725699468488226,0.0,0,0.0
,FPND,PA SOL NASCENTE,,0.3847698731476029,0.0,0,0.0
,FPND,PA PIQUIA,,1.9809037370733311,0.0,0,0.0
,FPND,PROJETO DE ASSENTAMENTO CASTANHEIRA,,0.3086779413053319,0.0,0,0.0
,FPND,PA SÃO JOSÉ DO ARAGUAIA,,0.6736367591746744,0.0,0,0.0
,FPND,PA SÃO JOSÉ DO ARAGUAIA,,0.2943587015178271,0.0,0,0.0
,FPND,PROJETO DE ASSENTAMENTO MARIA RITA,,1.1091296170945442,0.0,0,0.0
,FPND,PROJETO DE ASSENTAMENTO MARIA RITA,,0.041959923110396063,0.0,0,0.0
,FPND,PROJETO DE ASSENTAMENTO ENTRE RIOS,,5.0404654375084155,0.0,0,0.0
,FPND,PROJETO DE ASSENTAMENTO PA- GAÚCHA,,0.023013204070543403,0.0,0,0.0
,FPND,PROJETO DE ASSENTAMENTO PA- GAÚCHA,,0.00042886423101040334,0.0,0,0.0
,FPND,PROJETO DE ASSENTAMENTO ENTRE RIOS,,0.02873039313668331,0.0,0,0.0
,FPND,PROJETO DE ASSENTAMENTO VERMELHO E PRETO,,0.2821814497665079,0.0,0,0.0
,FPND,PROJETO DE ASSENTAMENTO VERMELHO E PRETO,,0.11966257580028458,0.0,0,0.0
,FPND,PROJETO DE ASSENTAMENTO ENTRE RIOS III,,28.52120056157999,0.0,0,0.0
,FPND,PROJETO DE ASSENTAMENTO ENTRE RIOS III,,0.011890222027556269,0.0,0,0.0
,FPND,PA NOSSA SENHORA APARECIDA II,,0.23274738330337497,0.0,0,0.0
,FPND,PA SANTO ANTONIO,,0.007050837065573013,0.0,0,0.0
,FPND,PA SANTO ANTONIO,,0.12103537134273744,0.0,0,0.0
,FPND,PROJETO DE ASSENTAMENTO PADRE JOSIMO TAVARES,,0.657576027827515,0.0,0,0.0
,FPND,PA CLEZINHO,,0.19740981253309964,0.0,0,0.0
,FPND,PA CLEZINHO,,0.2414431528908389,0.0,0,0.0
,FPND,PA CLEZINHO,,0.08964733138573548,0.0,0,0.0
,FPND,PA CLEZINHO,,0.504450308181074,0.0,0,0.0
,FPND,PA CLEZINHO,,0.023320667841106327,0.0,0,0.0
,FPND,PA CLEZINHO,,1.4776702165177307e-05,0.0,0,0.0
,FPND,PA CLEZINHO,,0.0196554852004147,0.0,0,0.0
,FPND,PA CLEZINHO,,2.364046548348607,0.0,0,0.0
,FPND,PROJETO DE ASSENTAMENTO ÁGUA BRANCA,,0.00011866243798665127,0.0,0,0.0
,FPND,SÍTIO SANTA MARIA,,3.366581272424246e-06,0.0,0,0.0
,FPND,PA CLEZINHO,,0.00010428264413780825,0.0,0,0.0
,FPND,PA CLEZINHO,,0.31466219995373806,0.0,0,0.0
,FPND,PROJETO DE ASSENTAMENTO SÃO GERALDO,,0.006402898225569707,0.0,0,0.0
,FPND,PROJETO DE ASSENTAMENTO SÃO GERALDO,,3.0253922831922857e-05,0.0,0,0.0
,FPND,PA SERRA QUEBRADA - LOTE 18,,0.016282479218526887,0.0,0,0.0
,FPND,PA SERRA QUEBRADA - LOTE 18,,0.019059791973246042,0.0,0,0.0
,FPND,PA SERRA QUEBRADA - LOTE 20,,0.012798543473040385,0.0,0,0.0
,FPND,PA SERRA QUEBRADA - LOTE 20,,0.03885825778467059,0.0,0,0.0
,FPND,PROJETO DE ASSENTAMENTO SERRA QUEBRADA,,0.10681078848705129,0.0,0,0.0
,FPND,PROJETO DE ASSENTAMENTO SERRA QUEBRADA,,0.010545073860529261,0.0,0,0.0
,FPND,PROJETO DE ASSENTAMENTO SERRA QUEBRADA,,0.08283493207031381,0.0,0,0.0
,FPND,PROJETO DE ASSENTAMENTO SERRA QUEBRADA,,0.024106931922939265,0.0,0,0.0
,FPND,PROJETO DE ASSENTAMENTO SERRA QUEBRADA,,0.4406628641023117,0.0,0,0.0
,FPND,PA GRANDE VITORIA LOTE-65,,0.07389077711039474,0.0,0,0.0
,FPND,PA GRANDE VITORIA LOTE-65,,0.04092868316230889,0.0,0,0.0
,FPND,PA GRANDE VITORIA LOTE-69,,0.028313677750702867,0.0,0,0.0
,FPND,PA SABINO SÃO PEDRO,,0.0005891414496368733,0.0,0,0.0
,FPND,PROJETO DE ASSENTAMENTO BELO VALE,,0.012116545240707126,0.0,0,0.0
,FPND,PROJETO DE ASSENTAMENTO GRANDE VITORIA,,0.010972158642399928,0.0,0,0.0
,FPND,PROJETO DE ASSENTAMENTO GRANDE VITORIA,,0.14143445795027296,0.0,0,0.0
,FPND,PROJETO DE ASSENTAMENTO GRANDE VITORIA,,0.005875350122085539,0.0,0,0.0
,FPND,PROJETO DE ASSENTAMENTO GRANDE VITORIA,,0.024012259969638534,0.0,0,0.0
,FPND,PROJETO DE ASSENTAMENTO GRANDE VITORIA,,0.07685578778246038,0.0,0,0.0
,FPND,PROJETO DE ASSENTAMENTO GRANDE VITORIA,,0.12118064604277162,0.0,0,0.0
,FPND,PROJETO DE ASSENTAMENTO GRANDE VITORIA,,0.001018655573477662,0.0,0,0.0
,FPND,PROJETO DE ASSENTAMENTO GRANDE VITORIA,,0.04571427507736093,0.0,0,0.0
,FPND,PROJETO DE ASSENTAMENTO GRANDE VITORIA,,0.043048326813414146,0.0,0,0.0
,FPND,PROJETO DE ASSENTAMENTO GRANDE VITORIA,,0.23551762678071173,0.0,0,0.0
,FPND,PROJETO DE ASSENTAMENTO GRANDE VITORIA,,0.19664729151804872,0.0,0,0.0
,FPND,PROJETO DE ASSENTAMENTO GRANDE VITORIA,,0.03281177054831791,0.0,0,0.0
,FPND,PROJETO DE ASSENTAMENTO GRANDE VITORIA,,0.13366941853384173,0.0,0,0.0
,FPND,PA CRISTO REIS,,0.0027860674368013812,0.0,0,0.0
,FPND,PA CRISTO REIS,,0.005471925838466043,0.0,0,0.0
,FPND,PA GRANDE VITORIA LOTE-75,,0.04511852725242494,0.0,0,0.0
,FPND,PA GRANDE VITORIA LOTE-75,,0.00853835994471658,0.0,0,0.0
,FPND,PROJETO DE ASSENTAMENTO GRANDE VITORIA,,0.015376342818943806,0.0,0,0.0
,FPND,PROJETO DE ASSENTAMENTO GRANDE VITORIA,,0.0004980765617690391,0.0,0,0.0
,FPND,PROJETO DE ASSENTAMENTO GRANDE VITORIA,,0.004769395100642768,0.0,0,0.0
,FPND,PROJETO DE ASSENTAMENTO GRANDE VITORIA,,0.09024384534369674,0.0,0,0.0
,FPND,P.A PALMEIRA JUSSARA  LOTE 11,,0.014071080487580821,0.0,0,0.0
,FPND,PA BURGO - LOTE 12,,3.306106966989991e-06,0.0,0,0.0
,FPND,PA BURGO - LOTE 45,,0.010727911958156767,0.0,0,0.0
,FPND,PA BURGO - LOTE 64,,0.00430000148267709,0.0,0,0.0
,FPND,PA BURGO  LOTE 46,,0.0022550300415305562,0.0,0,0.0
,FPND,PA BURGO  LOTE 46,,0.06510567693784604,0.0,0,0.0
,FPND,PA BURGO  LOTE 47,,0.006467276066336028,0.0,0,0.0
,FPND,PA BURGO  LOTE 47,,0.005246779499104131,0.0,0,0.0
,FPND,PA BURGO  LOTE 47,,0.0010436233351109687,0.0,0,0.0
,FPND,PA BURGO  LOTE 47,,0.1024230642157508,0.0,0,0.0
,FPND,PA BURGO  LOTE 49,,0.016589799216086464,0.0,0,0.0
,FPND,PA BURGO  LOTE 51,,0.00385696996220755,0.0,0,0.0
,FPND,PA BURGO  LOTE 53,,0.0035463582350526613,0.0,0,0.0
,FPND,PA BURGO  LOTE 53,,0.048632699059006676,0.0,0,0.0
,FPND,PA BURGO  LOTE 61,,0.02251303725419472,0.0,0,0.0
,FPND,PA BURGO  LOTE 61,,0.04880593645133966,0.0,0,0.0
,FPND,PA BURGO  LOTE 62,,0.011607047682370966,0.0,0,0.0
,FPND,PA BURGO  LOTE 62,,7.514761866354106e-06,0.0,0,0.0
,FPND,PROJETO DE ASSENTAMENTO BELO VALE,,0.08582981989766497,0.0,0,0.0
,FPND,PROJETO DE ASSENTAMENTO BURGO,,0.47982284851882184,0.0,0,0.0
,FPND,PA BOA ESPERANÇA DO BURGO,,0.005452889001198741,0.0,0,0.0
,FPND,PA GRANDE VITORIA - LOTE 04,,0.004908715582899496,0.0,0,0.0
,FPND,PA GRANDE VITORIA - LOTE 04,,0.026487930575900584,0.0,0,0.0
,FPND,PA. BOA ESPERANÇA DO BURGO LOTE 29,,0.08148974894105201,0.0,0,0.0
,FPND,PA. BOA ESPERANÇA DO BURGO LOTE 60,,0.0031763541151333266,0.0,0,0.0
,FPND,PA. BOA ESPERANÇA DO BURGO LOTE 60,,0.027288874554969977,0.0,0,0.0
,FPND,PA. BOA ESPERANÇA DO BURGO LOTE 79,,0.0038352127066799135,0.0,0,0.0
,FPND,PA. BOA ESPERANÇA DO BURGO LOTE 79,,0.08714943053241649,0.0,0,0.0
,FPND,PA. BOA ESPERANÇA DO BURGO LOTE 93,,0.011031137437133081,0.0,0,0.0
,FPND,PROJETO DE ASSENTAMENTO GRANDE VITORIA,,0.0029767557880827984,0.0,0,0.0
,FPND,PROJETO DE ASSENTAMENTO GRANDE VITORIA,,0.13819965355260025,0.0,0,0.0
,FPND,PROJETO DE ASSENTAMENTO GRANDE VITORIA,,0.0019755489284472034,0.0,0,0.0
,FPND,PROJETO DE ASSENTAMENTO GRANDE VITORIA,,0.20074419801755583,0.0,0,0.0
,FPND,PROJETO DE ASSENTAMENTO GRANDE VITORIA,,0.2631502408310992,0.0,0,0.0
,FPND,PROJETO DE ASSENTAMENTO GRANDE VITORIA,,0.12516853820571905,0.0,0,0.0
,FPND,PROJETO DE ASSENTAMENTO GRANDE VITORIA,,0.05877739528130307,0.0,0,0.0
,FPND,PROJETO DE ASSENTAMENTO GRANDE VITORIA,,0.6951042321447272,0.0,0,0.0
,FPND,PA 21 DE ABRIL,,0.2688807228036085,0.0,0,0.0
,FPND,PA 21 DE ABRIL,,0.11274869616190494,0.0,0,0.0
,FPND,PA 21 DE ABRIL,,0.2560764815550622,0.0,0,0.0
,FPND,PA VENEZA,,0.0072221339537353125,0.0,0,0.0
,FPND,PROJETO DE ASSENTAMENTO 1 DE MARÇO,,0.00963005851916781,0.0,0,0.0
,FPND,PROJETO DE ASSENTAMENTO 1 DE MARÇO,,13.413081476389749,0.0,0,0.0
,FPND,PROJETO DE ASSENTAMENTO 1 DE MARÇO,,0.009044827177225205,0.0,0,0.0
,FPND,PROJETO DE ASSENTAMENTO 1 DE MARÇO,,1.2722721544001065,0.0,0,0.0
,FPND,PROJETO DE ASSENTAMENTO UBÁ,,0.061382573062532,0.0,0,0.0
,FPND,PROJETO DE ASSENTAMENTO UBÁ,,0.2623517615300976,0.0,0,0.0
,FPND,PA VENEZA,,6.186817202268878,0.0,0,0.0
,FPND,PROJETO DE ASSENTAMENTO UBÁ,,0.23202720767764304,0.0,0,0.0
,FPND,PA BETH,,1.2983587381911632,0.0,0,0.0
,FPND,PA BETH,,0.1432306230686718,0.0,0,0.0
,FPND,PROJETO DE ASSENTAMENTO PATAUÁ,,0.1282874042925816,0.0,0,0.0
,FPND,PROJETO DE ASSENTAMENTO PATAUÁ,,2.9973878225654658,0.0,0,0.0
,FPND,P.A PALMEIRA JUSSARA,,1.3061499715753331e-05,0.0,0,0.0
,FPND,P.A PALMEIRA JUSSARA,,0.02298741474159044,0.0,0,0.0
,FPND,P.A PALMEIRA JUSSARA,,0.05041082390848928,0.0,0,0.0
,FPND,P.A PALMEIRA JUSSARA,,0.00022875701938062894,0.0,0,0.0
,FPND,P.A PALMEIRA JUSSARA,,0.10441537222794324,0.0,0,0.0
,FPND,P.A PALMEIRA JUSSARA,,0.7993715348314651,0.0,0,0.0
,FPND,P.A PALMEIRA JUSSARA - LOTE 05,,0.0011474785866826584,0.0,0,0.0
,FPND,P.A PALMEIRA JUSSARA  LOTE 12,,0.017986588688906645,0.0,0,0.0
,FPND,P.A PALMEIRA JUSSARA  LOTE 34,,0.1405121295773955,0.0,0,0.0
,FPND,P.A PALMEIRA JUSSARA  LOTE 34,,0.009416826719262077,0.0,0,0.0
,FPND,PA ALEGRIA,,0.03304147731835407,0.0,0,0.0
,FPND,PA ALEGRIA  LOTE 02,,0.00436675657227213,0.0,0,0.0
,FPND,PA BELO VALE LOTE-42,,0.0007335902271539368,0.0,0,0.0
,FPND,PA BURGO  LOTE 65,,0.007837393502190102,0.0,0,0.0
,FPND,PA BURGO  LOTE 65,,0.001830733776534432,0.0,0,0.0
,FPND,PROJETO DE ASSENTAMENTO BELO VALE,,1.5198421842907803,0.0,0,0.0
,FPND,PA BURGO - LOTE 04,,0.05579444331136248,0.0,0,0.0
,FPND,PA BURGO - LOTE 19,,0.0007668031545790139,0.0,0,0.0
,FPND,PA BURGO - LOTE 19,,9.10129879998356e-05,0.0,0,0.0
,FPND,PA BURGO - LOTE 39,,0.0014308518509313854,0.0,0,0.0
,FPND,PA BURGO - LOTE 45,,0.044233135147950735,0.0,0,0.0
,FPND,PA BURGO  LOTE 02,,0.051238820209922716,0.0,0,0.0
,FPND,PA BURGO  LOTE 03,,0.11131915947130583,0.0,0,0.0
,FPND,PA BURGO  LOTE 08,,0.06587610950365563,0.0,0,0.0
,FPND,PA BURGO  LOTE 14,,0.00042881130615117654,0.0,0,0.0
,FPND,PA BURGO  LOTE 16,,0.0004808604753953816,0.0,0,0.0
,FPND,PA BURGO  LOTE 16,,0.0213354612085583,0.0,0,0.0
,FPND,PA BURGO  LOTE 17,,0.00718286314929237,0.0,0,0.0
,FPND,PA BURGO  LOTE 21,,0.005039239041226952,0.0,0,0.0
,FPND,PA BURGO  LOTE 22,,0.0021848873639963686,0.0,0,0.0
,FPND,PA BURGO  LOTE 37,,0.007501156938087779,0.0,0,0.0
,FPND,PA BURGO  LOTE 40,,0.007464321106607053,0.0,0,0.0
,FPND,PA BURGO  LOTE 43,,0.0016588257379080886,0.0,0,0.0
,FPND,PA BURGO  LOTE 46,,0.02926484414878783,0.0,0,0.0
,FPND,PA BURGO LOTE 28,,0.0029101417293274307,0.0,0,0.0
,FPND,PROJETO DE ASSENTAMENTO BURGO,,0.060731053105208745,0.0,0,0.0
,FPND,PA BOA ESPERANÇA DO BURGO,,0.10727338817139218,0.0,0,0.0
,FPND,PA BURGO  LOTE 16,,0.000535922973365282,0.0,0,0.0
,FPND,PA BURGO  LOTE 16,,0.0954603695439576,0.0,0,0.0
,FPND,PA BURGO LOTE  20,,0.06677003115894194,0.0,0,0.0
,FPND,PA. BOA ESPERANÇA DO BURGO LOTE 104,,0.0038839361338624968,0.0,0,0.0
,FPND,PA. BOA ESPERANÇA DO BURGO LOTE 114,,0.014753031368143276,0.0,0,0.0
,FPND,PA. BOA ESPERANÇA DO BURGO LOTE 114,,0.04426356721266344,0.0,0,0.0
,FPND,PROJETO DE ASSENTAMENTO CASTANHEIRA,,10.236552754052756,0.0,0,0.0
,FPND,PROJETO DE ASSENTAMENTO CINZEIRO,,0.02509730907448326,0.0,0,0.0
,FPND,PROJETO DE ASSENTAMENTO SÃO FRANCISCO,,2.5919997291244337,0.0,0,0.0
,FPND,PA SANTA MARIA DO PONTAL,,0.08312758530514797,0.0,0,0.0
,FPND,PA SANTA MARIA DO PONTAL,,2.10460576254134,0.0,0,0.0
,FPND,PERÍMETRO PA BELO MIRAR,,0.7203140275055631,0.0,0,0.0
,FPND,PERÍMETRO PA BELO MIRAR,,1.316932468495031,0.0,0,0.0
,FPND,PROJETO DE ASSENTAMENTO NOSSA SENHORA DAS GRAÇAS,,0.5003046458880966,0.0,0,0.0
,FPND,PROJETO DE ASSENTAMENTO NOSSA SENHORA DAS GRAÇAS,,1.020316067478692,0.0,0,0.0
,FPND,PAS FAZENDA BAMERINDUS,,9.018872788918594,0.0,0,0.0
,FPND,PAS FAZENDA BAMERINDUS,,0.06527478971452418,0.0,0,0.0
,FPND,PROJETO DE ASSENTAMENTO AGUA FRIA,,2.3216575088410547,0.0,0,0.0
,FPND,PROJETO DE ASSENTAMENTO AGUA FRIA,,0.043196040868839644,0.0,0,0.0
,FPND,PROJETO DE ASSENTAMENTO AGUA FRIA,,2.187998222124968,0.0,0,0.0
,FPND,PROJETO DE ASSENTAMENTO SÃO FRANCISCO,,0.08238084516982722,0.0,0,0.0
,FPND,PROJETO DE ASSENTAMENTO PALMARES SUL,,0.0006131698042417813,0.0,0,0.0
,FPND,PROJETO DE ASSENTAMENTO PALMARES SUL,,0.005613856718006711,0.0,0,0.0
,FPND,PROJETO DE ASSENTAMENTO PALMARES SUL,,0.0011773487068215203,0.0,0,0.0
,FPND,PROJETO DE ASSENTAMENTO BRASÍLIA,,3.4156520737004694e-05,0.0,0,0.0
,FPND,PROJETO DE ASSENTAMENTO BRASÍLIA,,0.0016686158874452896,0.0,0,0.0
,FPND,PROJETO DE ASSENTAMENTO REDENÇÃO,,0.06516439959544076,0.0,0,0.0
,FPND,PROJETO DE ASSENTAMENTO REDENÇÃO,,1.232273404412152,0.0,0,0.0
,FPND,PROJETO DE ASSENTAMENTO RIO BRANCO II,,0.03444130241061037,0.0,0,0.0
,FPND,PROJETO DE ASSENTAMENTO GRANDE VITORIA,,0.18366760243822164,0.0,0,0.0
,FPND,PROJETO DE ASSENTAMENTO GRANDE VITORIA,,0.6288262142424181,0.0,0,0.0
,FPND,PROJETO DE ASSENTAMENTO JOSÉ PINHEIRO,,0.22561085540125222,0.0,0,0.0
,FPND,PA JARDIM,,2.7154870961661358e-05,0.0,0,0.0
,FPND,PA JERUSALEM,,0.10345388581629753,0.0,0,0.0
,FPND,PA JERUSALEM,,1.6812596687588612,0.0,0,0.0
,FPND,PA JERUSALEM,,0.2166180987588774,0.0,0,0.0
,FPND,PROJETO DE ASSENTAMENTO BOM JARDIM DA VOLTINHA,,0.002559571601817349,0.0,0,0.0
,FPND,PROJETO DE ASSENTAMENTO CARIMÃ,,0.01621852512903482,0.0,0,0.0
,FPND,PROJETO DE ASSENTAMENTO CARIMÃ,,2.857559608468302,0.0,0,0.0
,FPND,PROJETO DE ASSENTAMENTO ITACAIUNAS AÇU,,1.0411205942696547e-05,0.0,0,0.0
,FPND,PROJETO DE ASSENTAMENTO LANA,,0.19117599969229757,0.0,0,0.0
,FPND,PROJETO DE ASSENTAMENTO LANA,,4.867714285556985,0.0,0,0.0
,FPND,PROJETO DE ASSENTAMENTO RIO BRANCO I,,0.5696223950459335,0.0,0,0.0
,FPND,PROJETO DE ASSENTAMENTO RIO BRANCO II,,0.8231418064381649,0.0,0,0.0
,FPND,PROJETO DE ASSENTAMENTO RIO BRANCO II,,10.220232626755745,0.0,0,0.0
,FPND,PROJETO DE ASSENTAMENTO VALE DA LIBERDADE,,0.02119491534456371,0.0,0,0.0
,FPND,PROJETO ASSENTAMENTO POUSO ALEGRE,,0.00015381910801860838,0.0,0,0.0
,FPND,PROJETO DE ASSENTAMENTO DOS BANDEIRANTES,,0.0011532236110460069,0.0,0,0.0
,FPND,PROJETO DE ASSENTAMENTO ESTRELA DO NORTE,,0.0058231946880128085,0.0,0,0.0
,FPND,PROJETO DE ASSENTAMENTO JOSÉ PINHEIRO,,5.9474938992025255,0.0,0,0.0
,FPND,PA MARAVILHA,,0.012385191721750451,0.0,0,0.0
,FPND,PA MARAVILHA,,0.029894431960343158,0.0,0,0.0
,FPND,PROJETO DE ASSENTAMENTO TERRA PARA PAZ,,0.1509196864576735,0.0,0,0.0
,FPND,PROJETO DE ASSENTAMENTO TERRA PARA PAZ,,0.27408742492356997,0.0,0,0.0
,FPND,PROJETO DE ASSENTAMENTO TERRA PARA PAZ,,0.0007792739362780206,0.0,0,0.0
,FPND,PROJETO DE ASSENTAMENTO TERRA PARA PAZ,,0.06022679692014649,0.0,0,0.0
,FPND,PROJETO DE ASSENTAMENTO TERRA PARA PAZ,,0.09625679593295536,0.0,0,0.0
,FPND,PROJETO DE ASSENTAMENTO TERRA PARA PAZ,,0.014253092171303251,0.0,0,0.0
,FPND,PROJETO DE ASSENTAMENTO BUERU,,0.19670370498826523,0.0,0,0.0
,FPND,PROJETO DE ASSENTAMENTO ARAGUAXIM II - PERÍMETRO,,0.598793588090253,0.0,0,0.0
,FPND,PROJETO DE ASSENTAMENTO ARAGUAXIM II - PERÍMETRO,,1.0052529249076234,0.0,0,0.0
,FPND,PROJETO DE ASSENTAMENTO ARAGUAXIM II - PERÍMETRO,,0.18059741413461128,0.0,0,0.0
,FPND,PROJETO DE ASSENTAMENTO ARAGUAXIM II - PERÍMETRO,,1.7405088528793933,0.0,0,0.0
,FPND,PROJETO DE ASSENTAMENTO ARAGUAXIM II - PERÍMETRO,,0.2032594955878724,0.0,0,0.0
,FPND,PROJETO DE ASSENTAMENTO ARAGUAXIM II - PERÍMETRO,,51.81882780016802,0.0,0,0.0
,FPND,PROJETO DE ASSENTAMENTO ARAGUAXIM II - PERÍMETRO,,0.5750327705267281,0.0,0,0.0
,FPND,PROJETO DE ASSENTAMENTO PA CAPSS,,0.06559822564281818,0.0,0,0.0
,FPND,PROJETO DE ASSENTAMENTO PA CAPSS,,0.018897507191632294,0.0,0,0.0
,FPND,PROJETO DE ASSENTAMENTO PA CAPSS,,0.23337888052310962,0.0,0,0.0
,FPND,PROJETO DE ASSENTAMENTO BRASIL 500,,0.058403013750117395,0.0,0,0.0
,FPND,PROJETO DE ASSENTAMENTO BRASIL 500,,0.8977283403581684,0.0,0,0.0
,FPND,PROJETO DE ASSENTAMENTO SUÇUAPARA,,12.124089625273701,0.0,0,0.0
,FPND,PROJETO DE ASSENTAMENTO SUÇUAPARA,,2.8115776507806927,0.0,0,0.0
,FPND,PROJETO DE ASSENTAMENTO ASSURINI,,0.192975321270789,0.0,0,0.0
,FPND,PROJETO DE ASSENTAMENTO ASSURINI,,0.23533276943377626,0.0,0,0.0
,FPND,PROJETO DE ASSENTAMENTO TANCREDO NEVES,,0.07112037583972568,0.0,0,0.0
,FPND,PROJETO DE ASSENTAMENTO TANCREDO NEVES,,0.0029639763857161458,0.0,0,0.0
,FPND,PA BARRA MANSA,,15.540338016184903,0.0,0,0.0
,FPND,PROJETO DE ASSENTAMENTO COLÔNIA SÃO JOSE DO XINGU,,0.05970062385711809,0.0,0,0.0
,FPND,PROJETO DE ASSENTAMENTO COLÔNIA SÃO JOSE DO XINGU,,0.134424821066966,0.0,0,0.0
,FPND,PA MATA VERDE,,1.603700383862392,0.0,0,0.0
,FPND,PA MATA VERDE,,2.6743188705627867,0.0,0,0.0
,FPND,PA MATA VERDE,,0.22982121157645793,0.0,0,0.0
,FPND,PA MATA VERDE,,0.27283662242602313,0.0,0,0.0
,FPND,PA MATA VERDE,,0.058633020465987375,0.0,0,0.0
,FPND,PA MATA VERDE,,2.685860194085193,0.0,0,0.0
,FPND,PA MATA VERDE,,0.03887659813837371,0.0,0,0.0
,FPND,PA PIQUIA,,0.643944318915163,0.0,0,0.0
,FPND,PA SÃO JOSÉ DO ARAGUAIA,,0.01714868900451349,0.0,0,0.0
,FPND,PA VENEZA,,0.14501451739565221,0.0,0,0.0
,FPND,PA VENEZA,,0.002420841345314608,0.0,0,0.0
,FPND,PA VENEZA,,0.055556532064172374,0.0,0,0.0
,FPND,PA VENEZA,,0.9282941702737287,0.0,0,0.0
,FPND,PA VENEZA,,0.3870649132748586,0.0,0,0.0
,FPND,PA VENEZA,,0.11083238477384354,0.0,0,0.0
,FPND,PA VENEZA,,0.04780323880741213,0.0,0,0.0
,FPND,PA VENEZA,,0.13440360773060198,0.0,0,0.0
,FPND,PA VENEZA (OU FAZENDA VITORIA - LOTE 155),,0.06139258806501991,0.0,0,0.0
,FPND,PAS FAZENDA BAMERINDUS,,0.04941007815319135,0.0,0,0.0
,FPND,PROJETO ASSENTAMENTO ALVORADA,,0.305763854555208,0.0,0,0.0
,FPND,PROJETO ASSENTAMENTO ALVORADA,,0.719388199976911,0.0,0,0.0
,FPND,PROJETO DE ASSENTAMENTO 1 DE MARÇO,,0.008757862821408495,0.0,0,0.0
,FPND,PROJETO DE ASSENTAMENTO 4 DE JUNHO,,1.1885193921490613,0.0,0,0.0
,FPND,PROJETO DE ASSENTAMENTO 4 DE JUNHO,,0.00856160515266099,0.0,0,0.0
,FPND,PROJETO DE ASSENTAMENTO 4 DE JUNHO,,0.061343544894630675,0.0,0,0.0
,FPND,PROJETO DE ASSENTAMENTO BELA VISTA,,0.48249860130157973,0.0,0,0.0
,FPND,PROJETO DE ASSENTAMENTO BELA VISTA,,0.19975262384191397,0.0,0,0.0
,FPND,PROJETO DE ASSENTAMENTO BELA VISTA,,0.0023992260724297783,0.0,0,0.0
,FPND,PROJETO DE ASSENTAMENTO BELA VISTA,,4.827154676425158,0.0,0,0.0
,FPND,PROJETO DE ASSENTAMENTO BELA VISTA,,5.317208773326157,0.0,0,0.0
,FPND,PROJETO DE ASSENTAMENTO BRASIL 500,,0.008240418528758692,0.0,0,0.0
,FPND,PROJETO DE ASSENTAMENTO BRASIL 500,,0.07168663578552995,0.0,0,0.0
,FPND,PROJETO DE ASSENTAMENTO BRASIL 500,,0.03434783609181454,0.0,0,0.0
,FPND,PROJETO DE ASSENTAMENTO BRASIL 500,,0.8156929420910369,0.0,0,0.0
,FPND,PROJETO DE ASSENTAMENTO BRASIL 500,,1.0403955353244034,0.0,0,0.0
,FPND,PROJETO DE ASSENTAMENTO BRASIL 500,,0.7143765714123411,0.0,0,0.0
,FPND,PROJETO DE ASSENTAMENTO BRASIL 500,,0.00023281249778665474,0.0,0,0.0
,FPND,PROJETO DE ASSENTAMENTO CASTANHEIRA,,0.00030672479575626267,0.0,0,0.0
,FPND,PROJETO DE ASSENTAMENTO ESCADA ALTA,,2.012312950104029,0.0,0,0.0
,FPND,PROJETO DE ASSENTAMENTO ESCADA ALTA,,0.06660726728836455,0.0,0,0.0
,FPND,PROJETO DE ASSENTAMENTO ESCADA ALTA,,0.18227660453274092,0.0,0,0.0
,FPND,PROJETO DE ASSENTAMENTO ESCADA ALTA,,1.8163593944812104,0.0,0,0.0
,FPND,PROJETO DE ASSENTAMENTO ESCADA ALTA,,0.03312717718497203,0.0,0,0.0
,FPND,PROJETO DE ASSENTAMENTO ESCADA ALTA,,0.0010860423172372948,0.0,0,0.0
,FPND,PROJETO DE ASSENTAMENTO JOÃO LANARI DO VAL  PERÍMETRO,,0.000478084263764163,0.0,0,0.0
,FPND,PROJETO DE ASSENTAMENTO JOÃO LANARI DO VAL  PERÍMETRO,,3.1310066877858547,0.0,0,0.0
,FPND,PROJETO DE ASSENTAMENTO JOÃO LANARI DO VAL  PERÍMETRO,,2.553317211938782,0.0,0,0.0
,FPND,PROJETO DE ASSENTAMENTO JOÃO LANARI DO VAL  PERÍMETRO,,2.269579806550789,0.0,0,0.0
,FPND,PROJETO DE ASSENTAMENTO MARINGÁ,,0.9299841151169227,0.0,0,0.0
,FPND,PROJETO DE ASSENTAMENTO MARINGÁ,,0.20972141687549528,0.0,0,0.0
,FPND,PROJETO DE ASSENTAMENTO MARINGÁ,,2.503721701535377,0.0,0,0.0
,FPND,PROJETO DE ASSENTAMENTO MARINGÁ,,0.059163862648750926,0.0,0,0.0
,FPND,PROJETO DE ASSENTAMENTO PANORAMA,,0.014283353528080833,0.0,0,0.0
,FPND,PROJETO DE ASSENTAMENTO PANORAMA,,1.2756818101963645,0.0,0,0.0
,FPND,PROJETO DE ASSENTAMENTO PARAISO DO ARAGUAIA,,0.041687214054922664,0.0,0,0.0
,FPND,PROJETO DE ASSENTAMENTO PARAISO DO ARAGUAIA,,0.9731148338563204,0.0,0,0.0
,FPND,PROJETO DE ASSENTAMENTO PARAISO DO ARAGUAIA,,8.214947037678598,0.0,0,0.0
,FPND,PROJETO DE ASSENTAMENTO PARAISO DO ARAGUAIA,,0.1296386436461286,0.0,0,0.0
,FPND,PROJETO DE ASSENTAMENTO PATAUÁ,,0.054243438202685415,0.0,0,0.0
,FPND,PROJETO DE ASSENTAMENTO PATAUÁ,,0.0004325852664953859,0.0,0,0.0
,FPND,PROJETO DE ASSENTAMENTO PATAUÁ,,0.004037247664746145,0.0,0,0.0
,FPND,PROJETO DE ASSENTAMENTO PATAUÁ,,0.0046290865191009525,0.0,0,0.0
,FPND,PROJETO DE ASSENTAMENTO PATAUÁ,,0.04579965587827966,0.0,0,0.0
,FPND,PROJETO DE ASSENTAMENTO PATAUÁ,,0.0068629557077500535,0.0,0,0.0
,FPND,PROJETO DE ASSENTAMENTO PATAUÁ,,0.07285087679853472,0.0,0,0.0
,FPND,PROJETO DE ASSENTAMENTO PATAUÁ,,0.030215507505578453,0.0,0,0.0
,FPND,PROJETO DE ASSENTAMENTO PATAUÁ,,0.14756166236540888,0.0,0,0.0
,FPND,PROJETO DE ASSENTAMENTO PATAUÁ,,0.0002192623001610718,0.0,0,0.0
,FPND,PROJETO DE ASSENTAMENTO PEDRO ALCANTARA (PARTE 01),,3.21181197445885,0.0,0,0.0
,FPND,PROJETO DE ASSENTAMENTO PEDRO ALCANTARA (PARTE 01),,0.005299510542241781,0.0,0,0.0
,FPND,PROJETO DE ASSENTAMENTO PEDRO ALCANTARA (PARTE 02),,0.0067857690890135965,0.0,0,0.0
,FPND,PROJETO DE ASSENTAMENTO PIMENTEIRA,,0.040725843729812146,0.0,0,0.0
,FPND,PROJETO DE ASSENTAMENTO PIMENTEIRA,,0.0003096385404720099,0.0,0,0.0
,FPND,PROJETO DE ASSENTAMENTO PIMENTEIRA,,4.593995475799244,0.0,0,0.0
,FPND,PROJETO DE ASSENTAMENTO PIMENTEIRA,,0.02051268102835923,0.0,0,0.0
,FPND,PROJETO DE ASSENTAMENTO PIMENTEIRA,,0.30802416024113355,0.0,0,0.0
,FPND,PROJETO DE ASSENTAMENTO PIMENTEIRA,,0.08039201360868226,0.0,0,0.0
,FPND,PROJETO DE ASSENTAMENTO SANTA CRISTINA,,0.4684819027780008,0.0,0,0.0
,FPND,PROJETO DE ASSENTAMENTO SANTA CRISTINA,,7.004871699412196,0.0,0,0.0
,FPND,PROJETO DE ASSENTAMENTO SÃO FRANCISCO,,2.7672942476338616,0.0,0,0.0
,FPND,PROJETO DE ASSENTAMENTO SUÇUAPARA,,0.39461308809190787,0.0,0,0.0
,FPND,PROJETOS DE ASSENTAMENTOS P.A CONCEIÇÃO E HERMINIO BRITO,,0.0024332796514168224,0.0,0,0.0
,FPND,PROJETOS DE ASSENTAMENTOS P.A CONCEIÇÃO E HERMINIO BRITO,,1.7249076963166585,0.0,0,0.0
,FPND,PROJETOS DE ASSENTAMENTOS P.A CONCEIÇÃO E HERMINIO BRITO,,1.1089016839818169,0.0,0,0.0
,FPND,PROJETOS DE ASSENTAMENTOS P.A CONCEIÇÃO E HERMINIO BRITO,,2.009356908448872,0.0,0,0.0
,FPND,PROJETOS DE ASSENTAMENTOS P.A CONCEIÇÃO E HERMINIO BRITO,,9.601976336804166,0.0,0,0.0
,FPND,PROJETOS DE ASSENTAMENTOS P.A CONCEIÇÃO E HERMINIO BRITO,,58.358635333373385,0.0,0,0.0
,FPND,PROJETOS DE ASSENTAMENTOS P.A CONCEIÇÃO E HERMINIO BRITO,,62.33096742168002,0.0,0,0.0
,FPND,PROJETOS DE ASSENTAMENTOS P.A CONCEIÇÃO E HERMINIO BRITO,,0.21322689753949953,0.0,0,0.0
,FPND,PROJETOS DE ASSENTAMENTOS P.A CONCEIÇÃO E HERMINIO BRITO,,0.03639419043347862,0.0,0,0.0
,FPND,PROJETOS DE ASSENTAMENTOS P.A CONCEIÇÃO E HERMINIO BRITO,,0.07744449183460386,0.0,0,0.0
,FPND,PROJETOS DE ASSENTAMENTOS P.A CONCEIÇÃO E HERMINIO BRITO,,0.40447795411263726,0.0,0,0.0
,FPND,PROJETO DE ASSENTAMENTO BELA VISTA,,0.02589945439695597,0.0,0,0.0
,FPND,LOTE- 37-P.A OLHO D AGUA I,,0.12737446711266323,0.0,0,0.0
,FPND,LOTE-34-P.A OLHO D AGUA I,,0.07134417216460683,0.0,0,0.0
,FPND,LOTE 04  P.A. SERRA NEGRA,,0.07886809986020864,0.0,0,0.0
,FPND,LOTE 05  06  P.A. SERRA NEGRA,,0.06236503565244616,0.0,0,0.0
,FPND,LOTE 07  08  09  10 P.A. SERRA NEGRA,,2.0590163189594864e-05,0.0,0,0.0
,FPND,LOTE 14  15  20 P.A. SERRA NEGRA,,0.027953365700481864,0.0,0,0.0
,FPND,LOTE 14  15  20 P.A. SERRA NEGRA,,0.012903836298598589,0.0,0,0.0
,FPND,LOTE 16  17 P.A. SERRA NEGRA,,0.013783763726680347,0.0,0,0.0
,FPND,LOTE 18 P.A. SERRA NEGRA,,0.009438624493996664,0.0,0,0.0
,FPND,LOTE 18 P.A. SERRA NEGRA,,0.00630764483550249,0.0,0,0.0
,FPND,LOTE 23 P.A. SERRA NEGRA,,0.05611814392518437,0.0,0,0.0
,FPND,LOTE 25 P.A. SERRA NEGRA,,0.057222859905729985,0.0,0,0.0
,FPND,LOTE 31  45 P.A. SERRA NEGRA,,0.0011442132449991577,0.0,0,0.0
,FPND,LOTE 36 P.A. SERRA NEGRA,,0.016798066596517083,0.0,0,0.0
,FPND,LOTE 37-A P.A. SERRA NEGRA,,0.007503521627758363,0.0,0,0.0
,FPND,LOTE 37-C P.A. SERRA NEGRA,,0.0044425021411206534,0.0,0,0.0
,FPND,LOTE 38-A P.A. SERRA NEGRA,,0.010135723241735086,0.0,0,0.0
,FPND,LOTE 41  42 P.A. SERRA NEGRA,,0.033314151475652844,0.0,0,0.0
,FPND,LOTE 44-A P.A. SERRA NEGRA,,0.04092270347959366,0.0,0,0.0
,FPND,PROJETO AGROEXTRATIVISTA NOSSA SENHORA DO LIVRAMENTO,,0.04964196544355785,0.0,0,0.0
,FPND,PROJETO AGROEXTRATIVISTA SÃO JOÃO BATISTA II,,0.0704526553586335,0.0,0,0.0
,FPND,PROJETO DE ASSENTAMENTO AGROEXTRATIVISTA SÃO JOÃO BATISTA I,,0.04091667147833434,0.0,0,0.0
,FPND,PROJETO DE ASSENTAMENTO AGROEXTRATIVISTA SÃO JOÃO BATISTA I,,0.08186861020271513,0.0,0,0.0
,FPND,PROJETO DE ASSENTAMENTO AGROEXTRATIVISTA SÃO JOÃO BATISTA I,,0.24955300025653307,0.0,0,0.0
,FPND,PROJETO DE ASSENTAMENTO OLHO DÁGUA I,,0.08796055769670111,0.0,0,0.0
,FPND,PROJETO DE ASSENTAMENTO OLHO DÁGUA I,,0.034389153575337755,0.0,0,0.0
,FPND,PROJETO DE ASSENTAMENTO OLHO DÁGUA I,,0.24551397395264435,0.0,0,0.0
,FPND,PROJETO DE ASSENTAMENTO OLHO DÁGUA I,,0.111841315958809,0.0,0,0.0
,FPND,PROJETO DE ASSENTAMENTO OLHO DÁGUA I,,5.275290881748777,0.0,0,0.0
,FPND,PROJETO DE ASSENTAMENTO FÊNIX,,0.0048684707803078806,0.0,0,0.0
,FPND,LOTE-144/P.A ABRIL VERMELHO,,0.00029612558423928976,0.0,0,0.0
,FPND,LOTE-232/P.A ABRIL VERMELHO,,0.05397089635312192,0.0,0,0.0
,FPND,LOTE-236/P.A ABRIL VERMELHO,,0.0072649604050499,0.0,0,0.0
,FPND,LOTE-236/P.A ABRIL VERMELHO,,0.0349862401177019,0.0,0,0.0
,FPND,LOTE-237/P.A ABRIL VERMELHO,,0.06675777385233359,0.0,0,0.0
,FPND,LOTE-237/P.A ABRIL VERMELHO,,0.005559698746356559,0.0,0,0.0
,FPND,LOTE-239-A/P.A ABRIL VERMELHO,,2.7016548662399046e-05,0.0,0,0.0
,FPND,LOTE-365/P.A ABRIL VERMELHO,,0.0013666084175672014,0.0,0,0.0
,FPND,LOTE-373/P.A ABRIL VERMELHO,,0.09046041437675288,0.0,0,0.0
,FPND,LOTE-374/P.A ABRIL VERMELHO,,0.1101416080064431,0.0,0,0.0
,FPND,LOTE-375/P.A ABRIL VERMELHO,,0.1044546306731618,0.0,0,0.0
,FPND,LOTE-376/P.A ABRIL VERMELHO,,0.0711539858423389,0.0,0,0.0
,FPND,LOTE-377/P.A ABRIL VERMELHO,,0.040050800663641216,0.0,0,0.0
,FPND,LOTE-378/P.A ABRIL VERMELHO,,0.019626086645312152,0.0,0,0.0
,FPND,LOTE 06   PA TIMBORANA,,0.007172061686397668,0.0,0,0.0
,FPND,LOTE 10109  PA TIMBORAN1,,0.00022007086117538702,0.0,0,0.0
,FPND,LOTE 106  PA TIMBORANA,,0.0011936887130338427,0.0,0,0.0
,FPND,LOTE 113  PA TIMBORANA,,0.0013359612086665288,0.0,0,0.0
,FPND,LOTE 113  PA TIMBORANA,,0.0016914663873052172,0.0,0,0.0
,FPND,LOTE 115  PA TIMBORANA,,0.036387647385824666,0.0,0,0.0
,FPND,LOTE 16   PA TIMBORANA,,0.00025387853527126256,0.0,0,0.0
,FPND,LOTE 16   PA TIMBORANA,,0.04539296893027384,0.0,0,0.0
,FPND,LOTE 22  PA TIMBORANA,,0.002420548604559605,0.0,0,0.0
,FPND,LOTE 51  PA TIMBORANA,,0.017156896186586355,0.0,0,0.0
,FPND,LOTE 56   PA TIMBORANA,,0.03299903399945487,0.0,0,0.0
,FPND,LOTE 57   PA TIMBORANA,,0.04324230718785384,0.0,0,0.0
,FPND,LOTE 58   PA TIMBORANA,,0.07355418616341558,0.0,0,0.0
,FPND,LOTE 59   PA TIMBORANA,,0.05942885678014959,0.0,0,0.0
,FPND,LOTE 60   PA TIMBORANA,,0.06933574554930316,0.0,0,0.0
,FPND,LOTE 61   PA TIMBORAN1,,0.007838849407493562,0.0,0,0.0
,FPND,LOTE 62   PA TIMBORANA,,0.0001214025331565906,0.0,0,0.0
,FPND,LOTE 63   PA TIMBORANA,,4.903583286314278e-05,0.0,0,0.0
,FPND,LOTE 63   PA TIMBORANA,,0.0036514398507339397,0.0,0,0.0
,FPND,LOTE 64   PA TIMBORANA,,0.0026077414286843096,0.0,0,0.0
,FPND,LOTE 65   PA TIMBORANA,,5.382165286324367e-05,0.0,0,0.0
,FPND,LOTE 66   PA TIMBORANA,,0.0055708910129463815,0.0,0,0.0
,FPND,LOTE 66   PA TIMBORANA,,0.007399101201435758,0.0,0,0.0
,FPND,LOTE 67   PA TIMBORANA,,0.0008041139752373548,0.0,0,0.0
,FPND,LOTE 67   PA TIMBORANA,,0.0007487655716354235,0.0,0,0.0
,FPND,LOTE 68   PA TIMBORANA,,0.018062959451463505,0.0,0,0.0
,FPND,LOTE 73   PA TIMBORANA,,0.00014252526592502962,0.0,0,0.0
,FPND,LOTE 74   PA TIMBORANA,,0.004298714939779328,0.0,0,0.0
,FPND,LOTE 96   PA TIMBORANA,,0.010772813268686997,0.0,0,0.0
,FPND,LOTE 96   PA TIMBORANA,,0.003133774714825118,0.0,0,0.0
,FPND,LOTE 97   PA TIMBORANA,,0.01568773641683202,0.0,0,0.0
,FPND,LOTE 97   PA TIMBORANA,,0.00021626784672595,0.0,0,0.0
,FPND,P.A. DEL REY,,0.27330414226805577,0.0,0,0.0
,FPND,P.A. DEL REY,,1.0287113316342082,0.0,0,0.0
,FPND,P.A. DEL REY,,0.9896650646842792,0.0,0,0.0
,FPND,P.A. DEL REY,,4.351662964350432,0.0,0,0.0
,FPND,P.A. DEL REY,,7.6140913353984345,0.0,0,0.0
,FPND,PROJETO DE ASSENTAMENTO ABRIL VERMELHO,,0.09981404691284888,0.0,0,0.0
,FPND,PROJETO DE ASSENTAMENTO ABRIL VERMELHO,,0.027780793473459332,0.0,0,0.0
,FPND,PROJETO DE ASSENTAMENTO ABRIL VERMELHO,,1.6027326223402147e-06,0.0,0,0.0
,FPND,PROJETO DE ASSENTAMENTO ABRIL VERMELHO,,0.01653943257669081,0.0,0,0.0
,FPND,PROJETO DE ASSENTAMENTO ABRIL VERMELHO,,0.06978338038723807,0.0,0,0.0
,FPND,PROJETO DE ASSENTAMENTO ABRIL VERMELHO,,3.471965008225702e-05,0.0,0,0.0
,FPND,PROJETO DE ASSENTAMENTO ABRIL VERMELHO,,6.392773764488732e-05,0.0,0,0.0
,FPND,PROJETO DE ASSENTAMENTO ABRIL VERMELHO,,0.012069927464302856,0.0,0,0.0
,FPND,PROJETO DE ASSENTAMENTO ABRIL VERMELHO,,0.0011488797753239645,0.0,0,0.0
,FPND,PROJETO DE ASSENTAMENTO ABRIL VERMELHO,,0.04207521423863268,0.0,0,0.0
,FPND,PROJETO DE ASSENTAMENTO ABRIL VERMELHO,,0.00488413976965539,0.0,0,0.0
,FPND,PROJETO DE ASSENTAMENTO ABRIL VERMELHO,,0.018268346909458482,0.0,0,0.0
,FPND,PROJETO DE ASSENTAMENTO ABRIL VERMELHO,,0.0027740135625537858,0.0,0,0.0
,FPND,PROJETO DE ASSENTAMENTO ABRIL VERMELHO,,0.0009328554335677873,0.0,0,0.0
,FPND,PROJETO DE ASSENTAMENTO ABRIL VERMELHO,,1.531935922801896,0.0,0,0.0
,FPND,PROJETO DE ASSENTAMENTO ABRIL VERMELHO,,0.2373274514040691,0.0,0,0.0
,FPND,PROJETO DE ASSENTAMENTO ABRIL VERMELHO,,0.36635628923616975,0.0,0,0.0
,FPND,PROJETO DE ASSENTAMENTO ABRIL VERMELHO,,0.40470781852955423,0.0,0,0.0
,FPND,PROJETO DE ASSENTAMENTO OLHO DÁGUA I,,0.05495374786248557,0.0,0,0.0
,FPND,PROJETO DE ASSENTAMENTO TIMBORANA,,0.0032250641563983415,0.0,0,0.0
,FPND,PROJETO DE ASSENTAMENTO TIMBORANA,,0.0721370672561479,0.0,0,0.0
,FPND,PROJETO DE ASSENTAMENTO TIMBORANA,,0.03227822424862302,0.0,0,0.0
,FPND,PROJETO DE ASSENTAMENTO TIMBORANA,,0.007709781255643875,0.0,0,0.0
,FPND,PROJETO DE ASSENTAMENTO TIMBORANA,,0.030355958803815596,0.0,0,0.0
,FPND,PROJETO DE ASSENTAMENTO TIMBORANA,,0.004833094384427524,0.0,0,0.0
,FPND,PROJETO DE ASSENTAMENTO TIMBORANA,,0.005393435863592499,0.0,0,0.0
,FPND,PROJETO DE ASSENTAMENTO TIMBORANA,,0.006215823667678366,0.0,0,0.0
,FPND,PROJETO DE ASSENTAMENTO TIMBORANA,,0.1027209364289856,0.0,0,0.0
,FPND,PROJETO DE ASSENTAMENTO TIMBORANA,,0.019682378722625394,0.0,0,0.0
,FPND,PROJETO DE ASSENTAMENTO TIMBORANA,,0.0019419149001974419,0.0,0,0.0
,FPND,PROJETO DE ASSENTAMENTO TIMBORANA,,0.03636256909768766,0.0,0,0.0
,FPND,PROJETO DE ASSENTAMENTO TIMBORANA,,0.001279812292037547,0.0,0,0.0
,FPND,PROJETO DE ASSENTAMENTO TIMBORANA,,0.00928437442893337,0.0,0,0.0
,FPND,PROJETO DE ASSENTAMENTO TIMBORANA,,0.029758886121661183,0.0,0,0.0
,FPND,PROJETO DE ASSENTAMENTO TIMBORANA,,2.883606664960456e-05,0.0,0,0.0
,FPND,PROJETO DE ASSENTAMENTO TIMBORANA,,0.015461624185137619,0.0,0,0.0
,FPND,PROJETO DE ASSENTAMENTO TIMBORANA,,0.01914194259557076,0.0,0,0.0
,FPND,PROJETO DE ASSENTAMENTO TIMBORANA,,0.05882766504852247,0.0,0,0.0
,FPND,PROJETO DE ASSENTAMENTO TIMBORANA,,0.005424717978013371,0.0,0,0.0
,FPND,PROJETO DE ASSENTAMENTO TIMBORANA,,7.77338558816607e-05,0.0,0,0.0
,FPND,PROJETO DE ASSENTAMENTO TIMBORANA,,0.004660372698878315,0.0,0,0.0
,FPND,PROJETO DE ASSENTAMENTO TIMBORANA,,0.015817370535364556,0.0,0,0.0
,FPND,PROJETO DE ASSENTAMENTO TIMBORANA,,0.06937258453886275,0.0,0,0.0
,FPND,PROJETO DE ASSENTAMENTO TIMBORANA,,0.010407439515217668,0.0,0,0.0
,FPND,PROJETO DE ASSENTAMENTO TIMBORANA,,0.3097617582430124,0.0,0,0.0
,FPND,PROJETO DE ASSENTAMENTO TIMBORANA,,7.670158718018626e-05,0.0,0,0.0
,FPND,VILA BATALHA,,0.017259031375106426,0.0,0,0.0
,FPND,VILA CACHOEIRINHA II,,0.0069824421916870535,0.0,0,0.0
,FPND,VILA DO MOÇA,,0.00019200843740725605,0.0,0,0.0
,FPND,PROJETO DE ASSENTAMENTO FÊNIX,,0.08948482109316029,0.0,0,0.0
0000.16.0292,UCs,RESERVA DE DESENVOLVIMENTO SUSTENTÁVEL DO RIO IRATAPURU (0000.16.0292),0000.16.0292,8728.755146530515,0.0,0,0.0
0000.00.0067,UCs,ESTAÇÃO ECOLÓGICA DO JARI (0000.00.0067),0000.00.0067,2309.254521520551,260.44206959610545,6,11.278188141193498
0000.00.0273,UCs,RESERVA EXTRATIVISTA ARIÓCA PRUANÃ (0000.00.0273),0000.00.0273,838.1674726970981,838.1674612695338,5,99.9999986366013
0000.00.0282,UCs,RESERVA EXTRATIVISTA TERRA GRANDE-PRACUÚBA (0000.00.0282),0000.00.0282,1947.5005199026764,1947.5005192793524,21,99.99999996799363
0000.00.0211,UCs,RESERVA BIOLÓGICA DO TAPIRAPÉ (0000.00.0211),0000.00.0211,996.5742792883138,569.7891819812462,6,57.17478303655912
0080.15.1960,UCs,AREA DE RELEVANTE INTERESSE ECOLOGICO PARQUE AMBIENTAL ANTONIO DANUBIO LOURENÇO DA SILVA (0080.15.1960),0080.15.1960,0.03743711674195953,0.0,0,0.0
0080.15.2663,UCs,AREA DE RELEVANTE INTERESSE ECOLOGICO MUSEU PARQUE SERINGAL (0080.15.2663),0080.15.2663,0.012337707253828512,0.0,0,0.0
0000.00.0047,UCs,ESTAÇÃO ECOLÓGICA DA TERRA DO MEIO (0000.00.0047),0000.00.0047,33869.876252440714,20740.735748182004,158,61.23652650395318
0000.00.0022,UCs,ÁREA DE PROTEÇÃO AMBIENTAL DO IGARAPÉ GELADO (0000.00.0022),0000.00.0022,233.86094651206912,63.90426862685738,23,27.32575471875951
0000.00.0124,UCs,FLORESTA NACIONAL DO TAPIRAPÉAQUIRI (0000.00.0124),0000.00.0124,1973.2396789957456,506.5352140559935,6,25.67023253423466
0000.00.0260,UCs,RESERVA EXTRATIVISTA VERDE PARA SEMPRE (0000.00.0260),0000.00.0260,12891.664962110786,12891.664933768792,77,99.99999978015256
0000.00.0109,UCs,FLORESTA NACIONAL DE SARACÁ-TAQUERA (0000.00.0109),0000.00.0109,4410.963339975293,4410.9633210469465,16,99.99999957087954
0000.00.0250,UCs,RESERVA EXTRATIVISTA MARINHA DE TRACUATEUA (0000.00.0250),0000.00.0250,278.44006857502876,24.93592138137806,5,8.955579385177028
0000.00.0249,UCs,RESERVA EXTRATIVISTA MARINHA DE GURUPI-PIRIÁ (0000.00.0249),0000.00.0249,727.403390290627,37.03515345075724,6,5.091418866766651
0000.00.0227,UCs,RESERVA EXTRATIVISTA MARACANÃ (0000.00.0227),0000.00.0227,301.5666450409694,0.0,0,0.0
0000.00.3133,UCs,RESERVA EXTRATIVISTA MARINHA MESTRE LUCINDO (0000.00.3133),0000.00.3133,264.4511080338992,0.0,0,0.0
0000.00.3134,UCs,RESERVA EXTRATIVISTA MARINHA CUINARANA (0000.00.3134),0000.00.3134,110.28108450042964,7.385864779856145,2,6.697308802605555
0000.15.3481,UCs,RESERVA DE DESENVOLVIMENTO SUSTENTÁVEL CAMPO DAS MANGABAS (0000.15.3481),0000.15.3481,70.48454078238842,0.0,0,0.0
0000.15.3479,UCs,REFÚGIO DE VIDA SILVESTRE PADRE SÉRGIO TONETTO (0000.15.3479),0000.15.3479,3.3863091180942058,0.0,0,0.0
0000.00.0228,UCs,RESERVA EXTRATIVISTA DE SÃO JOÃO DA PONTA (0000.00.0228),0000.00.0228,34.06955981310671,0.0,0,0.0
0000.00.0243,UCs,RESERVA EXTRATIVISTA MÃE GRANDE DE CURUÇÁ (0000.00.0243),0000.00.0243,366.5036712843916,0.0,0,0.0
0000.00.3132,UCs,RESERVA EXTRATIVISTA MARINHA MOCAPAJUBA (0000.00.3132),0000.00.3132,210.12023938515352,14.374994940009675,5,6.841318562206706
0000.00.0288,UCs,RESERVA EXTRATIVISTA GURUPÁ-MELGAÇO (0000.00.0288),0000.00.0288,1454.7870571625347,1454.7870466151528,6,99.99999927498793
0000.00.0241,UCs,RESERVA EXTRATIVISTA IPAÚ-ANILZINHO (0000.00.0241),0000.00.0241,558.701308905587,558.7013031757454,16,99.99999897443563
0000.00.0218,UCs,RESERVA DE DESENVOLVIMENTO DE SUSTENTÁVEL DE  ITATUPÃ-BAQUIÁ (0000.00.0218),0000.00.0218,643.932606533852,643.9326046430181,4,99.99999970636152
0000.00.0210,UCs,RESERVA BIOLÓGICA DO RIO TROMBETAS (0000.00.0210),0000.00.0210,4074.965547063078,38.86168168039831,10,0.9536689631255122
0000.00.0265,UCs,FLORESTA NACIONAL DO TRAIRÃO (0000.00.0265),0000.00.0265,2582.1348939223853,177.12616953373168,9,6.859679172867248
0000.00.0151,UCs,PARQUE NACIONAL DA SERRA DO PARDO (0000.00.0151),0000.00.0151,4472.792992667866,1175.0918705866836,17,26.271993193357734
0000.00.0216,UCs,RESERVA BIOLÓGICA NASCENTES DA SERRA DO CACHIMBO (0000.00.0216),0000.00.0216,3460.437705567441,1433.6176415802158,94,41.42879495486054
0000.00.0244,UCs,RESERVA EXTRATIVISTA MAPUÁ (0000.00.0244),0000.00.0244,936.9882166750856,936.988214626166,14,99.99999978132921
0215.15.3163,UCs,PARQUE NATURAL MUNICIPAL VEREDAS DOS CARAJÁS (0215.15.3163),0215.15.3163,8.358298387791262,8.358298387791262,2,100.0
0000.00.1635,UCs,RESERVA EXTRATIVISTA RIO XINGU (0000.00.1635),0000.00.1635,3038.932364250531,3038.932356860187,22,99.99999975681118
0000.00.0280,UCs,RESERVA EXTRATIVISTA RIO IRIRI (0000.00.0280),0000.00.0280,4000.467594507246,4000.4675817704515,18,99.99999968161735
0000.00.0187,UCs,PARQUE NACIONAL MONTANHAS DO TUMUCUMAQUE (0000.00.0187),0000.00.0187,38642.72857648094,0.0,0,0.0
0000.00.0089,UCs,FLORESTA NACIONAL DE CAXIUANÃ (0000.00.0089),0000.00.0089,3178.6289658301034,3178.6289511634573,17,99.99999953858577
0000.00.0104,UCs,FLORESTA NACIONAL DE PAU-ROSA (0000.00.0104),0000.00.0104,9869.992226652126,0.0,0,0.0
0000.00.0248,UCs,RESERVA EXTRATIVISTA MARINHA DE CAETÉ-TAPERAÇU (0000.00.0248),0000.00.0248,424.5894701721945,0.0,0,0.0
0000.00.0247,UCs,RESERVA EXTRATIVISTA MARINHA DE ARAÍ-PEROBA (0000.00.0247),0000.00.0247,625.3483235997425,2.5495271724301487,1,0.4076971307373309
0000.00.0254,UCs,RESERVA EXTRATIVISTA MARINHA DE SOURE (0000.00.0254),0000.00.0254,295.55088249921636,39.12041105499882,4,13.236438586882764
0000.00.0259,UCs,RESERVA EXTRATIVISTA TAPAJÓS-ARAPIUNS (0000.00.0259),0000.00.0259,6776.674282900425,6776.674258467207,8,99.9999996394512
0000.00.0083,UCs,FLORESTA NACIONAL DE ALTAMIRA (0000.00.0083),0000.00.0083,7287.245719248577,372.30466442690573,29,5.108990128375908
0000.00.0270,UCs,FLORESTA NACIONAL DO CREPORI (0000.00.0270),0000.00.0270,7444.211142235636,7444.211123191243,15,99.99999974417179
0000.00.1810,UCs,RESERVA EXTRATIVISTA RENASCER (0000.00.1810),0000.00.1810,2096.423849838828,2096.4238375276987,42,99.9999994127557
0000.00.0088,UCs,FLORESTA NACIONAL DE CARAJÁS (0000.00.0088),0000.00.0088,3931.5873514463638,3931.58732880456,11,99.99999942410528
0000.00.3408,UCs,FLORESTA NACIONAL DE URUPADI (0000.00.3408),0000.00.3408,5405.108645658932,0.0,0,0.0
0000.00.0271,UCs,FLORESTA NACIONAL DO AMANA (0000.00.0271),0000.00.0271,6849.341089263044,842.4283453431226,30,12.299407116163401
0000.00.0266,UCs,FLORESTA NACIONAL DO JAMANXIM (0000.00.0266),0000.00.0266,13112.176817426498,6355.81451967524,359,48.47261143724177
0000.00.0264,UCs,PARQUE NACIONAL DO RIO NOVO (0000.00.0264),0000.00.0264,5424.816016555533,661.4151275625428,23,12.192397411156922
0000.00.0267,UCs,PARQUE NACIONAL DO JAMANXIM (0000.00.0267),0000.00.0267,8663.2158714913,1397.763798924228,76,16.134468073500916
0000.00.0258,UCs,RESERVA EXTRATIVISTA RIOZINHO DO ANFRÍSIO (0000.00.0258),0000.00.0258,7391.428478202464,7390.77252189,49,99.99112544598924
0000.00.0096,UCs,FLORESTA NACIONAL DE ITAITUBA II (0000.00.0096),0000.00.0096,3989.4106829680686,274.67190073822593,25,6.885024445111118
0000.00.0268,UCs,ÁREA DE PROTEÇÃO AMBIENTAL DO TAPAJÓS (0000.00.0268),0000.00.0268,20517.084343959305,11678.086736298384,855,56.91884158840863
0000.00.0117,UCs,FLORESTA NACIONAL DO ITACAIUNAS (0000.00.0117),0000.00.0117,1404.2283230123292,241.57696235958528,18,17.203538655405985
0000.00.0099,UCs,FLORESTA NACIONAL DE MULATA (0000.00.0099),0000.00.0099,2153.9644942013415,461.39250838356594,14,21.420618103300885
0000.00.0136,UCs,PARQUE NACIONAL DA AMAZÔNIA (0000.00.0136),0000.00.0136,10684.658174630042,100.46924603520215,20,0.9403131517464846
0000.00.0095,UCs,FLORESTA NACIONAL DE ITAITUBA I (0000.00.0095),0000.00.0095,2138.369208798601,147.49519812374146,3,6.8975552732827
0000.00.0123,UCs,FLORESTA NACIONAL DO TAPAJÓS (0000.00.0123),0000.00.0123,5256.24049635838,5226.44809640486,22,99.4331994516963
0000.00.0207,UCs,RESERVA BIOLÓGICA DO GURUPI (0000.00.0207),0000.00.0207,2717.9744357422164,0.0,0,0.0
0000.00.0223,UCs,RESERVA EXTRATIVISTA CHOCOARÉ-MATO GROSSO (0000.00.0223),0000.00.0223,46.14495805262484,0.0,0,0.0
0000.00.3519,UCs,PARQUE NACIONAL DOS CAMPOS FERRUGINOSOS (0000.00.3519),0000.00.3519,792.6849008634474,791.8079021085955,47,99.88936350952356
0000.17.1493,UCs,ÁREA DE PROTEÇÃO AMBIENTAL LAGO DE SANTA ISABEL (0000.17.1493),0000.17.1493,186.8042480457584,0.0,0,0.0
0000.15.1021,UCs,PARQUE ESTADUAL DA SERRA DOS MARTÍRIOS/ANDORINHAS (0000.15.1021),0000.15.1021,251.54510744758116,1.4768929406101954,1,0.5871284699576045
0000.15.1026,UCs,ÁREA DE PROTEÇÃO AMBIENTAL DE SÃO GERALDO DO ARAGUAIA (0000.15.1026),0000.15.1026,268.3547334963007,186.25244178878813,41,69.4053126479901
0000.13.0997,UCs,ÁREA DE PROTEÇÃO AMBIENTAL NHAMUNDÁ (0000.13.0997),0000.13.0997,2015.982839866291,0.0,0,0.0
0000.15.1022,UCs,PARQUE ESTADUAL DO UTINGA (0000.15.1022),0000.15.1022,13.969295867941572,5.785062743043682,1,41.412701096266005
0000.15.1025,UCs,ÁREA DE PROTEÇÃO AMBIENTAL DA REGIÃO METROLPOLITANA DE BELÉM (0000.15.1025),0000.15.1025,56.43639290467657,40.87392007245898,8,72.42475638281266
0000.15.1027,UCs,ÁREA DE PROTEÇÃO AMBIENTAL DA ILHA DO COMBU (0000.15.1027),0000.15.1027,15.01921397826229,14.639560572376284,2,97.47221521422168
0000.15.1881,UCs,REFÚGIO DE VIDA SILVESTRE METRÓPOLE DA AMAZÔNIA (0000.15.1881),0000.15.1881,63.65895066144399,25.179598179394503,7,39.55390077556668
0000.15.1023,UCs,ÁREA DE PROTEÇÃO AMBIENTAL DO ARQUIPÉLAGO DO MARAJÓ (0000.15.1023),0000.15.1023,45215.96655122876,36303.6220629507,1874,80.28938632069148
0000.15.1024,UCs,ÁREA DE PROTEÇÃO AMBIENTAL DE ALGODOAL-MAIANDEUA (0000.15.1024),0000.15.1024,31.07315422627095,0.0,0,0.0
0000.15.1028,UCs,ÁREA DE PROTEÇÃO AMBIENTAL PAYTUNA (0000.15.1028),0000.15.1028,574.0777171144039,211.54686522296183,42,36.84986525627577
0000.15.1032,UCs,PARQUE ESTADUAL DE MONTE ALEGRE (0000.15.1032),0000.15.1032,36.146075209310986,0.0,0,0.0
0000.15.1029,UCs,ÁREA DE PROTEÇÃO AMBIENTAL DO LAGO DE TUCURUI (0000.15.1029),0000.15.1029,5693.1211622620995,1857.8735720286866,394,32.63365593453277
0000.15.1030,UCs,RESERVA DE DESENVOLVIMENTO SUSTENTÁVEL ALCOBAÇA (0000.15.1030),0000.15.1030,224.92780236725378,13.924457303454924,8,6.190634130999771
0000.15.1031,UCs,RESERVA DE DESENVOLVIMENTO SUSTENTÁVEL PUCURUÍ - ARARÃO (0000.15.1031),0000.15.1031,292.1668801228263,132.52550533841367,1,45.359523736126505
0000.15.1033,UCs,RESERVA BIOLÓGICA DE MAICURU (0000.15.1033),0000.15.1033,11723.843928970502,212.61283084496688,3,1.8135078574321906
0000.15.1034,UCs,ESTAÇÃO ECOLÓGICA DO GRÃO PARÁ (0000.15.1034),0000.15.1034,42010.055325518595,30.23438350579995,3,0.07196939702060895
0000.15.1035,UCs,FLORESTA ESTADUAL DE FARO (0000.15.1035),0000.15.1035,6136.635273601356,896.7177350807995,3,14.612531054897618
0000.15.1036,UCs,FLORESTA ESTADUAL DE IRIRI (0000.15.1036),0000.15.1036,4415.468807642275,3161.3283458621495,220,71.59666353866061
0000.15.1037,UCs,FLORESTA ESTADUAL DO TROMBETAS (0000.15.1037),0000.15.1037,31410.869370348566,5870.527004050218,49,18.68947635556982
0000.15.1038,UCs,FLORESTA ESTADUAL DO PARU (0000.15.1038),0000.15.1038,36072.63600623711,17708.608925289067,532,49.09152999583167
0000.15.1039,UCs,ÁREA DE PROTEÇÃO AMBIENTAL TRIUNFO DO XINGU (0000.15.1039),0000.15.1039,16885.81594105879,14448.829206902361,1730,85.56784734203598
0000.17.1487,UCs,PARQUE ESTADUAL DO CANTÃO (0000.17.1487),0000.17.1487,1017.2362912319563,0.0,0,0.0
0000.17.1501,UCs,ÁREA DE PROTEÇÃO AMBIENTAL ILHA DO BANANAL/CANTÃO (0000.17.1501),0000.17.1501,15902.252334239256,0.0,0,0.0
0000.21.1885,UCs,ÁREA DE PROTEÇÃO AMBIENTAL DAS REENTRÂNCIAS MARANHENSES (0000.21.1885),0000.21.1885,26326.375282712692,0.0,0,0.0
0000.51.1901,UCs,PARQUE ESTADUAL CRISTALINO (0000.51.1901),0000.51.1901,597.6922834266846,0.0,0,0.0
0000.15.2042,UCs,PARQUE ESTADUAL CHARAPUCU (0000.15.2042),0000.15.2042,652.9544429591441,652.9505881728093,8,99.99940963931306
0613.15.4050,UCs,PARQUE NATURAL MUNICIPAL DE REDENÇÃO (0613.15.4050),0613.15.4050,0.16570025654396617,0.0,0,0.0
0390.15.3461,UCs,REFÚGIO DE VIDA SILVESTRE LAGO MOLE (0390.15.3461),0390.15.3461,6.528302955451398,6.528302955451404,1,100.00000000000009
0680.15.3564,UCs,ÁREA DE PROTEÇÃO AMBIENTAL DE ALTER DO CHÃO (0680.15.3564),0680.15.3564,161.22960143848132,102.65398773453654,19,63.66944209913286
0000.15.3478,UCs,REFÚGIO DE VIDA SILVESTRE TABULEIRO DO EMBAUBAL (0000.15.3478),0000.15.3478,40.36977897694626,0.0,0,0.0
0000.15.3480,UCs,RESERVA DE DESENVOLVIMENTO SUSTENTÁVEL VITÓRIA DE SOUZEL (0000.15.3480),0000.15.3480,229.76123994830843,10.03730252556685,3,4.3685795427570975
0680.15.3566,UCs,ÁREA DE PROTEÇÃO AMBIENTAL DA SERRA DO SAUBAL (0680.15.3566),0680.15.3566,1.673568993695345,0.0,0,0.0
0680.15.3573,UCs,ÁREA DE PROTEÇÃO AMBIENTAL DO JUÁ (0680.15.3573),0680.15.3573,1.2635414158890463,0.0,0,0.0
0240.15.3739,UCs,PARQUE NATURAL MUNICIPAL DE CASTANHAL/PARÁ (0240.15.3739),0240.15.3739,0.1535315901467695,0.0,0,0.0
0000.15.3828,UCs,MONUMENTO NATURAL ATALAIA (0000.15.3828),0000.15.3828,2.5617541328820983,0.0,0,0.0
0553.15.4040,UCs,PARQUE NATURAL MUNICIPAL DO MORRO DOS VENTOS (0553.15.4040),0553.15.4040,0.46224359676358856,0.0,0,0.0
2202.15.4590,UCs,PARQUE NATURAL MUNICIPAL RIO GARRAFÃO (2202.15.4590),2202.15.4590,0.1682509969170122,0.0,0,0.0
1709.15.4588,UCs,REFÚGIO DE VIDA SILVESTRE DA ILHA DO CANELA (1709.15.4588),1709.15.4588,3.7973806856878762,0.0,0,0.0
0000.00.2129,UCs,RESERVA PARTICULAR DO PATRIMÔNIO NATURAL KLAGESI (0000.00.2129),0000.00.2129,0.22803810795906398,0.0,0,0.0
0000.00.2146,UCs,RESERVA PARTICULAR DO PATRIMÔNIO NATURAL OSÓRIO REIMÃO (0000.00.2146),0000.00.2146,0.08879420595533753,0.0,0,0.0
0000.00.1214,UCs,RESERVA PARTICULAR DO PATRIMÔNIO NATURAL FAZENDA PIONEIRA (0000.00.1214),0000.00.1214,3.9801869987855065,2.917006538124975,3,73.28817814376698
3903.15.4456,UCs,ÁREA  DE PROTEÇÃO AMBIENTAL JARÁ (3903.15.4456),3903.15.4456,48.52191575342698,39.22307125357574,4,80.83578449971962
1709.15.4587,UCs,REFÚGIO DE VIDA SILVESTRE DA ILHA CHAÚ (1709.15.4587),1709.15.4587,1.1577241026366334,0.0,0,0.0
AM0013000,Assen.,PA VILA AMAZÔNIA (AM0013000),AM0013000,854.2707865775992,26.741731377313588,9,3.13035770360906
AP0053000,Assen.,PAE ILHA DE ARUAS (AP0053000),AP0053000,55.53439452511982,54.84226041111548,2,98.75368387478994
AT0006000,Assen.,PA SURUBIM (AT0006000),AT0006000,2031.6565224615645,1691.0526559773814,256,83.23516486578619
AT0009000,Assen.,PA ASSURINI (AT0009000),AT0009000,361.42124352142224,319.66846087417065,30,88.44761247555809
AT0010000,Assen.,PA RIO DO PEIXE (AT0010000),AT0010000,257.2400622713015,236.5767780528762,23,91.96731487468212
AT0019000,Assen.,PA UIRAPURU (AT0019000),AT0019000,219.96672294200326,137.38490261854633,19,62.45713023363513
AT0020000,Assen.,PA TUTUÍ SUL (AT0020000),AT0020000,203.5389228056835,203.40054961855765,23,99.9320163508687
AT0021000,Assen.,PA GROTÃO DA ONÇA (AT0021000),AT0021000,158.40404048558884,158.4040404855888,27,99.99999999999997
AT0022000,Assen.,PA RIO TRAIRÃO (AT0022000),AT0022000,160.56231754923505,147.8083662876377,19,92.0566970779514
AT0023000,Assen.,PA CANOÉ (AT0023000),AT0023000,364.9553443889495,174.80077522505496,80,47.89648320337017
AT0024000,Assen.,PA ARARAQUARA (AT0024000),AT0024000,137.19683769574118,100.00204865358997,28,72.88947058339829
AT0026000,Assen.,PA PILÃO POENTE (AT0026000),AT0026000,199.94547111100889,164.65246924031067,39,82.34868653208768
AT0028000,Assen.,PA BRASIL NOVO (AT0028000),AT0028000,71.20953389212383,66.36175519146924,7,93.19223362984155
AT0036000,Assen.,PA BOM JARDIM (AT0036000),AT0036000,951.4450447016544,915.4070803454761,201,96.21229154990462
AT0037000,Assen.,PA RIO ARATAÚ (AT0037000),AT0037000,692.1282996993826,606.1996118887721,144,87.58486138365782
AT0039000,Assen.,PA PILÃO POENTE III (AT0039000),AT0039000,316.05209310994366,233.19096974459265,51,73.78244752312825
AT0040000,Assen.,PA PILÃO POENTE II (AT0040000),AT0040000,839.8940635930354,744.282344583754,132,88.61621683569734
AT0041000,Assen.,PA ALTO PARÁ (AT0041000),AT0041000,450.8066777150958,416.8829127735255,26,92.47487523620718
AT0044000,Assen.,PA PLACAS (AT0044000),AT0044000,287.2335409714631,285.74044758933445,25,99.48018139626771
AT0045000,Assen.,PA RIO DAS PEDRAS (AT0045000),AT0045000,241.86406669647118,240.36435495967012,15,99.37993611151708
AT0046000,Assen.,PA CURUÁ-UNA (AT0046000),AT0046000,172.45327969272512,171.14045265197117,26,99.23873466303851
AT0048000,Assen.,PA IGARAPÉ FLORES (AT0048000),AT0048000,221.35866336567986,218.76044404301177,43,98.82624005622229
AT0049000,Assen.,PA PENETECAUA (AT0049000),AT0049000,227.5538370162658,225.71403842150775,37,99.1914886521441
AT0051000,Assen.,PA LARANJAL (AT0051000),AT0051000,127.40491872813001,126.46211190171195,20,99.25999181520619
AT0058000,Assen.,PA RESSACA (AT0058000),AT0058000,410.67400511996215,410.6740051196445,37,99.99999999992265
AT0059000,Assen.,PA MORRO DOS ARARAS (AT0059000),AT0059000,161.2099865000634,161.20998650006345,28,100.00000000000004
AT0060000,Assen.,PA ITAPUAMA (AT0060000),AT0060000,636.0722884203428,636.0098856789658,71,99.99018936329831
AT0061000,Assen.,PA JURAUÁ (AT0061000),AT0061000,92.09964834768415,76.16981824048038,20,82.70370148747226
AT0062000,Assen.,PA ARAPARI (AT0062000),AT0062000,89.11599752983051,69.7635072369013,11,78.28393236977324
AT0064000,Assen.,PA TUTUÍ NORTE (AT0064000),AT0064000,245.80613384578254,244.83401919518673,33,99.60451977524461
AT0067000,Assen.,PDS ANAPU I (AT0067000),AT0067000,204.4749854639766,204.4749854639772,5,100.00000000000028
AT0070000,Assen.,PDS VIROLA JATOBÁ (AT0070000),AT0070000,416.68599851532815,416.6859968568671,59,99.99999960198782
AT0101000,Assen.,PDS ADEMIR FREDERICCE (AT0101000),AT0101000,2343.9116915990503,2338.237723334995,140,99.75792738760629
AT0118000,Assen.,PDS BRASÍLIA (AT0118000),AT0118000,199.8203529248161,199.03908400515166,39,99.60901434301921
AT0126000,Assen.,PDS ÁGUA PRETA (AT0126000),AT0126000,248.86757774581412,247.5053770565335,31,99.45264035531703
AT0127000,Assen.,PDS CASTANHEIRA (AT0127000),AT0127000,258.4291443564946,252.37018388932825,50,97.65546549238726
AT0128000,Assen.,PA RENASCER (AT0128000),AT0128000,85.88034521156513,85.23473855320398,18,99.24824864551871
AT0129000,Assen.,PA CUPUZAL (AT0129000),AT0129000,113.2042573197838,113.08775143061445,26,99.89708347377763
AT0130000,Assen.,PA TERRA PARA PAZ (AT0130000),AT0130000,639.5349042951927,635.4402586580459,72,99.3597463391526
AT0171000,Assen.,PA ANAPUZINHO (AT0171000),AT0171000,181.61971164440882,181.56499504675529,36,99.96987298506416
AT0172000,Assen.,PDS SANTA CLARA (AT0172000),AT0172000,241.90304128430145,241.87150364188605,32,99.9869626928839
AT0177000,Assen.,PDS HORIZONTE NOVO (AT0177000),AT0177000,222.73233257798168,221.25112349449913,51,99.3349824579402
AT0181000,Assen.,PA MACANÃ I (AT0181000),AT0181000,261.5002554730082,233.84886121455202,25,89.42586338646605
AT0182000,Assen.,PA MACANÃ II (AT0182000),AT0182000,314.63634733003914,287.01015198966996,17,91.2196427479529
AT0183000,Assen.,PDS ITATÁ (AT0183000),AT0183000,524.7849244147257,524.7470217955162,21,99.99277749465617
AT0208000,Assen.,PDS ARTHUR FALEIRO (AT0208000),AT0208000,227.37373567713053,225.83262308252435,35,99.3222116925613
AT0209000,Assen.,PDS AVELINO RIBEIRO (AT0209000),AT0209000,216.7828360245525,216.6970816821689,30,99.9604422822599
AT0238000,Assen.,PAC OURO BRANCO I (AT0238000),AT0238000,398.7412934475974,395.4912433161207,17,99.1849226089989
AT0215000,Assen.,PDS MÃE MENININHA (AT0215000),AT0215000,123.2366688307294,123.1569836894412,24,99.93533974745971
AT0216000,Assen.,PDS ESPERANÇA (AT0216000),AT0216000,181.7458733225039,181.73216613105723,18,99.99245804529363
AT0217000,Assen.,PA ESPERANÇA (AT0217000),AT0217000,150.86908529604077,150.86908431246607,30,99.99999934806081
AT0239000,Assen.,PAC OURO BRANCO II (AT0239000),AT0239000,371.00804479794533,368.7945642194352,9,99.40338744414137
AT0246000,Assen.,PDS IRMÃ DOROTHY (AT0246000),AT0246000,305.4017179206449,257.20775664180707,19,84.21948586046904
AT0263000,Assen.,PDS CASTANHEIRA II (AT0263000),AT0263000,74.4933978234925,73.9982759959084,5,99.33534804150395
AT0264000,Assen.,PA MATA PRETA (AT0264000),AT0264000,122.02702827228373,101.99193503801573,16,83.581429853751
AT0266000,Assen.,PDS NOVA REPUBLICA (AT0266000),AT0266000,29.49448119135281,29.492230030707148,1,99.99236751909261
AT0267000,Assen.,PA DIVINO PAI ETERNO (AT0267000),AT0267000,53.23904415852851,53.05998470954402,1,99.66366892603986
AT0268000,Assen.,PA TERRA NOVA (AT0268000),AT0268000,14.128915917740928,14.035635575196093,3,99.3397912261074
AT0234000,Assen.,PA PARAÍSO DO NORTE (AT0234000),AT0234000,1130.562590100712,1127.5174283742826,70,99.73065076156836
AT0235000,Assen.,PAC SÃO SEBASTIÃO DO TUTUÍ (AT0235000),AT0235000,398.5502032867918,389.4836338103544,19,97.72511231918422
AT0236000,Assen.,PAC NOVA UNIÃO (AT0236000),AT0236000,316.3612223733408,311.24889195062434,39,98.3840211564604
AT0237000,Assen.,PDS OURO BRANCO (AT0237000),AT0237000,546.3390237638888,543.7079586747594,31,99.51841897161158
MA0462000,Assen.,PA GURUPI (MA0462000),MA0462000,124.87739984653062,0.0,0,0.0
MA0618000,Assen.,PA VALE DO IPÊ (MA0618000),MA0618000,4.179451698323584,0.0,0,0.0
MA1002000,Assen.,PA FÊNIX (MA1002000),MA1002000,93.7561960799406,0.0,0,0.0
MB0001000,Assen.,PA RIBEIRÃO DE FOGO (MB0001000),MB0001000,78.69141039349606,67.18767208894816,13,85.38120203078901
MB0002000,Assen.,PA CASTANHAL ARARAS (MB0002000),MB0002000,50.16779277040218,50.045671823942705,2,99.75657500616308
MB0004000,Assen.,PA TUERE (MB0004000),MB0004000,1404.5051559586645,1402.788115936159,168,99.8777476882003
MB0005000,Assen.,PA JONCON/3 IRMÃOS (MB0005000),MB0005000,261.4585805516643,213.98979897827007,26,81.84462660462796
MB0006000,Assen.,PA JACUNDA (MB0006000),MB0006000,137.11095073399477,116.87461764760889,7,85.24090674154405
MB0007000,Assen.,PA INGÁ (MB0007000),MB0007000,108.34669152248779,95.74935678419531,38,88.37312467849759
MB0008000,Assen.,PA RIO DA ESQUERDA (MB0008000),MB0008000,396.6467564162463,226.91617291965605,73,57.2086294036216
MB0009000,Assen.,PA INDEPENDENCIA (MB0009000),MB0009000,18.135563131023662,17.4499353938492,2,96.21942956928868
MB0010000,Assen.,PA ARRAIAPORÃ (MB0010000),MB0010000,82.87206007269985,82.16541707436042,15,99.14730851662246
MB0011000,Assen.,PA CARAJAS II E III (MB0011000),MB0011000,283.3253703121541,277.04503910461904,40,97.78335021653172
MB0013000,Assen.,PA SERENO (MB0013000),MB0013000,199.25313226884248,197.51796269845616,38,99.129163215339
MB0014000,Assen.,PA CINZEIRO (MB0014000),MB0014000,55.47338490602739,21.45188274877864,7,38.67058551613246
MB0015000,Assen.,PA CARAJAS/TAMBORIL (MB0015000),MB0015000,139.59890614070886,139.598906133989,42,99.9999999951863
MB0016000,Assen.,PA SÃO JORGE (MB0016000),MB0016000,45.91897339644267,45.91897339641456,13,99.99999999993878
MB0017000,Assen.,PA MENINA MOÇA (MB0017000),MB0017000,32.28511872432809,28.000453544923918,1,86.72866835030247
MB0018000,Assen.,PA ITAIPAVAS/LOTE-143 (MB0018000),MB0018000,45.49281771051962,45.36899031580539,6,99.72780891370114
MB0019000,Assen.,PA LAGOA BONITA (MB0019000),MB0019000,197.51755348631366,184.93216780556799,26,93.62821913363881
MB0020000,Assen.,PA ABÓBORA (MB0020000),MB0020000,124.48437076040082,114.27722778985103,16,91.80046225224866
MB0021000,Assen.,PA PAULO FONTELES (MB0021000),MB0021000,168.09202554208812,165.18450728065773,20,98.27028185777773
MB0022000,Assen.,PA GROTÃO DOS CABOCLOS (MB0022000),MB0022000,411.95178852359356,410.2279436702331,73,99.58154208784028
MB0024000,Assen.,PA VENEZA (MB0024000),MB0024000,100.74416288823278,99.9947992167194,9,99.25617162321878
MB0027000,Assen.,PA BELA VISTA (MB0027000),MB0027000,187.31756691494755,186.1336740285688,17,99.36797551565662
MB0028000,Assen.,PA ARRAIAS (MB0028000),MB0028000,36.785761314155586,30.436740132967802,2,82.74054700957187
MB0029000,Assen.,PA CINTURAO VERDE I E II (MB0029000),MB0029000,824.3652433739106,821.7195811341678,194,99.6790667412281
MB0025000,Assen.,PA TUCUMA (MB0025000),MB0025000,3948.2148777479047,3928.276013838876,790,99.49499040638837
MB0026000,Assen.,PA JUSSAMA (MB0026000),MB0026000,62.90162432088886,59.571741066918364,15,94.70620466494904
MB0031000,Assen.,PA CENTRO DA MATA (MB0031000),MB0031000,44.96479686742109,44.431323126892615,9,98.81357466797542
MB0032000,Assen.,PA ITAIPAVAS/LOTE 142 (MB0032000),MB0032000,43.90886499646516,43.5729419170903,12,99.234953854075
MB0033000,Assen.,PA JOÃO CANUTO (MB0033000),MB0033000,30.037382647017406,7.0664024375002965,5,23.525360117227002
MB0034000,Assen.,PA MARAJOARA (MB0034000),MB0034000,48.11645332221129,19.67593408931213,5,40.89232005017588
MB0035000,Assen.,PA PALMEIRAS (MB0035000),MB0035000,247.82332201644792,211.06962046652308,38,85.16939356196447
MB0037000,Assen.,PA RIO GELADO (MB0037000),MB0037000,1672.5990173326559,1672.5990173326559,259,100.0
MB0038000,Assen.,PA SÃO JOSÉ DOS TRÊS MORROS (MB0038000),MB0038000,24.294745504319692,24.294745377992754,8,99.99999948002362
MB0039000,Assen.,PA SAGITARIO (MB0039000),MB0039000,24.347955813300086,17.862164232335026,3,73.3620693634486
MB0040000,Assen.,PA AGUA FRIA (MB0040000),MB0040000,79.48335845803444,78.92319143864387,19,99.29523987126647
MB0041000,Assen.,PA CACHOEIRA PRETA (MB0041000),MB0041000,20.642899318206982,20.041464657382527,5,97.08648164410707
MB0042000,Assen.,PA IPIRANGA (MB0042000),MB0042000,31.61092081402776,5.795589010298882,3,18.33413535909088
MB0043000,Assen.,PA JUSSARA (MB0043000),MB0043000,30.232218498960094,30.231122647398287,10,99.9963752194969
MB0044000,Assen.,PA GAMELEIRA (MB0044000),MB0044000,402.4014547786702,395.39951106087085,74,98.25996063516953
MB0045000,Assen.,PA VALE FORMOSO (MB0045000),MB0045000,33.72288905995084,33.43361024889142,4,99.14218852796049
MB0046000,Assen.,PA RIO BRANCO (MB0046000),MB0046000,119.41341801372332,119.0638437427544,8,99.7072571267253
MB0047000,Assen.,PA INGÁ II (MB0047000),MB0047000,26.55570603561498,25.336965498391844,5,95.41062649364838
MB0048000,Assen.,PA INGÁ III (MB0048000),MB0048000,38.646562836966766,35.096765728998186,10,90.81471456350815
MB0049000,Assen.,PA JACARE (MB0049000),MB0049000,29.86835312444844,23.443061294796557,2,78.48796080962185
MB0050000,Assen.,PA RIO VERMELHO (MB0050000),MB0050000,62.2702140948233,62.2702137085487,5,99.99999937967998
MB0051000,Assen.,PA ELDORADO (MB0051000),MB0051000,78.25639385526584,77.75378512161743,20,99.3577409986742
MB0052000,Assen.,PA CASTANHEIRA (MB0052000),MB0052000,59.30598043680302,58.270385661688955,15,98.25381054745802
MB0053000,Assen.,PA TANCREDO NEVES (MB0053000),MB0053000,220.73535468267613,219.7217697635568,45,99.54081441979405
MB0054000,Assen.,PA COLONIA S. JOSE DO XINGU (MB0054000),MB0054000,689.5690053552551,686.4521078254174,141,99.54799338345669
MB0055000,Assen.,PA APERTAR DA HORA (MB0055000),MB0055000,44.20111684951567,43.10773469105697,3,97.5263472138472
MB0056000,Assen.,PA ITACAIUNAS-AÇU (MB0056000),MB0056000,44.36625889162781,42.25652708094065,5,95.24473808837357
MB0057000,Assen.,PA CEDRINHO (MB0057000),MB0057000,29.300461426988633,29.020673686561388,5,99.04510807406763
MB0058000,Assen.,PA FORTALEZA I E II (MB0058000),MB0058000,57.860615406471496,57.366070295147864,8,99.14528197142486
MB0059000,Assen.,PA JOVENCRELANDIA I E II (MB0059000),MB0059000,30.911018347125435,30.81396637749396,10,99.68602791230752
MB0060000,Assen.,PA ALDEIA I E II (MB0060000),MB0060000,86.60233306184662,85.51672129322604,20,98.74644050542462
MB0061000,Assen.,PA LONTRA (MB0061000),MB0061000,24.331885926793102,23.089451870810958,4,94.89380289008326
MB0062000,Assen.,PA PECOSA (MB0062000),MB0062000,76.86266092662765,64.78287080707865,14,84.28392931766928
MB0063000,Assen.,PA ARAGUAXIM II (MB0063000),MB0063000,352.23759174408656,266.78457630241275,82,75.7399501232797
MB0064000,Assen.,PA SÃO DOMINGOS (MB0064000),MB0064000,29.300182466763825,27.45201078695904,4,93.69228610811135
MB0065000,Assen.,PA TUPÃ-CIRETÃ - LOTE 160 (MB0065000),MB0065000,44.04572128651526,35.19267967629358,12,79.90033685080763
MB0066000,Assen.,PA PARAUAPEBAS I (MB0066000),MB0066000,29.58393385568888,28.57263321782668,4,96.58158836213147
MB0067000,Assen.,PA PALMARES (MB0067000),MB0067000,149.00929602025778,147.4549954797758,3,98.95691035257916
MB0068000,Assen.,PA ESTRELA DO PARÁ (MB0068000),MB0068000,26.20003690082174,26.001837140285502,10,99.2435134298226
MB0069000,Assen.,PA JACIRA II (MB0069000),MB0069000,12.925116056473959,12.924993317521903,4,99.99905038413954
MB0070000,Assen.,PA SANTO ANTONIO (MB0070000),MB0070000,36.65961396412456,33.751502892697076,6,92.06726215318746
MB0071000,Assen.,PA ITAIPAVAS II - LOTE 134 (MB0071000),MB0071000,44.98730840140643,43.385380978746234,8,96.43915699875453
MB0072000,Assen.,PA ITAIPAVAS III-LOTE 147 (MB0072000),MB0072000,44.50404615937576,44.50404615937496,13,99.9999999999982
MB0073000,Assen.,PA ITACAIUNAS (MB0073000),MB0073000,52.473732915553214,51.82860654893108,9,98.7705727594026
MB0074000,Assen.,PA SANTA CRISTINA (MB0074000),MB0074000,90.9284506817894,90.90053627504199,16,99.96930069022609
MB0075000,Assen.,PA MATA AZUL I (MB0075000),MB0075000,43.85054066713825,43.167803198035635,9,98.44303523122974
MB0076000,Assen.,PA ANGELIN (MB0076000),MB0076000,111.8272221203607,93.280422787106,9,83.4147723768971
MB0077000,Assen.,PA CURRAL DE PEDRAS (MB0077000),MB0077000,90.580008078431,90.24828677463633,9,99.63378088517342
MB0078000,Assen.,PA CANARANA (MB0078000),MB0078000,121.34507740472993,118.66178251473904,3,97.78870725753372
MB0079000,Assen.,PA REDENÇÃO (MB0079000),MB0079000,30.707229935246907,29.650173335474946,4,96.55762958104329
MB0080000,Assen.,PA AGRISA (MB0080000),MB0080000,92.33452905831776,92.11349049903352,2,99.76061115864398
MB0081000,Assen.,PA PARAUAPEBAS II (MB0081000),MB0081000,29.561922338794794,29.2884870249755,10,99.07504217524968
MB0082000,Assen.,PA MARIA LUIZA (MB0082000),MB0082000,38.9766183749259,23.33095133626785,3,59.858839245215066
MB0083000,Assen.,PA MATA VERDE (MB0083000),MB0083000,313.791619009313,160.47508205788546,84,51.140652693188315
MB0084000,Assen.,PA SÃO SEBASTIÃO - LOTE 86 (MB0084000),MB0084000,28.120481679387407,13.919015058427336,3,49.49778320700002
MB0085000,Assen.,PA 17 DE ABRIL (MB0085000),MB0085000,179.32174846025234,177.71374119689546,11,99.1032837471394
MB0086000,Assen.,PA NOVO ARAGUAIA - LOTE 03 (MB0086000),MB0086000,39.32730369853316,38.88838056089887,4,98.88392262790529
MB0088000,Assen.,PA SUDOESTE (MB0088000),MB0088000,382.0733262625975,376.5718557067706,61,98.56010085560231
MB0089000,Assen.,PA GROTÃO (MB0089000),MB0089000,36.34355051679614,35.47658929824708,7,97.61453901387979
MB0090000,Assen.,PA AGROPECUS (MB0090000),MB0090000,411.71226341924836,375.9948777772169,109,91.3246728806666
MB0091000,Assen.,PA EMBAUBAL (MB0091000),MB0091000,17.817875997723256,14.93466598287106,2,83.81844157395298
MB0092000,Assen.,PA SÃO FRANCISCO (MB0092000),MB0092000,74.42708981736408,74.15137795795063,14,99.62955442690287
MB0093000,Assen.,PA CAMPOS ALTOS (MB0093000),MB0093000,89.53970193244128,89.36598283437793,6,99.80598651289412
MB0094000,Assen.,PA UBA (MB0094000),MB0094000,41.79246665658292,41.46310972891216,4,99.21192273627409
MB0095000,Assen.,PA SANTA MARIA DO PONTAL (MB0095000),MB0095000,47.009520499784195,44.9701469286646,10,95.66178606070028
MB0096000,Assen.,PA SUÇUAPARA (MB0096000),MB0096000,90.13049457991096,90.03214017837806,29,99.8908755555028
MB0097000,Assen.,PA RECANTÃO (MB0097000),MB0097000,29.40325616560198,29.22932143496928,11,99.4084507863582
MB0098000,Assen.,PA TOCANTINS (MB0098000),MB0098000,21.13192132603523,20.784335369367206,1,98.35516159981256
MB0099000,Assen.,PA MONTES BELOS (MB0099000),MB0099000,326.3320220265032,282.1978225687793,64,86.47567615839445
MB0100000,Assen.,PA NAZARÉ (MB0100000),MB0100000,122.51173695228289,121.59999367218983,20,99.25579107539045
MB0101000,Assen.,PA JEQUIÉ (MB0101000),MB0101000,24.819511407794717,24.819511407793883,3,99.99999999999663
MB0102000,Assen.,PA DIACUI (MB0102000),MB0102000,30.065169844837033,29.7473900995567,2,98.94303026751435
MB0103000,Assen.,PA INAJÁ (MB0103000),MB0103000,63.36608625435674,62.41406317897745,4,98.49758264766774
MB0104000,Assen.,PA BURITIRANA (MB0104000),MB0104000,438.4277236267445,436.0944261884803,94,99.46780340007635
MB0105000,Assen.,PAE PRAIALTA PIRANHEIRA (MB0105000),MB0105000,197.7554330861245,174.20981726587388,25,88.09356817519331
MB0106000,Assen.,PA GAÚCHA (MB0106000),MB0106000,39.74858111154598,39.31465091725779,7,98.90831274437078
MB0107000,Assen.,PA PEDRO MONTEIRO DA SILVA (MB0107000),MB0107000,10.787437603748566,9.317610843683067,2,86.37464415502394
MB0108000,Assen.,PA ESCALADA DO NORTE (MB0108000),MB0108000,29.823329028135966,29.792833585895895,3,99.89774635081382
MB0109000,Assen.,PA MANAH (MB0109000),MB0109000,88.29747603407456,88.04904989895465,17,99.71864865647571
MB0110000,Assen.,PA BARRA MANSA (MB0110000),MB0110000,31.065739406978864,20.82895962401476,3,67.04800858316467
MB0111000,Assen.,PA RIO PRETO (MB0111000),MB0111000,296.6805391064709,294.9219925484772,48,99.40725921447695
MB0112000,Assen.,PA ESCALADA DO NORTE II LOTE 28 (MB0112000),MB0112000,41.58078871700371,16.464215945244177,10,39.59572786677669
MB0113000,Assen.,PA PRIMAVERA E OUTROS (MB0113000),MB0113000,27.877542970722725,27.399885024354568,7,98.28658520275694
MB0115000,Assen.,PA RAIMUNDO CORREIA - LOTE 81 (MB0115000),MB0115000,49.513974062713814,49.45340691016369,12,99.87767664846815
MB0116000,Assen.,PA MAGDALENA NICOLINA RIVETTI (MB0116000),MB0116000,140.12828691411835,139.06449014948208,10,99.24084081232775
MB0117000,Assen.,PA TRÊS RIOS (MB0117000),MB0117000,52.27752612525595,51.858203452123114,9,99.1978911317874
MB0118000,Assen.,PA MILHOMEM (MB0118000),MB0118000,15.466965281911095,15.020304983205458,1,97.11216589315025
MB0030000,Assen.,PA VERMELHO E PRETO (MB0030000),MB0030000,42.70339058640892,38.499345442885804,5,90.15524274350916
MB0123000,Assen.,PA BENFICA (MB0123000),MB0123000,95.40693182887189,94.55693523971921,39,99.1090829850002
MB0124000,Assen.,PA LUCIANA (MB0124000),MB0124000,640.8873585666186,640.5414360292641,141,99.94602444053068
MB0119000,Assen.,PA PE JOSIMO TAVARES (MB0119000),MB0119000,620.0038942816595,466.6765079730451,11,75.26993173385459
MB0120000,Assen.,PA POÇO RICO (MB0120000),MB0120000,37.145825088487264,30.27625975609903,5,81.50649415910446
MB0121000,Assen.,PA OZIEL PEREIRA (MB0121000),MB0121000,136.69887211038795,132.52955078616532,10,96.949995812068
MB0122000,Assen.,PA PROGRESSO (MB0122000),MB0122000,102.56819140248817,102.21918282857519,5,99.65973020568975
MB0127000,Assen.,PA AÇAIZAL (MB0127000),MB0127000,37.46948296692435,28.91656653044694,3,77.17364703423483
MB0128000,Assen.,PA PATAUÁ (MB0128000),MB0128000,69.11213963920135,69.07031558933792,10,99.93948378666647
MB0129000,Assen.,PA LINDOESTE (MB0129000),MB0129000,120.34069651600942,115.93779715411327,19,96.3413047378279
MB0130000,Assen.,PA ANGICAL (MB0130000),MB0130000,42.66399988242643,34.84889020356648,3,81.68219177668091
MB0131000,Assen.,PA JOSE MARTINS PESSOA (MB0131000),MB0131000,20.146166270296387,19.60026126964099,3,97.29027849104827
MB0132000,Assen.,PA COCALÃNDIA (MB0132000),MB0132000,40.32130529248529,39.569954835955976,1,98.13659193054609
MB0133000,Assen.,PA JAGUATIARA (MB0133000),MB0133000,30.62750058184791,30.627500236090853,3,99.99999887108953
MB0134000,Assen.,PA BARREIRO COCAL (MB0134000),MB0134000,82.18073583917543,48.39767898904069,10,58.891756680973394
MB0135000,Assen.,PA MORESCHI (MB0135000),MB0135000,41.60612926989008,40.204904859028986,3,96.6321682995992
MB0136000,Assen.,PA LAJEDO (MB0136000),MB0136000,53.878659944068154,53.63709855889051,9,99.55165665696137
MB0137000,Assen.,PA PARAISO DO ARAGUAIA (MB0137000),MB0137000,45.489917038690365,42.916715395413284,4,94.34335824114935
MB0138000,Assen.,PA 1º DE MARÇO (MB0138000),MB0138000,109.47576295951033,108.92529186030976,4,99.49717537076754
MB0139000,Assen.,PA SÃO PAULO DAS CACHOEIRAS (MB0139000),MB0139000,85.00488416108654,70.21460705571427,20,82.60067377146908
MB0146000,Assen.,PA INDIAPORÃ (MB0146000),MB0146000,28.114622071759232,22.653637324558613,3,80.57599802244503
MB0147000,Assen.,PA AGROPECUS II (MB0147000),MB0147000,51.67570327724821,33.07246056610397,8,64.00002025838924
MB0148000,Assen.,PA ARAXÁ (MB0148000),MB0148000,16.574385338328526,16.201303562115104,2,97.74904608166275
MB0150000,Assen.,PA ENTRE RIOS  I LOTES 76 (MB0150000),MB0150000,43.414684174056866,30.721757720248114,10,70.7635177007838
MB0152000,Assen.,PA MURIÇOCA (MB0152000),MB0152000,13.505516999595804,13.501935743158247,4,99.97348301114528
MB0153000,Assen.,PA DIUTÁ (MB0153000),MB0153000,11.610992157591385,9.832003819289264,2,84.67841236858472
MB0155000,Assen.,PA FRUTÃO (MB0155000),MB0155000,174.00514754016007,173.24000568984349,36,99.56027631300965
MB0156000,Assen.,PA SERRA AZUL (MB0156000),MB0156000,37.32736798124787,36.933782605807835,8,98.94558497765566
MB0157000,Assen.,PA PRIMAVERA DO ARAGUAIA (MB0157000),MB0157000,33.04866541124288,32.609508134480286,1,98.67117999683825
MB0158000,Assen.,PA BOA ESPERANÇA (MB0158000),MB0158000,18.486564023051308,17.601314874302837,1,95.21139164830936
MB0159000,Assen.,PA VOLTA DO TAPIRAPÉ (MB0159000),MB0159000,210.6478413828635,209.48837346353903,34,99.44957047187725
MB0160000,Assen.,PA ESCADA ALTA (MB0160000),MB0160000,32.89100683620044,32.78577706455013,4,99.68006521608062
MB0161000,Assen.,PA SANTA CRUZ (MB0161000),MB0161000,19.303686731721484,15.827547135164753,2,81.9923538707016
MB0163000,Assen.,PA PIMENTEIRA (MB0163000),MB0163000,33.468629562344645,32.19651643809303,1,96.19908809865683
MB0164000,Assen.,PA PENSÃO DA ONÇA (MB0164000),MB0164000,60.73501432706347,52.805087537557455,9,86.9434017965277
MB0165000,Assen.,PA NOVA ESPERANÇA (MB0165000),MB0165000,109.32049172767,85.48623395330361,24,78.19781323913152
MB0166000,Assen.,PA SÃO BRAZ (MB0166000),MB0166000,30.027956265338492,27.114262620374852,2,90.29673008972995
MB0167000,Assen.,PA DOS BANDEIRANTES (MB0167000),MB0167000,47.650828699278996,47.32311334234295,15,99.31225675212443
MB0170000,Assen.,PA VOLTA GRANDE (MB0170000),MB0170000,140.44465673099057,139.98609025318993,20,99.67348955205965
MB0171000,Assen.,PA SÃO RAIMUNDO (MB0171000),MB0171000,9.852706706064833,8.04233974147173,2,81.62568907609185
MB0172000,Assen.,PA LANA (MB0172000),MB0172000,24.045776113996755,23.698108010738434,2,98.55414064569973
MB0173000,Assen.,PA BARRO PRETO (MB0173000),MB0173000,25.84567637075179,25.805167076168203,3,99.8432647147535
MB0174000,Assen.,PA CALIFORNIA (MB0174000),MB0174000,22.19607917122862,22.021451273274486,5,99.21324889586583
MB0175000,Assen.,PA DO MEIO (MB0175000),MB0175000,34.3967276750583,34.302687577100784,10,99.72660161499692
MB0176000,Assen.,PA GAMELEIRA AÇÚ (MB0176000),MB0176000,33.36702981030566,33.277976741753136,8,99.73311059132683
MB0177000,Assen.,PA GRANDE VITORIA (MB0177000),MB0177000,46.70923883002121,46.01302138395272,4,98.50946522891952
MB0178000,Assen.,PA TERRA ROXA (MB0178000),MB0178000,31.06319328878033,31.012570258290005,5,99.83703211057632
MB0181000,Assen.,PA ENTRE RIOS II LOTE 79 (MB0181000),MB0181000,36.97281954579517,13.341615804462398,3,36.08492933014547
MB0182000,Assen.,PA ENTRE RIOS III LOTE 80 (MB0182000),MB0182000,44.487922576280106,42.93629252176218,7,96.51224430213061
MB0183000,Assen.,PA MANUELITO (MB0183000),MB0183000,21.861534057747686,18.90215042049814,1,86.46305593453654
MB0184000,Assen.,PA SERRA QUEBRADA (MB0184000),MB0184000,21.2197697103522,20.604995411664476,2,97.10282294728296
MB0185000,Assen.,PA SANTA AMÉLIA (MB0185000),MB0185000,19.46723767066086,18.95840713553064,1,97.38622117971528
MB0186000,Assen.,PA CIGANA (MB0186000),MB0186000,19.00284059941756,14.919609683254802,2,78.51252345774078
MB0187000,Assen.,PA SAO GABRIEL (MB0187000),MB0187000,20.428171596158407,20.01309289838828,2,97.9681064660325
MB0188000,Assen.,PA CROÁ (MB0188000),MB0188000,16.298589250979102,15.957916520591246,2,97.90980234459623
MB0189000,Assen.,PA OITO BARRACAS (MB0189000),MB0189000,38.01743967865465,37.16567967468552,5,97.75955453294937
MB0190000,Assen.,PA RIO MAR (MB0190000),MB0190000,36.24799338531349,35.74155596498038,3,98.60285391538858
MB0191000,Assen.,PA SÃO JOSÉ DO ARAGUAIA (MB0191000),MB0191000,42.1627830779266,39.865917808344825,3,94.55238695857284
MB0192000,Assen.,PA MANOEL DOS REIS (MB0192000),MB0192000,43.769780301781466,43.34714956520173,3,99.03442344543244
MB0193000,Assen.,PA FRANCISCO NUNES TEIXEIRA (MB0193000),MB0193000,95.9272138612092,74.70195345187135,11,77.87357773150038
MB0194000,Assen.,PA DJALMA CASTRO (MB0194000),MB0194000,159.29586148740205,131.20344232786326,22,82.36462711759748
MB0195000,Assen.,PA CARLOS PEREIRA NUNES (MB0195000),MB0195000,29.785140709587683,24.897379480153937,3,83.58993406446994
MB0196000,Assen.,PA VINAGRE (MB0196000),MB0196000,27.28683274961774,18.851712726045395,5,69.08721469812023
MB0197000,Assen.,PA RIO PRETO MALHA II (MB0197000),MB0197000,36.33456637056892,33.93587333505747,12,93.39831660285233
MB0198000,Assen.,PA GOIANOS (MB0198000),MB0198000,52.31643567190264,52.042905567280314,15,99.47716219365986
MB0200000,Assen.,PA CASTANHEIRA II (MB0200000),MB0200000,37.90239415902485,37.297430477743944,3,98.40389058605983
MB0201000,Assen.,PA CRISTO REI (MB0201000),MB0201000,32.730758608631795,31.78039609358848,2,97.09642380609937
MB0202000,Assen.,PA BETH (MB0202000),MB0202000,15.504840288766,15.16385503737298,4,97.80078191685676
MB0203000,Assen.,PA BELO HORIZONTE (MB0203000),MB0203000,35.42609968814342,35.426099456154894,4,99.999999345148
MB0204000,Assen.,PA ARRAIALANDIA (MB0204000),MB0204000,63.53364653400497,63.37490383411944,12,99.75014388667182
MB0206000,Assen.,PA RIO ITACOROA (MB0206000),MB0206000,37.846568550743434,37.11919103357257,3,98.07808859554699
MB0208000,Assen.,PA SANTA FÉ (MB0208000),MB0208000,31.72576980260166,30.794719646112327,1,97.06531894329957
MB0209000,Assen.,PA LA ESTANÇIA (MB0209000),MB0209000,33.350607139039575,31.248718026346364,4,93.69759865560954
MB0210000,Assen.,PA CONQUISTA (MB0210000),MB0210000,27.89119151537628,27.844658799916836,4,99.83316340058906
MB0211000,Assen.,PA MURAJUBA (MB0211000),MB0211000,24.116729344312255,23.692653182737608,2,98.2415685165258
MB0212000,Assen.,PA PRINCESA (MB0212000),MB0212000,30.20950388286363,29.485072744046587,4,97.60197604824627
MB0213000,Assen.,PA TARTARUGA (MB0213000),MB0213000,35.714468811017724,34.796834655001824,6,97.43063753552785
MB0214000,Assen.,PA IGUAÇU (MB0214000),MB0214000,11.221427370829526,10.609534700989919,1,94.54710484131242
MB0217000,Assen.,PA BARREIRA BRANCA (MB0217000),MB0217000,31.65693189587828,29.785709987576823,6,94.08906108003129
MB0218000,Assen.,PA VALE DO MUCURA (MB0218000),MB0218000,25.306698396105915,18.83670457439167,3,74.43367079954682
MB0219000,Assen.,PA DOURADA (MB0219000),MB0219000,19.54231182015427,19.469894785670014,7,99.62943465875121
MB0220000,Assen.,PA VOLTINHA DO ITACAIUNAS (MB0220000),MB0220000,15.300656145627844,15.119418636253503,5,98.81549191322667
MB0221000,Assen.,PA BRASILESPANHA (MB0221000),MB0221000,35.89230531739789,35.09187917559235,3,97.76992273210838
MB0222000,Assen.,PA BRASIL NOVO (MB0222000),MB0222000,26.16809562338417,24.641127682571838,1,94.16477239005573
MB0223000,Assen.,PA ALTO BONITO (MB0223000),MB0223000,38.7826394646765,38.7750790855909,8,99.98050576446072
MB0224000,Assen.,PA JATOBÁ (MB0224000),MB0224000,19.911339188088004,19.658034025242934,8,98.72783462502306
MB0225000,Assen.,PA SAPUCAIA (MB0225000),MB0225000,31.857258560809548,31.108308747316556,10,97.6490449984471
MB0226000,Assen.,PA SÃO SEBASTIÃO DO XINGÚ (MB0226000),MB0226000,124.97939326534416,119.82275224656226,13,95.87400699903078
MB0227000,Assen.,PA MARIA RITA (MB0227000),MB0227000,28.438651977408192,27.766117432704483,2,97.63513915765778
MB0228000,Assen.,PA PIMENTA (MB0228000),MB0228000,92.32214106289757,91.5849296589385,13,99.20147930337012
MB0229000,Assen.,PA PAU BRASIL (MB0229000),MB0229000,213.68242083007635,212.8124305417474,41,99.59285827774256
MB0230000,Assen.,PA AIRTON SENA (MB0230000),MB0230000,127.9530998631193,127.19874995536057,25,99.41044811843894
MB0231000,Assen.,PA RIO CRISTALINO (MB0231000),MB0231000,160.1882945684686,159.29842163343355,31,99.44448317061352
MB0232000,Assen.,PA NICOBRAN (MB0232000),MB0232000,284.9315838674541,281.4890136878701,53,98.79179060009527
MB0233000,Assen.,PA RIO CAMPO ALEGRE (MB0233000),MB0233000,133.21665664445695,132.54000459330544,35,99.49206648162817
MB0234000,Assen.,PA PAJEÚ (MB0234000),MB0234000,27.074030598487095,26.606601860654184,4,98.27351625339807
MB0235000,Assen.,PA SANTA IZABEL (MB0235000),MB0235000,23.23725561749929,21.896997319501224,2,94.23228663461981
MB0236000,Assen.,PA CODESPAR (MB0236000),MB0236000,174.2876893857582,173.1058329626312,39,99.3218933435332
MB0237000,Assen.,PA INAJA II (MB0237000),MB0237000,110.94427584051665,110.87151305248962,22,99.93441501377535
MB0238000,Assen.,PA EXPEDITO RIBEIRO (MB0238000),MB0238000,25.495610900672297,24.134841391599,6,94.66273032493834
MB0239000,Assen.,PA BRASIL 500 (MB0239000),MB0239000,90.43658700295427,90.3212037710689,29,99.87241531805971
MB0240000,Assen.,PA NOVO MUNDO (MB0240000),MB0240000,118.74457576809468,118.18444156938874,38,99.52828649638711
MB0241000,Assen.,PA ALTO BONITO DO AXIXÁ (MB0241000),MB0241000,65.19629946819161,64.74376218229705,15,99.30588501251462
MB0242000,Assen.,PA RAINHA (MB0242000),MB0242000,45.32686747634818,33.20503275343493,11,73.25684434460756
MB0244000,Assen.,PA BOM JARDIM DA VOLTINHA (MB0244000),MB0244000,30.451750813199354,30.400255464433325,4,99.83089527731289
MB0245000,Assen.,PA SÃO GERALDO (MB0245000),MB0245000,61.01484735605994,60.36545954994035,5,98.93568887859375
MB0246000,Assen.,PA MOÇA BONITA (MB0246000),MB0246000,34.493426301817486,34.08139199795924,11,98.80547006188092
MB0247000,Assen.,PA NOVA ITAPERUNA (MB0247000),MB0247000,27.39390809574802,27.307225246730738,5,99.68356888431433
MB0248000,Assen.,PA CASARÃO (MB0248000),MB0248000,30.510603154653047,29.868518514816607,3,97.89553606468603
MB0249000,Assen.,PA BOA ESPERANÇA DO BURGO (MB0249000),MB0249000,35.37555698487393,34.93206558485715,4,98.74633380272596
MB0250000,Assen.,PA SABINO SÃO PEDRO (MB0250000),MB0250000,21.310102561853306,19.71754207140563,4,92.52673474552638
MB0251000,Assen.,PA TERRA NOVA (MB0251000),MB0251000,57.680183200811044,57.34245174812543,21,99.41447576282859
MB0252000,Assen.,PA BOM LUGAR (MB0252000),MB0252000,23.893426168324012,23.133519687005332,3,96.81960018640565
MB0253000,Assen.,PA TIRA CATINGA (MB0253000),MB0253000,14.204145345275563,13.354204131745094,1,94.01624530818275
MB0254000,Assen.,PA CUPÚ (MB0254000),MB0254000,81.28983108921045,80.8878306949,18,99.50547271543807
MB0255000,Assen.,PA CABANAGEM (MB0255000),MB0255000,24.727713556375065,24.690670575806397,9,99.85019649922661
MB0256000,Assen.,PA CÖCO (MB0256000),MB0256000,113.34235789440974,112.72515289626634,32,99.45545071621115
MB0257000,Assen.,PA MARAVILHA (MB0257000),MB0257000,95.21963032298291,95.19027517538238,19,99.96917111786618
MB0258000,Assen.,PA CARLOS FONSECA (MB0258000),MB0258000,44.508830761549945,43.5654793455386,1,97.88052977382124
MB0259000,Assen.,PA CAJARANA (MB0259000),MB0259000,15.016417528386079,14.060385296415133,3,93.63342002069585
MB0260000,Assen.,PA SANTA MARIA DO ITACAIUNAS (MB0260000),MB0260000,24.155542408293847,22.257943161601556,4,92.14424907287221
MB0262000,Assen.,PA CONTINENTAL (MB0262000),MB0262000,31.116858475862742,30.559382246696387,10,98.20844308689199
MB0263000,Assen.,PA LAGO VERMELHO (MB0263000),MB0263000,57.833785828934154,47.360848731596874,11,81.89131673254964
MB0264000,Assen.,PA MONTEPIO (MB0264000),MB0264000,80.1897417662395,76.39804599154853,10,95.27159498063466
MB0265000,Assen.,PA BRASILIA (MB0265000),MB0265000,55.07212344168396,52.65765786779184,10,95.61581173377344
MB0266000,Assen.,PA CHICO MENDES II (MB0266000),MB0266000,33.407537137694476,13.605253956554995,1,40.72510314208071
MB0267000,Assen.,PA NOSSA SENHORA  DO PERPÉTUO SOCORRO (MB0267000),MB0267000,16.365781217776277,15.613289392090966,1,95.4020415177739
MB0268000,Assen.,PA CHICO MENDES I (MB0268000),MB0268000,21.42045006865254,20.584338735535795,2,96.09666776170899
MB0269000,Assen.,PA ALEGRIA (MB0269000),MB0269000,36.253781647303256,36.23328475458531,4,99.94346274571478
MB0270000,Assen.,PA MÃE MARIA (MB0270000),MB0270000,34.2565300311624,33.272069739611716,1,97.12621129269327
MB0271000,Assen.,PA ESTRELA DO NORTE (MB0271000),MB0271000,44.21529825628257,43.010992465140866,11,97.27626898689847
MB0272000,Assen.,PA BOA SORTE (MB0272000),MB0272000,19.244268044493474,19.15648711474635,3,99.54385934791507
MB0273000,Assen.,PA CAPSS (MB0273000),MB0273000,175.37711682519625,174.66511507057257,45,99.59401672948395
MB0274000,Assen.,PA CASA BRANCA (MB0274000),MB0274000,15.862930530972546,15.831069173833917,2,99.79914583199857
MB0275000,Assen.,PA CHIBIL (MB0275000),MB0275000,27.139191624818356,26.71371068725921,4,98.43222693055436
MB0276000,Assen.,PA SANTA EUDOXIA (MB0276000),MB0276000,30.113477429659373,29.608827349193362,6,98.32417202017004
MB0277000,Assen.,PA BARRA DO CEDRO (MB0277000),MB0277000,9.870100470353744,9.829305072216629,1,99.58667697193508
MB0278000,Assen.,PA MARINGÁ (MB0278000),MB0278000,42.5493189585777,41.70760228666625,6,98.02178579466602
MB0279000,Assen.,PA MIGUEL GOMES DA SILVA (MB0279000),MB0279000,12.95648781004329,12.486985577545804,2,96.37631556189518
MB0280000,Assen.,PA LAGO AZUL (MB0280000),MB0280000,30.080798261758122,28.929634673508776,3,96.17309494837167
MB0281000,Assen.,PA BOQUEIRÃO (MB0281000),MB0281000,26.037414678142717,23.710014424289533,2,91.06132355065598
MB0282000,Assen.,PA PEDRA PRETA (MB0282000),MB0282000,26.30733095495043,19.96722010996712,6,75.89983242374404
MB0283000,Assen.,PA UIRAPURÚ (MB0283000),MB0283000,30.814448143376797,30.43653704697743,7,98.77359122369812
MB0284000,Assen.,PA RANCHARIA (MB0284000),MB0284000,31.359955339112773,31.15579524589402,6,99.34897836744008
MB0286000,Assen.,PA VISTA ALEGRE (MB0286000),MB0286000,21.01288428287366,19.47904230757709,6,92.70046912814004
MB0287000,Assen.,PA ACAPU (MB0287000),MB0287000,10.220928325306462,10.08436011585786,2,98.66383751943093
MB0288000,Assen.,PA VALE DA SERRA (MB0288000),MB0288000,19.006763689908222,18.651833822533497,5,98.13261282580591
MB0125000,Assen.,PA LIMÃO (MB0125000),MB0125000,109.92068127505435,109.82160047834452,29,99.90986155147465
MB0291000,Assen.,PA MARIA DE LOURDES RODRIGUES (MB0291000),MB0291000,42.070667995603635,32.479632104106074,5,77.20255857953143
MB0292000,Assen.,PA LARANJEIRAS (MB0292000),MB0292000,106.31274013879752,105.39623709603846,22,99.13791795643446
MB0289000,Assen.,PA UNIAO DA VITORIA (MB0289000),MB0289000,41.8439713019786,41.843971012207135,7,99.99999930749532
MB0290000,Assen.,PA JERONIMO NUNES LACERDA (MB0290000),MB0290000,37.79309163431756,37.18130845062175,4,98.38123012106188
MB0293000,Assen.,PA RIO PARA (MB0293000),MB0293000,54.42201696017154,51.25374079893128,11,94.17831911015179
MB0294000,Assen.,PA RIO CINZA (MB0294000),MB0294000,58.73224825794086,58.65263555847235,14,99.86444806417273
MB0295000,Assen.,PA RIO NEGRO (MB0295000),MB0295000,43.48756775965311,41.240394638778106,8,94.8326079460349
MB0296000,Assen.,PA ARAPARI (MB0296000),MB0296000,145.23369271966288,145.10516510652405,30,99.91150289527727
MB0297000,Assen.,PA EMÍDIO BATISTA DE MOURA (MB0297000),MB0297000,109.85675770264609,108.92347747463066,34,99.15045715208383
MB0298000,Assen.,PA 21 DE ABRIL (MB0298000),MB0298000,17.47534844811186,16.85104647857116,3,96.42752777494316
MB0299000,Assen.,PA VALENTIM SERRA (MB0299000),MB0299000,23.042892024005493,22.343283166910076,1,96.96388432334543
MB0306000,Assen.,PA BEIRA RIO (MB0306000),MB0306000,19.82929493477511,19.418128927497555,4,97.92647187592897
MB0307000,Assen.,PA BURGO (MB0307000),MB0307000,13.931629848434447,13.88543485409365,2,99.66841643911471
MB0308000,Assen.,PA CARIMÃ (MB0308000),MB0308000,20.818238602494496,19.917514141683103,3,95.67338775383492
MB0309000,Assen.,PA BELO MIRAR (MB0309000),MB0309000,34.15356433726479,33.33762730312216,7,97.61097545753852
MB0310000,Assen.,PA NOSSA SENHORA DAS GRAÇAS (MB0310000),MB0310000,35.63255708793629,35.241536490612404,9,98.90263110683047
MB0311000,Assen.,PA BOCA DO LAGO (MB0311000),MB0311000,33.875084006976124,32.77031814528541,6,96.73870665099102
MB0313000,Assen.,PA BORRACHEIRA (MB0313000),MB0313000,25.971770179315563,25.49923052198208,4,98.18056430473952
MB0314000,Assen.,PA ARICA (MB0314000),MB0314000,15.891931605747514,15.782455303384733,4,99.31112022705165
MB0315000,Assen.,PA MINEIRO PRETO (MB0315000),MB0315000,99.68670896554409,97.89599443142272,16,98.2036576864622
MB0316000,Assen.,PA ALTO PACAJÁ (MB0316000),MB0316000,132.4911946907881,131.24461243453234,25,99.05912067653624
MB0317000,Assen.,PA BOCA LARGA (MB0317000),MB0317000,70.81789404247736,70.44012057081044,18,99.46655647308526
MB0318000,Assen.,PA JACARÉ-AÇÚ (MB0318000),MB0318000,112.63009708151274,111.62876474974651,12,99.11095492438264
MB0319000,Assen.,PA JOSÉ CIRILO GOMES (MB0319000),MB0319000,102.00172795122573,101.69435918405028,18,99.69866317625284
MB0320000,Assen.,PA RIO PRETO (MB0320000),MB0320000,59.37612737699039,58.653390322128494,7,98.78278175625516
MB0321000,Assen.,PA CASCALHO (MB0321000),MB0321000,26.76945727237142,23.28753080209087,5,86.9929134727949
MB0322000,Assen.,PA NOVA VIDA (MB0322000),MB0322000,57.174359985042585,56.23421407993831,7,98.35565119513323
MB0323000,Assen.,PA CASTANHAL RATO II (MB0323000),MB0323000,14.784076691385069,14.323772488993429,3,96.88648664370182
MB0324000,Assen.,PA SANTA MARIA (MB0324000),MB0324000,21.63602913324943,21.20547974841076,2,98.01003510308175
MB0325000,Assen.,PA SANTA LIDUINA (MB0325000),MB0325000,19.151636916960236,18.662561191115625,2,97.44629804770632
MB0326000,Assen.,PA IOLANDA (MB0326000),MB0326000,23.188173691591395,22.74221649361609,3,98.07679033326795
MB0327000,Assen.,PA SÃO JOSE (MB0327000),MB0327000,45.2415444983861,45.09985600454014,8,99.68681773485649
MB0328000,Assen.,PA PAU FERRADO (MB0328000),MB0328000,21.659314340591166,4.513362070796979,2,20.837972983930534
MB0329000,Assen.,PA BEIJA FLOR II (MB0329000),MB0329000,11.67413772260212,11.451394493360139,1,98.09199416235487
MB0330000,Assen.,PA AMAPÁ I (MB0330000),MB0330000,24.86779771422339,10.43760951252261,6,41.972391896017044
MB0331000,Assen.,PA ALTO AMAZONAS (MB0331000),MB0331000,24.17359134153111,23.74851750002605,3,98.2415776145981
MB0332000,Assen.,PA BARRAGEIRA (MB0332000),MB0332000,29.7687255788556,29.679879413126276,2,99.70154528283726
MB0333000,Assen.,PA CACHOEIRINHA (MB0333000),MB0333000,12.423213640133538,11.549730575500336,1,92.96894434938001
MB0334000,Assen.,PA AMAPA II (MB0334000),MB0334000,29.323263831917995,29.070742964407668,5,99.13883778777907
MB0335000,Assen.,PA SÃO GERALDO DO REPARTIMENTO (MB0335000),MB0335000,19.974211741164147,18.83789666979194,6,94.31108928804227
MB0336000,Assen.,PA NOVO MUNDO DO ITUPIRANGA (MB0336000),MB0336000,12.442640598376736,11.524715397005322,1,92.62274599901916
MB0337000,Assen.,PA BOA ESPERANÇA DO ARAGUAIA (MB0337000),MB0337000,26.36530340704912,25.246420000060773,8,95.7562278358261
MB0338000,Assen.,PA UNIÃO (MB0338000),MB0338000,27.577255952921913,27.272871694049194,3,98.89624892559164
MB0339000,Assen.,PA JERUZALÉM (MB0339000),MB0339000,11.457848193460853,11.220459057345742,3,97.92815254568836
MB0340000,Assen.,PA SANTA TEREZINHA (MB0340000),MB0340000,24.853678431962585,23.64936797300525,4,95.15439751804081
MB0341000,Assen.,PA SAMAUMA (MB0341000),MB0341000,13.587627812222882,13.586760906748273,3,99.9936198909288
MB0342000,Assen.,PA MARRECAS DO ARAGUAIA (MB0342000),MB0342000,36.82102831050776,34.190824302616754,6,92.85678828491487
MB0343000,Assen.,PA CUXIÚ (MB0343000),MB0343000,4.972005696215282,0.0,0,0.0
MB0344000,Assen.,PA JOSE PINHEIRO LIMA (MB0344000),MB0344000,38.54438506210505,37.05477961243079,8,96.13535033112056
MB0345000,Assen.,PA JURUNA (MB0345000),MB0345000,122.46035839790561,121.3562209404033,21,99.09837152859322
MB0346000,Assen.,PA PALMARES SUL (MB0346000),MB0346000,96.50664733259504,94.52199216121474,2,97.9435041769294
MB0347000,Assen.,PA ALCOBAÇA (MB0347000),MB0347000,45.801035596050525,44.571577549052954,8,97.31565448030265
MB0351000,Assen.,PA IGARAPE DO RATO (MB0351000),MB0351000,23.15440079216444,21.807375900647706,2,94.18242387869275
MB0352000,Assen.,PA ARAÇATUBA CARAJÁS (MB0352000),MB0352000,14.222443209380689,13.785229363473485,2,96.92588791200917
MB0353000,Assen.,PA 4 DE JUNHO (MB0353000),MB0353000,12.551842501740062,12.535227302089483,1,99.86762740491466
MB0354000,Assen.,PA JARDIM (MB0354000),MB0354000,24.49741295896388,24.113798592747298,2,98.43406172374534
MB0355000,Assen.,PA FÊNIX (MB0355000),MB0355000,14.627855140554544,14.371904126807705,1,98.25024919041455
MB0356000,Assen.,PA JOSÉ DUTRA DA COSTA (MB0356000),MB0356000,29.42120852815193,29.006610062643542,4,98.59081769155854
MB0357000,Assen.,PA BONANZA (MB0357000),MB0357000,13.52242110568228,13.422013034077633,8,99.25746971773823
MB0358000,Assen.,PA NOSSA SENHORA APARECIDA (MB0358000),MB0358000,34.13178567674989,33.4866450443875,10,98.10985385156144
MB0359000,Assen.,PA NOVA VITORIA (MB0359000),MB0359000,59.50284396831539,59.009980121850994,2,99.17169699195078
MB0360000,Assen.,PA UNIDOS PARA VENCER (MB0360000),MB0360000,21.123002875319866,20.265986814484656,2,95.94273567118363
MB0361000,Assen.,PA PIQUIÁ (MB0361000),MB0361000,33.378206653687386,33.05225708957347,5,99.02346591745994
MB0363000,Assen.,PA PIRASSUNUNGA (MB0363000),MB0363000,4.909175719034086,3.915148331304817,2,79.75164376628078
MB0364000,Assen.,PA POUSO ALEGRE (MB0364000),MB0364000,15.652951893133887,15.410320871610427,4,98.44993440738875
MB0365000,Assen.,PA SANTA RITA (MB0365000),MB0365000,6.930911039172997,6.902583873729036,1,99.59129232385384
MB0366000,Assen.,PA POUSO BONITO (MB0366000),MB0366000,14.23292631221767,13.625244416076372,1,95.73045006479337
MB0367000,Assen.,PA BOA SORTE II (MB0367000),MB0367000,7.20116949804815,7.078247273796086,2,98.2930241499609
MB0368000,Assen.,PA SANTA MARTA (MB0368000),MB0368000,12.168812160924187,11.663433724424186,2,95.84693699091811
MB0369000,Assen.,PA 8 DE MARÇO (MB0369000),MB0369000,14.995122136769874,14.6567422994906,2,97.74340059258654
MB0370000,Assen.,PA NOSSA SENHORA DA GUIA (MB0370000),MB0370000,22.5000895734173,22.077682007645997,1,98.12264051486108
MB0371000,Assen.,PA VALE DO ARATAU (MB0371000),MB0371000,20.120406417384512,19.10111768007911,4,94.93405492831043
MB0372000,Assen.,PA NOVA UNIÃO (MB0372000),MB0372000,13.075575442668656,9.43998161567429,2,72.19553477447292
MB0373000,Assen.,PA COCALÂNDIA II (MB0373000),MB0373000,16.507029505187425,16.127357461883477,1,97.69993721047973
MB0379000,Assen.,PA CABANOS (MB0379000),MB0379000,29.246066339882155,29.063556704238664,4,99.3759515090937
MB0374000,Assen.,PA PARAUNA (MB0374000),MB0374000,20.813787266998467,17.105930874294895,2,82.18557562283436
MB0375000,Assen.,PA REUNIDAS (MB0375000),MB0375000,43.17810483040881,42.078589550131966,2,97.45353510860323
MB0376000,Assen.,PA PALMEIRA JUSSARA (MB0376000),MB0376000,9.617938125391168,9.392845058637345,1,97.65965361994186
MB0377000,Assen.,PA CONSPEL (MB0377000),MB0377000,10.540945750476515,10.08220060375344,1,95.64796975923781
MB0378000,Assen.,PA JOÃO LANARI DO VAL (MB0378000),MB0378000,48.4386192561748,47.427823118717974,8,97.91324329021212
MB0381000,Assen.,PA CASTANHAL ALMESCÃO (MB0381000),MB0381000,35.87580595085148,35.66377486872638,8,99.40898587082454
MB0382000,Assen.,PA NOVO PROJETO (MB0382000),MB0382000,19.496783647066838,16.94551513570156,3,86.91441338454253
MB0383000,Assen.,PA MATA AZUL III (MB0383000),MB0383000,28.285521021847646,28.253711629662014,7,99.88754178450147
MB0385000,Assen.,PA IRMÃ DULCE (MB0385000),MB0385000,44.02046711971067,42.64933061154422,11,96.88522953553006
MB0387000,Assen.,PA AQUARIUS CRUZEIRO DO SUL (MB0387000),MB0387000,36.94633718372536,36.656440691262844,3,99.21535796357584
MB0388000,Assen.,PA BELO HORIZONTE II (MB0388000),MB0388000,23.940660820532468,21.641935216027615,9,90.39823661620329
MB0389000,Assen.,PA PEDRA DE AMOLAR (MB0389000),MB0389000,9.398221144534705,6.498474252409578,1,69.14578995822629
MB0390000,Assen.,PA ZUMBI DOS PALMARES (MB0390000),MB0390000,37.8036089128065,37.80360864753621,7,99.99999929829373
MB0391000,Assen.,PA SOL NASCENTE (MB0391000),MB0391000,12.067045146522675,11.69708496148904,2,96.93412777907568
MB0392000,Assen.,PA GABRIEL PIMENTA (MB0392000),MB0392000,50.38886570050012,50.388865700500496,12,100.00000000000075
MB0393000,Assen.,PA NOVA ESPERANÇA (MB0393000),MB0393000,55.72937276408559,55.68149037275227,12,99.91408051273784
MB0394000,Assen.,PA JOÃO VAZ (MB0394000),MB0394000,33.39725411448866,32.79679264225892,5,98.20206334876723
MB0395000,Assen.,PA LIBERDADE (MB0395000),MB0395000,55.70882955187384,50.815333185408164,14,91.21594116080101
MB0396000,Assen.,PA BOM JESUS (MB0396000),MB0396000,48.21756727797278,47.63344179231658,6,98.78856292709929
MB0397000,Assen.,PA SANTA LUCIA (MB0397000),MB0397000,12.569819250066642,11.795049334904064,3,93.83626844786595
MB0398000,Assen.,PA ESTRELA DALVA (MB0398000),MB0398000,27.588319383759195,27.588319235796437,6,99.99999946367608
MB0400000,Assen.,PA VALE DA LIBERDADE (MB0400000),MB0400000,9.21514410072466,8.563360858905593,2,92.9270423262528
MB0401000,Assen.,PA GROTÃO DO SEVERINO (MB0401000),MB0401000,7.652612154003466,7.441387643124193,1,97.23983776221075
MB0402000,Assen.,PA TALISMÃ (MB0402000),MB0402000,23.211358223964528,23.044383756402606,4,99.28063465329862
MB0404000,Assen.,PA CANUDOS (MB0404000),MB0404000,27.55540252114682,27.173330342710983,3,98.6134400390536
MB0405000,Assen.,PA TARUMÃ (MB0405000),MB0405000,44.10122072977774,43.078570068101996,6,97.68112844780002
MB0406000,Assen.,PA ESPERANÇA (MB0406000),MB0406000,22.789347797733758,12.547670061273434,5,55.059364456762616
MB0407000,Assen.,PA LIMEIRA (MB0407000),MB0407000,13.461745110460043,13.46174477641949,1,99.99999751859399
MB0408000,Assen.,PA ANTARES (MB0408000),MB0408000,69.87785665309377,67.69890776991856,18,96.88177487470384
MB0409000,Assen.,PA PARAGOMINAS (MB0409000),MB0409000,16.148206363628297,15.819955075112087,3,97.96725852317844
MB0410000,Assen.,PA TRES LAGOAS (MB0410000),MB0410000,53.0769209539109,52.422880106136034,5,98.76774907809217
MB0411000,Assen.,PA CARUMBÉ (MB0411000),MB0411000,32.25387633996506,30.968027641763488,3,96.01335143519384
MB0380000,Assen.,PA BELO VALE (MB0380000),MB0380000,13.069789249462058,12.927563186156036,2,98.91179528153542
MB0413000,Assen.,PA MUTUÃ (MB0413000),MB0413000,36.80639056513721,36.481470425187496,7,99.11721813804402
MB0420000,Assen.,PA CACHOEIRA PRETA II (MB0420000),MB0420000,53.53469884139945,53.07366298654855,9,99.13880928663342
MB0414000,Assen.,PA PONTA DA SERRA (MB0414000),MB0414000,54.0398888614151,39.019275306575636,6,72.20458096544256
MB0415000,Assen.,PA VALE DO MUCURA II (MB0415000),MB0415000,91.38330284951796,90.62399038944694,10,99.16909059270775
MB0416000,Assen.,PA COCALINHO (MB0416000),MB0416000,12.933839030940906,11.396346432876719,3,88.11263543340745
MB0417000,Assen.,PA RAINHA DA PAZ (MB0417000),MB0417000,39.32027620599696,38.84265815641767,9,98.78531359475433
MB0418000,Assen.,PA GAVIÃO (MB0418000),MB0418000,94.05152822174976,88.77385161211798,18,94.38852647116126
MB0419000,Assen.,PA MANTENHA (MB0419000),MB0419000,11.279451980826076,11.12805328916128,1,98.6577478061686
MB0424000,Assen.,PA DOMINGOS OLIVEIRA BEZERRA (MB0424000),MB0424000,72.94161219547806,72.42178237028155,11,99.28733433557322
MB0425000,Assen.,PA SÃO SEBASTIÃO DO CRISTALINO (MB0425000),MB0425000,57.33215833640398,56.122817464200345,10,97.89064129574948
MB0426000,Assen.,PA SÃO PEDRO II (MB0426000),MB0426000,53.927941213259,53.09933438527931,14,98.46349256185593
MB0427000,Assen.,PA PIONEIRA (MB0427000),MB0427000,20.388223114610334,20.388223114610334,1,100.0
MB0428000,Assen.,PA RIBEIRÃO DAS PEDRAS (MB0428000),MB0428000,20.196280123713063,20.196279939558053,1,99.99999908817362
MB0430000,Assen.,PA ARIZONA (MB0430000),MB0430000,74.9424920569569,74.94127400659065,14,99.99837468659926
MB0431000,Assen.,PA CONSOLAÇÃO (MB0431000),MB0431000,48.641294348119715,47.94265330578492,3,98.5636873942237
MB0432000,Assen.,PA PANORAMA (MB0432000),MB0432000,35.86269995421239,34.270433800313505,9,95.56010519026229
MB0433000,Assen.,PA CRISTO VIVE (MB0433000),MB0433000,70.03173285593762,69.3331435622429,18,99.00246750265084
MB0434000,Assen.,PA SERRA GRANDE (MB0434000),MB0434000,69.44271420776484,67.26519856115678,23,96.86429934162254
MB0436000,Assen.,PA ITAMARATY (MB0436000),MB0436000,69.54050464912507,67.99474231809872,12,97.77717700090662
MB0437000,Assen.,PA ÁGUA BOA (MB0437000),MB0437000,6.50569100665194,6.4746781948481695,1,99.52329719053579
MB0438000,Assen.,PA SUMAUMA II (MB0438000),MB0438000,51.41959526408808,51.41959525520743,12,99.99999998272907
MB0439000,Assen.,PA CAMPOS VERDES (MB0439000),MB0439000,46.76192755697847,46.76192748491761,9,99.99999984589843
MB0440000,Assen.,PA BOM FUTURO (MB0440000),MB0440000,34.693889004216516,30.616809247879345,4,88.24842105235979
MB0441000,Assen.,PA SUNIL (MB0441000),MB0441000,23.632538722079158,23.632538722079474,5,100.00000000000134
MB0442000,Assen.,PA JORDÃO (MB0442000),MB0442000,30.366467464623376,30.366467026272318,6,99.99999855646344
MB0443000,Assen.,PA CARAJÁS (MB0443000),MB0443000,51.109262724593314,51.10926272459333,3,100.00000000000003
MB0444000,Assen.,PA VIDA NOVA (MB0444000),MB0444000,58.361858527958674,23.655459563364353,15,40.53239591750155
MB0445000,Assen.,PA BARRACA DO MEIO (MB0445000),MB0445000,43.905961999254835,42.43433036730435,4,96.64821913712889
MB0446000,Assen.,PA UXI (MB0446000),MB0446000,70.39109184831531,68.76136638326547,11,97.68475609305548
MB0447000,Assen.,PA BERRANTE DE OURO (MB0447000),MB0447000,67.06851343910174,65.77863389220784,13,98.07677331619239
MB0448000,Assen.,PA PEDRA BRANCA (MB0448000),MB0448000,54.037025790033134,52.151683717592846,13,96.51101805683015
MB0450000,Assen.,PA RIO BANDEIRA (MB0450000),MB0450000,111.57449952477926,110.85970608285284,17,99.35935769824567
MB0451000,Assen.,PA SANTIAGO (MB0451000),MB0451000,37.29887424029983,37.02066911367426,4,99.25411924007888
MB0452000,Assen.,PA NOVA DESCOBERTA (MB0452000),MB0452000,36.975891907484616,34.184828258367595,9,92.4516664639209
MB0453000,Assen.,PA LIMPEZA (MB0453000),MB0453000,37.75077145661856,37.39198117581307,4,99.04958159274231
MB0454000,Assen.,PA MAL ARRUMADO (MB0454000),MB0454000,8.030227524485401,7.518433224293348,1,93.6266525620661
MB0455000,Assen.,PA JOSÉ INOCÊNCIO NERES (MB0455000),MB0455000,39.8006824018099,39.78912478433971,12,99.97096125801687
MB0456000,Assen.,PA ÁGUA BRANCA (MB0456000),MB0456000,36.40542449247621,33.73739721807172,5,92.6713468896486
MB0458000,Assen.,PA COLÔNIA PODEROSA (MB0458000),MB0458000,75.6892066532484,75.68920665324912,16,100.00000000000094
MB0459000,Assen.,PA OESTE (MB0459000),MB0459000,55.157651382426806,53.440774357284454,12,96.88732753822555
MB0422000,Assen.,PA PADRE JOSIMO TAVARES II (MB0422000),MB0422000,10.917698737515487,10.456523041107289,1,95.77588915488663
MB0423000,Assen.,PA REINO ENCANTADO (MB0423000),MB0423000,23.30653579774528,22.98598505919748,3,98.62463155687507
MB0462000,Assen.,PA NOVA JERUZALÉM (MB0462000),MB0462000,5.800192057053716,5.800191895296698,1,99.99999721117824
MB0463000,Assen.,PA SÃO VICENTE (MB0463000),MB0463000,55.531405336816405,55.5314048394527,8,99.99999910435598
MB0467000,Assen.,PA HAMILTON CORDEIRO CELSO (MB0467000),MB0467000,140.9239703476087,140.92397034760972,30,100.00000000000074
MB0468000,Assen.,PA SERRA VERDE (MB0468000),MB0468000,140.323801141822,139.02324847113525,24,99.07317742243006
MB0469000,Assen.,PA CENTRO NOVO (MB0469000),MB0469000,35.62578632206844,35.26833076682595,14,98.99663813168647
MB0470000,Assen.,PA CENTRO DOS MARANHENSES (MB0470000),MB0470000,21.230047225308123,20.800298795290043,3,97.97575377267282
MB0460000,Assen.,PA RIO CURURUÍ (MB0460000),MB0460000,782.5792441261345,781.1070134510728,106,99.81187455633254
MB0461000,Assen.,PA PETRONÍLIO ALVES BATISTA (MB0461000),MB0461000,6.542615732934557,1.273682730967724,1,19.467484916716018
MB0475000,Assen.,PA NOSSA SENHORA APARECIDA II (MB0475000),MB0475000,22.589140725951307,21.44140131861788,3,94.9190656640832
MB0476000,Assen.,PA TIRADENTES (MB0476000),MB0476000,43.47339171193707,43.4733912664694,7,99.9999989753096
MB0477000,Assen.,PA ARARANDEUA (MB0477000),MB0477000,152.3174980095632,151.76052573936923,10,99.63433467758314
MB0478000,Assen.,PA IRMÃ DOROTY (MB0478000),MB0478000,30.987736345677906,30.98773603824177,2,99.99999900787805
MB0479000,Assen.,PA BOM JESUS (MB0479000),MB0479000,15.224044670910153,15.063401822685456,1,98.94480834957315
MB0480000,Assen.,PA COSME E DAMIÃO (MB0480000),MB0480000,15.557569127082408,15.557569081985168,2,99.9999997101267
MB0481000,Assen.,PA SANTA CECILIA (MB0481000),MB0481000,9.346329855732087,9.346329440373392,3,99.99999555591658
MB0483000,Assen.,PA CENTRO NOVO II (MB0483000),MB0483000,19.749667647662605,19.71985844042487,8,99.84906476519232
MB0484000,Assen.,PA SANTA ELIZA (MB0484000),MB0484000,9.701233617425324,7.862359719335886,3,81.04494778080121
MB0485000,Assen.,PA MORADA NOVA (MB0485000),MB0485000,148.32543923802766,148.32543873471533,24,99.99999966067027
MB0486000,Assen.,PA MORADA NOVA II (MB0486000),MB0486000,113.18824715317385,113.18824674802433,30,99.9999996420569
MB0487000,Assen.,PA COLONIA MURAD (MB0487000),MB0487000,25.899987994756522,25.01541863566209,9,96.58467270612823
MB0489000,Assen.,PA DEUS É PAZ (MB0489000),MB0489000,47.254190322146016,46.61928457905965,1,98.65640329723561
MB0491000,Assen.,PA POMBAL (MB0491000),MB0491000,912.6264258666756,912.6264258665734,157,99.9999999999888
MB0492000,Assen.,PA FELICIDADE (MB0492000),MB0492000,53.082774930899845,53.082774575737226,13,99.9999993309268
MB0493000,Assen.,PA 1º DE MAIO (MB0493000),MB0493000,29.884560534502402,28.33155777976496,12,94.8033274474809
MB0494000,Assen.,PA OURO VERDE (MB0494000),MB0494000,29.192964911780997,28.251030371759466,6,96.77341940817594
MB0496000,Assen.,PA BEIRA RIO II (MB0496000),MB0496000,34.68079204106318,34.38349262595586,13,99.14275482879599
MB0497000,Assen.,PA RECANTO DA IARA (MB0497000),MB0497000,17.29811560636573,15.186036873102722,3,87.79012245422987
MB0499000,Assen.,PA ANTONIO NONATO (MB0499000),MB0499000,44.9256974107561,44.836858786338176,2,99.80225432316459
MB0500000,Assen.,PA UNIÃO DA VITÓRIA (MB0500000),MB0500000,10.16289714540711,10.162896931991419,1,99.99999790005067
MB0501000,Assen.,PA MARIA PRETA (MB0501000),MB0501000,29.104429373786928,29.104429373786903,2,99.99999999999991
MB0503000,Assen.,PA PROGRESSO (MB0503000),MB0503000,14.772430436925282,14.680159285059887,1,99.37538272893299
MB0471000,Assen.,PA ÁGUA DA SAÚDE (MB0471000),MB0471000,18.60936908360173,18.40747701489725,5,98.91510524726824
MB0504000,Assen.,PA BARRA MANSA (MB0504000),MB0504000,182.5323710077533,167.74360681971544,36,91.89800466274023
MB0505000,Assen.,PA 26 DE MARÇO (MB0505000),MB0505000,102.99359472032668,102.65832795806213,4,99.67447804577075
MB0506000,Assen.,PA MAMUI (MB0506000),MB0506000,20.104306049704913,20.104305816519027,2,99.9999988401197
MB0507000,Assen.,PA AGUA FRIA DOS MENDES (MB0507000),MB0507000,35.26517788542674,34.522252571581,9,97.89331754894465
MB0508000,Assen.,PA UNIAO BATENTE (MB0508000),MB0508000,39.678009373521725,39.67800911944182,2,99.99999935964553
MB0509000,Assen.,PA PRATA (MB0509000),MB0509000,27.97894974629581,27.978949537488266,2,99.99999925369771
MB0512000,Assen.,PA SANTA RITA DO ITACAIUNAS (MB0512000),MB0512000,6.5292990636343875,6.274927259372301,2,96.10414836595805
MB0513000,Assen.,PA BAGUA (MB0513000),MB0513000,54.933079036098825,54.92040387619705,6,99.9769261797733
MB0514000,Assen.,PA AGUAS CLARAS (MB0514000),MB0514000,14.66054718510788,14.660547032310172,1,99.99999895776259
MB0515000,Assen.,PA SANTA MARIANA (MB0515000),MB0515000,18.59656687063954,18.193534529747012,3,97.83275943513618
MB0516000,Assen.,PA SANTA PAULA (MB0516000),MB0516000,56.45610257163719,55.94298196736271,3,99.09111578571444
MB0517000,Assen.,PA SAO SEBASTIAO (MB0517000),MB0517000,28.2172801804132,26.72562130263126,2,94.71366882901293
MB0519000,Assen.,PA BELAUTO (MB0519000),MB0519000,253.539553918351,253.53955372333286,8,99.99999992308176
MB0520000,Assen.,PA RAINHA II (MB0520000),MB0520000,26.176848166152276,26.176847923915318,2,99.99999907461373
MB0520001,Assen.,PA SALVADOR ALLENDE PIRATININGA (MB0520001),MB0520001,72.6745240085084,72.28526467905245,2,99.46437993950894
MB0524000,Assen.,PA PIROSCA (MB0524000),MB0524000,42.735352638639185,42.735352292349404,5,99.9999991896878
MB0525000,Assen.,PA PEDRO LAURINDO DA SILVA (MB0525000),MB0525000,35.52324656711062,35.488598298728235,2,99.90246311435267
MB0529000,Assen.,PDS JOAO CANUTO II (MB0529000),MB0529000,36.536018593560215,36.53601852771309,2,99.99999981977477
MB0531000,Assen.,PA JAHU (MB0531000),MB0531000,236.4450194874725,236.19783142628202,37,99.89545643138253
MB0534000,Assen.,PA MARAJAI DOS CARAJAS (MB0534000),MB0534000,48.69091489363561,48.4542625737268,1,99.51397027468929
MB0535000,Assen.,PA TRES ILHAS (MB0535000),MB0535000,32.02460688412453,5.946852006983223,4,18.56963312149583
MB0472000,Assen.,PA BACURIZINHO (MB0472000),MB0472000,13.806223568544018,13.554264887198798,3,98.17503548240896
MB0473000,Assen.,PA SOL NASCENTE (MB0473000),MB0473000,58.65536312202939,6.720563884160213,4,11.45771422500349
MB0474000,Assen.,PA CLÉZINHO (MB0474000),MB0474000,46.19483477170601,42.24009733870169,1,91.43900513434335
MT0130000,Assen.,PA ALVORADA (MT0130000),MT0130000,30.27764292870284,1.6673494926001178,1,5.506866886984425
PA0006000,Assen.,PA MIRITIPITANGA (PA0006000),PA0006000,33.85667363614211,33.8566727699052,3,99.9999974414589
PA0016000,Assen.,PA MANOEL CRESCÊNCIO DE SOUZA (PA0016000),PA0016000,188.7203779914455,188.72037574301862,19,99.99999880859349
PA0017000,Assen.,PA COLONIA REUNIDAS (PA0017000),PA0017000,43.64930392092295,43.64930330093548,15,99.9999985796166
PA0019000,Assen.,PA CONCREIN (PA0019000),PA0019000,40.910436709607424,38.52936249096619,5,94.17978782396605
PA0027000,Assen.,PA UNIÃO I (PA0027000),PA0027000,136.36588888801901,136.3658856261204,18,99.99999760798052
PA0028000,Assen.,PA SAO PEDRO (PA0028000),PA0028000,98.23795056974022,98.23794857212206,13,99.99999796655148
PA0030000,Assen.,PA BENEDITO ALVES BANDEIRA (PA0030000),PA0030000,83.03458448887153,83.03458227321184,4,99.99999733164235
PA0055000,Assen.,PA BARCELONA (PA0055000),PA0055000,16.192741963217724,16.192741963217735,4,100.00000000000007
PA0063000,Assen.,PA PARAGOMINAS/FAISCÃO (PA0063000),PA0063000,129.737484510348,129.73748252639288,19,99.99999847079268
PA0066000,Assen.,PA SANTA MARIA I E II (PA0066000),PA0066000,44.502314219724376,44.50231337500308,2,99.9999981018486
PA0068000,Assen.,PA JOAO BATISTA (PA0068000),PA0068000,31.95308853830662,31.95308729471581,4,99.99999610807322
PA0069000,Assen.,PA SURUBIJU (PA0069000),PA0069000,36.57479142880264,36.574791216597916,12,99.99999941980604
PA0080000,Assen.,PA BOM JESUS (PA0080000),PA0080000,78.07071301148552,77.49975480159229,9,99.26866530627274
PA0081000,Assen.,PA CIDAPAR 1ª PARTE (PA0081000),PA0081000,2304.408863147922,2304.4088631479262,161,100.00000000000017
PA0082000,Assen.,PA CIDAPAR 3ª PARTE (PA0082000),PA0082000,545.4505645177645,537.5098182659613,68,98.54418589541223
PA0085000,Assen.,PA ITABOCAL (PA0085000),PA0085000,412.0331315920157,412.03313159201707,44,100.00000000000033
PA0088000,Assen.,PA CIDAPAR 2ª PARTE (PA0088000),PA0088000,216.7102991464389,216.7102962771767,17,99.99999867599176
PA0097000,Assen.,PA TROPICÁLIA (PA0097000),PA0097000,43.97193000845322,43.97192887669666,1,99.99999742618402
PA0105000,Assen.,PA MINAS PARÁ (PA0105000),PA0105000,103.09517245258533,103.09517152250348,10,99.99999909784151
PA0150000,Assen.,PA ARAPUA SIMEIRA (PA0150000),PA0150000,690.67272613011,690.672726130111,47,100.00000000000013
PA0154000,Assen.,PA CAMAPUÃ (PA0154000),PA0154000,73.32410302095309,73.32410207003852,22,99.99999870313509
PA0163000,Assen.,PA MARAVILHA (PA0163000),PA0163000,84.29671663113415,84.29671471358061,8,99.99999772523343
PA0164000,Assen.,PA FLORESTA GURUPI I (PA0164000),PA0164000,396.21657179488705,390.0068676890811,61,98.43275002918844
PA0165000,Assen.,PA VALE DO BACABA (PA0165000),PA0165000,139.11335988491658,139.11335687281107,6,99.99999783478344
PA0166000,Assen.,PA DEL REY (PA0166000),PA0166000,87.12893184846281,87.12893184846295,13,100.00000000000016
PA0167000,Assen.,PA SERRA NEGRA (PA0167000),PA0167000,25.203986965066594,25.16485639473311,4,99.84474452241338
PA0168000,Assen.,PA CANDIRU (PA0168000),PA0168000,90.76773123611795,90.76772866762605,11,99.99999717025878
PA0171000,Assen.,PA ÁGUIA (PA0171000),PA0171000,84.91504037185906,84.9150403718592,18,100.00000000000017
PA0178000,Assen.,PAQ ESPECIAL QUILOMBOLA ITAMAUARI (PA0178000),PA0178000,53.8167212466025,53.73042977514853,2,99.83965676567593
PA0179000,Assen.,PA PARAGONORTE (PA0179000),PA0179000,321.1192724681875,321.1192724681874,33,99.99999999999997
PA0180000,Assen.,PA RIO JABUTI (PA0180000),PA0180000,158.84063958362356,158.8406362508081,8,99.99999790178668
PA0193000,Assen.,PA PARANOA (PA0193000),PA0193000,174.58371301357292,174.5831409835404,43,99.99967234627867
PA0194000,Assen.,PA ÁGUA AZUL (PA0194000),PA0194000,41.2332763533666,41.23327500075014,1,99.99999671959985
PA0210000,Assen.,PA CALMARIA I (PA0210000),PA0210000,93.00572044074808,93.00571912111461,2,99.99999858112656
PA0211000,Assen.,PA CALMARIA II (PA0211000),PA0211000,128.70734349368158,128.70734349368175,11,100.00000000000013
PA0212000,Assen.,PA OLHO D AGUA I (PA0212000),PA0212000,96.60667446221692,96.43787676776063,3,99.82527325839965
PA0224000,Assen.,PA LUIZ LOPES SOBRINHO (PA0224000),PA0224000,45.19052547825452,45.190523201562904,1,99.99999496201562
PA0225000,Assen.,PA CRISTAL (PA0225000),PA0225000,13.846844214768936,13.846843249581461,2,99.99999302954912
PA0229000,Assen.,PA ENALCO (PA0229000),PA0229000,112.99343655842738,112.9934341154997,13,99.99999783799151
PA0230000,Assen.,PA IMPERASSU (PA0230000),PA0230000,19.27882697563619,19.278825868514296,2,99.99999425731714
PA0248000,Assen.,PA CUPIÚBA (PA0248000),PA0248000,13.498236205992608,13.498235483153367,1,99.99999464493561
PA0250000,Assen.,PA JOÃO BATISTA II (PA0250000),PA0250000,21.1427758428169,21.142774798746117,1,99.9999950618084
PA0251000,Assen.,PA CANAÃ (PA0251000),PA0251000,39.21115966419894,39.211157739429055,4,99.9999950912702
PA0253000,Assen.,PA TRÊS IRMÃOS (PA0253000),PA0253000,34.72782288916701,34.7278219602559,3,99.99999732516747
PA0254000,Assen.,PA TIMBORANA (PA0254000),PA0254000,32.42157044154101,32.004521071379514,3,98.71366696775694
PA0255000,Assen.,PA RIO ACAMPAMENTO (PA0255000),PA0255000,64.90456577638851,64.90456360867057,5,99.99999666014568
PA0256000,Assen.,PA NOVA CONQUISTA (PA0256000),PA0256000,13.981252133122284,13.981251021774598,3,99.99999205115768
PA0257000,Assen.,PA OLHO D ÁGUA II (PA0257000),PA0257000,81.79723250128205,81.79723053697215,6,99.9999975985619
PA0258000,Assen.,PA RIO DAS CRUZES (PA0258000),PA0258000,39.09023654872699,39.090235851362436,18,99.99999821601347
PA0259000,Assen.,PA ESPERANÇA (PA0259000),PA0259000,55.93997883412712,55.93997698083021,3,99.99999668699033
PA0261000,Assen.,PCA MÁRTIRES DE ABRIL (PA0261000),PA0261000,4.080099055402767,0.0,0,0.0
PA0267000,Assen.,PA PIRAMIDE (PA0267000),PA0267000,2.395809058160752,2.395808716549221,2,99.99998574128728
PA0268000,Assen.,PA BACABAL (PA0268000),PA0268000,22.992980070930866,22.99297962276909,6,99.99999805087565
PA0269000,Assen.,PA PROGRESSO (PA0269000),PA0269000,37.286299071828395,37.286298076486155,4,99.9999973305416
PA0270000,Assen.,PA NOVA SANTA MARIA (PA0270000),PA0270000,9.026766619268674,9.026765871011076,1,99.9999917106797
PA0271000,Assen.,PA TAPERUSSU (PA0271000),PA0271000,41.62474994081789,41.624748324296675,1,99.99999611644222
PA0272000,Assen.,PA VALE DO MOJU (PA0272000),PA0272000,206.10795854423895,206.1079561399923,18,99.99999883350131
PA0273000,Assen.,PA INÁCIA (PA0273000),PA0273000,26.571918346449163,26.571917122959245,1,99.99999539555292
PA0275000,Assen.,PAE SÃO JOÃO BATISTA (PA0275000),PA0275000,4.718579447244177,4.7185794313906655,2,99.9999996640194
PA0276000,Assen.,PAE NOSSA SENHORA DO LIVRAMENTO (PA0276000),PA0276000,2.074990758177467,2.074990758177452,2,99.99999999999926
PA0278000,Assen.,PCA ELIZABETE TEIXEIRA (PA0278000),PA0278000,0.715994854249523,0.0,0,0.0
PA0286000,Assen.,PA MANDACARU (PA0286000),PA0286000,43.891197854436534,43.89119635313925,7,99.9999965795026
PA0287000,Assen.,PA DIAMANTINA II (PA0287000),PA0287000,22.618018392773696,22.618017473081654,2,99.99999593380807
PA0288000,Assen.,PA ALTA FLORESTA (PA0288000),PA0288000,39.89516409958569,39.895163401741506,8,99.99999825080508
PA0289000,Assen.,PA TERRA NOVA (PA0289000),PA0289000,58.27190426870284,58.27190204255726,3,99.99999617972742
PA0290000,Assen.,PA SUÇUARANA (PA0290000),PA0290000,42.28100529641586,42.281003955021596,2,99.99999682743052
PA0291000,Assen.,PAE ILHA DAS ONÇAS (PA0291000),PA0291000,80.23283809643087,78.5221319720926,3,97.86782299501584
PA0292000,Assen.,PAE JOÃO PILATOS (PA0292000),PA0292000,38.474563109557835,38.08039322432989,3,98.97550523418413
PA0293000,Assen.,PAE SANTO ANTONIO (PA0293000),PA0293000,13.59674752400664,13.06979012779199,2,96.12438639987802
PA0294000,Assen.,PAE NOSSA SENHORA DE NAZARÉ (PA0294000),PA0294000,10.069320440919196,9.496106910256575,2,94.30732655668376
PA0295000,Assen.,PAE NOSSA SENHORA DO PERPETUO SOCORRO (PA0295000),PA0295000,27.49663692745915,26.041787302311153,2,94.70899067043675
PA0296000,Assen.,PAE ILHA SANTA ROSA (PA0296000),PA0296000,4.052099082286842,3.929650710106266,2,96.97814960360071
PA0298000,Assen.,PAE ILHA VIÇOSA (PA0298000),PA0298000,3.7954119846414294,3.6988759393688957,2,97.45650681235192
PA0299000,Assen.,PAE ILHA ARAPIRANGA (PA0299000),PA0299000,37.90448299943829,37.12242667714719,1,97.9367709030547
PA0300000,Assen.,PAE SANTA MARIA (PA0300000),PA0300000,7.592941251836333,6.595403113770465,1,86.8622961118708
PA0301000,Assen.,PAE SANTO AFONSO (PA0301000),PA0301000,22.368116078658296,22.325734956998367,3,99.81052887283447
PA0302000,Assen.,PAE NOSSA SENHORA DAS GRAÇAS (PA0302000),PA0302000,19.52208120515406,18.600734331317174,3,95.28048846762486
PA0303000,Assen.,PAE SANTO ANTONIO II (PA0303000),PA0303000,12.52022129392085,9.190867167424667,1,73.40818466113902
PA0304000,Assen.,PAE SÃO FRANCISCO DE ASSIS (PA0304000),PA0304000,4.947060081683587,4.181581442211321,1,84.52659505174724
PA0305000,Assen.,PAE SÃO RAIMUNDO (PA0305000),PA0305000,26.42289909773886,25.695758857748576,1,97.24806790768652
PA0306000,Assen.,PA PAULO FONTELES (PA0306000),PA0306000,8.458625383460031,8.458624679070756,1,99.99999167253254
PA0307000,Assen.,PA ALTO BONITO (PA0307000),PA0307000,24.31206152464964,24.31206057530925,2,99.99999609518761
PA0308000,Assen.,PA SANTA PAULA I (PA0308000),PA0308000,3.5232437450154372,3.523243267542311,1,99.99998644791106
PA0309000,Assen.,PAE ILHA MAMANGAL (PA0309000),PA0309000,25.89283349453649,24.89977407958509,2,96.1647325497963
PA0310000,Assen.,PAE ILHA URUBUOCA (PA0310000),PA0310000,3.566535624281617,3.5407173401874616,1,99.27609627902271
PA0311000,Assen.,PAE ILHA LONGA (PA0311000),PA0311000,1.9556358660840825,1.8779386878715365,1,96.02701200361369
PA0312000,Assen.,PAE ILHA SUMAUMA (PA0312000),PA0312000,47.42371298610292,43.166048323551934,3,91.02207652151012
PA0315000,Assen.,PAE ILHA MUCURA (PA0315000),PA0315000,4.8314374086795775,4.794191752264075,2,99.22909781779245
PA0313000,Assen.,PAE ILHA GRANDE - PACAJAI (PA0313000),PA0313000,369.71876015268936,368.41075132863625,3,99.64621518704841
PA0314000,Assen.,PAE ILHA BUÇU (PA0314000),PA0314000,5.06570242701358,5.065702320313906,2,99.99999789368454
PA0323000,Assen.,PAE NOSSA SENHORA DA PAZ (PA0323000),PA0323000,22.007468084503174,21.451501730137444,1,97.47373776832956
PA0324000,Assen.,PAE SÃO JOÃO BATISTA II (PA0324000),PA0324000,32.22259906769257,32.22259906769182,1,99.99999999999766
PA0325000,Assen.,PAE ILHA UMARITUBA (PA0325000),PA0325000,7.575772733018977,6.768852949554328,2,89.34868016898538
PA0326000,Assen.,PAE ILHA DO PAULO (PA0326000),PA0326000,4.004827462912532,3.5443016043866855,2,88.50073160977261
PA0327000,Assen.,PAE ILHA DO TESO (PA0327000),PA0327000,10.95273597207529,10.680808545893594,2,97.51726484711224
PA0328000,Assen.,PAE ILHA RAQUEL (PA0328000),PA0328000,16.590558182750534,16.188704327425512,4,97.5778159426677
PA0329000,Assen.,PAE ILHA CAETÉ (PA0329000),PA0329000,11.530167225493066,11.222210296982709,2,97.32912001632145
PA0330000,Assen.,PAE ILHA CUXIPIARI (PA0330000),PA0330000,37.82921167370939,35.65914657386952,1,94.263520163842
PA0331000,Assen.,PAE ILHA JACARÉ XINGU (PA0331000),PA0331000,9.642401113793762,9.25445190832087,1,95.97663278166351
PA0332000,Assen.,PAE ILHA JAITUBA (PA0332000),PA0332000,9.780166470813674,9.302429358913416,1,95.11524560112615
PA0333000,Assen.,PAE ILHA JOROCA (PA0333000),PA0333000,23.285759877254378,21.901229452023316,2,94.05417545946835
PA0334000,Assen.,PAE ILHA MANOEL RAIMUNDO (PA0334000),PA0334000,12.078137705016617,11.810549666154882,2,97.78452568270858
PA0335000,Assen.,PAE ILHA DO CARMO (PA0335000),PA0335000,0.9115678966672481,0.0,0,0.0
PA0337000,Assen.,PAE ILHA GAMA (PA0337000),PA0337000,1.3809145475509494,0.0,0,0.0
PA0338000,Assen.,PAE ILHA GUAJARÁ (PA0338000),PA0338000,4.904556565360972,4.543193500831754,2,92.6320950790661
PA0339000,Assen.,PAE ILHA CACOAL (PA0339000),PA0339000,5.353505729122777,3.345928456057759,1,62.499764179873615
PA0340000,Assen.,PAE ILHA JARACUERA (PA0340000),PA0340000,7.246066785668177,5.1542505921730335,2,71.1317014406699
PA0341000,Assen.,PAE ILHA MAPEUÁ (PA0341000),PA0341000,4.131706765711343,3.8928111534356806,1,94.2179920836049
PA0342000,Assen.,PAE ILHA MOIRABA (PA0342000),PA0342000,2.6959888628761743,2.578841791571105,2,95.65476427153735
PA0343000,Assen.,PAE ILHA TABATINGA DO CARAPAJÓ (PA0343000),PA0343000,5.417903390515027,4.001105558239022,1,73.8497029172511
PA0344000,Assen.,PAE ILHA PARURU (PA0344000),PA0344000,38.84164121275339,36.974209950724,1,95.1921926990659
PA0345000,Assen.,PAE ILHA CARIPETUBA (PA0345000),PA0345000,37.95212829150986,36.41345857222275,4,95.94576170414317
PA0346000,Assen.,PAE ILHA URUÁ I (PA0346000),PA0346000,16.547622565281404,16.225888635536393,4,98.05570903931515
PA0347000,Assen.,PAE ILHA PIQUIARANA (PA0347000),PA0347000,8.158455264844775,7.92675198969447,4,97.15996144332951
PA0348000,Assen.,PAE COMUNIDADE XIPAIÁ (PA0348000),PA0348000,12.593978266760098,12.28978288605288,1,97.58459658843388
PA0349000,Assen.,PAE ILHA GRANDE BELÉM (PA0349000),PA0349000,9.211811299609492,9.066147079380908,2,98.41872335970713
PA0350000,Assen.,PAE ILHA JUTUBA (PA0350000),PA0350000,5.126322230521575,5.017901521295947,1,97.88501962322808
PA0351000,Assen.,PAE ILHA MURUTUCU (PA0351000),PA0351000,8.759479195970714,8.637280971423795,2,98.6049601601528
PA0352000,Assen.,PAE ILHA PAQUETÁ (PA0352000),PA0352000,8.009307170423497,7.882597177490972,1,98.41796562129073
PA0353000,Assen.,PAE ILHA SANTANA (PA0353000),PA0353000,46.70981666553563,45.5252451251802,3,97.46397732871118
PA0354000,Assen.,PAE ILHA JUPATITUBA (PA0354000),PA0354000,0.522655473845909,0.0,0,0.0
PA0355000,Assen.,PAE ILHA URUÁ (PA0355000),PA0355000,5.952508086985081,5.304276825688779,1,89.1099474066464
PA0356000,Assen.,PAE ILHA SANTARÉM (PA0356000),PA0356000,43.20084550466435,42.09080941962517,2,97.43052231484836
PA0357000,Assen.,PAE ILHA CASTANHAL (PA0357000),PA0357000,13.791852321527545,13.181762756064828,4,95.57644940476607
PA0358000,Assen.,PAE ILHA UNIÃO (PA0358000),PA0358000,6.985649855203803,6.616747247423753,1,94.71913686734177
PA0359000,Assen.,PAE ILHA DAS CINZAS (PA0359000),PA0359000,29.168567608531117,29.168567608530807,1,99.99999999999895
PA0360000,Assen.,PAE ILHA PALHETA (PA0360000),PA0360000,4.351887600745696,3.8683631511098175,1,88.88931668287971
PA0361000,Assen.,PAE ILHA DAS PRACUUBINHAS (PA0361000),PA0361000,8.074658221448828,8.071426169267976,2,99.95997289182759
PA0362000,Assen.,PAE ILHA CHIQUEIRO (PA0362000),PA0362000,26.437865124474584,24.5390800831235,2,92.81793354943285
PA0363000,Assen.,PAE ILHA CAMPUMPEMA (PA0363000),PA0363000,3.4038869014845816,2.873319318550639,2,84.41289037239929
PA0364000,Assen.,PAE ILHA URUTAÍ (PA0364000),PA0364000,310.1235130077421,310.1234719688505,4,99.99998676692032
PA0365000,Assen.,PAE ILHA MURUMURU (PA0365000),PA0365000,17.285141529007923,15.803405589965799,1,91.42768986556763
PA0366000,Assen.,PAE ILHA GOIABAL (PA0366000),PA0366000,12.115658340894479,10.958733392630034,2,90.4509939475643
PA0367000,Assen.,PAE ILHA BACURI (PA0367000),PA0367000,21.493235385151756,20.24298109032147,1,94.18303353391829
PA0368000,Assen.,PAE ILHA SANTO AMARO (PA0368000),PA0368000,46.12052091467986,45.60390038031156,2,98.8798467057126
PA0369000,Assen.,PAE ILHA PIQUIARANA MIRIM (PA0369000),PA0369000,5.805596522382947,5.353178679204936,2,92.20721175793469
PA0370000,Assen.,PA PALHETA (PA0370000),PA0370000,66.3551303785949,66.35512986704589,20,99.99999922907392
PA0371000,Assen.,PAE ILHA SACAJÓS GRANDE (PA0371000),PA0371000,34.71524874590583,32.1852047068937,1,92.71200947592082
PA0372000,Assen.,PAE ILHA PRAIA GRANDE (PA0372000),PA0372000,54.81013683079543,53.91763935031457,3,98.37165617149235
PA0373000,Assen.,PAE ILHA MURUJUCÁ MIRI (PA0373000),PA0373000,22.97596450748895,20.579975796771755,2,89.57176004543257
PA0374000,Assen.,PAE ILHA ATURIÁ GRANDE (PA0374000),PA0374000,4.880013157646139,4.472555210555687,2,91.6504744162004
PA0375000,Assen.,PAE ILHA DAMIÃO (PA0375000),PA0375000,46.16405039318431,45.53213115151445,3,98.63114428589404
PA0376000,Assen.,PAE ILHA CAÍ GRANDE (PA0376000),PA0376000,6.744868241224693,6.049744969337455,1,89.69404224031186
PA0377000,Assen.,PAE ILHA JARIMBU (PA0377000),PA0377000,86.68206966653318,84.3364993090786,6,97.29405358400184
PA0378000,Assen.,PAE ILHA PANACAUERA-MIRI (PA0378000),PA0378000,42.5618747792977,41.33527996525279,2,97.11809026175338
PA0379000,Assen.,PAE ILHA DO CUMBU (PA0379000),PA0379000,15.061880670240024,14.866841429706168,2,98.70508042917095
PA0380000,Assen.,PAE ILHA PAULISTA (PA0380000),PA0380000,16.48893147160285,16.10326256042875,2,97.66104364107342
PA0381000,Assen.,PAE ILHA CONCEIÇÃO (PA0381000),PA0381000,48.689086821004544,48.377877529824616,3,99.36082331483433
PA0382000,Assen.,PAE ILHA MUTIRÃO (PA0382000),PA0382000,15.215770848316533,14.720725641327954,2,96.74649932676036
PA0383000,Assen.,PA AREIA BRANCA (PA0383000),PA0383000,14.254089346788307,14.25408934678832,4,100.00000000000009
PA0384000,Assen.,PA LUIZ INÁCIO (PA0384000),PA0384000,343.23674053156407,343.2367405315644,29,100.00000000000009
PA0385000,Assen.,PAE ILHA COMPRIDA (PA0385000),PA0385000,0.5663229940063167,0.0,0,0.0
PA0386000,Assen.,PAE ILHA MAUBA (PA0386000),PA0386000,9.15459483907395,8.537216211161539,2,93.25607917373586
PA0388000,Assen.,PAE COMPLEXO MARACUJÁ (PA0388000),PA0388000,8.234584008530295,8.161997290109188,3,99.1185138393644
PA0389000,Assen.,PAE ILHA ANUERÁ (PA0389000),PA0389000,3.055044189188887,2.3399127761279455,1,76.59178169691849
PA0390000,Assen.,PAE ILHA DE MELGAÇO (PA0390000),PA0390000,140.00855612534454,137.32194130329756,9,98.08110668633584
PA0391000,Assen.,PAE ILHA MUJIRUM (PA0391000),PA0391000,156.885297811748,154.80595362265865,8,98.674608635677
PA0393000,Assen.,PA NAZARE (PA0393000),PA0393000,51.25498553091863,51.25498428503565,2,99.99999756924527
PA0394000,Assen.,PAE TRÊS IRMÃS (PA0394000),PA0394000,10.895395190088442,8.850520876343001,3,81.23175636983167
PA0395000,Assen.,PAE ILHA COROA NOVA (PA0395000),PA0395000,8.514665317681722,7.739871469802205,1,90.90047795219192
PA0396000,Assen.,PAE ILHA MARINTEUA (PA0396000),PA0396000,4.636529652338195,3.4877999462070433,1,75.22436407687269
PA0397000,Assen.,PAE ILHA PACUÍ (PA0397000),PA0397000,8.513080679798666,6.657231421366679,1,78.20002736687469
PA0398000,Assen.,PAE ILHA ITANDUBA (PA0398000),PA0398000,9.896681101901777,9.60658664387491,2,97.0687702772284
PA0399000,Assen.,PAE ILHA ITAUNA (PA0399000),PA0399000,9.786226068300984,6.594185006048553,2,67.38230815460192
PA0400000,Assen.,PAE ILHA AJARAÍ (PA0400000),PA0400000,4.070988038442091,3.391535539856378,1,83.30988712888163
PA0401000,Assen.,PAE ILHA SANTANA DE CAMETÁ (PA0401000),PA0401000,27.78087560503925,24.434211564100796,1,87.9533529161644
PA0402000,Assen.,PA NOVA VIDA (PA0402000),PA0402000,39.516607010877145,39.516605761090176,4,99.99999683731204
PA0403000,Assen.,PA GLEBINHA (PA0403000),PA0403000,17.489851240865487,17.489850284806774,4,99.99999453363725
PA0404000,Assen.,PAE ILHA NOVA (PA0404000),PA0404000,2.734342116526003,2.7266700759178404,2,99.71941914064836
PA0317000,Assen.,PAE ILHA MOCAJUBA (PA0317000),PA0317000,1.7052579980585105,1.3868977444405828,1,81.33066937786595
PA0318000,Assen.,PA NOVO JAUARA (PA0318000),PA0318000,14.601987589746274,14.601986710030582,1,99.99999397537023
PA0319000,Assen.,PA ARAXITEUA (PA0319000),PA0319000,14.657609841109126,14.657608921676797,2,99.99999372726973
PA0320000,Assen.,PA FLOR DE MINAS (PA0320000),PA0320000,26.092363713135246,26.09236371313523,1,99.99999999999994
PA0321000,Assen.,PAE ILHA SÃO MATEUS (PA0321000),PA0321000,17.608376665790935,17.44031812053298,2,99.04557615703182
PA0322000,Assen.,PAE ILHA GRANDE CAMETÁ (PA0322000),PA0322000,76.47121924487305,74.6434193022444,1,97.60981979798733
PA0411000,Assen.,PA JUTAÍ MIRIM (PA0411000),PA0411000,21.912779282601996,21.912778411306633,2,99.99999602380258
PA0412000,Assen.,PAE ILHA COROCA (PA0412000),PA0412000,19.004635583659,18.433877903469025,2,96.99674493795222
PA0413000,Assen.,PAE ILHA PAQUETÁ II (PA0413000),PA0413000,8.136846233763634,7.273663614733401,2,89.39168082778215
PA0414000,Assen.,PAE ILHA BOA VISTA (PA0414000),PA0414000,9.24636144499687,8.690311764549952,2,93.9862865652111
PA0415000,Assen.,PAE ILHA CHAVES (PA0415000),PA0415000,10.023054233884084,9.487270825545087,2,94.65448958135217
PA0416000,Assen.,PAE ILHA LARANJA (PA0416000),PA0416000,15.78757879770321,14.926833790640101,2,94.54796065886727
PA0417000,Assen.,PAE ILHA SÃO JOÃO (PA0417000),PA0417000,7.8981613786182,7.391455623672102,2,93.58450998079319
PA0418000,Assen.,PAE ILHA TUCUPI GRANDE (PA0418000),PA0418000,15.497935147533498,15.028999909831292,2,96.97420828492214
PA0419000,Assen.,PAE ILHA SANTO ANTÔNIO III (PA0419000),PA0419000,14.142024357903729,13.322844921333122,2,94.2074810802261
PA0430000,Assen.,PA PATAUATEUA (PA0430000),PA0430000,27.562707626604706,27.562706917677247,2,99.99999742794697
PA0431000,Assen.,PA FE EM DEUS (PA0431000),PA0431000,3.8448835779696884,3.844883134827476,2,99.99998847449596
PA0433000,Assen.,PA PEDRO SOUZA (PA0433000),PA0433000,11.516622846280423,11.245793174096747,2,97.64835858742089
PA0436000,Assen.,PAE ILHA SANTA MARIA (PA0436000),PA0436000,11.849431050867835,11.826088993835123,2,99.80301115781417
PA0437000,Assen.,PAE ILHA MARITUBINHA (PA0437000),PA0437000,44.6266565726922,44.549544365060164,3,99.8272059491922
PA0438000,Assen.,PAE ILHA ATATAZINHO (PA0438000),PA0438000,20.710635451383922,19.900526346439214,1,96.08843916524746
PA0441000,Assen.,PAE ILHA SANTA CATARINA (PA0441000),PA0441000,4.011921809757521,3.914828496037266,2,97.57988020892853
PA0442000,Assen.,PAE ILHA TRACUATEUA (PA0442000),PA0442000,9.461410025813395,9.176253414242897,1,96.9861087217179
PA0443000,Assen.,PAE ILHA BELA PATRIA (PA0443000),PA0443000,4.215183517621408,4.020160823021998,1,95.37332849722615
PA0444000,Assen.,PAE ILHA SÃO RAIMUNDO (PA0444000),PA0444000,29.682236858408494,29.668884305280837,2,99.95501500378374
PA0445000,Assen.,PAE ILHA SORVA (PA0445000),PA0445000,14.375787269474994,14.045325911100608,1,97.70126427040225
PA0447000,Assen.,PAE ILHA SÃO JOÃO I (PA0447000),PA0447000,40.65372765658338,39.89923353482825,1,98.14409608848514
PA0448000,Assen.,PAE ILHA CALHEIRA (PA0448000),PA0448000,23.722820184348198,23.294779371158782,1,98.19565797884424
PA0405000,Assen.,PAE ILHA JUPATITUBA DE CURRALINHO (PA0405000),PA0405000,111.65682991704578,110.03479172394317,3,98.54730051506236
PA0406000,Assen.,PAE ILHA CANATICU (PA0406000),PA0406000,15.34894513119327,15.348943838257988,2,99.99999157638997
PA0407000,Assen.,PAE ILHA DO MUTUM (PA0407000),PA0407000,52.596805859884725,41.84479506820815,2,79.55767348245557
PA0408000,Assen.,PAE ILHA DO FURO GRANDE (PA0408000),PA0408000,13.666585040746991,12.73984773572516,2,93.21895482844647
PA0409000,Assen.,PAE ILHA ITABOCA (PA0409000),PA0409000,22.91181708843435,22.053596209661297,2,96.25424349600681
PA0410000,Assen.,PAE ILHA PINDOBAL GRANDE (PA0410000),PA0410000,41.09046023649725,40.357729058449195,2,98.21678517633825
PA0450000,Assen.,PAE ILHA SAMANAJÓS (PA0450000),PA0450000,25.727934478447036,24.036340069472892,1,93.42506717594746
PA0451000,Assen.,PAE ILHA ARARAS (PA0451000),PA0451000,3.4992266158454206,3.2122577895303825,1,91.7990785445113
PA0452000,Assen.,PAE ILHA SAO PEDRO E BARBOSA (PA0452000),PA0452000,8.86068978507321,8.522541316764727,1,96.18372297743532
PA0453000,Assen.,PAE ILHA GRANDE DO LAGUNA (PA0453000),PA0453000,1767.759922892715,1767.759920445685,37,99.99999986157454
PA0454000,Assen.,PAE ILHA SANTA MARIA I (PA0454000),PA0454000,11.849285298505713,10.930519018439414,2,92.24623041035089
PA0455000,Assen.,PAE ILHA MACUJUBIM (PA0455000),PA0455000,122.6615764866516,120.98677960119944,7,98.63461979421534
PA0456000,Assen.,PAE ILHA ATURIÁ (PA0456000),PA0456000,134.97546989273363,134.4089739684937,3,99.58029712755206
PA0457000,Assen.,PAE ILHA DOS MACACOS (PA0457000),PA0457000,1295.1433559166612,1285.91420090251,11,99.28740282131785
PA0458000,Assen.,PA RIO BUJARU (PA0458000),PA0458000,80.76813219102311,80.56065768961388,5,99.74312331388505
PA0459000,Assen.,PA TARIRATEUA (PA0459000),PA0459000,34.34823264036953,34.34823128056845,2,99.9999960411323
PA0461000,Assen.,PAE ILHA CARARUÁ-GRANDE (PA0461000),PA0461000,71.6940780979016,70.52603299250538,4,98.3707927678473
PA0462000,Assen.,PAE LUZ DA VIDA (PA0462000),PA0462000,36.49721751495291,35.055740107116826,2,96.05044574358166
PA0464000,Assen.,PAE ILHA JURUPARI (PA0464000),PA0464000,43.75340804270094,41.36269813051838,2,94.53594584026608
PA0465000,Assen.,PAE ILHA TAQUARI (PA0465000),PA0465000,67.45733853107863,65.1435759139647,2,96.57003571813324
PA0466000,Assen.,PAE ILHA ITAPERA (PA0466000),PA0466000,58.18954271174139,58.12048664791012,3,99.88132564613309
PA0467000,Assen.,PAE ILHA URUÁ II (PA0467000),PA0467000,29.173719054163556,28.64065028583026,1,98.17277746678919
PA0468000,Assen.,PAE ILHA SANTA APOLONIA (PA0468000),PA0468000,17.73937720732216,17.438680108775895,1,98.30491738784298
PA0469000,Assen.,PAE ILHA PANACU (PA0469000),PA0469000,51.693094890898344,50.36970336290612,6,97.43990656627287
PA0470000,Assen.,PAE ILHA SAPATEIRO (PA0470000),PA0470000,2.9659357135943116,2.6775328997831473,1,90.27616099400687
PA0471000,Assen.,PAE SANTA ROSA DO MARACATI (PA0471000),PA0471000,31.709886865508953,30.382380706840365,2,95.81358910456245
PA0472000,Assen.,PAE ILHA SANTA MARIA II (PA0472000),PA0472000,9.184555671438595,8.688225304047863,1,94.59603289319503
PA0473000,Assen.,PAE ILHA SANTA MARIA III (PA0473000),PA0473000,0.9245201926522206,0.0,0,0.0
PA0474000,Assen.,PAE ILHA MARIANA (PA0474000),PA0474000,3.1008456151646553,2.8685030509172416,1,92.50712247294271
PA0475000,Assen.,PAE ILHA NOSSA SENHORA DO LIVRAMENTO I (PA0475000),PA0475000,21.496073210560912,21.040789805216345,1,97.8820159343294
PA0477000,Assen.,PAE ILHA ENTRE-ILHAS (PA0477000),PA0477000,0.5500457128473117,0.0,0,0.0
PA0478000,Assen.,PAE ILHA JACAREUÁ (PA0478000),PA0478000,11.145099735698933,10.898547274846134,1,97.78779493499673
PA0479000,Assen.,PAE ILHA BIRIBATUBA (PA0479000),PA0479000,2.874690024193668,2.1735520755156235,1,75.60996341250012
PA0480000,Assen.,PAE ILHA DO MEIO (PA0480000),PA0480000,263.90395438041867,263.90392156051564,3,99.9999875636941
PA0481000,Assen.,PAE ILHA MARACUJÁ I (PA0481000),PA0481000,229.4182509312878,229.41822492417668,3,99.99998866388746
PA0482000,Assen.,PAE ILHA RASA (PA0482000),PA0482000,27.555377233453456,27.39215820916452,2,99.40766906253499
PA0483000,Assen.,PAE ILHA DO TELES (PA0483000),PA0483000,37.80954784895651,35.400839967232535,4,93.62936607613928
PA0484000,Assen.,PAE ILHA CALDEIRÃO (PA0484000),PA0484000,82.38049325166176,79.37285635974439,1,96.34909093985462
PA0485000,Assen.,PAE ILHA CONCEIÇÃO I (PA0485000),PA0485000,131.92957522785832,130.5678730176544,1,98.96785674641026
PA0486000,Assen.,PAE ILHA SALVADOR (PA0486000),PA0486000,269.9459517611404,269.9459310062035,12,99.99999231144724
PA0487000,Assen.,PAE ILHA QUEIMADA (PA0487000),PA0487000,871.3115909583196,860.0862007002797,3,98.71166751658916
PA0488000,Assen.,PAE ILHA DOS CARÁS (PA0488000),PA0488000,136.09558208571923,130.18743066065892,4,95.65882203190175
PA0489000,Assen.,PAE ILHA PANEMA (PA0489000),PA0489000,78.04824845807084,72.19205680335784,1,92.4967032951943
PA0490000,Assen.,PAE ILHA JURUPARI I (PA0490000),PA0490000,401.7881489227219,386.72708454303563,13,96.251491135299
PA0491000,Assen.,PAE ILHA BAIANO (PA0491000),PA0491000,38.91818206811919,38.91818020491248,2,99.99999521250325
PA0492000,Assen.,PAE ILHA TRAMBIOCA (PA0492000),PA0492000,75.7290435410119,72.8993955308896,6,96.26345735029669
PA0493000,Assen.,PA LUIS CARLOS PRESTES (PA0493000),PA0493000,12.42261315760552,12.420670747000194,1,99.98436391296515
PA0494000,Assen.,PA MARIA BONITA (PA0494000),PA0494000,13.362302786214341,13.361011392017511,1,99.99033554157923
PA0495000,Assen.,PAE ILHA PIRARUAIA (PA0495000),PA0495000,6.007381735948686,5.467655692980255,2,91.0156193381442
PA0496000,Assen.,PAE ILHA IOIÁS (PA0496000),PA0496000,2.975135186855822,2.197266602338293,1,73.85434490660592
PA0497000,Assen.,PAE ILHA DO CABO DICO (PA0497000),PA0497000,5.54416087242552,3.5432364032909143,2,63.90933605324444
PA0498000,Assen.,PAE TIRIRICA (PA0498000),PA0498000,30.077133287999853,27.855869137063536,3,92.61477438801471
PA0499000,Assen.,PAE ILHA DO BOI (PA0499000),PA0499000,26.00429679074316,25.22919276817224,2,97.01932327257995
PA0500000,Assen.,PAE ILHA JAPIIM SECO (PA0500000),PA0500000,23.176334526800865,22.149613845598225,1,95.56996090121433
PA0501000,Assen.,PAE ILHA MURUMURU I (PA0501000),PA0501000,53.48571570248294,52.93289376030537,4,98.96641199446097
PA0502000,Assen.,PAE ILHA DO TANGARAZINHO (PA0502000),PA0502000,18.78639338344385,18.295813157022494,1,97.38864072305812
PA0503000,Assen.,PAE ILHA FURO MUANÁ (PA0503000),PA0503000,22.88667251107767,22.382672234089263,4,97.79784380300606
PA0504000,Assen.,PAE COMPLEXO BATUQUE (PA0504000),PA0504000,3.3536343748250603,0.0,0,0.0
PA0505000,Assen.,PAE ILHA MIRITIAPINA (PA0505000),PA0505000,190.7888062402549,188.62445011156237,2,98.86557488809537
PA0449000,Assen.,PAE ILHA MOSSORO (PA0449000),PA0449000,7.549711183979922,7.205927565406156,1,95.44640039604089
PA0507000,Assen.,PA ABRIL VERMELHO (PA0507000),PA0507000,66.57927013262648,66.15166202097276,1,99.35774587074638
PA0508000,Assen.,PAE ILHA PRACAXI (PA0508000),PA0508000,124.88868262643989,122.3985635028704,2,98.00612908135335
PA0509000,Assen.,PAE ILHA BUIUSSU (PA0509000),PA0509000,192.23898411478493,192.2294286487313,2,99.99502938173667
PA0510000,Assen.,PAE ILHA LIMÃO (PA0510000),PA0510000,421.3106282418565,421.31061533176216,7,99.99999693573021
PA0506000,Assen.,PAE ILHA ITUQUARA (PA0506000),PA0506000,294.816625485189,293.7662386304988,5,99.64371518975175
PA0511000,Assen.,PAE ILHA PEREIRA (PA0511000),PA0511000,93.47621024132295,92.50708086875808,1,98.96323420679667
PA0512000,Assen.,PAE ILHA SANTO AMARO II (PA0512000),PA0512000,112.58927485989162,108.21220787938285,3,96.11235884949461
PA0513000,Assen.,PAE ILHA JEJUTEUA (PA0513000),PA0513000,43.49338062185733,42.7380750121962,3,98.26340100755112
PA0514000,Assen.,PAE ILHA BOM SAMARITANO (PA0514000),PA0514000,61.97470547363706,61.10011328265005,4,98.58879169444533
PA0515000,Assen.,PAE ILHA PRACUUBA-GRANDE (PA0515000),PA0515000,37.36842988110046,37.341929417752844,4,99.92908328385234
PA0516000,Assen.,PAE ILHA CARIÁ-GUAJARÁ (PA0516000),PA0516000,41.09543490511663,41.01452856520247,3,99.80312572405921
PA0517000,Assen.,PAE ILHA SÃO RAIMUNDO II (PA0517000),PA0517000,69.43153063012919,68.51361558265779,3,98.67795648584898
PA0518000,Assen.,PAE COMUNIDADE CENTRAL (PA0518000),PA0518000,316.2476364316737,316.1176236659453,6,99.9588889367853
PA0519000,Assen.,PAE BAIXO ANAJÁS I (PA0519000),PA0519000,162.82064099540395,162.73868382347283,10,99.9496641387541
PA0527000,Assen.,PAE ILHA TERÊ (PA0527000),PA0527000,44.79891285716807,43.09285879576521,1,96.1917511997618
PA0529000,Assen.,PAE ILHA PAQUETÁ III (PA0529000),PA0529000,3.5575232472612814,3.15698843492907,2,88.74118917871982
PA0530000,Assen.,PAE ILHA ARARAIM (PA0530000),PA0530000,8.326728007425292,8.063485882199332,2,96.83858863900424
PA0531000,Assen.,PAE ILHA SARACÁ (PA0531000),PA0531000,14.224897251538884,13.719912422518552,3,96.44999313463792
PA0532000,Assen.,PAE ILHA TATUOCA-JAPIIM (PA0532000),PA0532000,219.62124033031375,217.74136197929454,4,99.14403618329818
PA0534000,Assen.,PAE ILHA UMARITUBA JUACARA (PA0534000),PA0534000,23.717669013089864,22.918026046329043,1,96.62849259630238
PA0535000,Assen.,PAE ILHA ANAJAI (PA0535000),PA0535000,13.986936258291585,13.562384691155138,2,96.96465645301866
PA0536000,Assen.,PAE ILHA VITÓRIA (PA0536000),PA0536000,20.06473122324734,18.79321867175087,1,93.66294750052135
PA0537000,Assen.,PAE ILHA ANGAPIJO (PA0537000),PA0537000,9.723494834197387,9.464104560974127,2,97.33233495110227
PA0538000,Assen.,PAE ILHA URUBUQUARA (PA0538000),PA0538000,31.609528764859203,31.57737752435089,2,99.89828623910377
PA0539000,Assen.,PAE ILHA CONCEICAO DE MOCAJUBA (PA0539000),PA0539000,16.356913781802618,15.6370067741317,2,95.59876014953488
PA0540000,Assen.,PAE ILHA GRANDE DE VISEU (PA0540000),PA0540000,14.993855984332631,14.057640982075085,1,93.75600910642456
PA0541000,Assen.,PAE ILHA TAUARE (PA0541000),PA0541000,21.75632917738707,20.700406214201177,2,95.14659410336836
PA0542000,Assen.,PAE ILHA CURUPIRA (PA0542000),PA0542000,9.91208152012046,9.488514183891004,2,95.72675693425585
PA0543000,Assen.,PAE ILHA TURUÇU (PA0543000),PA0543000,19.8329894942129,19.04341096446031,2,96.01886276406802
PA0544000,Assen.,PAE ILHA MACHADO (PA0544000),PA0544000,20.397041324869573,19.817117889650408,2,97.15682570828506
PA0555000,Assen.,PAE ILHA MACACAA (PA0555000),PA0555000,69.4377313052637,67.49176561050938,1,97.19753848782958
PA0556000,Assen.,PAE ILHA ACAJUI (PA0556000),PA0556000,8.95866211858618,8.629753271175346,2,96.32859412424474
PA0557000,Assen.,PAE ILHA CUPIJO MIRIM (PA0557000),PA0557000,19.71061635176873,18.71344105723849,1,94.94092281675017
PA0559000,Assen.,PA SOROROCA (PA0559000),PA0559000,9.139735175727635,9.139734892513712,3,99.9999969012896
PA0560000,Assen.,PA CANDEUA (PA0560000),PA0560000,6.937951254625076,6.937920232252608,2,99.99955285975169
PA0561000,Assen.,PA MARIAHI (PA0561000),PA0561000,28.60942151563228,28.609421515632373,2,100.00000000000033
PA0562000,Assen.,PA CARLOS LAMARCA (PA0562000),PA0562000,9.355755945496972,9.355303477864911,2,99.99516375122762
PA0563000,Assen.,PA SAO LOURENCO (PA0563000),PA0563000,12.563673388160117,12.563672754952933,2,99.99999496001556
PA0564000,Assen.,PA FORTALEZA (PA0564000),PA0564000,19.156259329027492,19.155001359614985,3,99.99343311556343
PA0565000,Assen.,PA VALE DO ARIACAUA (PA0565000),PA0565000,85.58690865560071,85.5869036991919,4,99.99999420891712
PA0566000,Assen.,PA ANUERÁ (PA0566000),PA0566000,22.868362006526233,22.86836179639543,2,99.99999908112875
PA0567000,Assen.,PAE ILHA JAPICHAUA (PA0567000),PA0567000,498.23035707001077,489.0390455548841,4,98.15520845233542
PA0568000,Assen.,PA SERRAGEM SANTANA (PA0568000),PA0568000,10.185451655232612,10.185451601487735,2,99.99999947233682
PA0569000,Assen.,PAE ILHA SETUBAL (PA0569000),PA0569000,1.8056911711688772,1.6706294664749675,2,92.52022123991001
PA0570000,Assen.,PAE ILHA SOBERANA (PA0570000),PA0570000,2.970936141919745,2.953834896037732,3,99.42438190977197
PA0571000,Assen.,PAE ILHA MUTUNQUARA (PA0571000),PA0571000,164.93182207544675,164.80102172425836,2,99.92069429080304
PA0572000,Assen.,PAE ILHA ARANAI (PA0572000),PA0572000,160.00438755106603,159.23954275886274,3,99.52198511308998
PA0573000,Assen.,PAE ILHA QUANGUERA (PA0573000),PA0573000,1.2882398140601596,0.0,0,0.0
PA0574000,Assen.,PAE ILHA BITUBA (PA0574000),PA0574000,1.4309821784071288,0.0,0,0.0
PA0576000,Assen.,PAE ILHA CAPITEUA (PA0576000),PA0576000,1.3942942212287248,1.3352487310061631,1,95.76520584224126
PA0579000,Assen.,PA ESTRELA DE DAVI (PA0579000),PA0579000,15.391261387144313,15.391261387144374,2,100.0000000000004
PA0580000,Assen.,PAE ILHA SOROROCA (PA0580000),PA0580000,5.726193325513045,5.663573529796461,2,98.90643238610926
PA0581000,Assen.,PA FE EM DEUS II (PA0581000),PA0581000,10.718346359593225,10.718346359463501,2,99.9999999987897
PA0582000,Assen.,PAE ILHA PURURE (PA0582000),PA0582000,153.48115146954,151.12930066714043,2,98.4676614816339
PA0583000,Assen.,PAE ILHA MUTUTI (PA0583000),PA0583000,500.5368186407644,493.47262254834754,3,98.58867603154548
PA0585000,Assen.,PA PAIXAO (PA0585000),PA0585000,21.494398354103776,21.493652672717452,6,99.99653081061382
PA0586000,Assen.,PA GALILEIA (PA0586000),PA0586000,30.388426226441762,30.38842603122292,3,99.99999935758818
PA0587000,Assen.,PA ALTO ALEGRE (PA0587000),PA0587000,16.82440391829464,16.824403758818065,2,99.9999990521116
PA0588000,Assen.,PA JERICO (PA0588000),PA0588000,29.591974560669698,29.591974248611944,3,99.99999894546492
PA0589000,Assen.,PA MACARANDUBA (PA0589000),PA0589000,12.638731366012802,12.638731232476909,3,99.99999894343911
PA0590000,Assen.,PAE ILHA MARAJOZINHO (PA0590000),PA0590000,18.076932703607852,16.290835926093113,3,90.11946989680244
PA0591000,Assen.,PAE ILHA ARARAMA I (PA0591000),PA0591000,93.92446520481815,87.96583573264556,2,93.6559346287692
PA0592000,Assen.,PAE ILHA CAJUUNA (PA0592000),PA0592000,35.115855034118795,31.132034999721345,2,88.65520993144908
PA0593000,Assen.,PAE ILHA JURARA (PA0593000),PA0593000,26.5950087346897,24.21036085737903,2,91.03347586346077
PA0596000,Assen.,PA BERAJUBA (PA0596000),PA0596000,40.61358248764498,40.61358169388789,5,99.9999980455871
PA0597000,Assen.,PAE ILHA QUATI (PA0597000),PA0597000,4.277821891103545,4.180308667749583,2,97.7204936101534
PA0598000,Assen.,PAE ILHA PERIQUITÃO (PA0598000),PA0598000,1.3235246691773888,1.238700996934429,1,93.59107735440395
PA0599000,Assen.,PAE ILHA PROVIDENCIA (PA0599000),PA0599000,5.227381590658108,5.060375609681015,2,96.80516950827636
PA0650000,Assen.,PAE ILHA SANTA LUZIA (PA0650000),PA0650000,21.657291624974658,21.196589932470136,3,97.87276405340891
PA0651000,Assen.,PAE ILHA BUIUSSU DO ATATA (PA0651000),PA0651000,7.680445189400032,7.005545170698203,2,91.21274871366474
PA0652000,Assen.,PAE ILHA CIPOTEUA (PA0652000),PA0652000,1.7435300896680535,1.7024930964775546,2,97.64632721662339
PA0653000,Assen.,PAE ILHA BOM SUCESSO (PA0653000),PA0653000,7.707626694775774,7.335530846492326,1,95.17236805804757
PA0655000,Assen.,PAE ILHA CAMALEOES (PA0655000),PA0655000,41.409680603357266,0.0,0,0.0
PA0656000,Assen.,PAE ILHA POAMPE (PA0656000),PA0656000,6.661054297078717,6.4228359579432155,1,96.42371419731596
PA0657000,Assen.,PAE ILHA CRAJURU (PA0657000),PA0657000,2.4695996585824553,2.3514263553864945,1,95.21488016143506
PA0658000,Assen.,PAE ILHA ITABOCA II (PA0658000),PA0658000,3.9757112798595453,2.859961375034876,1,71.93584175800393
PA0659000,Assen.,PAE ILHA AZEITE (PA0659000),PA0659000,1.987283929584728,1.8848795169652959,2,94.84701651862947
PA0660000,Assen.,PAE ILHA SANTA CRUZ (PA0660000),PA0660000,3.7529028249589396,3.7009088768273473,2,98.6145671615635
PA0661000,Assen.,PAE ILHA JACAREZINHO (PA0661000),PA0661000,324.38373436129024,317.15447646579156,3,97.77138705498504
PA0663000,Assen.,PAE ILHA ARAJAPANEMA II (PA0663000),PA0663000,0.7264032070054226,0.0,0,0.0
PA0664000,Assen.,PAE ILHA ITAPUPANA (PA0664000),PA0664000,1.6334877960908072,1.4939404126321538,1,91.45709054009389
PA0665000,Assen.,PAE ILHA ARICURA (PA0665000),PA0665000,3.938260578158355,3.7395261938380435,2,94.95375228793912
PA0666000,Assen.,PAE ILHA GRANDE DE GURUPA (PA0666000),PA0666000,2988.1574865811817,2985.927173389198,44,99.9253615914824
PA0667000,Assen.,PAE ILHA SANTA BARBARA (PA0667000),PA0667000,12.806151404163527,11.086054954485327,2,86.5682015197871
PA0668000,Assen.,PAE ILHA GURUPAI (PA0668000),PA0668000,67.00751852466493,61.615098131517684,2,91.95251441647949
PA0669000,Assen.,PAE ILHA DO CORRE (PA0669000),PA0669000,212.88004758629987,207.0265270695411,1,97.25031980069161
PA0670000,Assen.,PA SANTA LUZIA (PA0670000),PA0670000,7.3831176359399695,7.383117571115375,2,99.99999912198886
PA0672000,Assen.,PA ICUI (PA0672000),PA0672000,7.253326084138321,7.253325431041983,2,99.99999099590546
PA0679000,Assen.,PAE ILHA GUARIBAS (PA0679000),PA0679000,135.5733790644884,134.74303735055952,1,99.38753336410248
PA0680000,Assen.,PAE ILHA NAZARE (PA0680000),PA0680000,121.19859598738645,120.95188550696075,8,99.79644113991932
PA0715000,Assen.,PA SAO BENEDITO (PA0715000),PA0715000,13.098548147271224,13.098548147251831,1,99.99999999985195
PA0520000,Assen.,PAE BAIXO ANAJÁS II (PA0520000),PA0520000,1038.5837527502279,1032.0712093403674,26,99.37293998749597
PA0525000,Assen.,PAE ILHA CHARAPUCU (PA0525000),PA0525000,2017.624592848203,2017.4929560771227,15,99.99347565590017
PA0526000,Assen.,PAE ILHA DO PARÁ (PA0526000),PA0526000,435.321599559858,417.071277014264,3,95.80762301616865
SM0001000,Assen.,PIC MONTE ALEGRE (SM0001000),SM0001000,4163.63330323563,1077.64553242913,325,25.88233530536115
SM0002000,Assen.,PIC ITAITUBA (SM0002000),SM0002000,159.466790868543,38.41458467415419,18,24.08939470401796
SM0004000,Assen.,PA NOVO HORIZONTE (SM0004000),SM0004000,110.16252838548577,110.16252838548643,4,100.0000000000006
SM0005000,Assen.,PA ITUQUI (SM0005000),SM0005000,161.1652099100146,161.16520991001434,5,99.99999999999984
SM0011000,Assen.,PA RIO CUPARI (SM0011000),SM0011000,367.7506763354768,367.75067633547843,19,100.00000000000044
SM0012000,Assen.,PA TAPAJÓS (SM0012000),SM0012000,224.47151384451618,224.47151384451988,17,100.00000000000165
SM0013000,Assen.,PA CAMPO VERDE (SM0013000),SM0013000,244.76583802652792,244.7658380265283,17,100.00000000000016
SM0016000,Assen.,PA MOJU I E II (SM0016000),SM0016000,1350.4228381935998,1350.4228341136034,65,99.99999969787268
SM0017000,Assen.,PAQ ESPECIAL QUILOMBOLA PACOVAL (SM0017000),SM0017000,75.5864567541746,74.84443612274322,2,99.01831536588014
SM0018000,Assen.,PAQ ESPECIAL QUILOMBOLA ÁGUA FRIA (SM0018000),SM0018000,5.276260195745474,4.909220795520279,2,93.04356899378925
SM0031000,Assen.,PA TAPERA VELHA (SM0031000),SM0031000,126.40553473946927,126.40489730888025,11,99.99949572572883
SM0032000,Assen.,PA CORTA CORDA (SM0032000),SM0032000,783.3003987386237,783.3003987386248,52,100.00000000000016
SM0033000,Assen.,PA CRUZEIRÃO (SM0033000),SM0033000,443.79606825102167,442.84323264475546,71,99.78529877246969
SM0034000,Assen.,PA SOCÓ I (SM0034000),SM0034000,235.8559884049227,235.855988404925,8,100.00000000000098
SM0035000,Assen.,PA PARAÍSO (SM0035000),SM0035000,1294.810390667264,651.9754458026322,28,50.35296677428151
SM0038000,Assen.,PA JACARÉ (SM0038000),SM0038000,274.80500018081733,274.80500018081875,25,100.00000000000051
SM0025000,Assen.,PA CRISTALINO II (SM0025000),SM0025000,62.27183685364378,62.27183685364403,2,100.0000000000004
SM0029000,Assen.,PA RIO BONITO (SM0029000),SM0029000,85.99854774005674,85.99854681106731,6,99.9999989197615
SM0030000,Assen.,PA BUERU (SM0030000),SM0030000,29.9554615087164,29.70311484922604,3,99.15759381835285
SM0043000,Assen.,PA NOVA ESPERANÇA (SM0043000),SM0043000,45.23808371841953,45.238083718427085,2,100.0000000000167
SM0047000,Assen.,PA AREIA (SM0047000),SM0047000,199.98493242545368,199.98493242524194,15,99.99999999989411
SM0052000,Assen.,PA CAMPOS DE PILAR (SM0052000),SM0052000,36.41208416870926,36.41208416870944,5,100.00000000000051
SM0053000,Assen.,PA YPIRANGA (SM0053000),SM0053000,422.73460078163964,345.87868477309013,29,81.8193457865899
SM0055000,Assen.,PA CAMPOS DO POPÓ (SM0055000),SM0055000,80.69107570760083,80.69107570760166,3,100.00000000000102
SM0056000,Assen.,PAQ ESPECIAL QUILOMBOLA EREPECURÚ (SM0056000),SM0056000,1498.8562625812422,1498.8562625812397,38,99.99999999999983
SM0057000,Assen.,PA SÃO BENEDITO (SM0057000),SM0057000,106.17608335363002,106.17608335363074,7,100.00000000000068
SM0063000,Assen.,PAQ ESPECIAL QUILOMBOLA ÁREA DAS CABECEIRAS (SM0063000),SM0063000,174.77099245581354,174.7709924377771,5,99.99999998967995
SM0065000,Assen.,PA ÁREA CUMINÁ E TROMBETAS (SM0065000),SM0065000,258.97424294648425,258.95841247138566,35,99.99388723954998
SM0073000,Assen.,PDS CUPARI (SM0073000),SM0073000,240.5791696705849,240.57916909401843,29,99.99999976034232
SM0074000,Assen.,PDS DIVINÓPOLIS (SM0074000),SM0074000,295.4888742250882,244.90235869720186,51,82.88039925004009
SM0075000,Assen.,PDS NOVO MUNDO (SM0075000),SM0075000,254.06530131476714,253.61465193743038,30,99.82262458706298
SM0099000,Assen.,PDS SERRA AZUL (SM0099000),SM0099000,787.4457365087768,787.4457365087804,109,100.00000000000047
SM0039000,Assen.,PA MIRITITUBA (SM0039000),SM0039000,253.4491693311287,253.44916933112682,14,99.99999999999926
SM0042000,Assen.,PAQ  ESPECIAL QUILOMBOLA ÁREA TROMBETAS (SM0042000),SM0042000,967.3605880883844,967.3538891810379,33,99.999307506691
SM0105000,Assen.,PA MARIPÁ (SM0105000),SM0105000,70.55500350154108,70.55500200688529,9,99.99999788157365
SM0106000,Assen.,PA BAIXÃO (SM0106000),SM0106000,120.63130945215653,120.63130945215765,18,100.00000000000094
SM0107000,Assen.,PA MORIÇOCA (SM0107000),SM0107000,8.852329612627173,8.48779285257976,1,95.88202455173574
SM0108000,Assen.,PA VAI QUEM QUER (SM0108000),SM0108000,20.53053547734031,20.530535477340553,2,100.00000000000118
SM0109000,Assen.,PA MIRITI (SM0109000),SM0109000,126.60360171840371,126.60360171840362,12,99.99999999999993
SM0110000,Assen.,PA TERRA PRETA E OLHO D'ÁGUA (SM0110000),SM0110000,34.6981766629845,18.92613731510011,3,54.54504857395066
SM0111000,Assen.,PA CURUMU (SM0111000),SM0111000,16.82508675287263,16.825086473073245,2,99.99999833701075
SM0112000,Assen.,PA CAMBURÃO I (SM0112000),SM0112000,129.06931925561364,128.37737356204937,22,99.46389606952687
SM0113000,Assen.,PAE JURUTI VELHO (SM0113000),SM0113000,959.6302153957425,959.6302153957467,24,100.00000000000044
SM0114000,Assen.,PA URUCURITUBA (SM0114000),SM0114000,152.33515098029943,152.32206253638594,8,99.99140812620773
SM0115000,Assen.,PA SANTA CRUZ (SM0115000),SM0115000,219.85138321081513,219.74705138795136,25,99.95254438642138
SM0116000,Assen.,PA DANIEL DE CARVALHO (SM0116000),SM0116000,202.48230515871663,200.8256771285122,9,99.18184059149966
SM0117000,Assen.,PA BRASÍLIA LEGAL (SM0117000),SM0117000,263.4404020599032,263.440400096656,19,99.9999992547661
SM0119000,Assen.,PA CAMBURÃO II (SM0119000),SM0119000,39.522563480748836,34.11613199099938,6,86.32064569297765
SM0120000,Assen.,PA PORÃO (SM0120000),SM0120000,27.887987254126223,27.005019109795548,4,96.83387640604994
SM0121000,Assen.,PAE MISSIONÁRIO RUFINO (SM0121000),SM0121000,62.18895271367034,62.188952713670375,7,100.00000000000007
SM0122000,Assen.,PAE VALE DO SALGADO (SM0122000),SM0122000,186.0979073803949,186.0979073803947,28,99.99999999999989
SM0123000,Assen.,PDS MALOCA (SM0123000),SM0123000,317.029207067075,313.65938105685973,42,98.93706133848346
SM0125000,Assen.,PDS VALE DO JAMANXIM (SM0125000),SM0125000,894.6638109616167,894.663810961523,44,99.99999999998953
SM0131000,Assen.,PA JAMARY (SM0131000),SM0131000,319.0728448259688,318.0329478325634,39,99.67408790491947
SM0135000,Assen.,PA CRISTO REI (SM0135000),SM0135000,75.94049591261198,75.94049591261216,6,100.00000000000024
SM0136000,Assen.,PA REPARTIMENTO (SM0136000),SM0136000,77.10344312287404,76.58729940240407,14,99.33058278649446
SM0137000,Assen.,PA MAMURU (SM0137000),SM0137000,215.1800519233096,215.18004977457252,25,99.99999900142367
SM0139000,Assen.,PA CIPOAL (SM0139000),SM0139000,306.636617856514,306.5131061615419,45,99.95972050049484
SM0140000,Assen.,PA VALE DO AÇAÍ (SM0140000),SM0140000,189.97953844186753,167.38749547877003,26,88.10817041225178
SM0141000,Assen.,PAE EIXO FORTE (SM0141000),SM0141000,118.61929741264207,111.7863423313343,8,94.23959235103382
SM0104000,Assen.,PAE LAGO GRANDE (SM0104000),SM0104000,2822.3007747072024,2822.3007746807584,68,99.99999999906304
SM0147000,Assen.,PA VIRA VOLTA (SM0147000),SM0147000,78.71623627599668,78.71605808201576,13,99.99977362487164
SM0148000,Assen.,PA ACOMEC (SM0148000),SM0148000,165.12903993577626,165.1288655059161,26,99.99989436754419
SM0150000,Assen.,PDS NELSON DE OLIVEIRA (SM0150000),SM0150000,46.86686839827665,46.73894835603693,5,99.72705656125207
SM0151000,Assen.,PDS TERRA NOSSA (SM0151000),SM0151000,1508.931297541487,1508.9312975414796,231,99.9999999999995
SM0153000,Assen.,PAE REGIÃO DO CUÇARI (SM0153000),SM0153000,292.80279729289083,292.8027972928927,48,100.00000000000064
SM0155000,Assen.,PDS ESPERANÇA DO TRAIRÃO (SM0155000),SM0155000,213.64869024170042,213.64868832759865,24,99.99999910408917
SM0156000,Assen.,PDS NOVA UNIÃO (SM0156000),SM0156000,117.01773619695258,116.2024599590885,11,99.30328831819828
SM0157000,Assen.,PA ARIXI (SM0157000),SM0157000,57.668799166160554,55.3533305423031,6,95.98488496841088
SM0162000,Assen.,PAE CUÇARU (SM0162000),SM0162000,12.69298807870177,12.692988078701815,3,100.00000000000036
SM0163000,Assen.,PAE ILHAS REUNIDAS (SM0163000),SM0163000,27.824152797733944,26.602079308518153,8,95.6078681061753
SM0164000,Assen.,PAE PACOVAL/PRACOBAL (SM0164000),SM0164000,25.637310230139967,25.63731023014001,7,100.00000000000016
SM0165000,Assen.,PAE NAZARÉ (SM0165000),SM0165000,49.683281010563036,49.683281010563114,9,100.00000000000016
SM0166000,Assen.,PAE CURRALINHO (SM0166000),SM0166000,11.234167999671437,11.234167999671664,4,100.00000000000202
SM0167000,Assen.,PAE IGARAPE DO CUÇARI (SM0167000),SM0167000,6.270388589050752,6.270388589050752,1,100.0
SM0168000,Assen.,PAE CUIEIRAS (SM0168000),SM0168000,3.564578797730912,3.564578797730912,1,100.0
SM0169000,Assen.,PAE COSTA DO AMAZONAS (SM0169000),SM0169000,16.040359662329376,16.040359662329482,2,100.00000000000067
SM0170000,Assen.,PAE ARITAPERA (SM0170000),SM0170000,252.17909027119123,252.00666071024096,23,99.93162416409511
SM0173000,Assen.,PAE PIAPÓ (SM0173000),SM0173000,4.4482670877290476,4.4482670877291435,2,100.00000000000216
SM0174000,Assen.,PAE SÃO DIOGO (SM0174000),SM0174000,7.881720930109839,7.88172093010984,1,100.00000000000003
SM0175000,Assen.,PDS LIBERDADE I (SM0175000),SM0175000,4473.717181030959,4473.717180424156,413,99.99999998643628
SM0143000,Assen.,PA ITAQUERA I (SM0143000),SM0143000,343.5234259766025,343.52304266218505,36,99.99988841680408
SM0144000,Assen.,PDS RENASCER II (SM0144000),SM0144000,374.09857152777914,373.8317623608203,21,99.92867944780724
SM0145000,Assen.,PA CURUÁ (SM0145000),SM0145000,498.884763408195,497.5071783126074,57,99.72386707379547
SM0146000,Assen.,PDS PARAÍSO (SM0146000),SM0146000,2660.8195916014165,2629.4369740204993,244,98.82056575049384
SM0179000,Assen.,PAE SALVAÇÃO (SM0179000),SM0179000,190.68017212047863,189.14906120991859,16,99.19702667900225
SM0180000,Assen.,PAE ATUMÃ (SM0180000),SM0180000,328.52966908147664,326.59798527893787,29,99.41202150541244
SM0185000,Assen.,PAE MADALENA (SM0185000),SM0185000,157.65453011444157,157.5471326124363,7,99.93187794735279
SM0187000,Assen.,PAC ARAIPACUPU (SM0187000),SM0187000,225.8656555691577,225.85917354162052,23,99.99713014025048
SM0189000,Assen.,PA NOSSA SENHORA DE FATIMA (SM0189000),SM0189000,42.51913688939716,42.5191368893981,6,100.0000000000022
SM0190000,Assen.,PA RIO CIGANO (SM0190000),SM0190000,22.057309762766845,19.773593433877398,5,89.64644213890307
SM0192000,Assen.,PDS BOA VISTA DO CARACOL (SM0192000),SM0192000,228.19162100056636,177.06170176423203,29,77.59342827219434
SM0193000,Assen.,PAC NOVA ALTAMIRA (SM0193000),SM0193000,29.056595128151333,27.134048614293285,5,93.38344184726792
SM0194000,Assen.,PAC CAUÇU B E BALANÇA (SM0194000),SM0194000,36.143757873593806,33.68760640013228,6,93.20449334003547
SM0195000,Assen.,PAE PARANA DE BAIXO (SM0195000),SM0195000,97.07440551888848,90.83264141722147,6,93.57012379493531
SM0196000,Assen.,PAE TRES ILHAS (SM0196000),SM0196000,126.87184881911705,124.4226535183492,11,98.06955181660535
SM0197000,Assen.,PAE MARIA TEREZA (SM0197000),SM0197000,15.227622228035537,12.456239186343446,3,81.80029028701733
SM0198000,Assen.,PAE COSTA FRONTEIRA (SM0198000),SM0198000,180.14762942500673,171.48821422230216,24,95.19315617399819
SM0199000,Assen.,PAE PARU (SM0199000),SM0199000,153.86359254303935,153.15201419737474,22,99.537526497397
SM0200000,Assen.,PAE CACOAL GRANDE (SM0200000),SM0200000,97.27118331286773,96.01836160992326,4,98.71203201166492
SM0201000,Assen.,PAE SAO PEDRO (SM0201000),SM0201000,108.11657107373603,41.767379700574665,13,38.63180203161374
SM0203000,Assen.,PAE PAITUNA (SM0203000),SM0203000,28.24716935723057,28.247169357230568,3,99.99999999999999
SM0204000,Assen.,PAE REGIAO DOS LAGOS (SM0204000),SM0204000,12.575349566988864,12.575349566988898,2,100.00000000000027
SM0205000,Assen.,PAE ACARA-AÇU (SM0205000),SM0205000,24.00442753436675,24.004427534366737,3,99.99999999999994
SM0206000,Assen.,PAC BELA TERRA I (SM0206000),SM0206000,108.5803168122154,108.42863042296088,18,99.86030028857176
SM0207000,Assen.,PAC BELA TERRA II (SM0207000),SM0207000,109.95554378620676,109.95554252776985,24,99.9999988555039
SM0210000,Assen.,PAE PARANA DONA ROSA (SM0210000),SM0210000,227.32081588495615,226.09170397408332,15,99.45930516477873
SM0176000,Assen.,PAE URUCURITUBA (SM0176000),SM0176000,367.69679755839894,363.89462314489555,17,98.96594845569751
SM0214000,Assen.,PAE BALAIO (SM0214000),SM0214000,185.81366294887846,185.81366294887877,11,100.00000000000017
SM0218000,Assen.,PAC ANANIZAL (SM0218000),SM0218000,24.47630610790279,24.476306106159026,1,99.99999999287571
SM0219000,Assen.,PAC ITAPECURU (SM0219000),SM0219000,48.98475051677871,48.98475051677903,3,100.00000000000064
SM0220000,Assen.,PAC IRIPIXI (SM0220000),SM0220000,24.821164272189908,24.821164258091883,4,99.9999999432016
SM0221000,Assen.,PAC MONTE MURIA (SM0221000),SM0221000,48.504084978352836,48.50408497835305,8,100.00000000000044
SM0222000,Assen.,PAE ARAMANAÍ (SM0222000),SM0222000,33.66007917244658,33.66007917244664,7,100.0000000000002
SM0223000,Assen.,PAE PINDOBAL (SM0223000),SM0223000,82.2738062844495,82.27380628444972,10,100.00000000000027
SM0224000,Assen.,PAE NHAMUNDA (SM0224000),SM0224000,131.73244255026188,131.0868311534907,26,99.50990706292806
SM0225000,Assen.,PAE CACHOERY (SM0225000),SM0225000,389.7607111431174,350.1569155783783,57,89.83894619635049
SM0226000,Assen.,PAE ITUQUI (SM0226000),SM0226000,230.9380709352532,230.4084806373171,20,99.77067865173058
SM0227000,Assen.,PAE CHICANTÃ (SM0227000),SM0227000,76.17439979964554,76.1743997996456,21,100.00000000000007
SM0228000,Assen.,PAE NOSSA SENHORA DO PERPÉTUO SOCORRO (SM0228000),SM0228000,65.21190882054518,62.3342556445617,5,95.58722750486815
SM0229000,Assen.,PAE ANEMA (SM0229000),SM0229000,29.747420905412987,29.34101862206514,4,98.63382346778877
SM0230000,Assen.,PAE JACARECAPÁ (SM0230000),SM0230000,15.364528411439005,15.36452841143923,2,100.00000000000146
SM0231000,Assen.,PAE JAQUARÁ (SM0231000),SM0231000,18.51995323593327,18.519953235933265,1,99.99999999999997
SM0232000,Assen.,PAE ALDEIA (SM0232000),SM0232000,43.95285101522701,43.952851015226784,5,99.99999999999947
SM0233000,Assen.,PAC BOM SOSSEGO (SM0233000),SM0233000,888.4181760424906,886.8630239381447,130,99.82495269161721
SM0241000,Assen.,PDS LARANJAL (SM0241000),SM0241000,345.00285237679503,300.58133203166796,48,87.1243034545662
SM0242000,Assen.,PDS PIMENTAL (SM0242000),SM0242000,31.599679740948957,31.59967900694589,4,99.99999767718194
SM0251000,Assen.,PAE CURUÁ II (SM0251000),SM0251000,455.3005735702074,455.300549651592,67,99.99999474663184
SM0253000,Assen.,PAE SAPUCUA TROMBETAS (SM0253000),SM0253000,727.3911765484459,724.0330678796872,73,99.53833524834694
SM0260000,Assen.,PAE MONTANHA E MANGABAL (SM0260000),SM0260000,546.5682799660425,546.5680875260085,23,99.99996479121803
SM0270000,Assen.,PA UNIVERSO (SM0270000),SM0270000,163.84162433950334,80.93773138618738,23,49.39998105638455
SM0271000,Assen.,PDS MAMURU (SM0271000),SM0271000,101.67626676127131,23.815605633175082,14,23.422974103772358
SM0273000,Assen.,PDS COCALINO (SM0273000),SM0273000,46.127405149089256,1.3734887974290502,1,2.97759822602154
SM0211000,Assen.,PAE SANTA RITA (SM0211000),SM0211000,123.0325497895731,123.0325497895736,7,100.0000000000004
SM0212000,Assen.,PAE VALHA-ME DEUS (SM0212000),SM0212000,48.92805406913826,48.92805406913829,1,100.00000000000007
SM0213000,Assen.,PAE SALÉ (SM0213000),SM0213000,331.3933914793398,331.39339147933873,24,99.99999999999967
50,Quil.,Santa Quitéria e Itacoãzinho (50),50,6.518521746014059,6.455007176103375,2,99.02562923948942
51,Quil.,Bela Aurora (51),51,24.13875621567077,24.134709308679856,1,99.9832348156021
53,Quil.,Abacatal-Aurá (53),53,5.744573886221291,5.736597676779238,4,99.86115228735791
360,Quil.,"Abui, Parana do Abui, Tapagem, Sagrado Coração - (360)",360,789.9593537634112,789.9593537634145,4,100.00000000000043
43,Quil.,Boa Vista (43),43,11.089655551070107,11.089655551070527,3,100.00000000000378
242,Quil.,Cacau e Ovos (242),242,40.6488044075658,0.0,0,0.0
44,Quil.,Pacoval do Alenquer (44),44,78.27884827341944,76.0815633138856,2,97.1930029529063
45,Quil.,Água Fria (45),45,5.724571599312467,5.494478609055765,2,95.98060769675172
46,Quil.,Erepecuru (46),46,2255.241560389794,2251.933150818253,53,99.85330132125763
47,Quil.,Alto Trombetas I (47),47,577.4384361681513,575.3339442370554,1,99.63554696063166
48,Quil.,Trombetas (48),48,1038.1260237706415,993.379315851194,34,95.68966513748299
49,Quil.,Santa Luzia do Tracuateua (49),49,3.3670123743263116,3.3429986823923494,3,99.28679525750877
40,Quil.,Macapazinho (40),40,0.9771894519797969,0.0,0,0.0
41,Quil.,Itaboca-Quatro Bocas e Cacoal (41),41,4.464403866247254,4.448577797771532,1,99.64550544821059
42,Quil.,Cabeceiras - TQ Cabeceiras formado pelas comunida* (42),42,177.64878077914202,177.26847830199293,5,99.78592452169886
29,Quil.,"Alto Itacuruçá, Baixo Itacuruçá, Bom Remédio (29)",29,102.081504989324,97.42456088773591,10,95.43801386737478
32,Quil.,Laranjituba e África (32),32,11.531696309148867,11.037234373325628,1,95.71214917070832
33,Quil.,Tambaí-Açú (33),33,18.2527242047906,18.252724202876887,1,99.99999998951547
34,Quil.,Santa Maria do Mirindeua (34),34,18.508451720888583,17.125563803284383,3,92.52834359967842
35,Quil.,Gurupá (35),35,111.55859786873411,101.03226293053926,6,90.56429971396673
36,Quil.,Maria Ribeira (36),36,20.674852280317594,20.660028028780623,2,99.92829815015857
37,Quil.,Ramal do Piratuba (37),37,9.714001617874002,9.575759969406672,1,98.57688258757378
38,Quil.,Santana Axe do Baixo Jambuaçu (38),38,15.386507266208909,15.386507265880889,2,99.99999999786813
39,Quil.,Arquinec (39),39,57.904675372895355,57.89151469081191,1,99.97727181441103
340,Quil.,Tiningu (340),340,43.12662791464891,42.51031922887063,5,98.5709323553003
30,Quil.,Jacunday (30),30,16.90572233714355,16.876675969185058,3,99.82818617637724
341,Quil.,Maria Valentina (341),341,110.53507709895905,109.58638769173702,15,99.14172999909097
31,Quil.,São Sebastião (31),31,9.426929290088308,9.422393851451977,2,99.95188848354786
342,Quil.,Rosário (342),342,37.04154690872458,30.632675614478554,3,82.69815429134654
344,Quil.,Alto Trombetas II (344),344,2934.094960917042,909.502287522366,3,30.99771137734765
239,Quil.,São Judas Tadeu (239),239,19.51288789854192,19.32161243395615,1,99.01974804764772
333,Quil.,"Gurupá Mirim, Jocojo, Flexinha, Carrazedo (333)",333,860.2031133081806,852.8291654039778,5,99.14276665706963
334,Quil.,Muruteauzinho (334),334,6.294529353935462,6.257343267499883,1,99.40923166221587
335,Quil.,Nossa Senhora da Graça (335),335,7.616746349409435,5.773683368719369,2,75.80248972275456
336,Quil.,Peruana (336),336,19.450004546846394,19.450004389524608,5,99.99999919114782
213,Quil.,Saracura (213),213,29.8694287622834,28.75857251631397,5,96.28095918803736
337,Quil.,Ariramba (337),337,123.44730133745442,123.3972189330833,22,99.95943013429333
338,Quil.,Arapucu (338),338,7.679113683410406,6.888999514845084,3,89.71086767119691
339,Quil.,Murumuru (339),339,18.208072646723934,18.083359372176535,2,99.31506603160528
216,Quil.,Arapema (216),216,38.28506292077158,38.28506282957451,4,99.99999976179464
217,Quil.,Bom Jardim (217),217,26.521561068382255,26.521561026108024,5,99.99999984060429
206,Quil.,Bacabal (206),206,5.1397500997619945,1.4174863175668644,1,27.57889566717463
307,Quil.,"Tomazia, Tachizal, Itapocu, Mola, Bonfim, Frade (307)",307,127.91744615684689,119.1914135791726,1,93.17838743671071
472,Quil.,Cachoeira Porteira (472),472,2253.1799463357574,2253.087892954844,1,99.99591451268402
474,Quil.,Programa Raízes (474),474,9.242595563208187,6.8606958746172895,1,74.22910401843744
475,Quil.,São Tomé Açú (475),475,25.702090076627407,25.702090076591297,4,99.9999999998595
476,Quil.,"Tatituquara, São Sebastião (476)",476,63.054085194603026,35.89153609571471,5,56.921825104500556
477,Quil.,União São João (477),477,18.044550630434603,18.043037720042356,2,99.991615693717
450,Quil.,Rei Zumbi da Comunidade Sítio Bosque (450),450,11.48382225468314,4.271084299299787,2,37.19218396608346
451,Quil.,São Miguel Arcanjo de Nova Ludiceia (451),451,43.30349171677665,7.690382346926457,2,17.759266151618547
199,Quil.,Narcisa (199),199,6.418912628368073,0.0,0,0.0
444,Quil.,Caete (444),444,14.801145250836775,14.122119178835492,1,95.41234100136342
445,Quil.,Castanhalzinho (445),445,2.909071429944915,2.876041147906629,1,98.86457645218731
446,Quil.,Cutuvelo (446),446,4.967666728360433,4.251285137818323,1,85.57911329976538
447,Quil.,Espírito Santo (447),447,2.779655413655711,0.0,0,0.0
448,Quil.,Ilha Grande de Cupijo (448),448,18.584577384586837,0.0,0,0.0
295,Quil.,Santa Luzia (295),295,5.51254398929955,1.3849822870343278,1,25.12419474062665
18,Quil.,Carananduba (18),18,6.480809889192093,6.465291889539534,1,99.76055462329735
19,Quil.,Guajará Miri (19),19,11.487284881899825,9.74936583565739,1,84.87093282607778
2,Quil.,Jacarequara (2),2,11.652334255620266,11.652334255620264,1,99.99999999999999
3,Quil.,Itamoari (3),3,53.52046239233078,53.472744940526205,2,99.91084260174216
4,Quil.,Paca e Aningal (4),4,13.248757152024295,12.76865008304171,1,96.37621051187259
5,Quil.,Jurussaca (5),5,2.0648458196260897,1.9296458701726886,1,93.45229807628525
6,Quil.,Camiranga (6),6,3.3628880779188246,3.2900101070816152,1,97.83287551804844
21,Quil.,Nossa Senhora da Conceição (21),21,23.975267467530333,23.752002635318252,3,99.06877021282683
22,Quil.,Santa Maria do Traquateuá (22),22,8.134109586582628,8.084336433756988,1,99.38809340720289
23,Quil.,São Manoel - PA (23),23,12.880174102493923,12.822548481424576,3,99.55260215730944
275,Quil.,Ilha de São Vicente (275),275,25.9151856331281,0.0,0,0.0
24,Quil.,Matias (24),24,14.474302466782248,14.474302453112875,1,99.99999990556108
25,Quil.,Moju-Miri (25),25,9.16704522416656,8.323503825086688,1,90.7981102039718
26,Quil.,Ribeira do Jambu-Açu (26),26,14.240367824450733,13.097648069636694,3,91.97548989674279
27,Quil.,Porto Alegre (27),27,28.178959579005156,28.076476163834595,1,99.6363122815687
28,Quil.,Samauba (28),28,2.125552195191312,2.120438754848445,1,99.75943002696263
535,Quil.,Nossa Senhora Fátima do Crauateua (535),535,4.982380273824852,4.982367531782737,1,99.99974425793668
20,Quil.,Centro Ouro - TQ Centro Ouro formado pelas comuni* (20),20,53.07263068586008,52.74368085539168,2,99.38018932504879
7,Quil.,Santa Rita de Barreiras (7),7,3.189443908818827,3.1889236446483786,3,99.98368793478355
8,Quil.,Menino Jesus (8),8,2.9296771189104955,2.9296771189033626,2,99.99999999975653
9,Quil.,Tipitinga (9),9,6.328533533133343,6.328533533123603,1,99.9999999998461
10,Quil.,Mocambo (10),10,6.6360223074744535,6.54757039388889,2,98.66709439047641
11,Quil.,Nossa Senhora do Livramento (11),11,0.6583593906344863,0.0,0,0.0
12,Quil.,Balique (TQ BAILIQUE composto das comunidades Bai* (12),12,96.5505050242666,96.5015813958256,2,99.94932845930873
13,Quil.,"Igarapé Preto, Baixinha, Panpelônia, Teófilo (13)",13,250.9048748872577,248.23126344477532,5,98.93441231714459
14,Quil.,Santo Cristo (14),14,17.721747312988708,17.281918852753222,3,97.51814280799995
15,Quil.,Santa Fé e Santo Antônio (15),15,10.85435746434391,8.530628198424601,1,78.59173817010672
16,Quil.,Itacuã-Miri (16),16,10.219001087107925,9.654337425091212,2,94.47437516442697
17,Quil.,São José do Icatu (17),17,17.884730597196363,17.83930902390028,1,99.74603154881628
403,Quil.,"Porto Grande, Mangabeira, São Benedito Viseu (403)",403,172.8239146328628,171.08564025942238,1,98.99419338050922
1001.0,TIs,Alto Rio Guamá (1001),1001.0,2837.62850589863,31.33717985399876,3,1.1043439896680483
1501.0,TIs,Alto Turiaçu (1501),1501.0,5296.736192944289,0.0,0,0.0
1701.0,TIs,Amanayé (1701),1701.0,1630.9278257661508,1545.3253270005546,50,94.7513006147048
1801.0,TIs,Anambé (1801),1801.0,85.9139687649911,4.841457251691229,1,5.6352387409020075
2001.0,TIs,Andirá-Marau (2001),2001.0,7915.663483185583,78.64725021276323,30,0.9935648525208957
68301.0,TIs,Apiaká do Pontal e Isolados (68301),68301.0,9923.140323930478,0.0,0,0.0
3002.0,TIs,Apyterewa (3002),3002.0,7770.121288415809,272.6313803207239,24,3.508714603042041
3201.0,TIs,Arara (3201),3201.0,2747.522894972501,0.0,0,0.0
60001.0,TIs,Arara da Volta Grande do Xingu (60001),60001.0,253.8623110761375,6.864681283826811,2,2.7040962696380637
3801.0,TIs,Araweté Igarapé Ipixuna (3801),3801.0,9428.784859852947,13.896272889343221,1,0.14738137624194292
5001.0,TIs,Badjonkore (5001),5001.0,2241.3812553966613,9.753256591371859,3,0.43514491646115805
58801.0,TIs,Barreirinha (58801),58801.0,23.749974455121997,0.0,0,0.0
6101.0,TIs,Baú (6101),6101.0,15496.442337274162,2.9714496364701164,1,0.019175043999117007
62501.0,TIs,Bragança-Marituba (62501),62501.0,135.1754344103362,130.1554731614134,1,96.28633614471376
7601.0,TIs,Cachoeira Seca (7601),7601.0,7338.766573451526,989.8851037655062,188,13.488439697025944
59401.0,TIs,Cobra Grande (59401),59401.0,89.03236660116674,81.15984495461437,3,91.15768574161523
73769.0,TIs,Fazenda Mabel (Gavião/Akrãtikatêjê) (73769),73769.0,27.78295340867477,27.777590247488305,1,99.98069621646202
73785.0,TIs,Guajanaíra (73785),73785.0,13.72014389235033,13.481970788470317,2,98.26406263849167
72601.0,TIs,Ituna/Itatá (restrição de uso) (72601),72601.0,1430.4230684622817,1347.1166698107004,271,94.17610072933623
62001.0,TIs,Juruna do Km 17 (62001),62001.0,23.51039319076122,0.0,0,0.0
64501.0,TIs,Kapôt Nhinore (64501),64501.0,3593.984022661568,1307.9881384016421,104,36.39382173527293
21301.0,TIs,Karajá Santana do Araguaia (21301),21301.0,14.706212278286074,0.0,0,0.0
21501.0,TIs,Kararaô (21501),21501.0,3315.675907535858,117.81720502027856,6,3.5533389965075894
68101.0,TIs,Kaxuyana-Tunayana (68101),68101.0,21841.324989951427,210.0899351010454,1,0.9618918961999869
22902.0,TIs,Kayabi (22902),22902.0,10651.572534603172,206.92040938704332,9,1.9426278018089111
23001.0,TIs,Kayapó (23001),23001.0,33076.61407092374,51.604403353666676,10,0.1560147699610824
23201.0,TIs,Koatinemo (23201),23201.0,3888.395694705413,6.133759082179255,2,0.15774523900772788
38902.0,TIs,Kuruáya (38902),38902.0,1672.9932176839104,0.0,0,0.0
56801.0,TIs,Las Casas (56801),56801.0,215.3373587478667,5.967629699762099,3,2.7712932555978136
65401.0,TIs,Maracaxi (65401),65401.0,7.180615933757136,0.0,0,0.0
27101.0,TIs,Maranduba (27101),27101.0,3.7931271413421945,0.0,0,0.0
55101.0,TIs,Maró (55101),55101.0,423.1844494047361,422.60225184721395,20,99.86242463343324
28701.0,TIs,Menkragnoti (28701),28701.0,49798.19840224493,52.01715469976523,2,0.1044558967366584
29801.0,TIs,Munduruku (29801),29801.0,24038.70087860841,887.5364581121115,3,3.6921149050193205
58001.0,TIs,Munduruku-Taquara (58001),58001.0,253.32425688370978,251.08134152690963,1,99.114606953005
26001.0,TIs,Mãe Maria (26001),26001.0,630.0052298711598,1.7726804820024924,1,0.28137551848022235
30501.0,TIs,Nhamundá/Mapuera (30501),30501.0,10482.501515268046,0.0,0,0.0
31101.0,TIs,Nova Jacundá (31101),31101.0,4.064035513476426,0.0,0,0.0
32201.0,TIs,Panará (32201),32201.0,5056.8247500696525,0.0,0,0.0
32602.0,TIs,Paquiçamba (32602),32602.0,201.12484154696355,19.67985382442794,6,9.784894632139514
32601.0,TIs,Paquiçamba (32601),32601.0,41.40916236381765,0.0,0,0.0
32901.0,TIs,Parakanã (32901),32901.0,3512.445576082813,15.750193539453255,3,0.44841103437162305
33701.0,TIs,Parque do Tumucumaque (33701),33701.0,30700.02656114055,0.0,0,0.0
37401.0,TIs,Praia do Mangue (37401),37401.0,0.32961077503146474,0.0,0,0.0
37301.0,TIs,Praia do Índio (37301),37301.0,0.29376178678712533,0.0,0,0.0
40201.0,TIs,Rio Paru DEste (40201),40201.0,11935.352681901475,0.0,0,0.0
40901.0,TIs,Sai-Cinza (40901),40901.0,1256.2700232287089,15.41395487813139,1,1.2269619264269604
58901.0,TIs,Sarauá (58901),58901.0,185.95667443977842,0.0,0,0.0
73727.0,TIs,Sawré Bap in (Apompu) (73727),73727.0,1491.990630692151,105.30548869330768,26,7.058052947990384
56701.0,TIs,Sawré Muybu (Pimental) (56701),56701.0,1807.1509775038442,225.99675469030555,17,12.505693077313726
43201.0,TIs,Sororó (43201),43201.0,260.41492931116494,8.287924333270162,3,3.1825841764114364
44601.0,TIs,Tembé (44601),44601.0,10.669230141897964,0.0,0,0.0
46201.0,TIs,Trincheira Bacaja (46201),46201.0,16569.55948497671,16.903255018363314,2,0.10201390709082614
46301.0,TIs,Trocará (46301),46301.0,217.15686211264125,0.0,0,0.0
46302.0,TIs,Trocará - Doação (46302),46302.0,0.14059975064426436,0.0,0,0.0
46401.0,TIs,Trombetas/Mapuera (46401),46401.0,39668.66724413585,0.0,0,0.0
47301.0,TIs,Turé/Mariquita (47301),47301.0,1.4920239600885343,0.0,0,0.0
47401.0,TIs,Turé/Mariquita II (47401),47401.0,5.927210275696117,0.0,0,0.0
63901.0,TIs,Tuwa Apekuokawera (63901),63901.0,118.08600922875343,115.49826870353444,17,97.80859685061752
49401.0,TIs,Waiãpi (49401),49401.0,6042.7037066085895,0.0,0,0.0
50501.0,TIs,Xikrin do Rio Catete (50501),50501.0,4395.409075486067,12.205630630886686,1,0.2776904361179835
50601.0,TIs,Xipaya (50601),50601.0,1791.784931187522,19.843122354022444,2,1.1074500074554836
51001.0,TIs,Zoe (51001),51001.0,6682.529891718383,1.3018755452581812,1,0.01948177660786205
